=== Micro-Benchmark: M0 ===
Mechanisms  : od_single od_multi 
Operations  : insert lookup delete 
Viol rates  : 0% 10% 20% 100% 
Dup rates   : 10% 0% 
Sizes       : 100000 
Checkpoint  : 10000
Threads     : 1 2 4 8 16 32 
Iterations  : 3
Total cells : 1728
Output      : /home/Jonas.Baltruschat/hyrise/dvi_benchmarks/results/micro/20260422_010507/results.csv
===========================================

[MECH] === od_single (multi=false, od=true) ===
[DATA] Generating OD entries: random size=100000 viol=0% multi=false ... done (1 MB entries + 1 MB keys)
  [1/1728] od_single / insert / random / size=100000 viol=0% dup=10% t=1
    iter 1/3 ... 206.9 ms (0M ops/s) [10 batches]
    iter 2/3 ... 199.3 ms (1M ops/s) [10 batches]
    iter 3/3 ... 196.4 ms (1M ops/s) [10 batches]
  [2/1728] od_single / insert / random / size=100000 viol=0% dup=10% t=2
    iter 1/3 ... 138.1 ms (1M ops/s) [10 batches]
    iter 2/3 ... 131.1 ms (1M ops/s) [10 batches]
    iter 3/3 ... 133.9 ms (1M ops/s) [10 batches]
  [3/1728] od_single / insert / random / size=100000 viol=0% dup=10% t=4
    iter 1/3 ... 96.8 ms (1M ops/s) [10 batches]
    iter 2/3 ... 89.9 ms (1M ops/s) [10 batches]
    iter 3/3 ... 91.8 ms (1M ops/s) [10 batches]
  [4/1728] od_single / insert / random / size=100000 viol=0% dup=10% t=8
    iter 1/3 ... 76.5 ms (1M ops/s) [10 batches]
    iter 2/3 ... 69.8 ms (1M ops/s) [10 batches]
    iter 3/3 ... 69.2 ms (1M ops/s) [10 batches]
  [5/1728] od_single / insert / random / size=100000 viol=0% dup=10% t=16
    iter 1/3 ... 62.4 ms (2M ops/s) [10 batches]
    iter 2/3 ... 60.3 ms (2M ops/s) [10 batches]
    iter 3/3 ... 60.3 ms (2M ops/s) [10 batches]
  [6/1728] od_single / insert / random / size=100000 viol=0% dup=10% t=32
    iter 1/3 ... 61.3 ms (2M ops/s) [10 batches]
    iter 2/3 ... 57.5 ms (2M ops/s) [10 batches]
    iter 3/3 ... 57.7 ms (2M ops/s) [10 batches]
  [7/1728] od_single / lookup / random / size=100000 viol=0% dup=10% t=1
    iter 1/3 ...    [PREPOP] Pre-populating DVI tree with 100000 entries for lookup (direct insert) ... done.
 36.5 ms (3M ops/s) [10 batches]
    iter 2/3 ...    [PREPOP] Pre-populating DVI tree with 100000 entries for lookup (direct insert) ... done.
 38.9 ms (3M ops/s) [10 batches]
    iter 3/3 ...    [PREPOP] Pre-populating DVI tree with 100000 entries for lookup (direct insert) ... done.
 37.0 ms (3M ops/s) [10 batches]
  [8/1728] od_single / lookup / random / size=100000 viol=0% dup=10% t=2
    iter 1/3 ...    [PREPOP] Pre-populating DVI tree with 100000 entries for lookup (direct insert) ... done.
 22.0 ms (5M ops/s) [10 batches]
    iter 2/3 ...    [PREPOP] Pre-populating DVI tree with 100000 entries for lookup (direct insert) ... done.
 22.5 ms (4M ops/s) [10 batches]
    iter 3/3 ...    [PREPOP] Pre-populating DVI tree with 100000 entries for lookup (direct insert) ... done.
 22.2 ms (4M ops/s) [10 batches]
  [9/1728] od_single / lookup / random / size=100000 viol=0% dup=10% t=4
    iter 1/3 ...    [PREPOP] Pre-populating DVI tree with 100000 entries for lookup (direct insert) ... done.
 14.1 ms (7M ops/s) [10 batches]
    iter 2/3 ...    [PREPOP] Pre-populating DVI tree with 100000 entries for lookup (direct insert) ... done.
 14.1 ms (7M ops/s) [10 batches]
    iter 3/3 ...    [PREPOP] Pre-populating DVI tree with 100000 entries for lookup (direct insert) ... done.
 14.0 ms (7M ops/s) [10 batches]
  [10/1728] od_single / lookup / random / size=100000 viol=0% dup=10% t=8
    iter 1/3 ...    [PREPOP] Pre-populating DVI tree with 100000 entries for lookup (direct insert) ... done.
 10.0 ms (10M ops/s) [10 batches]
    iter 2/3 ...    [PREPOP] Pre-populating DVI tree with 100000 entries for lookup (direct insert) ... done.
 10.0 ms (10M ops/s) [10 batches]
    iter 3/3 ...    [PREPOP] Pre-populating DVI tree with 100000 entries for lookup (direct insert) ... done.
 9.6 ms (10M ops/s) [10 batches]
  [11/1728] od_single / lookup / random / size=100000 viol=0% dup=10% t=16
    iter 1/3 ...    [PREPOP] Pre-populating DVI tree with 100000 entries for lookup (direct insert) ... done.
 13.4 ms (7M ops/s) [10 batches]
    iter 2/3 ...    [PREPOP] Pre-populating DVI tree with 100000 entries for lookup (direct insert) ... done.
 13.6 ms (7M ops/s) [10 batches]
    iter 3/3 ...    [PREPOP] Pre-populating DVI tree with 100000 entries for lookup (direct insert) ... done.
 13.4 ms (7M ops/s) [10 batches]
  [12/1728] od_single / lookup / random / size=100000 viol=0% dup=10% t=32
    iter 1/3 ...    [PREPOP] Pre-populating DVI tree with 100000 entries for lookup (direct insert) ... done.
 28.5 ms (4M ops/s) [10 batches]
    iter 2/3 ...    [PREPOP] Pre-populating DVI tree with 100000 entries for lookup (direct insert) ... done.
 28.0 ms (4M ops/s) [10 batches]
    iter 3/3 ...    [PREPOP] Pre-populating DVI tree with 100000 entries for lookup (direct insert) ... done.
 27.0 ms (4M ops/s) [10 batches]
  [13/1728] od_single / delete / random / size=100000 viol=0% dup=10% t=1
    iter 1/3 ...    [PREPOP] Pre-populating DVI tree with 100000 entries for delete (direct insert, no TxnCtx) ... done.
 188.4 ms (1M ops/s) [10 batches]
    iter 2/3 ...    [PREPOP] Pre-populating DVI tree with 100000 entries for delete (direct insert, no TxnCtx) ... done.
 186.2 ms (1M ops/s) [10 batches]
    iter 3/3 ...    [PREPOP] Pre-populating DVI tree with 100000 entries for delete (direct insert, no TxnCtx) ... done.
 187.5 ms (1M ops/s) [10 batches]
  [14/1728] od_single / delete / random / size=100000 viol=0% dup=10% t=2
    iter 1/3 ...    [PREPOP] Pre-populating DVI tree with 100000 entries for delete (direct insert, no TxnCtx) ... done.
 122.1 ms (1M ops/s) [10 batches]
    iter 2/3 ...    [PREPOP] Pre-populating DVI tree with 100000 entries for delete (direct insert, no TxnCtx) ... done.
 116.7 ms (1M ops/s) [10 batches]
    iter 3/3 ...    [PREPOP] Pre-populating DVI tree with 100000 entries for delete (direct insert, no TxnCtx) ... done.
 116.7 ms (1M ops/s) [10 batches]
  [15/1728] od_single / delete / random / size=100000 viol=0% dup=10% t=4
    iter 1/3 ...    [PREPOP] Pre-populating DVI tree with 100000 entries for delete (direct insert, no TxnCtx) ... done.
 79.1 ms (1M ops/s) [10 batches]
    iter 2/3 ...    [PREPOP] Pre-populating DVI tree with 100000 entries for delete (direct insert, no TxnCtx) ... done.
 78.0 ms (1M ops/s) [10 batches]
    iter 3/3 ...    [PREPOP] Pre-populating DVI tree with 100000 entries for delete (direct insert, no TxnCtx) ... done.
 76.8 ms (1M ops/s) [10 batches]
  [16/1728] od_single / delete / random / size=100000 viol=0% dup=10% t=8
    iter 1/3 ...    [PREPOP] Pre-populating DVI tree with 100000 entries for delete (direct insert, no TxnCtx) ... done.
 57.7 ms (2M ops/s) [10 batches]
    iter 2/3 ...    [PREPOP] Pre-populating DVI tree with 100000 entries for delete (direct insert, no TxnCtx) ... done.
 59.3 ms (2M ops/s) [10 batches]
    iter 3/3 ...    [PREPOP] Pre-populating DVI tree with 100000 entries for delete (direct insert, no TxnCtx) ... done.
 57.4 ms (2M ops/s) [10 batches]
  [17/1728] od_single / delete / random / size=100000 viol=0% dup=10% t=16
    iter 1/3 ...    [PREPOP] Pre-populating DVI tree with 100000 entries for delete (direct insert, no TxnCtx) ... done.
 46.4 ms (2M ops/s) [10 batches]
    iter 2/3 ...    [PREPOP] Pre-populating DVI tree with 100000 entries for delete (direct insert, no TxnCtx) ... done.
 46.3 ms (2M ops/s) [10 batches]
    iter 3/3 ...    [PREPOP] Pre-populating DVI tree with 100000 entries for delete (direct insert, no TxnCtx) ... done.
 46.5 ms (2M ops/s) [10 batches]
  [18/1728] od_single / delete / random / size=100000 viol=0% dup=10% t=32
    iter 1/3 ...    [PREPOP] Pre-populating DVI tree with 100000 entries for delete (direct insert, no TxnCtx) ... done.
 49.3 ms (2M ops/s) [10 batches]
    iter 2/3 ...    [PREPOP] Pre-populating DVI tree with 100000 entries for delete (direct insert, no TxnCtx) ... done.
 49.3 ms (2M ops/s) [10 batches]
    iter 3/3 ...    [PREPOP] Pre-populating DVI tree with 100000 entries for delete (direct insert, no TxnCtx) ... done.
 49.4 ms (2M ops/s) [10 batches]
[MEM] Freed entry vectors for od_single

[MECH] === od_multi (multi=true, od=true) ===
[DATA] Generating OD entries: random size=100000 viol=0% multi=true ... done (1 MB entries + 1 MB keys)
  [19/1728] od_multi / insert / random / size=100000 viol=0% dup=10% t=1
    iter 1/3 ... 201.0 ms (0M ops/s) [10 batches]
    iter 2/3 ... 196.7 ms (1M ops/s) [10 batches]
    iter 3/3 ... 195.8 ms (1M ops/s) [10 batches]
  [20/1728] od_multi / insert / random / size=100000 viol=0% dup=10% t=2
    iter 1/3 ... 135.2 ms (1M ops/s) [10 batches]
    iter 2/3 ... 132.8 ms (1M ops/s) [10 batches]
    iter 3/3 ... 131.6 ms (1M ops/s) [10 batches]
  [21/1728] od_multi / insert / random / size=100000 viol=0% dup=10% t=4
    iter 1/3 ... 95.1 ms (1M ops/s) [10 batches]
    iter 2/3 ... 84.2 ms (1M ops/s) [10 batches]
    iter 3/3 ... 81.6 ms (1M ops/s) [10 batches]
  [22/1728] od_multi / insert / random / size=100000 viol=0% dup=10% t=8
    iter 1/3 ... 69.0 ms (1M ops/s) [10 batches]
    iter 2/3 ... 61.9 ms (2M ops/s) [10 batches]
    iter 3/3 ... 62.1 ms (2M ops/s) [10 batches]
  [23/1728] od_multi / insert / random / size=100000 viol=0% dup=10% t=16
    iter 1/3 ... 60.5 ms (2M ops/s) [10 batches]
    iter 2/3 ... 58.1 ms (2M ops/s) [10 batches]
    iter 3/3 ... 57.7 ms (2M ops/s) [10 batches]
  [24/1728] od_multi / insert / random / size=100000 viol=0% dup=10% t=32
    iter 1/3 ... 58.5 ms (2M ops/s) [10 batches]
    iter 2/3 ... 56.7 ms (2M ops/s) [10 batches]
    iter 3/3 ... 56.0 ms (2M ops/s) [10 batches]
  [25/1728] od_multi / lookup / random / size=100000 viol=0% dup=10% t=1
    iter 1/3 ...    [PREPOP] Pre-populating DVI tree with 100000 entries for lookup (direct insert) ... done.
 37.9 ms (3M ops/s) [10 batches]
    iter 2/3 ...    [PREPOP] Pre-populating DVI tree with 100000 entries for lookup (direct insert) ... done.
 35.9 ms (3M ops/s) [10 batches]
    iter 3/3 ...    [PREPOP] Pre-populating DVI tree with 100000 entries for lookup (direct insert) ... done.
 36.6 ms (3M ops/s) [10 batches]
  [26/1728] od_multi / lookup / random / size=100000 viol=0% dup=10% t=2
    iter 1/3 ...    [PREPOP] Pre-populating DVI tree with 100000 entries for lookup (direct insert) ... done.
 21.9 ms (5M ops/s) [10 batches]
    iter 2/3 ...    [PREPOP] Pre-populating DVI tree with 100000 entries for lookup (direct insert) ... done.
 22.3 ms (4M ops/s) [10 batches]
    iter 3/3 ...    [PREPOP] Pre-populating DVI tree with 100000 entries for lookup (direct insert) ... done.
 22.3 ms (4M ops/s) [10 batches]
  [27/1728] od_multi / lookup / random / size=100000 viol=0% dup=10% t=4
    iter 1/3 ...    [PREPOP] Pre-populating DVI tree with 100000 entries for lookup (direct insert) ... done.
 14.6 ms (7M ops/s) [10 batches]
    iter 2/3 ...    [PREPOP] Pre-populating DVI tree with 100000 entries for lookup (direct insert) ... done.
 13.8 ms (7M ops/s) [10 batches]
    iter 3/3 ...    [PREPOP] Pre-populating DVI tree with 100000 entries for lookup (direct insert) ... done.
 13.8 ms (7M ops/s) [10 batches]
  [28/1728] od_multi / lookup / random / size=100000 viol=0% dup=10% t=8
    iter 1/3 ...    [PREPOP] Pre-populating DVI tree with 100000 entries for lookup (direct insert) ... done.
 10.1 ms (10M ops/s) [10 batches]
    iter 2/3 ...    [PREPOP] Pre-populating DVI tree with 100000 entries for lookup (direct insert) ... done.
 9.8 ms (10M ops/s) [10 batches]
    iter 3/3 ...    [PREPOP] Pre-populating DVI tree with 100000 entries for lookup (direct insert) ... done.
 9.7 ms (10M ops/s) [10 batches]
  [29/1728] od_multi / lookup / random / size=100000 viol=0% dup=10% t=16
    iter 1/3 ...    [PREPOP] Pre-populating DVI tree with 100000 entries for lookup (direct insert) ... done.
 13.1 ms (8M ops/s) [10 batches]
    iter 2/3 ...    [PREPOP] Pre-populating DVI tree with 100000 entries for lookup (direct insert) ... done.
 12.6 ms (8M ops/s) [10 batches]
    iter 3/3 ...    [PREPOP] Pre-populating DVI tree with 100000 entries for lookup (direct insert) ... done.
 12.8 ms (8M ops/s) [10 batches]
  [30/1728] od_multi / lookup / random / size=100000 viol=0% dup=10% t=32
    iter 1/3 ...    [PREPOP] Pre-populating DVI tree with 100000 entries for lookup (direct insert) ... done.
 28.7 ms (3M ops/s) [10 batches]
    iter 2/3 ...    [PREPOP] Pre-populating DVI tree with 100000 entries for lookup (direct insert) ... done.
 27.6 ms (4M ops/s) [10 batches]
    iter 3/3 ...    [PREPOP] Pre-populating DVI tree with 100000 entries for lookup (direct insert) ... done.
 27.4 ms (4M ops/s) [10 batches]
  [31/1728] od_multi / delete / random / size=100000 viol=0% dup=10% t=1
    iter 1/3 ...    [PREPOP] Pre-populating DVI tree with 100000 entries for delete (direct insert, no TxnCtx) ... done.
 187.0 ms (1M ops/s) [10 batches]
    iter 2/3 ...    [PREPOP] Pre-populating DVI tree with 100000 entries for delete (direct insert, no TxnCtx) ... done.
 185.1 ms (1M ops/s) [10 batches]
    iter 3/3 ...    [PREPOP] Pre-populating DVI tree with 100000 entries for delete (direct insert, no TxnCtx) ... done.
 186.0 ms (1M ops/s) [10 batches]
  [32/1728] od_multi / delete / random / size=100000 viol=0% dup=10% t=2
    iter 1/3 ...    [PREPOP] Pre-populating DVI tree with 100000 entries for delete (direct insert, no TxnCtx) ... done.
 116.3 ms (1M ops/s) [10 batches]
    iter 2/3 ...    [PREPOP] Pre-populating DVI tree with 100000 entries for delete (direct insert, no TxnCtx) ... done.
 115.5 ms (1M ops/s) [10 batches]
    iter 3/3 ...    [PREPOP] Pre-populating DVI tree with 100000 entries for delete (direct insert, no TxnCtx) ... done.
 115.6 ms (1M ops/s) [10 batches]
  [33/1728] od_multi / delete / random / size=100000 viol=0% dup=10% t=4
    iter 1/3 ...    [PREPOP] Pre-populating DVI tree with 100000 entries for delete (direct insert, no TxnCtx) ... done.
 76.1 ms (1M ops/s) [10 batches]
    iter 2/3 ...    [PREPOP] Pre-populating DVI tree with 100000 entries for delete (direct insert, no TxnCtx) ... done.
 76.7 ms (1M ops/s) [10 batches]
    iter 3/3 ...    [PREPOP] Pre-populating DVI tree with 100000 entries for delete (direct insert, no TxnCtx) ... done.
 76.8 ms (1M ops/s) [10 batches]
  [34/1728] od_multi / delete / random / size=100000 viol=0% dup=10% t=8
    iter 1/3 ...    [PREPOP] Pre-populating DVI tree with 100000 entries for delete (direct insert, no TxnCtx) ... done.
 55.2 ms (2M ops/s) [10 batches]
    iter 2/3 ...    [PREPOP] Pre-populating DVI tree with 100000 entries for delete (direct insert, no TxnCtx) ... done.
 55.4 ms (2M ops/s) [10 batches]
    iter 3/3 ...    [PREPOP] Pre-populating DVI tree with 100000 entries for delete (direct insert, no TxnCtx) ... done.
 55.9 ms (2M ops/s) [10 batches]
  [35/1728] od_multi / delete / random / size=100000 viol=0% dup=10% t=16
    iter 1/3 ...    [PREPOP] Pre-populating DVI tree with 100000 entries for delete (direct insert, no TxnCtx) ... done.
 41.4 ms (2M ops/s) [10 batches]
    iter 2/3 ...    [PREPOP] Pre-populating DVI tree with 100000 entries for delete (direct insert, no TxnCtx) ... done.
 42.2 ms (2M ops/s) [10 batches]
    iter 3/3 ...    [PREPOP] Pre-populating DVI tree with 100000 entries for delete (direct insert, no TxnCtx) ... done.
 41.2 ms (2M ops/s) [10 batches]
  [36/1728] od_multi / delete / random / size=100000 viol=0% dup=10% t=32
    iter 1/3 ...    [PREPOP] Pre-populating DVI tree with 100000 entries for delete (direct insert, no TxnCtx) ... done.
 45.5 ms (2M ops/s) [10 batches]
    iter 2/3 ...    [PREPOP] Pre-populating DVI tree with 100000 entries for delete (direct insert, no TxnCtx) ... done.
 45.6 ms (2M ops/s) [10 batches]
    iter 3/3 ...    [PREPOP] Pre-populating DVI tree with 100000 entries for delete (direct insert, no TxnCtx) ... done.
 45.3 ms (2M ops/s) [10 batches]
[MEM] Freed entry vectors for od_multi

[MECH] === od_single (multi=false, od=true) ===
[DATA] Generating OD entries: random size=100000 viol=10% multi=false ... done (1 MB entries + 1 MB keys)
  [37/1728] od_single / insert / random / size=100000 viol=10% dup=10% t=1
    iter 1/3 ... 206.4 ms (0M ops/s) [10 batches]
    iter 2/3 ... 198.1 ms (1M ops/s) [10 batches]
    iter 3/3 ... 199.2 ms (1M ops/s) [10 batches]
  [38/1728] od_single / insert / random / size=100000 viol=10% dup=10% t=2
    iter 1/3 ... 135.8 ms (1M ops/s) [10 batches]
    iter 2/3 ... 129.0 ms (1M ops/s) [10 batches]
    iter 3/3 ... 132.3 ms (1M ops/s) [10 batches]
  [39/1728] od_single / insert / random / size=100000 viol=10% dup=10% t=4
    iter 1/3 ... 98.1 ms (1M ops/s) [10 batches]
    iter 2/3 ... 84.9 ms (1M ops/s) [10 batches]
    iter 3/3 ... 83.3 ms (1M ops/s) [10 batches]
  [40/1728] od_single / insert / random / size=100000 viol=10% dup=10% t=8
    iter 1/3 ... 77.5 ms (1M ops/s) [10 batches]
    iter 2/3 ... 64.4 ms (2M ops/s) [10 batches]
    iter 3/3 ... 64.1 ms (2M ops/s) [10 batches]
  [41/1728] od_single / insert / random / size=100000 viol=10% dup=10% t=16
    iter 1/3 ... 60.2 ms (2M ops/s) [10 batches]
    iter 2/3 ... 58.2 ms (2M ops/s) [10 batches]
    iter 3/3 ... 57.3 ms (2M ops/s) [10 batches]
  [42/1728] od_single / insert / random / size=100000 viol=10% dup=10% t=32
    iter 1/3 ... 58.0 ms (2M ops/s) [10 batches]
    iter 2/3 ... 55.8 ms (2M ops/s) [10 batches]
    iter 3/3 ... 55.5 ms (2M ops/s) [10 batches]
  [43/1728] od_single / lookup / random / size=100000 viol=10% dup=10% t=1
    iter 1/3 ...    [PREPOP] Pre-populating DVI tree with 100000 entries for lookup (direct insert) ... done.
 36.2 ms (3M ops/s) [10 batches]
    iter 2/3 ...    [PREPOP] Pre-populating DVI tree with 100000 entries for lookup (direct insert) ... done.
 36.9 ms (3M ops/s) [10 batches]
    iter 3/3 ...    [PREPOP] Pre-populating DVI tree with 100000 entries for lookup (direct insert) ... done.
 37.5 ms (3M ops/s) [10 batches]
  [44/1728] od_single / lookup / random / size=100000 viol=10% dup=10% t=2
    iter 1/3 ...    [PREPOP] Pre-populating DVI tree with 100000 entries for lookup (direct insert) ... done.
 21.8 ms (5M ops/s) [10 batches]
    iter 2/3 ...    [PREPOP] Pre-populating DVI tree with 100000 entries for lookup (direct insert) ... done.
 22.2 ms (4M ops/s) [10 batches]
    iter 3/3 ...    [PREPOP] Pre-populating DVI tree with 100000 entries for lookup (direct insert) ... done.
 22.6 ms (4M ops/s) [10 batches]
  [45/1728] od_single / lookup / random / size=100000 viol=10% dup=10% t=4
    iter 1/3 ...    [PREPOP] Pre-populating DVI tree with 100000 entries for lookup (direct insert) ... done.
 14.4 ms (7M ops/s) [10 batches]
    iter 2/3 ...    [PREPOP] Pre-populating DVI tree with 100000 entries for lookup (direct insert) ... done.
 14.4 ms (7M ops/s) [10 batches]
    iter 3/3 ...    [PREPOP] Pre-populating DVI tree with 100000 entries for lookup (direct insert) ... done.
 14.2 ms (7M ops/s) [10 batches]
  [46/1728] od_single / lookup / random / size=100000 viol=10% dup=10% t=8
    iter 1/3 ...    [PREPOP] Pre-populating DVI tree with 100000 entries for lookup (direct insert) ... done.
 9.9 ms (10M ops/s) [10 batches]
    iter 2/3 ...    [PREPOP] Pre-populating DVI tree with 100000 entries for lookup (direct insert) ... done.
 9.8 ms (10M ops/s) [10 batches]
    iter 3/3 ...    [PREPOP] Pre-populating DVI tree with 100000 entries for lookup (direct insert) ... done.
 11.1 ms (9M ops/s) [10 batches]
  [47/1728] od_single / lookup / random / size=100000 viol=10% dup=10% t=16
    iter 1/3 ...    [PREPOP] Pre-populating DVI tree with 100000 entries for lookup (direct insert) ... done.
 13.4 ms (7M ops/s) [10 batches]
    iter 2/3 ...    [PREPOP] Pre-populating DVI tree with 100000 entries for lookup (direct insert) ... done.
 12.9 ms (8M ops/s) [10 batches]
    iter 3/3 ...    [PREPOP] Pre-populating DVI tree with 100000 entries for lookup (direct insert) ... done.
 12.5 ms (8M ops/s) [10 batches]
  [48/1728] od_single / lookup / random / size=100000 viol=10% dup=10% t=32
    iter 1/3 ...    [PREPOP] Pre-populating DVI tree with 100000 entries for lookup (direct insert) ... done.
 27.0 ms (4M ops/s) [10 batches]
    iter 2/3 ...    [PREPOP] Pre-populating DVI tree with 100000 entries for lookup (direct insert) ... done.
 27.5 ms (4M ops/s) [10 batches]
    iter 3/3 ...    [PREPOP] Pre-populating DVI tree with 100000 entries for lookup (direct insert) ... done.
 27.2 ms (4M ops/s) [10 batches]
  [49/1728] od_single / delete / random / size=100000 viol=10% dup=10% t=1
    iter 1/3 ...    [PREPOP] Pre-populating DVI tree with 100000 entries for delete (direct insert, no TxnCtx) ... done.
 186.4 ms (1M ops/s) [10 batches]
    iter 2/3 ...    [PREPOP] Pre-populating DVI tree with 100000 entries for delete (direct insert, no TxnCtx) ... done.
 188.5 ms (1M ops/s) [10 batches]
    iter 3/3 ...    [PREPOP] Pre-populating DVI tree with 100000 entries for delete (direct insert, no TxnCtx) ... done.
 182.8 ms (1M ops/s) [10 batches]
  [50/1728] od_single / delete / random / size=100000 viol=10% dup=10% t=2
    iter 1/3 ...    [PREPOP] Pre-populating DVI tree with 100000 entries for delete (direct insert, no TxnCtx) ... done.
 117.0 ms (1M ops/s) [10 batches]
    iter 2/3 ...    [PREPOP] Pre-populating DVI tree with 100000 entries for delete (direct insert, no TxnCtx) ... done.
 117.3 ms (1M ops/s) [10 batches]
    iter 3/3 ...    [PREPOP] Pre-populating DVI tree with 100000 entries for delete (direct insert, no TxnCtx) ... done.
 117.8 ms (1M ops/s) [10 batches]
  [51/1728] od_single / delete / random / size=100000 viol=10% dup=10% t=4
    iter 1/3 ...    [PREPOP] Pre-populating DVI tree with 100000 entries for delete (direct insert, no TxnCtx) ... done.
 77.2 ms (1M ops/s) [10 batches]
    iter 2/3 ...    [PREPOP] Pre-populating DVI tree with 100000 entries for delete (direct insert, no TxnCtx) ... done.
 76.1 ms (1M ops/s) [10 batches]
    iter 3/3 ...    [PREPOP] Pre-populating DVI tree with 100000 entries for delete (direct insert, no TxnCtx) ... done.
 76.4 ms (1M ops/s) [10 batches]
  [52/1728] od_single / delete / random / size=100000 viol=10% dup=10% t=8
    iter 1/3 ...    [PREPOP] Pre-populating DVI tree with 100000 entries for delete (direct insert, no TxnCtx) ... done.
 54.3 ms (2M ops/s) [10 batches]
    iter 2/3 ...    [PREPOP] Pre-populating DVI tree with 100000 entries for delete (direct insert, no TxnCtx) ... done.
 52.8 ms (2M ops/s) [10 batches]
    iter 3/3 ...    [PREPOP] Pre-populating DVI tree with 100000 entries for delete (direct insert, no TxnCtx) ... done.
 52.4 ms (2M ops/s) [10 batches]
  [53/1728] od_single / delete / random / size=100000 viol=10% dup=10% t=16
    iter 1/3 ...    [PREPOP] Pre-populating DVI tree with 100000 entries for delete (direct insert, no TxnCtx) ... done.
 40.6 ms (2M ops/s) [10 batches]
    iter 2/3 ...    [PREPOP] Pre-populating DVI tree with 100000 entries for delete (direct insert, no TxnCtx) ... done.
 39.8 ms (3M ops/s) [10 batches]
    iter 3/3 ...    [PREPOP] Pre-populating DVI tree with 100000 entries for delete (direct insert, no TxnCtx) ... done.
 39.5 ms (3M ops/s) [10 batches]
  [54/1728] od_single / delete / random / size=100000 viol=10% dup=10% t=32
    iter 1/3 ...    [PREPOP] Pre-populating DVI tree with 100000 entries for delete (direct insert, no TxnCtx) ... done.
 43.9 ms (2M ops/s) [10 batches]
    iter 2/3 ...    [PREPOP] Pre-populating DVI tree with 100000 entries for delete (direct insert, no TxnCtx) ... done.
 43.7 ms (2M ops/s) [10 batches]
    iter 3/3 ...    [PREPOP] Pre-populating DVI tree with 100000 entries for delete (direct insert, no TxnCtx) ... done.
 44.0 ms (2M ops/s) [10 batches]
[MEM] Freed entry vectors for od_single

[MECH] === od_multi (multi=true, od=true) ===
[DATA] Generating OD entries: random size=100000 viol=10% multi=true ... done (1 MB entries + 1 MB keys)
  [55/1728] od_multi / insert / random / size=100000 viol=10% dup=10% t=1
    iter 1/3 ... 197.6 ms (1M ops/s) [10 batches]
    iter 2/3 ... 198.5 ms (1M ops/s) [10 batches]
    iter 3/3 ... 196.4 ms (1M ops/s) [10 batches]
  [56/1728] od_multi / insert / random / size=100000 viol=10% dup=10% t=2
    iter 1/3 ... 139.5 ms (1M ops/s) [10 batches]
    iter 2/3 ... 131.2 ms (1M ops/s) [10 batches]
    iter 3/3 ... 134.5 ms (1M ops/s) [10 batches]
  [57/1728] od_multi / insert / random / size=100000 viol=10% dup=10% t=4
    iter 1/3 ... 98.7 ms (1M ops/s) [10 batches]
    iter 2/3 ... 84.2 ms (1M ops/s) [10 batches]
    iter 3/3 ... 84.6 ms (1M ops/s) [10 batches]
  [58/1728] od_multi / insert / random / size=100000 viol=10% dup=10% t=8
    iter 1/3 ... 73.3 ms (1M ops/s) [10 batches]
    iter 2/3 ... 63.9 ms (2M ops/s) [10 batches]
    iter 3/3 ... 62.7 ms (2M ops/s) [10 batches]
  [59/1728] od_multi / insert / random / size=100000 viol=10% dup=10% t=16
    iter 1/3 ... 60.7 ms (2M ops/s) [10 batches]
    iter 2/3 ... 56.8 ms (2M ops/s) [10 batches]
    iter 3/3 ... 57.9 ms (2M ops/s) [10 batches]
  [60/1728] od_multi / insert / random / size=100000 viol=10% dup=10% t=32
    iter 1/3 ... 57.7 ms (2M ops/s) [10 batches]
    iter 2/3 ... 55.8 ms (2M ops/s) [10 batches]
    iter 3/3 ... 56.5 ms (2M ops/s) [10 batches]
  [61/1728] od_multi / lookup / random / size=100000 viol=10% dup=10% t=1
    iter 1/3 ...    [PREPOP] Pre-populating DVI tree with 100000 entries for lookup (direct insert) ... done.
 36.0 ms (3M ops/s) [10 batches]
    iter 2/3 ...    [PREPOP] Pre-populating DVI tree with 100000 entries for lookup (direct insert) ... done.
 36.1 ms (3M ops/s) [10 batches]
    iter 3/3 ...    [PREPOP] Pre-populating DVI tree with 100000 entries for lookup (direct insert) ... done.
 36.8 ms (3M ops/s) [10 batches]
  [62/1728] od_multi / lookup / random / size=100000 viol=10% dup=10% t=2
    iter 1/3 ...    [PREPOP] Pre-populating DVI tree with 100000 entries for lookup (direct insert) ... done.
 22.8 ms (4M ops/s) [10 batches]
    iter 2/3 ...    [PREPOP] Pre-populating DVI tree with 100000 entries for lookup (direct insert) ... done.
 22.3 ms (4M ops/s) [10 batches]
    iter 3/3 ...    [PREPOP] Pre-populating DVI tree with 100000 entries for lookup (direct insert) ... done.
 22.1 ms (5M ops/s) [10 batches]
  [63/1728] od_multi / lookup / random / size=100000 viol=10% dup=10% t=4
    iter 1/3 ...    [PREPOP] Pre-populating DVI tree with 100000 entries for lookup (direct insert) ... done.
 14.0 ms (7M ops/s) [10 batches]
    iter 2/3 ...    [PREPOP] Pre-populating DVI tree with 100000 entries for lookup (direct insert) ... done.
 13.9 ms (7M ops/s) [10 batches]
    iter 3/3 ...    [PREPOP] Pre-populating DVI tree with 100000 entries for lookup (direct insert) ... done.
 13.6 ms (7M ops/s) [10 batches]
  [64/1728] od_multi / lookup / random / size=100000 viol=10% dup=10% t=8
    iter 1/3 ...    [PREPOP] Pre-populating DVI tree with 100000 entries for lookup (direct insert) ... done.
 11.1 ms (9M ops/s) [10 batches]
    iter 2/3 ...    [PREPOP] Pre-populating DVI tree with 100000 entries for lookup (direct insert) ... done.
 10.0 ms (10M ops/s) [10 batches]
    iter 3/3 ...    [PREPOP] Pre-populating DVI tree with 100000 entries for lookup (direct insert) ... done.
 10.2 ms (10M ops/s) [10 batches]
  [65/1728] od_multi / lookup / random / size=100000 viol=10% dup=10% t=16
    iter 1/3 ...    [PREPOP] Pre-populating DVI tree with 100000 entries for lookup (direct insert) ... done.
 13.4 ms (7M ops/s) [10 batches]
    iter 2/3 ...    [PREPOP] Pre-populating DVI tree with 100000 entries for lookup (direct insert) ... done.
 13.0 ms (8M ops/s) [10 batches]
    iter 3/3 ...    [PREPOP] Pre-populating DVI tree with 100000 entries for lookup (direct insert) ... done.
 13.7 ms (7M ops/s) [10 batches]
  [66/1728] od_multi / lookup / random / size=100000 viol=10% dup=10% t=32
    iter 1/3 ...    [PREPOP] Pre-populating DVI tree with 100000 entries for lookup (direct insert) ... done.
 28.2 ms (4M ops/s) [10 batches]
    iter 2/3 ...    [PREPOP] Pre-populating DVI tree with 100000 entries for lookup (direct insert) ... done.
 27.9 ms (4M ops/s) [10 batches]
    iter 3/3 ...    [PREPOP] Pre-populating DVI tree with 100000 entries for lookup (direct insert) ... done.
 27.5 ms (4M ops/s) [10 batches]
  [67/1728] od_multi / delete / random / size=100000 viol=10% dup=10% t=1
    iter 1/3 ...    [PREPOP] Pre-populating DVI tree with 100000 entries for delete (direct insert, no TxnCtx) ... done.
 182.5 ms (1M ops/s) [10 batches]
    iter 2/3 ...    [PREPOP] Pre-populating DVI tree with 100000 entries for delete (direct insert, no TxnCtx) ... done.
 184.7 ms (1M ops/s) [10 batches]
    iter 3/3 ...    [PREPOP] Pre-populating DVI tree with 100000 entries for delete (direct insert, no TxnCtx) ... done.
 184.0 ms (1M ops/s) [10 batches]
  [68/1728] od_multi / delete / random / size=100000 viol=10% dup=10% t=2
    iter 1/3 ...    [PREPOP] Pre-populating DVI tree with 100000 entries for delete (direct insert, no TxnCtx) ... done.
 116.7 ms (1M ops/s) [10 batches]
    iter 2/3 ...    [PREPOP] Pre-populating DVI tree with 100000 entries for delete (direct insert, no TxnCtx) ... done.
 116.4 ms (1M ops/s) [10 batches]
    iter 3/3 ...    [PREPOP] Pre-populating DVI tree with 100000 entries for delete (direct insert, no TxnCtx) ... done.
 117.0 ms (1M ops/s) [10 batches]
  [69/1728] od_multi / delete / random / size=100000 viol=10% dup=10% t=4
    iter 1/3 ...    [PREPOP] Pre-populating DVI tree with 100000 entries for delete (direct insert, no TxnCtx) ... done.
 74.7 ms (1M ops/s) [10 batches]
    iter 2/3 ...    [PREPOP] Pre-populating DVI tree with 100000 entries for delete (direct insert, no TxnCtx) ... done.
 74.9 ms (1M ops/s) [10 batches]
    iter 3/3 ...    [PREPOP] Pre-populating DVI tree with 100000 entries for delete (direct insert, no TxnCtx) ... done.
 74.1 ms (1M ops/s) [10 batches]
  [70/1728] od_multi / delete / random / size=100000 viol=10% dup=10% t=8
    iter 1/3 ...    [PREPOP] Pre-populating DVI tree with 100000 entries for delete (direct insert, no TxnCtx) ... done.
 51.7 ms (2M ops/s) [10 batches]
    iter 2/3 ...    [PREPOP] Pre-populating DVI tree with 100000 entries for delete (direct insert, no TxnCtx) ... done.
 53.7 ms (2M ops/s) [10 batches]
    iter 3/3 ...    [PREPOP] Pre-populating DVI tree with 100000 entries for delete (direct insert, no TxnCtx) ... done.
 51.5 ms (2M ops/s) [10 batches]
  [71/1728] od_multi / delete / random / size=100000 viol=10% dup=10% t=16
    iter 1/3 ...    [PREPOP] Pre-populating DVI tree with 100000 entries for delete (direct insert, no TxnCtx) ... done.
 39.7 ms (3M ops/s) [10 batches]
    iter 2/3 ...    [PREPOP] Pre-populating DVI tree with 100000 entries for delete (direct insert, no TxnCtx) ... done.
 40.3 ms (2M ops/s) [10 batches]
    iter 3/3 ...    [PREPOP] Pre-populating DVI tree with 100000 entries for delete (direct insert, no TxnCtx) ... done.
 40.6 ms (2M ops/s) [10 batches]
  [72/1728] od_multi / delete / random / size=100000 viol=10% dup=10% t=32
    iter 1/3 ...    [PREPOP] Pre-populating DVI tree with 100000 entries for delete (direct insert, no TxnCtx) ... done.
 43.4 ms (2M ops/s) [10 batches]
    iter 2/3 ...    [PREPOP] Pre-populating DVI tree with 100000 entries for delete (direct insert, no TxnCtx) ... done.
 43.5 ms (2M ops/s) [10 batches]
    iter 3/3 ...    [PREPOP] Pre-populating DVI tree with 100000 entries for delete (direct insert, no TxnCtx) ... done.
 43.8 ms (2M ops/s) [10 batches]
[MEM] Freed entry vectors for od_multi

[MECH] === od_single (multi=false, od=true) ===
[DATA] Generating OD entries: random size=100000 viol=20% multi=false ... done (1 MB entries + 1 MB keys)
  [73/1728] od_single / insert / random / size=100000 viol=20% dup=10% t=1
    iter 1/3 ... 202.0 ms (0M ops/s) [10 batches]
    iter 2/3 ... 198.9 ms (1M ops/s) [10 batches]
    iter 3/3 ... 194.4 ms (1M ops/s) [10 batches]
  [74/1728] od_single / insert / random / size=100000 viol=20% dup=10% t=2
    iter 1/3 ... 136.5 ms (1M ops/s) [10 batches]
    iter 2/3 ... 129.1 ms (1M ops/s) [10 batches]
    iter 3/3 ... 127.1 ms (1M ops/s) [10 batches]
  [75/1728] od_single / insert / random / size=100000 viol=20% dup=10% t=4
    iter 1/3 ... 98.7 ms (1M ops/s) [10 batches]
    iter 2/3 ... 83.5 ms (1M ops/s) [10 batches]
    iter 3/3 ... 81.8 ms (1M ops/s) [10 batches]
  [76/1728] od_single / insert / random / size=100000 viol=20% dup=10% t=8
    iter 1/3 ... 75.0 ms (1M ops/s) [10 batches]
    iter 2/3 ... 64.2 ms (2M ops/s) [10 batches]
    iter 3/3 ... 61.9 ms (2M ops/s) [10 batches]
  [77/1728] od_single / insert / random / size=100000 viol=20% dup=10% t=16
    iter 1/3 ... 60.2 ms (2M ops/s) [10 batches]
    iter 2/3 ... 57.6 ms (2M ops/s) [10 batches]
    iter 3/3 ... 57.6 ms (2M ops/s) [10 batches]
  [78/1728] od_single / insert / random / size=100000 viol=20% dup=10% t=32
    iter 1/3 ... 57.5 ms (2M ops/s) [10 batches]
    iter 2/3 ... 56.1 ms (2M ops/s) [10 batches]
    iter 3/3 ... 56.5 ms (2M ops/s) [10 batches]
  [79/1728] od_single / lookup / random / size=100000 viol=20% dup=10% t=1
    iter 1/3 ...    [PREPOP] Pre-populating DVI tree with 100000 entries for lookup (direct insert) ... done.
 37.2 ms (3M ops/s) [10 batches]
    iter 2/3 ...    [PREPOP] Pre-populating DVI tree with 100000 entries for lookup (direct insert) ... done.
 37.3 ms (3M ops/s) [10 batches]
    iter 3/3 ...    [PREPOP] Pre-populating DVI tree with 100000 entries for lookup (direct insert) ... done.
 37.7 ms (3M ops/s) [10 batches]
  [80/1728] od_single / lookup / random / size=100000 viol=20% dup=10% t=2
    iter 1/3 ...    [PREPOP] Pre-populating DVI tree with 100000 entries for lookup (direct insert) ... done.
 21.8 ms (5M ops/s) [10 batches]
    iter 2/3 ...    [PREPOP] Pre-populating DVI tree with 100000 entries for lookup (direct insert) ... done.
 22.6 ms (4M ops/s) [10 batches]
    iter 3/3 ...    [PREPOP] Pre-populating DVI tree with 100000 entries for lookup (direct insert) ... done.
 22.7 ms (4M ops/s) [10 batches]
  [81/1728] od_single / lookup / random / size=100000 viol=20% dup=10% t=4
    iter 1/3 ...    [PREPOP] Pre-populating DVI tree with 100000 entries for lookup (direct insert) ... done.
 14.5 ms (7M ops/s) [10 batches]
    iter 2/3 ...    [PREPOP] Pre-populating DVI tree with 100000 entries for lookup (direct insert) ... done.
 14.1 ms (7M ops/s) [10 batches]
    iter 3/3 ...    [PREPOP] Pre-populating DVI tree with 100000 entries for lookup (direct insert) ... done.
 14.2 ms (7M ops/s) [10 batches]
  [82/1728] od_single / lookup / random / size=100000 viol=20% dup=10% t=8
    iter 1/3 ...    [PREPOP] Pre-populating DVI tree with 100000 entries for lookup (direct insert) ... done.
 10.7 ms (9M ops/s) [10 batches]
    iter 2/3 ...    [PREPOP] Pre-populating DVI tree with 100000 entries for lookup (direct insert) ... done.
 9.9 ms (10M ops/s) [10 batches]
    iter 3/3 ...    [PREPOP] Pre-populating DVI tree with 100000 entries for lookup (direct insert) ... done.
 10.4 ms (10M ops/s) [10 batches]
  [83/1728] od_single / lookup / random / size=100000 viol=20% dup=10% t=16
    iter 1/3 ...    [PREPOP] Pre-populating DVI tree with 100000 entries for lookup (direct insert) ... done.
 13.0 ms (8M ops/s) [10 batches]
    iter 2/3 ...    [PREPOP] Pre-populating DVI tree with 100000 entries for lookup (direct insert) ... done.
 12.6 ms (8M ops/s) [10 batches]
    iter 3/3 ...    [PREPOP] Pre-populating DVI tree with 100000 entries for lookup (direct insert) ... done.
 12.3 ms (8M ops/s) [10 batches]
  [84/1728] od_single / lookup / random / size=100000 viol=20% dup=10% t=32
    iter 1/3 ...    [PREPOP] Pre-populating DVI tree with 100000 entries for lookup (direct insert) ... done.
 29.1 ms (3M ops/s) [10 batches]
    iter 2/3 ...    [PREPOP] Pre-populating DVI tree with 100000 entries for lookup (direct insert) ... done.
 27.0 ms (4M ops/s) [10 batches]
    iter 3/3 ...    [PREPOP] Pre-populating DVI tree with 100000 entries for lookup (direct insert) ... done.
 27.2 ms (4M ops/s) [10 batches]
  [85/1728] od_single / delete / random / size=100000 viol=20% dup=10% t=1
    iter 1/3 ...    [PREPOP] Pre-populating DVI tree with 100000 entries for delete (direct insert, no TxnCtx) ... done.
 185.9 ms (1M ops/s) [10 batches]
    iter 2/3 ...    [PREPOP] Pre-populating DVI tree with 100000 entries for delete (direct insert, no TxnCtx) ... done.
 185.2 ms (1M ops/s) [10 batches]
    iter 3/3 ...    [PREPOP] Pre-populating DVI tree with 100000 entries for delete (direct insert, no TxnCtx) ... done.
 186.1 ms (1M ops/s) [10 batches]
  [86/1728] od_single / delete / random / size=100000 viol=20% dup=10% t=2
    iter 1/3 ...    [PREPOP] Pre-populating DVI tree with 100000 entries for delete (direct insert, no TxnCtx) ... done.
 120.3 ms (1M ops/s) [10 batches]
    iter 2/3 ...    [PREPOP] Pre-populating DVI tree with 100000 entries for delete (direct insert, no TxnCtx) ... done.
 118.8 ms (1M ops/s) [10 batches]
    iter 3/3 ...    [PREPOP] Pre-populating DVI tree with 100000 entries for delete (direct insert, no TxnCtx) ... done.
 118.1 ms (1M ops/s) [10 batches]
  [87/1728] od_single / delete / random / size=100000 viol=20% dup=10% t=4
    iter 1/3 ...    [PREPOP] Pre-populating DVI tree with 100000 entries for delete (direct insert, no TxnCtx) ... done.
 76.9 ms (1M ops/s) [10 batches]
    iter 2/3 ...    [PREPOP] Pre-populating DVI tree with 100000 entries for delete (direct insert, no TxnCtx) ... done.
 77.7 ms (1M ops/s) [10 batches]
    iter 3/3 ...    [PREPOP] Pre-populating DVI tree with 100000 entries for delete (direct insert, no TxnCtx) ... done.
 78.4 ms (1M ops/s) [10 batches]
  [88/1728] od_single / delete / random / size=100000 viol=20% dup=10% t=8
    iter 1/3 ...    [PREPOP] Pre-populating DVI tree with 100000 entries for delete (direct insert, no TxnCtx) ... done.
 55.1 ms (2M ops/s) [10 batches]
    iter 2/3 ...    [PREPOP] Pre-populating DVI tree with 100000 entries for delete (direct insert, no TxnCtx) ... done.
 54.9 ms (2M ops/s) [10 batches]
    iter 3/3 ...    [PREPOP] Pre-populating DVI tree with 100000 entries for delete (direct insert, no TxnCtx) ... done.
 55.2 ms (2M ops/s) [10 batches]
  [89/1728] od_single / delete / random / size=100000 viol=20% dup=10% t=16
    iter 1/3 ...    [PREPOP] Pre-populating DVI tree with 100000 entries for delete (direct insert, no TxnCtx) ... done.
 41.7 ms (2M ops/s) [10 batches]
    iter 2/3 ...    [PREPOP] Pre-populating DVI tree with 100000 entries for delete (direct insert, no TxnCtx) ... done.
 42.5 ms (2M ops/s) [10 batches]
    iter 3/3 ...    [PREPOP] Pre-populating DVI tree with 100000 entries for delete (direct insert, no TxnCtx) ... done.
 42.1 ms (2M ops/s) [10 batches]
  [90/1728] od_single / delete / random / size=100000 viol=20% dup=10% t=32
    iter 1/3 ...    [PREPOP] Pre-populating DVI tree with 100000 entries for delete (direct insert, no TxnCtx) ... done.
 45.9 ms (2M ops/s) [10 batches]
    iter 2/3 ...    [PREPOP] Pre-populating DVI tree with 100000 entries for delete (direct insert, no TxnCtx) ... done.
 45.6 ms (2M ops/s) [10 batches]
    iter 3/3 ...    [PREPOP] Pre-populating DVI tree with 100000 entries for delete (direct insert, no TxnCtx) ... done.
 45.5 ms (2M ops/s) [10 batches]
[MEM] Freed entry vectors for od_single

[MECH] === od_multi (multi=true, od=true) ===
[DATA] Generating OD entries: random size=100000 viol=20% multi=true ... done (1 MB entries + 1 MB keys)
  [91/1728] od_multi / insert / random / size=100000 viol=20% dup=10% t=1
    iter 1/3 ... 204.5 ms (0M ops/s) [10 batches]
    iter 2/3 ... 196.0 ms (1M ops/s) [10 batches]
    iter 3/3 ... 196.1 ms (1M ops/s) [10 batches]
  [92/1728] od_multi / insert / random / size=100000 viol=20% dup=10% t=2
    iter 1/3 ... 141.1 ms (1M ops/s) [10 batches]
    iter 2/3 ... 136.3 ms (1M ops/s) [10 batches]
    iter 3/3 ... 131.4 ms (1M ops/s) [10 batches]
  [93/1728] od_multi / insert / random / size=100000 viol=20% dup=10% t=4
    iter 1/3 ... 97.9 ms (1M ops/s) [10 batches]
    iter 2/3 ... 83.4 ms (1M ops/s) [10 batches]
    iter 3/3 ... 82.6 ms (1M ops/s) [10 batches]
  [94/1728] od_multi / insert / random / size=100000 viol=20% dup=10% t=8
    iter 1/3 ... 72.5 ms (1M ops/s) [10 batches]
    iter 2/3 ... 61.7 ms (2M ops/s) [10 batches]
    iter 3/3 ... 60.1 ms (2M ops/s) [10 batches]
  [95/1728] od_multi / insert / random / size=100000 viol=20% dup=10% t=16
    iter 1/3 ... 59.6 ms (2M ops/s) [10 batches]
    iter 2/3 ... 58.2 ms (2M ops/s) [10 batches]
    iter 3/3 ... 57.5 ms (2M ops/s) [10 batches]
  [96/1728] od_multi / insert / random / size=100000 viol=20% dup=10% t=32
    iter 1/3 ... 58.1 ms (2M ops/s) [10 batches]
    iter 2/3 ... 56.5 ms (2M ops/s) [10 batches]
    iter 3/3 ... 56.6 ms (2M ops/s) [10 batches]
  [97/1728] od_multi / lookup / random / size=100000 viol=20% dup=10% t=1
    iter 1/3 ...    [PREPOP] Pre-populating DVI tree with 100000 entries for lookup (direct insert) ... done.
 36.8 ms (3M ops/s) [10 batches]
    iter 2/3 ...    [PREPOP] Pre-populating DVI tree with 100000 entries for lookup (direct insert) ... done.
 36.8 ms (3M ops/s) [10 batches]
    iter 3/3 ...    [PREPOP] Pre-populating DVI tree with 100000 entries for lookup (direct insert) ... done.
 37.0 ms (3M ops/s) [10 batches]
  [98/1728] od_multi / lookup / random / size=100000 viol=20% dup=10% t=2
    iter 1/3 ...    [PREPOP] Pre-populating DVI tree with 100000 entries for lookup (direct insert) ... done.
 22.8 ms (4M ops/s) [10 batches]
    iter 2/3 ...    [PREPOP] Pre-populating DVI tree with 100000 entries for lookup (direct insert) ... done.
 22.6 ms (4M ops/s) [10 batches]
    iter 3/3 ...    [PREPOP] Pre-populating DVI tree with 100000 entries for lookup (direct insert) ... done.
 22.5 ms (4M ops/s) [10 batches]
  [99/1728] od_multi / lookup / random / size=100000 viol=20% dup=10% t=4
    iter 1/3 ...    [PREPOP] Pre-populating DVI tree with 100000 entries for lookup (direct insert) ... done.
 14.4 ms (7M ops/s) [10 batches]
    iter 2/3 ...    [PREPOP] Pre-populating DVI tree with 100000 entries for lookup (direct insert) ... done.
 14.1 ms (7M ops/s) [10 batches]
    iter 3/3 ...    [PREPOP] Pre-populating DVI tree with 100000 entries for lookup (direct insert) ... done.
 14.1 ms (7M ops/s) [10 batches]
  [100/1728] od_multi / lookup / random / size=100000 viol=20% dup=10% t=8
    iter 1/3 ...    [PREPOP] Pre-populating DVI tree with 100000 entries for lookup (direct insert) ... done.
 10.7 ms (9M ops/s) [10 batches]
    iter 2/3 ...    [PREPOP] Pre-populating DVI tree with 100000 entries for lookup (direct insert) ... done.
 10.0 ms (10M ops/s) [10 batches]
    iter 3/3 ...    [PREPOP] Pre-populating DVI tree with 100000 entries for lookup (direct insert) ... done.
 9.7 ms (10M ops/s) [10 batches]
  [101/1728] od_multi / lookup / random / size=100000 viol=20% dup=10% t=16
    iter 1/3 ...    [PREPOP] Pre-populating DVI tree with 100000 entries for lookup (direct insert) ... done.
 13.2 ms (8M ops/s) [10 batches]
    iter 2/3 ...    [PREPOP] Pre-populating DVI tree with 100000 entries for lookup (direct insert) ... done.
 13.0 ms (8M ops/s) [10 batches]
    iter 3/3 ...    [PREPOP] Pre-populating DVI tree with 100000 entries for lookup (direct insert) ... done.
 13.9 ms (7M ops/s) [10 batches]
  [102/1728] od_multi / lookup / random / size=100000 viol=20% dup=10% t=32
    iter 1/3 ...    [PREPOP] Pre-populating DVI tree with 100000 entries for lookup (direct insert) ... done.
 27.3 ms (4M ops/s) [10 batches]
    iter 2/3 ...    [PREPOP] Pre-populating DVI tree with 100000 entries for lookup (direct insert) ... done.
 27.3 ms (4M ops/s) [10 batches]
    iter 3/3 ...    [PREPOP] Pre-populating DVI tree with 100000 entries for lookup (direct insert) ... done.
 27.5 ms (4M ops/s) [10 batches]
  [103/1728] od_multi / delete / random / size=100000 viol=20% dup=10% t=1
    iter 1/3 ...    [PREPOP] Pre-populating DVI tree with 100000 entries for delete (direct insert, no TxnCtx) ... done.
 188.9 ms (1M ops/s) [10 batches]
    iter 2/3 ...    [PREPOP] Pre-populating DVI tree with 100000 entries for delete (direct insert, no TxnCtx) ... done.
 186.2 ms (1M ops/s) [10 batches]
    iter 3/3 ...    [PREPOP] Pre-populating DVI tree with 100000 entries for delete (direct insert, no TxnCtx) ... done.
 186.5 ms (1M ops/s) [10 batches]
  [104/1728] od_multi / delete / random / size=100000 viol=20% dup=10% t=2
    iter 1/3 ...    [PREPOP] Pre-populating DVI tree with 100000 entries for delete (direct insert, no TxnCtx) ... done.
 117.2 ms (1M ops/s) [10 batches]
    iter 2/3 ...    [PREPOP] Pre-populating DVI tree with 100000 entries for delete (direct insert, no TxnCtx) ... done.
 120.6 ms (1M ops/s) [10 batches]
    iter 3/3 ...    [PREPOP] Pre-populating DVI tree with 100000 entries for delete (direct insert, no TxnCtx) ... done.
 120.2 ms (1M ops/s) [10 batches]
  [105/1728] od_multi / delete / random / size=100000 viol=20% dup=10% t=4
    iter 1/3 ...    [PREPOP] Pre-populating DVI tree with 100000 entries for delete (direct insert, no TxnCtx) ... done.
 77.7 ms (1M ops/s) [10 batches]
    iter 2/3 ...    [PREPOP] Pre-populating DVI tree with 100000 entries for delete (direct insert, no TxnCtx) ... done.
 76.1 ms (1M ops/s) [10 batches]
    iter 3/3 ...    [PREPOP] Pre-populating DVI tree with 100000 entries for delete (direct insert, no TxnCtx) ... done.
 77.6 ms (1M ops/s) [10 batches]
  [106/1728] od_multi / delete / random / size=100000 viol=20% dup=10% t=8
    iter 1/3 ...    [PREPOP] Pre-populating DVI tree with 100000 entries for delete (direct insert, no TxnCtx) ... done.
 57.1 ms (2M ops/s) [10 batches]
    iter 2/3 ...    [PREPOP] Pre-populating DVI tree with 100000 entries for delete (direct insert, no TxnCtx) ... done.
 55.6 ms (2M ops/s) [10 batches]
    iter 3/3 ...    [PREPOP] Pre-populating DVI tree with 100000 entries for delete (direct insert, no TxnCtx) ... done.
 55.7 ms (2M ops/s) [10 batches]
  [107/1728] od_multi / delete / random / size=100000 viol=20% dup=10% t=16
    iter 1/3 ...    [PREPOP] Pre-populating DVI tree with 100000 entries for delete (direct insert, no TxnCtx) ... done.
 41.5 ms (2M ops/s) [10 batches]
    iter 2/3 ...    [PREPOP] Pre-populating DVI tree with 100000 entries for delete (direct insert, no TxnCtx) ... done.
 42.0 ms (2M ops/s) [10 batches]
    iter 3/3 ...    [PREPOP] Pre-populating DVI tree with 100000 entries for delete (direct insert, no TxnCtx) ... done.
 41.9 ms (2M ops/s) [10 batches]
  [108/1728] od_multi / delete / random / size=100000 viol=20% dup=10% t=32
    iter 1/3 ...    [PREPOP] Pre-populating DVI tree with 100000 entries for delete (direct insert, no TxnCtx) ... done.
 45.7 ms (2M ops/s) [10 batches]
    iter 2/3 ...    [PREPOP] Pre-populating DVI tree with 100000 entries for delete (direct insert, no TxnCtx) ... done.
 45.7 ms (2M ops/s) [10 batches]
    iter 3/3 ...    [PREPOP] Pre-populating DVI tree with 100000 entries for delete (direct insert, no TxnCtx) ... done.
 45.8 ms (2M ops/s) [10 batches]
[MEM] Freed entry vectors for od_multi

[MECH] === od_single (multi=false, od=true) ===
[DATA] Generating OD entries: random size=100000 viol=100% multi=false ... done (1 MB entries + 1 MB keys)
  [109/1728] od_single / insert / random / size=100000 viol=100% dup=10% t=1
    iter 1/3 ... 203.9 ms (0M ops/s) [10 batches]
    iter 2/3 ... 200.3 ms (0M ops/s) [10 batches]
    iter 3/3 ... 199.6 ms (1M ops/s) [10 batches]
  [110/1728] od_single / insert / random / size=100000 viol=100% dup=10% t=2
    iter 1/3 ... 137.5 ms (1M ops/s) [10 batches]
    iter 2/3 ... 133.6 ms (1M ops/s) [10 batches]
    iter 3/3 ... 130.0 ms (1M ops/s) [10 batches]
  [111/1728] od_single / insert / random / size=100000 viol=100% dup=10% t=4
    iter 1/3 ... 97.1 ms (1M ops/s) [10 batches]
    iter 2/3 ... 81.2 ms (1M ops/s) [10 batches]
    iter 3/3 ... 82.7 ms (1M ops/s) [10 batches]
  [112/1728] od_single / insert / random / size=100000 viol=100% dup=10% t=8
    iter 1/3 ... 74.2 ms (1M ops/s) [10 batches]
    iter 2/3 ... 65.1 ms (2M ops/s) [10 batches]
    iter 3/3 ... 64.3 ms (2M ops/s) [10 batches]
  [113/1728] od_single / insert / random / size=100000 viol=100% dup=10% t=16
    iter 1/3 ... 61.9 ms (2M ops/s) [10 batches]
    iter 2/3 ... 58.2 ms (2M ops/s) [10 batches]
    iter 3/3 ... 57.5 ms (2M ops/s) [10 batches]
  [114/1728] od_single / insert / random / size=100000 viol=100% dup=10% t=32
    iter 1/3 ... 57.5 ms (2M ops/s) [10 batches]
    iter 2/3 ... 56.2 ms (2M ops/s) [10 batches]
    iter 3/3 ... 56.7 ms (2M ops/s) [10 batches]
  [115/1728] od_single / lookup / random / size=100000 viol=100% dup=10% t=1
    iter 1/3 ...    [PREPOP] Pre-populating DVI tree with 100000 entries for lookup (direct insert) ... done.
 36.8 ms (3M ops/s) [10 batches]
    iter 2/3 ...    [PREPOP] Pre-populating DVI tree with 100000 entries for lookup (direct insert) ... done.
 36.4 ms (3M ops/s) [10 batches]
    iter 3/3 ...    [PREPOP] Pre-populating DVI tree with 100000 entries for lookup (direct insert) ... done.
 37.0 ms (3M ops/s) [10 batches]
  [116/1728] od_single / lookup / random / size=100000 viol=100% dup=10% t=2
    iter 1/3 ...    [PREPOP] Pre-populating DVI tree with 100000 entries for lookup (direct insert) ... done.
 21.8 ms (5M ops/s) [10 batches]
    iter 2/3 ...    [PREPOP] Pre-populating DVI tree with 100000 entries for lookup (direct insert) ... done.
 23.3 ms (4M ops/s) [10 batches]
    iter 3/3 ...    [PREPOP] Pre-populating DVI tree with 100000 entries for lookup (direct insert) ... done.
 22.5 ms (4M ops/s) [10 batches]
  [117/1728] od_single / lookup / random / size=100000 viol=100% dup=10% t=4
    iter 1/3 ...    [PREPOP] Pre-populating DVI tree with 100000 entries for lookup (direct insert) ... done.
 14.4 ms (7M ops/s) [10 batches]
    iter 2/3 ...    [PREPOP] Pre-populating DVI tree with 100000 entries for lookup (direct insert) ... done.
 14.1 ms (7M ops/s) [10 batches]
    iter 3/3 ...    [PREPOP] Pre-populating DVI tree with 100000 entries for lookup (direct insert) ... done.
 14.3 ms (7M ops/s) [10 batches]
  [118/1728] od_single / lookup / random / size=100000 viol=100% dup=10% t=8
    iter 1/3 ...    [PREPOP] Pre-populating DVI tree with 100000 entries for lookup (direct insert) ... done.
 10.9 ms (9M ops/s) [10 batches]
    iter 2/3 ...    [PREPOP] Pre-populating DVI tree with 100000 entries for lookup (direct insert) ... done.
 10.4 ms (10M ops/s) [10 batches]
    iter 3/3 ...    [PREPOP] Pre-populating DVI tree with 100000 entries for lookup (direct insert) ... done.
 9.7 ms (10M ops/s) [10 batches]
  [119/1728] od_single / lookup / random / size=100000 viol=100% dup=10% t=16
    iter 1/3 ...    [PREPOP] Pre-populating DVI tree with 100000 entries for lookup (direct insert) ... done.
 12.9 ms (8M ops/s) [10 batches]
    iter 2/3 ...    [PREPOP] Pre-populating DVI tree with 100000 entries for lookup (direct insert) ... done.
 13.1 ms (8M ops/s) [10 batches]
    iter 3/3 ...    [PREPOP] Pre-populating DVI tree with 100000 entries for lookup (direct insert) ... done.
 12.7 ms (8M ops/s) [10 batches]
  [120/1728] od_single / lookup / random / size=100000 viol=100% dup=10% t=32
    iter 1/3 ...    [PREPOP] Pre-populating DVI tree with 100000 entries for lookup (direct insert) ... done.
 27.5 ms (4M ops/s) [10 batches]
    iter 2/3 ...    [PREPOP] Pre-populating DVI tree with 100000 entries for lookup (direct insert) ... done.
 27.5 ms (4M ops/s) [10 batches]
    iter 3/3 ...    [PREPOP] Pre-populating DVI tree with 100000 entries for lookup (direct insert) ... done.
 28.1 ms (4M ops/s) [10 batches]
  [121/1728] od_single / delete / random / size=100000 viol=100% dup=10% t=1
    iter 1/3 ...    [PREPOP] Pre-populating DVI tree with 100000 entries for delete (direct insert, no TxnCtx) ... done.
 190.1 ms (1M ops/s) [10 batches]
    iter 2/3 ...    [PREPOP] Pre-populating DVI tree with 100000 entries for delete (direct insert, no TxnCtx) ... done.
 183.8 ms (1M ops/s) [10 batches]
    iter 3/3 ...    [PREPOP] Pre-populating DVI tree with 100000 entries for delete (direct insert, no TxnCtx) ... done.
 186.7 ms (1M ops/s) [10 batches]
  [122/1728] od_single / delete / random / size=100000 viol=100% dup=10% t=2
    iter 1/3 ...    [PREPOP] Pre-populating DVI tree with 100000 entries for delete (direct insert, no TxnCtx) ... done.
 121.0 ms (1M ops/s) [10 batches]
    iter 2/3 ...    [PREPOP] Pre-populating DVI tree with 100000 entries for delete (direct insert, no TxnCtx) ... done.
 117.6 ms (1M ops/s) [10 batches]
    iter 3/3 ...    [PREPOP] Pre-populating DVI tree with 100000 entries for delete (direct insert, no TxnCtx) ... done.
 121.4 ms (1M ops/s) [10 batches]
  [123/1728] od_single / delete / random / size=100000 viol=100% dup=10% t=4
    iter 1/3 ...    [PREPOP] Pre-populating DVI tree with 100000 entries for delete (direct insert, no TxnCtx) ... done.
 75.5 ms (1M ops/s) [10 batches]
    iter 2/3 ...    [PREPOP] Pre-populating DVI tree with 100000 entries for delete (direct insert, no TxnCtx) ... done.
 74.0 ms (1M ops/s) [10 batches]
    iter 3/3 ...    [PREPOP] Pre-populating DVI tree with 100000 entries for delete (direct insert, no TxnCtx) ... done.
 76.9 ms (1M ops/s) [10 batches]
  [124/1728] od_single / delete / random / size=100000 viol=100% dup=10% t=8
    iter 1/3 ...    [PREPOP] Pre-populating DVI tree with 100000 entries for delete (direct insert, no TxnCtx) ... done.
 54.5 ms (2M ops/s) [10 batches]
    iter 2/3 ...    [PREPOP] Pre-populating DVI tree with 100000 entries for delete (direct insert, no TxnCtx) ... done.
 54.5 ms (2M ops/s) [10 batches]
    iter 3/3 ...    [PREPOP] Pre-populating DVI tree with 100000 entries for delete (direct insert, no TxnCtx) ... done.
 54.2 ms (2M ops/s) [10 batches]
  [125/1728] od_single / delete / random / size=100000 viol=100% dup=10% t=16
    iter 1/3 ...    [PREPOP] Pre-populating DVI tree with 100000 entries for delete (direct insert, no TxnCtx) ... done.
 40.4 ms (2M ops/s) [10 batches]
    iter 2/3 ...    [PREPOP] Pre-populating DVI tree with 100000 entries for delete (direct insert, no TxnCtx) ... done.
 39.7 ms (3M ops/s) [10 batches]
    iter 3/3 ...    [PREPOP] Pre-populating DVI tree with 100000 entries for delete (direct insert, no TxnCtx) ... done.
 40.1 ms (2M ops/s) [10 batches]
  [126/1728] od_single / delete / random / size=100000 viol=100% dup=10% t=32
    iter 1/3 ...    [PREPOP] Pre-populating DVI tree with 100000 entries for delete (direct insert, no TxnCtx) ... done.
 44.9 ms (2M ops/s) [10 batches]
    iter 2/3 ...    [PREPOP] Pre-populating DVI tree with 100000 entries for delete (direct insert, no TxnCtx) ... done.
 44.7 ms (2M ops/s) [10 batches]
    iter 3/3 ...    [PREPOP] Pre-populating DVI tree with 100000 entries for delete (direct insert, no TxnCtx) ... done.
 44.7 ms (2M ops/s) [10 batches]
[MEM] Freed entry vectors for od_single

[MECH] === od_multi (multi=true, od=true) ===
[DATA] Generating OD entries: random size=100000 viol=100% multi=true ... done (1 MB entries + 1 MB keys)
  [127/1728] od_multi / insert / random / size=100000 viol=100% dup=10% t=1
    iter 1/3 ... 207.8 ms (0M ops/s) [10 batches]
    iter 2/3 ... 196.9 ms (1M ops/s) [10 batches]
    iter 3/3 ... 196.4 ms (1M ops/s) [10 batches]
  [128/1728] od_multi / insert / random / size=100000 viol=100% dup=10% t=2
    iter 1/3 ... 131.9 ms (1M ops/s) [10 batches]
    iter 2/3 ... 134.5 ms (1M ops/s) [10 batches]
    iter 3/3 ... 129.4 ms (1M ops/s) [10 batches]
  [129/1728] od_multi / insert / random / size=100000 viol=100% dup=10% t=4
    iter 1/3 ... 100.1 ms (1M ops/s) [10 batches]
    iter 2/3 ... 83.3 ms (1M ops/s) [10 batches]
    iter 3/3 ... 82.5 ms (1M ops/s) [10 batches]
  [130/1728] od_multi / insert / random / size=100000 viol=100% dup=10% t=8
    iter 1/3 ... 71.5 ms (1M ops/s) [10 batches]
    iter 2/3 ... 63.7 ms (2M ops/s) [10 batches]
    iter 3/3 ... 64.6 ms (2M ops/s) [10 batches]
  [131/1728] od_multi / insert / random / size=100000 viol=100% dup=10% t=16
    iter 1/3 ... 60.3 ms (2M ops/s) [10 batches]
    iter 2/3 ... 56.8 ms (2M ops/s) [10 batches]
    iter 3/3 ... 57.4 ms (2M ops/s) [10 batches]
  [132/1728] od_multi / insert / random / size=100000 viol=100% dup=10% t=32
    iter 1/3 ... 57.3 ms (2M ops/s) [10 batches]
    iter 2/3 ... 56.4 ms (2M ops/s) [10 batches]
    iter 3/3 ... 55.9 ms (2M ops/s) [10 batches]
  [133/1728] od_multi / lookup / random / size=100000 viol=100% dup=10% t=1
    iter 1/3 ...    [PREPOP] Pre-populating DVI tree with 100000 entries for lookup (direct insert) ... done.
 35.9 ms (3M ops/s) [10 batches]
    iter 2/3 ...    [PREPOP] Pre-populating DVI tree with 100000 entries for lookup (direct insert) ... done.
 38.4 ms (3M ops/s) [10 batches]
    iter 3/3 ...    [PREPOP] Pre-populating DVI tree with 100000 entries for lookup (direct insert) ... done.
 36.8 ms (3M ops/s) [10 batches]
  [134/1728] od_multi / lookup / random / size=100000 viol=100% dup=10% t=2
    iter 1/3 ...    [PREPOP] Pre-populating DVI tree with 100000 entries for lookup (direct insert) ... done.
 23.2 ms (4M ops/s) [10 batches]
    iter 2/3 ...    [PREPOP] Pre-populating DVI tree with 100000 entries for lookup (direct insert) ... done.
 20.6 ms (5M ops/s) [10 batches]
    iter 3/3 ...    [PREPOP] Pre-populating DVI tree with 100000 entries for lookup (direct insert) ... done.
 22.9 ms (4M ops/s) [10 batches]
  [135/1728] od_multi / lookup / random / size=100000 viol=100% dup=10% t=4
    iter 1/3 ...    [PREPOP] Pre-populating DVI tree with 100000 entries for lookup (direct insert) ... done.
 14.5 ms (7M ops/s) [10 batches]
    iter 2/3 ...    [PREPOP] Pre-populating DVI tree with 100000 entries for lookup (direct insert) ... done.
 14.3 ms (7M ops/s) [10 batches]
    iter 3/3 ...    [PREPOP] Pre-populating DVI tree with 100000 entries for lookup (direct insert) ... done.
 14.0 ms (7M ops/s) [10 batches]
  [136/1728] od_multi / lookup / random / size=100000 viol=100% dup=10% t=8
    iter 1/3 ...    [PREPOP] Pre-populating DVI tree with 100000 entries for lookup (direct insert) ... done.
 9.8 ms (10M ops/s) [10 batches]
    iter 2/3 ...    [PREPOP] Pre-populating DVI tree with 100000 entries for lookup (direct insert) ... done.
 10.1 ms (10M ops/s) [10 batches]
    iter 3/3 ...    [PREPOP] Pre-populating DVI tree with 100000 entries for lookup (direct insert) ... done.
 10.2 ms (10M ops/s) [10 batches]
  [137/1728] od_multi / lookup / random / size=100000 viol=100% dup=10% t=16
    iter 1/3 ...    [PREPOP] Pre-populating DVI tree with 100000 entries for lookup (direct insert) ... done.
 12.9 ms (8M ops/s) [10 batches]
    iter 2/3 ...    [PREPOP] Pre-populating DVI tree with 100000 entries for lookup (direct insert) ... done.
 12.5 ms (8M ops/s) [10 batches]
    iter 3/3 ...    [PREPOP] Pre-populating DVI tree with 100000 entries for lookup (direct insert) ... done.
 12.9 ms (8M ops/s) [10 batches]
  [138/1728] od_multi / lookup / random / size=100000 viol=100% dup=10% t=32
    iter 1/3 ...    [PREPOP] Pre-populating DVI tree with 100000 entries for lookup (direct insert) ... done.
 28.0 ms (4M ops/s) [10 batches]
    iter 2/3 ...    [PREPOP] Pre-populating DVI tree with 100000 entries for lookup (direct insert) ... done.
 33.3 ms (3M ops/s) [10 batches]
    iter 3/3 ...    [PREPOP] Pre-populating DVI tree with 100000 entries for lookup (direct insert) ... done.
 27.4 ms (4M ops/s) [10 batches]
  [139/1728] od_multi / delete / random / size=100000 viol=100% dup=10% t=1
    iter 1/3 ...    [PREPOP] Pre-populating DVI tree with 100000 entries for delete (direct insert, no TxnCtx) ... done.
 186.6 ms (1M ops/s) [10 batches]
    iter 2/3 ...    [PREPOP] Pre-populating DVI tree with 100000 entries for delete (direct insert, no TxnCtx) ... done.
 187.2 ms (1M ops/s) [10 batches]
    iter 3/3 ...    [PREPOP] Pre-populating DVI tree with 100000 entries for delete (direct insert, no TxnCtx) ... done.
 183.2 ms (1M ops/s) [10 batches]
  [140/1728] od_multi / delete / random / size=100000 viol=100% dup=10% t=2
    iter 1/3 ...    [PREPOP] Pre-populating DVI tree with 100000 entries for delete (direct insert, no TxnCtx) ... done.
 115.3 ms (1M ops/s) [10 batches]
    iter 2/3 ...    [PREPOP] Pre-populating DVI tree with 100000 entries for delete (direct insert, no TxnCtx) ... done.
 116.7 ms (1M ops/s) [10 batches]
    iter 3/3 ...    [PREPOP] Pre-populating DVI tree with 100000 entries for delete (direct insert, no TxnCtx) ... done.
 119.5 ms (1M ops/s) [10 batches]
  [141/1728] od_multi / delete / random / size=100000 viol=100% dup=10% t=4
    iter 1/3 ...    [PREPOP] Pre-populating DVI tree with 100000 entries for delete (direct insert, no TxnCtx) ... done.
 77.1 ms (1M ops/s) [10 batches]
    iter 2/3 ...    [PREPOP] Pre-populating DVI tree with 100000 entries for delete (direct insert, no TxnCtx) ... done.
 75.0 ms (1M ops/s) [10 batches]
    iter 3/3 ...    [PREPOP] Pre-populating DVI tree with 100000 entries for delete (direct insert, no TxnCtx) ... done.
 75.6 ms (1M ops/s) [10 batches]
  [142/1728] od_multi / delete / random / size=100000 viol=100% dup=10% t=8
    iter 1/3 ...    [PREPOP] Pre-populating DVI tree with 100000 entries for delete (direct insert, no TxnCtx) ... done.
 55.2 ms (2M ops/s) [10 batches]
    iter 2/3 ...    [PREPOP] Pre-populating DVI tree with 100000 entries for delete (direct insert, no TxnCtx) ... done.
 53.9 ms (2M ops/s) [10 batches]
    iter 3/3 ...    [PREPOP] Pre-populating DVI tree with 100000 entries for delete (direct insert, no TxnCtx) ... done.
 53.2 ms (2M ops/s) [10 batches]
  [143/1728] od_multi / delete / random / size=100000 viol=100% dup=10% t=16
    iter 1/3 ...    [PREPOP] Pre-populating DVI tree with 100000 entries for delete (direct insert, no TxnCtx) ... done.
 40.2 ms (2M ops/s) [10 batches]
    iter 2/3 ...    [PREPOP] Pre-populating DVI tree with 100000 entries for delete (direct insert, no TxnCtx) ... done.
 41.1 ms (2M ops/s) [10 batches]
    iter 3/3 ...    [PREPOP] Pre-populating DVI tree with 100000 entries for delete (direct insert, no TxnCtx) ... done.
 40.9 ms (2M ops/s) [10 batches]
  [144/1728] od_multi / delete / random / size=100000 viol=100% dup=10% t=32
    iter 1/3 ...    [PREPOP] Pre-populating DVI tree with 100000 entries for delete (direct insert, no TxnCtx) ... done.
 44.5 ms (2M ops/s) [10 batches]
    iter 2/3 ...    [PREPOP] Pre-populating DVI tree with 100000 entries for delete (direct insert, no TxnCtx) ... done.
 44.7 ms (2M ops/s) [10 batches]
    iter 3/3 ...    [PREPOP] Pre-populating DVI tree with 100000 entries for delete (direct insert, no TxnCtx) ... done.
 44.7 ms (2M ops/s) [10 batches]
[MEM] Freed entry vectors for od_multi

[MECH] === od_single (multi=false, od=true) ===
[DATA] Generating OD entries: random size=100000 viol=0% multi=false ... done (1 MB entries + 1 MB keys)
  [145/1728] od_single / insert / random / size=100000 viol=0% dup=0% t=1
    iter 1/3 ... 208.1 ms (0M ops/s) [10 batches]
    iter 2/3 ... 199.6 ms (1M ops/s) [10 batches]
    iter 3/3 ... 195.2 ms (1M ops/s) [10 batches]
  [146/1728] od_single / insert / random / size=100000 viol=0% dup=0% t=2
    iter 1/3 ... 136.2 ms (1M ops/s) [10 batches]
    iter 2/3 ... 136.7 ms (1M ops/s) [10 batches]
    iter 3/3 ... 135.8 ms (1M ops/s) [10 batches]
  [147/1728] od_single / insert / random / size=100000 viol=0% dup=0% t=4
    iter 1/3 ... 97.8 ms (1M ops/s) [10 batches]
    iter 2/3 ... 84.3 ms (1M ops/s) [10 batches]
    iter 3/3 ... 80.5 ms (1M ops/s) [10 batches]
  [148/1728] od_single / insert / random / size=100000 viol=0% dup=0% t=8
    iter 1/3 ... 73.3 ms (1M ops/s) [10 batches]
    iter 2/3 ... 61.9 ms (2M ops/s) [10 batches]
    iter 3/3 ... 63.7 ms (2M ops/s) [10 batches]
  [149/1728] od_single / insert / random / size=100000 viol=0% dup=0% t=16
    iter 1/3 ... 60.5 ms (2M ops/s) [10 batches]
    iter 2/3 ... 57.7 ms (2M ops/s) [10 batches]
    iter 3/3 ... 57.6 ms (2M ops/s) [10 batches]
  [150/1728] od_single / insert / random / size=100000 viol=0% dup=0% t=32
    iter 1/3 ... 57.4 ms (2M ops/s) [10 batches]
    iter 2/3 ... 56.6 ms (2M ops/s) [10 batches]
    iter 3/3 ... 56.7 ms (2M ops/s) [10 batches]
  [151/1728] od_single / lookup / random / size=100000 viol=0% dup=0% t=1
    iter 1/3 ...    [PREPOP] Pre-populating DVI tree with 100000 entries for lookup (direct insert) ... done.
 36.9 ms (3M ops/s) [10 batches]
    iter 2/3 ...    [PREPOP] Pre-populating DVI tree with 100000 entries for lookup (direct insert) ... done.
 38.5 ms (3M ops/s) [10 batches]
    iter 3/3 ...    [PREPOP] Pre-populating DVI tree with 100000 entries for lookup (direct insert) ... done.
 37.1 ms (3M ops/s) [10 batches]
  [152/1728] od_single / lookup / random / size=100000 viol=0% dup=0% t=2
    iter 1/3 ...    [PREPOP] Pre-populating DVI tree with 100000 entries for lookup (direct insert) ... done.
 23.0 ms (4M ops/s) [10 batches]
    iter 2/3 ...    [PREPOP] Pre-populating DVI tree with 100000 entries for lookup (direct insert) ... done.
 23.0 ms (4M ops/s) [10 batches]
    iter 3/3 ...    [PREPOP] Pre-populating DVI tree with 100000 entries for lookup (direct insert) ... done.
 22.9 ms (4M ops/s) [10 batches]
  [153/1728] od_single / lookup / random / size=100000 viol=0% dup=0% t=4
    iter 1/3 ...    [PREPOP] Pre-populating DVI tree with 100000 entries for lookup (direct insert) ... done.
 14.2 ms (7M ops/s) [10 batches]
    iter 2/3 ...    [PREPOP] Pre-populating DVI tree with 100000 entries for lookup (direct insert) ... done.
 14.2 ms (7M ops/s) [10 batches]
    iter 3/3 ...    [PREPOP] Pre-populating DVI tree with 100000 entries for lookup (direct insert) ... done.
 14.2 ms (7M ops/s) [10 batches]
  [154/1728] od_single / lookup / random / size=100000 viol=0% dup=0% t=8
    iter 1/3 ...    [PREPOP] Pre-populating DVI tree with 100000 entries for lookup (direct insert) ... done.
 10.4 ms (10M ops/s) [10 batches]
    iter 2/3 ...    [PREPOP] Pre-populating DVI tree with 100000 entries for lookup (direct insert) ... done.
 9.7 ms (10M ops/s) [10 batches]
    iter 3/3 ...    [PREPOP] Pre-populating DVI tree with 100000 entries for lookup (direct insert) ... done.
 10.4 ms (10M ops/s) [10 batches]
  [155/1728] od_single / lookup / random / size=100000 viol=0% dup=0% t=16
    iter 1/3 ...    [PREPOP] Pre-populating DVI tree with 100000 entries for lookup (direct insert) ... done.
 13.1 ms (8M ops/s) [10 batches]
    iter 2/3 ...    [PREPOP] Pre-populating DVI tree with 100000 entries for lookup (direct insert) ... done.
 13.2 ms (8M ops/s) [10 batches]
    iter 3/3 ...    [PREPOP] Pre-populating DVI tree with 100000 entries for lookup (direct insert) ... done.
 13.3 ms (8M ops/s) [10 batches]
  [156/1728] od_single / lookup / random / size=100000 viol=0% dup=0% t=32
    iter 1/3 ...    [PREPOP] Pre-populating DVI tree with 100000 entries for lookup (direct insert) ... done.
 28.4 ms (4M ops/s) [10 batches]
    iter 2/3 ...    [PREPOP] Pre-populating DVI tree with 100000 entries for lookup (direct insert) ... done.
 27.8 ms (4M ops/s) [10 batches]
    iter 3/3 ...    [PREPOP] Pre-populating DVI tree with 100000 entries for lookup (direct insert) ... done.
 27.8 ms (4M ops/s) [10 batches]
  [157/1728] od_single / delete / random / size=100000 viol=0% dup=0% t=1
    iter 1/3 ...    [PREPOP] Pre-populating DVI tree with 100000 entries for delete (direct insert, no TxnCtx) ... done.
 187.7 ms (1M ops/s) [10 batches]
    iter 2/3 ...    [PREPOP] Pre-populating DVI tree with 100000 entries for delete (direct insert, no TxnCtx) ... done.
 186.2 ms (1M ops/s) [10 batches]
    iter 3/3 ...    [PREPOP] Pre-populating DVI tree with 100000 entries for delete (direct insert, no TxnCtx) ... done.
 188.0 ms (1M ops/s) [10 batches]
  [158/1728] od_single / delete / random / size=100000 viol=0% dup=0% t=2
    iter 1/3 ...    [PREPOP] Pre-populating DVI tree with 100000 entries for delete (direct insert, no TxnCtx) ... done.
 117.7 ms (1M ops/s) [10 batches]
    iter 2/3 ...    [PREPOP] Pre-populating DVI tree with 100000 entries for delete (direct insert, no TxnCtx) ... done.
 117.2 ms (1M ops/s) [10 batches]
    iter 3/3 ...    [PREPOP] Pre-populating DVI tree with 100000 entries for delete (direct insert, no TxnCtx) ... done.
 120.2 ms (1M ops/s) [10 batches]
  [159/1728] od_single / delete / random / size=100000 viol=0% dup=0% t=4
    iter 1/3 ...    [PREPOP] Pre-populating DVI tree with 100000 entries for delete (direct insert, no TxnCtx) ... done.
 77.7 ms (1M ops/s) [10 batches]
    iter 2/3 ...    [PREPOP] Pre-populating DVI tree with 100000 entries for delete (direct insert, no TxnCtx) ... done.
 77.3 ms (1M ops/s) [10 batches]
    iter 3/3 ...    [PREPOP] Pre-populating DVI tree with 100000 entries for delete (direct insert, no TxnCtx) ... done.
 79.0 ms (1M ops/s) [10 batches]
  [160/1728] od_single / delete / random / size=100000 viol=0% dup=0% t=8
    iter 1/3 ...    [PREPOP] Pre-populating DVI tree with 100000 entries for delete (direct insert, no TxnCtx) ... done.
 56.9 ms (2M ops/s) [10 batches]
    iter 2/3 ...    [PREPOP] Pre-populating DVI tree with 100000 entries for delete (direct insert, no TxnCtx) ... done.
 55.2 ms (2M ops/s) [10 batches]
    iter 3/3 ...    [PREPOP] Pre-populating DVI tree with 100000 entries for delete (direct insert, no TxnCtx) ... done.
 55.8 ms (2M ops/s) [10 batches]
  [161/1728] od_single / delete / random / size=100000 viol=0% dup=0% t=16
    iter 1/3 ...    [PREPOP] Pre-populating DVI tree with 100000 entries for delete (direct insert, no TxnCtx) ... done.
 41.3 ms (2M ops/s) [10 batches]
    iter 2/3 ...    [PREPOP] Pre-populating DVI tree with 100000 entries for delete (direct insert, no TxnCtx) ... done.
 41.6 ms (2M ops/s) [10 batches]
    iter 3/3 ...    [PREPOP] Pre-populating DVI tree with 100000 entries for delete (direct insert, no TxnCtx) ... done.
 41.8 ms (2M ops/s) [10 batches]
  [162/1728] od_single / delete / random / size=100000 viol=0% dup=0% t=32
    iter 1/3 ...    [PREPOP] Pre-populating DVI tree with 100000 entries for delete (direct insert, no TxnCtx) ... done.
 45.2 ms (2M ops/s) [10 batches]
    iter 2/3 ...    [PREPOP] Pre-populating DVI tree with 100000 entries for delete (direct insert, no TxnCtx) ... done.
 45.2 ms (2M ops/s) [10 batches]
    iter 3/3 ...    [PREPOP] Pre-populating DVI tree with 100000 entries for delete (direct insert, no TxnCtx) ... done.
 45.2 ms (2M ops/s) [10 batches]
[MEM] Freed entry vectors for od_single

[MECH] === od_multi (multi=true, od=true) ===
[DATA] Generating OD entries: random size=100000 viol=0% multi=true ... done (1 MB entries + 1 MB keys)
  [163/1728] od_multi / insert / random / size=100000 viol=0% dup=0% t=1
    iter 1/3 ... 207.4 ms (0M ops/s) [10 batches]
    iter 2/3 ... 198.5 ms (1M ops/s) [10 batches]
    iter 3/3 ... 193.9 ms (1M ops/s) [10 batches]
  [164/1728] od_multi / insert / random / size=100000 viol=0% dup=0% t=2
    iter 1/3 ... 136.0 ms (1M ops/s) [10 batches]
    iter 2/3 ... 136.7 ms (1M ops/s) [10 batches]
    iter 3/3 ... 131.8 ms (1M ops/s) [10 batches]
  [165/1728] od_multi / insert / random / size=100000 viol=0% dup=0% t=4
    iter 1/3 ... 94.5 ms (1M ops/s) [10 batches]
    iter 2/3 ... 84.0 ms (1M ops/s) [10 batches]
    iter 3/3 ... 81.4 ms (1M ops/s) [10 batches]
  [166/1728] od_multi / insert / random / size=100000 viol=0% dup=0% t=8
    iter 1/3 ... 71.8 ms (1M ops/s) [10 batches]
    iter 2/3 ... 63.2 ms (2M ops/s) [10 batches]
    iter 3/3 ... 61.8 ms (2M ops/s) [10 batches]
  [167/1728] od_multi / insert / random / size=100000 viol=0% dup=0% t=16
    iter 1/3 ... 60.0 ms (2M ops/s) [10 batches]
    iter 2/3 ... 58.0 ms (2M ops/s) [10 batches]
    iter 3/3 ... 57.5 ms (2M ops/s) [10 batches]
  [168/1728] od_multi / insert / random / size=100000 viol=0% dup=0% t=32
    iter 1/3 ... 58.0 ms (2M ops/s) [10 batches]
    iter 2/3 ... 56.5 ms (2M ops/s) [10 batches]
    iter 3/3 ... 56.7 ms (2M ops/s) [10 batches]
  [169/1728] od_multi / lookup / random / size=100000 viol=0% dup=0% t=1
    iter 1/3 ...    [PREPOP] Pre-populating DVI tree with 100000 entries for lookup (direct insert) ... done.
 36.1 ms (3M ops/s) [10 batches]
    iter 2/3 ...    [PREPOP] Pre-populating DVI tree with 100000 entries for lookup (direct insert) ... done.
 37.2 ms (3M ops/s) [10 batches]
    iter 3/3 ...    [PREPOP] Pre-populating DVI tree with 100000 entries for lookup (direct insert) ... done.
 36.7 ms (3M ops/s) [10 batches]
  [170/1728] od_multi / lookup / random / size=100000 viol=0% dup=0% t=2
    iter 1/3 ...    [PREPOP] Pre-populating DVI tree with 100000 entries for lookup (direct insert) ... done.
 22.2 ms (5M ops/s) [10 batches]
    iter 2/3 ...    [PREPOP] Pre-populating DVI tree with 100000 entries for lookup (direct insert) ... done.
 22.7 ms (4M ops/s) [10 batches]
    iter 3/3 ...    [PREPOP] Pre-populating DVI tree with 100000 entries for lookup (direct insert) ... done.
 22.5 ms (4M ops/s) [10 batches]
  [171/1728] od_multi / lookup / random / size=100000 viol=0% dup=0% t=4
    iter 1/3 ...    [PREPOP] Pre-populating DVI tree with 100000 entries for lookup (direct insert) ... done.
 14.6 ms (7M ops/s) [10 batches]
    iter 2/3 ...    [PREPOP] Pre-populating DVI tree with 100000 entries for lookup (direct insert) ... done.
 14.3 ms (7M ops/s) [10 batches]
    iter 3/3 ...    [PREPOP] Pre-populating DVI tree with 100000 entries for lookup (direct insert) ... done.
 13.8 ms (7M ops/s) [10 batches]
  [172/1728] od_multi / lookup / random / size=100000 viol=0% dup=0% t=8
    iter 1/3 ...    [PREPOP] Pre-populating DVI tree with 100000 entries for lookup (direct insert) ... done.
 10.7 ms (9M ops/s) [10 batches]
    iter 2/3 ...    [PREPOP] Pre-populating DVI tree with 100000 entries for lookup (direct insert) ... done.
 10.0 ms (10M ops/s) [10 batches]
    iter 3/3 ...    [PREPOP] Pre-populating DVI tree with 100000 entries for lookup (direct insert) ... done.
 9.8 ms (10M ops/s) [10 batches]
  [173/1728] od_multi / lookup / random / size=100000 viol=0% dup=0% t=16
    iter 1/3 ...    [PREPOP] Pre-populating DVI tree with 100000 entries for lookup (direct insert) ... done.
 13.0 ms (8M ops/s) [10 batches]
    iter 2/3 ...    [PREPOP] Pre-populating DVI tree with 100000 entries for lookup (direct insert) ... done.
 12.6 ms (8M ops/s) [10 batches]
    iter 3/3 ...    [PREPOP] Pre-populating DVI tree with 100000 entries for lookup (direct insert) ... done.
 12.8 ms (8M ops/s) [10 batches]
  [174/1728] od_multi / lookup / random / size=100000 viol=0% dup=0% t=32
    iter 1/3 ...    [PREPOP] Pre-populating DVI tree with 100000 entries for lookup (direct insert) ... done.
 28.2 ms (4M ops/s) [10 batches]
    iter 2/3 ...    [PREPOP] Pre-populating DVI tree with 100000 entries for lookup (direct insert) ... done.
 27.5 ms (4M ops/s) [10 batches]
    iter 3/3 ...    [PREPOP] Pre-populating DVI tree with 100000 entries for lookup (direct insert) ... done.
 27.8 ms (4M ops/s) [10 batches]
  [175/1728] od_multi / delete / random / size=100000 viol=0% dup=0% t=1
    iter 1/3 ...    [PREPOP] Pre-populating DVI tree with 100000 entries for delete (direct insert, no TxnCtx) ... done.
 186.3 ms (1M ops/s) [10 batches]
    iter 2/3 ...    [PREPOP] Pre-populating DVI tree with 100000 entries for delete (direct insert, no TxnCtx) ... done.
 184.8 ms (1M ops/s) [10 batches]
    iter 3/3 ...    [PREPOP] Pre-populating DVI tree with 100000 entries for delete (direct insert, no TxnCtx) ... done.
 183.0 ms (1M ops/s) [10 batches]
  [176/1728] od_multi / delete / random / size=100000 viol=0% dup=0% t=2
    iter 1/3 ...    [PREPOP] Pre-populating DVI tree with 100000 entries for delete (direct insert, no TxnCtx) ... done.
 119.1 ms (1M ops/s) [10 batches]
    iter 2/3 ...    [PREPOP] Pre-populating DVI tree with 100000 entries for delete (direct insert, no TxnCtx) ... done.
 122.6 ms (1M ops/s) [10 batches]
    iter 3/3 ...    [PREPOP] Pre-populating DVI tree with 100000 entries for delete (direct insert, no TxnCtx) ... done.
 118.8 ms (1M ops/s) [10 batches]
  [177/1728] od_multi / delete / random / size=100000 viol=0% dup=0% t=4
    iter 1/3 ...    [PREPOP] Pre-populating DVI tree with 100000 entries for delete (direct insert, no TxnCtx) ... done.
 77.5 ms (1M ops/s) [10 batches]
    iter 2/3 ...    [PREPOP] Pre-populating DVI tree with 100000 entries for delete (direct insert, no TxnCtx) ... done.
 76.6 ms (1M ops/s) [10 batches]
    iter 3/3 ...    [PREPOP] Pre-populating DVI tree with 100000 entries for delete (direct insert, no TxnCtx) ... done.
 78.6 ms (1M ops/s) [10 batches]
  [178/1728] od_multi / delete / random / size=100000 viol=0% dup=0% t=8
    iter 1/3 ...    [PREPOP] Pre-populating DVI tree with 100000 entries for delete (direct insert, no TxnCtx) ... done.
 56.4 ms (2M ops/s) [10 batches]
    iter 2/3 ...    [PREPOP] Pre-populating DVI tree with 100000 entries for delete (direct insert, no TxnCtx) ... done.
 55.3 ms (2M ops/s) [10 batches]
    iter 3/3 ...    [PREPOP] Pre-populating DVI tree with 100000 entries for delete (direct insert, no TxnCtx) ... done.
 55.2 ms (2M ops/s) [10 batches]
  [179/1728] od_multi / delete / random / size=100000 viol=0% dup=0% t=16
    iter 1/3 ...    [PREPOP] Pre-populating DVI tree with 100000 entries for delete (direct insert, no TxnCtx) ... done.
 42.1 ms (2M ops/s) [10 batches]
    iter 2/3 ...    [PREPOP] Pre-populating DVI tree with 100000 entries for delete (direct insert, no TxnCtx) ... done.
 42.1 ms (2M ops/s) [10 batches]
    iter 3/3 ...    [PREPOP] Pre-populating DVI tree with 100000 entries for delete (direct insert, no TxnCtx) ... done.
 40.6 ms (2M ops/s) [10 batches]
  [180/1728] od_multi / delete / random / size=100000 viol=0% dup=0% t=32
    iter 1/3 ...    [PREPOP] Pre-populating DVI tree with 100000 entries for delete (direct insert, no TxnCtx) ... done.
 45.3 ms (2M ops/s) [10 batches]
    iter 2/3 ...    [PREPOP] Pre-populating DVI tree with 100000 entries for delete (direct insert, no TxnCtx) ... done.
 45.1 ms (2M ops/s) [10 batches]
    iter 3/3 ...    [PREPOP] Pre-populating DVI tree with 100000 entries for delete (direct insert, no TxnCtx) ... done.
 44.9 ms (2M ops/s) [10 batches]
[MEM] Freed entry vectors for od_multi

[MECH] === od_single (multi=false, od=true) ===
[DATA] Generating OD entries: random size=100000 viol=10% multi=false ... done (1 MB entries + 1 MB keys)
  [181/1728] od_single / insert / random / size=100000 viol=10% dup=0% t=1
    iter 1/3 ... 205.3 ms (0M ops/s) [10 batches]
    iter 2/3 ... 198.5 ms (1M ops/s) [10 batches]
    iter 3/3 ... 197.7 ms (1M ops/s) [10 batches]
  [182/1728] od_single / insert / random / size=100000 viol=10% dup=0% t=2
    iter 1/3 ... 141.5 ms (1M ops/s) [10 batches]
    iter 2/3 ... 133.9 ms (1M ops/s) [10 batches]
    iter 3/3 ... 134.4 ms (1M ops/s) [10 batches]
  [183/1728] od_single / insert / random / size=100000 viol=10% dup=0% t=4
    iter 1/3 ... 98.5 ms (1M ops/s) [10 batches]
    iter 2/3 ... 84.2 ms (1M ops/s) [10 batches]
    iter 3/3 ... 85.2 ms (1M ops/s) [10 batches]
  [184/1728] od_single / insert / random / size=100000 viol=10% dup=0% t=8
    iter 1/3 ... 74.7 ms (1M ops/s) [10 batches]
    iter 2/3 ... 62.7 ms (2M ops/s) [10 batches]
    iter 3/3 ... 61.2 ms (2M ops/s) [10 batches]
  [185/1728] od_single / insert / random / size=100000 viol=10% dup=0% t=16
    iter 1/3 ... 61.7 ms (2M ops/s) [10 batches]
    iter 2/3 ... 56.5 ms (2M ops/s) [10 batches]
    iter 3/3 ... 57.2 ms (2M ops/s) [10 batches]
  [186/1728] od_single / insert / random / size=100000 viol=10% dup=0% t=32
    iter 1/3 ... 57.5 ms (2M ops/s) [10 batches]
    iter 2/3 ... 56.3 ms (2M ops/s) [10 batches]
    iter 3/3 ... 56.5 ms (2M ops/s) [10 batches]
  [187/1728] od_single / lookup / random / size=100000 viol=10% dup=0% t=1
    iter 1/3 ...    [PREPOP] Pre-populating DVI tree with 100000 entries for lookup (direct insert) ... done.
 38.1 ms (3M ops/s) [10 batches]
    iter 2/3 ...    [PREPOP] Pre-populating DVI tree with 100000 entries for lookup (direct insert) ... done.
 38.4 ms (3M ops/s) [10 batches]
    iter 3/3 ...    [PREPOP] Pre-populating DVI tree with 100000 entries for lookup (direct insert) ... done.
 37.6 ms (3M ops/s) [10 batches]
  [188/1728] od_single / lookup / random / size=100000 viol=10% dup=0% t=2
    iter 1/3 ...    [PREPOP] Pre-populating DVI tree with 100000 entries for lookup (direct insert) ... done.
 23.7 ms (4M ops/s) [10 batches]
    iter 2/3 ...    [PREPOP] Pre-populating DVI tree with 100000 entries for lookup (direct insert) ... done.
 22.5 ms (4M ops/s) [10 batches]
    iter 3/3 ...    [PREPOP] Pre-populating DVI tree with 100000 entries for lookup (direct insert) ... done.
 22.6 ms (4M ops/s) [10 batches]
  [189/1728] od_single / lookup / random / size=100000 viol=10% dup=0% t=4
    iter 1/3 ...    [PREPOP] Pre-populating DVI tree with 100000 entries for lookup (direct insert) ... done.
 14.3 ms (7M ops/s) [10 batches]
    iter 2/3 ...    [PREPOP] Pre-populating DVI tree with 100000 entries for lookup (direct insert) ... done.
 14.1 ms (7M ops/s) [10 batches]
    iter 3/3 ...    [PREPOP] Pre-populating DVI tree with 100000 entries for lookup (direct insert) ... done.
 14.1 ms (7M ops/s) [10 batches]
  [190/1728] od_single / lookup / random / size=100000 viol=10% dup=0% t=8
    iter 1/3 ...    [PREPOP] Pre-populating DVI tree with 100000 entries for lookup (direct insert) ... done.
 10.9 ms (9M ops/s) [10 batches]
    iter 2/3 ...    [PREPOP] Pre-populating DVI tree with 100000 entries for lookup (direct insert) ... done.
 10.1 ms (10M ops/s) [10 batches]
    iter 3/3 ...    [PREPOP] Pre-populating DVI tree with 100000 entries for lookup (direct insert) ... done.
 10.2 ms (10M ops/s) [10 batches]
  [191/1728] od_single / lookup / random / size=100000 viol=10% dup=0% t=16
    iter 1/3 ...    [PREPOP] Pre-populating DVI tree with 100000 entries for lookup (direct insert) ... done.
 13.2 ms (8M ops/s) [10 batches]
    iter 2/3 ...    [PREPOP] Pre-populating DVI tree with 100000 entries for lookup (direct insert) ... done.
 13.0 ms (8M ops/s) [10 batches]
    iter 3/3 ...    [PREPOP] Pre-populating DVI tree with 100000 entries for lookup (direct insert) ... done.
 12.4 ms (8M ops/s) [10 batches]
  [192/1728] od_single / lookup / random / size=100000 viol=10% dup=0% t=32
    iter 1/3 ...    [PREPOP] Pre-populating DVI tree with 100000 entries for lookup (direct insert) ... done.
 28.2 ms (4M ops/s) [10 batches]
    iter 2/3 ...    [PREPOP] Pre-populating DVI tree with 100000 entries for lookup (direct insert) ... done.
 27.8 ms (4M ops/s) [10 batches]
    iter 3/3 ...    [PREPOP] Pre-populating DVI tree with 100000 entries for lookup (direct insert) ... done.
 28.2 ms (4M ops/s) [10 batches]
  [193/1728] od_single / delete / random / size=100000 viol=10% dup=0% t=1
    iter 1/3 ...    [PREPOP] Pre-populating DVI tree with 100000 entries for delete (direct insert, no TxnCtx) ... done.
 188.5 ms (1M ops/s) [10 batches]
    iter 2/3 ...    [PREPOP] Pre-populating DVI tree with 100000 entries for delete (direct insert, no TxnCtx) ... done.
 184.6 ms (1M ops/s) [10 batches]
    iter 3/3 ...    [PREPOP] Pre-populating DVI tree with 100000 entries for delete (direct insert, no TxnCtx) ... done.
 187.5 ms (1M ops/s) [10 batches]
  [194/1728] od_single / delete / random / size=100000 viol=10% dup=0% t=2
    iter 1/3 ...    [PREPOP] Pre-populating DVI tree with 100000 entries for delete (direct insert, no TxnCtx) ... done.
 115.8 ms (1M ops/s) [10 batches]
    iter 2/3 ...    [PREPOP] Pre-populating DVI tree with 100000 entries for delete (direct insert, no TxnCtx) ... done.
 114.3 ms (1M ops/s) [10 batches]
    iter 3/3 ...    [PREPOP] Pre-populating DVI tree with 100000 entries for delete (direct insert, no TxnCtx) ... done.
 115.4 ms (1M ops/s) [10 batches]
  [195/1728] od_single / delete / random / size=100000 viol=10% dup=0% t=4
    iter 1/3 ...    [PREPOP] Pre-populating DVI tree with 100000 entries for delete (direct insert, no TxnCtx) ... done.
 76.4 ms (1M ops/s) [10 batches]
    iter 2/3 ...    [PREPOP] Pre-populating DVI tree with 100000 entries for delete (direct insert, no TxnCtx) ... done.
 75.7 ms (1M ops/s) [10 batches]
    iter 3/3 ...    [PREPOP] Pre-populating DVI tree with 100000 entries for delete (direct insert, no TxnCtx) ... done.
 75.8 ms (1M ops/s) [10 batches]
  [196/1728] od_single / delete / random / size=100000 viol=10% dup=0% t=8
    iter 1/3 ...    [PREPOP] Pre-populating DVI tree with 100000 entries for delete (direct insert, no TxnCtx) ... done.
 54.5 ms (2M ops/s) [10 batches]
    iter 2/3 ...    [PREPOP] Pre-populating DVI tree with 100000 entries for delete (direct insert, no TxnCtx) ... done.
 53.5 ms (2M ops/s) [10 batches]
    iter 3/3 ...    [PREPOP] Pre-populating DVI tree with 100000 entries for delete (direct insert, no TxnCtx) ... done.
 54.3 ms (2M ops/s) [10 batches]
  [197/1728] od_single / delete / random / size=100000 viol=10% dup=0% t=16
    iter 1/3 ...    [PREPOP] Pre-populating DVI tree with 100000 entries for delete (direct insert, no TxnCtx) ... done.
 40.2 ms (2M ops/s) [10 batches]
    iter 2/3 ...    [PREPOP] Pre-populating DVI tree with 100000 entries for delete (direct insert, no TxnCtx) ... done.
 40.3 ms (2M ops/s) [10 batches]
    iter 3/3 ...    [PREPOP] Pre-populating DVI tree with 100000 entries for delete (direct insert, no TxnCtx) ... done.
 40.0 ms (2M ops/s) [10 batches]
  [198/1728] od_single / delete / random / size=100000 viol=10% dup=0% t=32
    iter 1/3 ...    [PREPOP] Pre-populating DVI tree with 100000 entries for delete (direct insert, no TxnCtx) ... done.
 43.5 ms (2M ops/s) [10 batches]
    iter 2/3 ...    [PREPOP] Pre-populating DVI tree with 100000 entries for delete (direct insert, no TxnCtx) ... done.
 43.2 ms (2M ops/s) [10 batches]
    iter 3/3 ...    [PREPOP] Pre-populating DVI tree with 100000 entries for delete (direct insert, no TxnCtx) ... done.
 43.0 ms (2M ops/s) [10 batches]
[MEM] Freed entry vectors for od_single

[MECH] === od_multi (multi=true, od=true) ===
[DATA] Generating OD entries: random size=100000 viol=10% multi=true ... done (1 MB entries + 1 MB keys)
  [199/1728] od_multi / insert / random / size=100000 viol=10% dup=0% t=1
    iter 1/3 ... 203.9 ms (0M ops/s) [10 batches]
    iter 2/3 ... 197.2 ms (1M ops/s) [10 batches]
    iter 3/3 ... 196.7 ms (1M ops/s) [10 batches]
  [200/1728] od_multi / insert / random / size=100000 viol=10% dup=0% t=2
    iter 1/3 ... 137.1 ms (1M ops/s) [10 batches]
    iter 2/3 ... 135.1 ms (1M ops/s) [10 batches]
    iter 3/3 ... 133.6 ms (1M ops/s) [10 batches]
  [201/1728] od_multi / insert / random / size=100000 viol=10% dup=0% t=4
    iter 1/3 ... 96.4 ms (1M ops/s) [10 batches]
    iter 2/3 ... 83.0 ms (1M ops/s) [10 batches]
    iter 3/3 ... 83.3 ms (1M ops/s) [10 batches]
  [202/1728] od_multi / insert / random / size=100000 viol=10% dup=0% t=8
    iter 1/3 ... 72.7 ms (1M ops/s) [10 batches]
    iter 2/3 ... 63.9 ms (2M ops/s) [10 batches]
    iter 3/3 ... 63.0 ms (2M ops/s) [10 batches]
  [203/1728] od_multi / insert / random / size=100000 viol=10% dup=0% t=16
    iter 1/3 ... 60.1 ms (2M ops/s) [10 batches]
    iter 2/3 ... 57.0 ms (2M ops/s) [10 batches]
    iter 3/3 ... 56.7 ms (2M ops/s) [10 batches]
  [204/1728] od_multi / insert / random / size=100000 viol=10% dup=0% t=32
    iter 1/3 ... 58.0 ms (2M ops/s) [10 batches]
    iter 2/3 ... 56.3 ms (2M ops/s) [10 batches]
    iter 3/3 ... 56.1 ms (2M ops/s) [10 batches]
  [205/1728] od_multi / lookup / random / size=100000 viol=10% dup=0% t=1
    iter 1/3 ...    [PREPOP] Pre-populating DVI tree with 100000 entries for lookup (direct insert) ... done.
 35.6 ms (3M ops/s) [10 batches]
    iter 2/3 ...    [PREPOP] Pre-populating DVI tree with 100000 entries for lookup (direct insert) ... done.
 36.8 ms (3M ops/s) [10 batches]
    iter 3/3 ...    [PREPOP] Pre-populating DVI tree with 100000 entries for lookup (direct insert) ... done.
 36.5 ms (3M ops/s) [10 batches]
  [206/1728] od_multi / lookup / random / size=100000 viol=10% dup=0% t=2
    iter 1/3 ...    [PREPOP] Pre-populating DVI tree with 100000 entries for lookup (direct insert) ... done.
 21.8 ms (5M ops/s) [10 batches]
    iter 2/3 ...    [PREPOP] Pre-populating DVI tree with 100000 entries for lookup (direct insert) ... done.
 22.3 ms (4M ops/s) [10 batches]
    iter 3/3 ...    [PREPOP] Pre-populating DVI tree with 100000 entries for lookup (direct insert) ... done.
 22.3 ms (4M ops/s) [10 batches]
  [207/1728] od_multi / lookup / random / size=100000 viol=10% dup=0% t=4
    iter 1/3 ...    [PREPOP] Pre-populating DVI tree with 100000 entries for lookup (direct insert) ... done.
 14.2 ms (7M ops/s) [10 batches]
    iter 2/3 ...    [PREPOP] Pre-populating DVI tree with 100000 entries for lookup (direct insert) ... done.
 14.0 ms (7M ops/s) [10 batches]
    iter 3/3 ...    [PREPOP] Pre-populating DVI tree with 100000 entries for lookup (direct insert) ... done.
 13.9 ms (7M ops/s) [10 batches]
  [208/1728] od_multi / lookup / random / size=100000 viol=10% dup=0% t=8
    iter 1/3 ...    [PREPOP] Pre-populating DVI tree with 100000 entries for lookup (direct insert) ... done.
 9.9 ms (10M ops/s) [10 batches]
    iter 2/3 ...    [PREPOP] Pre-populating DVI tree with 100000 entries for lookup (direct insert) ... done.
 9.8 ms (10M ops/s) [10 batches]
    iter 3/3 ...    [PREPOP] Pre-populating DVI tree with 100000 entries for lookup (direct insert) ... done.
 9.8 ms (10M ops/s) [10 batches]
  [209/1728] od_multi / lookup / random / size=100000 viol=10% dup=0% t=16
    iter 1/3 ...    [PREPOP] Pre-populating DVI tree with 100000 entries for lookup (direct insert) ... done.
 13.6 ms (7M ops/s) [10 batches]
    iter 2/3 ...    [PREPOP] Pre-populating DVI tree with 100000 entries for lookup (direct insert) ... done.
 12.8 ms (8M ops/s) [10 batches]
    iter 3/3 ...    [PREPOP] Pre-populating DVI tree with 100000 entries for lookup (direct insert) ... done.
 13.1 ms (8M ops/s) [10 batches]
  [210/1728] od_multi / lookup / random / size=100000 viol=10% dup=0% t=32
    iter 1/3 ...    [PREPOP] Pre-populating DVI tree with 100000 entries for lookup (direct insert) ... done.
 28.3 ms (4M ops/s) [10 batches]
    iter 2/3 ...    [PREPOP] Pre-populating DVI tree with 100000 entries for lookup (direct insert) ... done.
 28.5 ms (4M ops/s) [10 batches]
    iter 3/3 ...    [PREPOP] Pre-populating DVI tree with 100000 entries for lookup (direct insert) ... done.
 27.8 ms (4M ops/s) [10 batches]
  [211/1728] od_multi / delete / random / size=100000 viol=10% dup=0% t=1
    iter 1/3 ...    [PREPOP] Pre-populating DVI tree with 100000 entries for delete (direct insert, no TxnCtx) ... done.
 186.5 ms (1M ops/s) [10 batches]
    iter 2/3 ...    [PREPOP] Pre-populating DVI tree with 100000 entries for delete (direct insert, no TxnCtx) ... done.
 184.5 ms (1M ops/s) [10 batches]
    iter 3/3 ...    [PREPOP] Pre-populating DVI tree with 100000 entries for delete (direct insert, no TxnCtx) ... done.
 185.1 ms (1M ops/s) [10 batches]
  [212/1728] od_multi / delete / random / size=100000 viol=10% dup=0% t=2
    iter 1/3 ...    [PREPOP] Pre-populating DVI tree with 100000 entries for delete (direct insert, no TxnCtx) ... done.
 116.7 ms (1M ops/s) [10 batches]
    iter 2/3 ...    [PREPOP] Pre-populating DVI tree with 100000 entries for delete (direct insert, no TxnCtx) ... done.
 116.5 ms (1M ops/s) [10 batches]
    iter 3/3 ...    [PREPOP] Pre-populating DVI tree with 100000 entries for delete (direct insert, no TxnCtx) ... done.
 115.4 ms (1M ops/s) [10 batches]
  [213/1728] od_multi / delete / random / size=100000 viol=10% dup=0% t=4
    iter 1/3 ...    [PREPOP] Pre-populating DVI tree with 100000 entries for delete (direct insert, no TxnCtx) ... done.
 75.4 ms (1M ops/s) [10 batches]
    iter 2/3 ...    [PREPOP] Pre-populating DVI tree with 100000 entries for delete (direct insert, no TxnCtx) ... done.
 77.0 ms (1M ops/s) [10 batches]
    iter 3/3 ...    [PREPOP] Pre-populating DVI tree with 100000 entries for delete (direct insert, no TxnCtx) ... done.
 76.9 ms (1M ops/s) [10 batches]
  [214/1728] od_multi / delete / random / size=100000 viol=10% dup=0% t=8
    iter 1/3 ...    [PREPOP] Pre-populating DVI tree with 100000 entries for delete (direct insert, no TxnCtx) ... done.
 55.5 ms (2M ops/s) [10 batches]
    iter 2/3 ...    [PREPOP] Pre-populating DVI tree with 100000 entries for delete (direct insert, no TxnCtx) ... done.
 52.4 ms (2M ops/s) [10 batches]
    iter 3/3 ...    [PREPOP] Pre-populating DVI tree with 100000 entries for delete (direct insert, no TxnCtx) ... done.
 55.3 ms (2M ops/s) [10 batches]
  [215/1728] od_multi / delete / random / size=100000 viol=10% dup=0% t=16
    iter 1/3 ...    [PREPOP] Pre-populating DVI tree with 100000 entries for delete (direct insert, no TxnCtx) ... done.
 39.9 ms (3M ops/s) [10 batches]
    iter 2/3 ...    [PREPOP] Pre-populating DVI tree with 100000 entries for delete (direct insert, no TxnCtx) ... done.
 40.1 ms (2M ops/s) [10 batches]
    iter 3/3 ...    [PREPOP] Pre-populating DVI tree with 100000 entries for delete (direct insert, no TxnCtx) ... done.
 39.3 ms (3M ops/s) [10 batches]
  [216/1728] od_multi / delete / random / size=100000 viol=10% dup=0% t=32
    iter 1/3 ...    [PREPOP] Pre-populating DVI tree with 100000 entries for delete (direct insert, no TxnCtx) ... done.
 43.8 ms (2M ops/s) [10 batches]
    iter 2/3 ...    [PREPOP] Pre-populating DVI tree with 100000 entries for delete (direct insert, no TxnCtx) ... done.
 43.6 ms (2M ops/s) [10 batches]
    iter 3/3 ...    [PREPOP] Pre-populating DVI tree with 100000 entries for delete (direct insert, no TxnCtx) ... done.
 43.7 ms (2M ops/s) [10 batches]
[MEM] Freed entry vectors for od_multi

[MECH] === od_single (multi=false, od=true) ===
[DATA] Generating OD entries: random size=100000 viol=20% multi=false ... done (1 MB entries + 1 MB keys)
  [217/1728] od_single / insert / random / size=100000 viol=20% dup=0% t=1
    iter 1/3 ... 201.2 ms (0M ops/s) [10 batches]
    iter 2/3 ... 198.3 ms (1M ops/s) [10 batches]
    iter 3/3 ... 196.6 ms (1M ops/s) [10 batches]
  [218/1728] od_single / insert / random / size=100000 viol=20% dup=0% t=2
    iter 1/3 ... 135.5 ms (1M ops/s) [10 batches]
    iter 2/3 ... 132.1 ms (1M ops/s) [10 batches]
    iter 3/3 ... 132.1 ms (1M ops/s) [10 batches]
  [219/1728] od_single / insert / random / size=100000 viol=20% dup=0% t=4
    iter 1/3 ... 95.2 ms (1M ops/s) [10 batches]
    iter 2/3 ... 83.5 ms (1M ops/s) [10 batches]
    iter 3/3 ... 82.3 ms (1M ops/s) [10 batches]
  [220/1728] od_single / insert / random / size=100000 viol=20% dup=0% t=8
    iter 1/3 ... 74.4 ms (1M ops/s) [10 batches]
    iter 2/3 ... 63.9 ms (2M ops/s) [10 batches]
    iter 3/3 ... 65.4 ms (2M ops/s) [10 batches]
  [221/1728] od_single / insert / random / size=100000 viol=20% dup=0% t=16
    iter 1/3 ... 60.9 ms (2M ops/s) [10 batches]
    iter 2/3 ... 58.1 ms (2M ops/s) [10 batches]
    iter 3/3 ... 57.9 ms (2M ops/s) [10 batches]
  [222/1728] od_single / insert / random / size=100000 viol=20% dup=0% t=32
    iter 1/3 ... 57.8 ms (2M ops/s) [10 batches]
    iter 2/3 ... 56.7 ms (2M ops/s) [10 batches]
    iter 3/3 ... 56.2 ms (2M ops/s) [10 batches]
  [223/1728] od_single / lookup / random / size=100000 viol=20% dup=0% t=1
    iter 1/3 ...    [PREPOP] Pre-populating DVI tree with 100000 entries for lookup (direct insert) ... done.
 35.8 ms (3M ops/s) [10 batches]
    iter 2/3 ...    [PREPOP] Pre-populating DVI tree with 100000 entries for lookup (direct insert) ... done.
 38.0 ms (3M ops/s) [10 batches]
    iter 3/3 ...    [PREPOP] Pre-populating DVI tree with 100000 entries for lookup (direct insert) ... done.
 37.4 ms (3M ops/s) [10 batches]
  [224/1728] od_single / lookup / random / size=100000 viol=20% dup=0% t=2
    iter 1/3 ...    [PREPOP] Pre-populating DVI tree with 100000 entries for lookup (direct insert) ... done.
 23.5 ms (4M ops/s) [10 batches]
    iter 2/3 ...    [PREPOP] Pre-populating DVI tree with 100000 entries for lookup (direct insert) ... done.
 22.6 ms (4M ops/s) [10 batches]
    iter 3/3 ...    [PREPOP] Pre-populating DVI tree with 100000 entries for lookup (direct insert) ... done.
 22.8 ms (4M ops/s) [10 batches]
  [225/1728] od_single / lookup / random / size=100000 viol=20% dup=0% t=4
    iter 1/3 ...    [PREPOP] Pre-populating DVI tree with 100000 entries for lookup (direct insert) ... done.
 14.7 ms (7M ops/s) [10 batches]
    iter 2/3 ...    [PREPOP] Pre-populating DVI tree with 100000 entries for lookup (direct insert) ... done.
 14.3 ms (7M ops/s) [10 batches]
    iter 3/3 ...    [PREPOP] Pre-populating DVI tree with 100000 entries for lookup (direct insert) ... done.
 14.1 ms (7M ops/s) [10 batches]
  [226/1728] od_single / lookup / random / size=100000 viol=20% dup=0% t=8
    iter 1/3 ...    [PREPOP] Pre-populating DVI tree with 100000 entries for lookup (direct insert) ... done.
 10.3 ms (10M ops/s) [10 batches]
    iter 2/3 ...    [PREPOP] Pre-populating DVI tree with 100000 entries for lookup (direct insert) ... done.
 10.0 ms (10M ops/s) [10 batches]
    iter 3/3 ...    [PREPOP] Pre-populating DVI tree with 100000 entries for lookup (direct insert) ... done.
 9.7 ms (10M ops/s) [10 batches]
  [227/1728] od_single / lookup / random / size=100000 viol=20% dup=0% t=16
    iter 1/3 ...    [PREPOP] Pre-populating DVI tree with 100000 entries for lookup (direct insert) ... done.
 14.2 ms (7M ops/s) [10 batches]
    iter 2/3 ...    [PREPOP] Pre-populating DVI tree with 100000 entries for lookup (direct insert) ... done.
 13.5 ms (7M ops/s) [10 batches]
    iter 3/3 ...    [PREPOP] Pre-populating DVI tree with 100000 entries for lookup (direct insert) ... done.
 12.6 ms (8M ops/s) [10 batches]
  [228/1728] od_single / lookup / random / size=100000 viol=20% dup=0% t=32
    iter 1/3 ...    [PREPOP] Pre-populating DVI tree with 100000 entries for lookup (direct insert) ... done.
 27.8 ms (4M ops/s) [10 batches]
    iter 2/3 ...    [PREPOP] Pre-populating DVI tree with 100000 entries for lookup (direct insert) ... done.
 27.8 ms (4M ops/s) [10 batches]
    iter 3/3 ...    [PREPOP] Pre-populating DVI tree with 100000 entries for lookup (direct insert) ... done.
 27.4 ms (4M ops/s) [10 batches]
  [229/1728] od_single / delete / random / size=100000 viol=20% dup=0% t=1
    iter 1/3 ...    [PREPOP] Pre-populating DVI tree with 100000 entries for delete (direct insert, no TxnCtx) ... done.
 186.8 ms (1M ops/s) [10 batches]
    iter 2/3 ...    [PREPOP] Pre-populating DVI tree with 100000 entries for delete (direct insert, no TxnCtx) ... done.
 185.3 ms (1M ops/s) [10 batches]
    iter 3/3 ...    [PREPOP] Pre-populating DVI tree with 100000 entries for delete (direct insert, no TxnCtx) ... done.
 185.8 ms (1M ops/s) [10 batches]
  [230/1728] od_single / delete / random / size=100000 viol=20% dup=0% t=2
    iter 1/3 ...    [PREPOP] Pre-populating DVI tree with 100000 entries for delete (direct insert, no TxnCtx) ... done.
 119.5 ms (1M ops/s) [10 batches]
    iter 2/3 ...    [PREPOP] Pre-populating DVI tree with 100000 entries for delete (direct insert, no TxnCtx) ... done.
 118.2 ms (1M ops/s) [10 batches]
    iter 3/3 ...    [PREPOP] Pre-populating DVI tree with 100000 entries for delete (direct insert, no TxnCtx) ... done.
 117.5 ms (1M ops/s) [10 batches]
  [231/1728] od_single / delete / random / size=100000 viol=20% dup=0% t=4
    iter 1/3 ...    [PREPOP] Pre-populating DVI tree with 100000 entries for delete (direct insert, no TxnCtx) ... done.
 75.5 ms (1M ops/s) [10 batches]
    iter 2/3 ...    [PREPOP] Pre-populating DVI tree with 100000 entries for delete (direct insert, no TxnCtx) ... done.
 76.9 ms (1M ops/s) [10 batches]
    iter 3/3 ...    [PREPOP] Pre-populating DVI tree with 100000 entries for delete (direct insert, no TxnCtx) ... done.
 77.2 ms (1M ops/s) [10 batches]
  [232/1728] od_single / delete / random / size=100000 viol=20% dup=0% t=8
    iter 1/3 ...    [PREPOP] Pre-populating DVI tree with 100000 entries for delete (direct insert, no TxnCtx) ... done.
 55.3 ms (2M ops/s) [10 batches]
    iter 2/3 ...    [PREPOP] Pre-populating DVI tree with 100000 entries for delete (direct insert, no TxnCtx) ... done.
 56.2 ms (2M ops/s) [10 batches]
    iter 3/3 ...    [PREPOP] Pre-populating DVI tree with 100000 entries for delete (direct insert, no TxnCtx) ... done.
 55.3 ms (2M ops/s) [10 batches]
  [233/1728] od_single / delete / random / size=100000 viol=20% dup=0% t=16
    iter 1/3 ...    [PREPOP] Pre-populating DVI tree with 100000 entries for delete (direct insert, no TxnCtx) ... done.
 41.3 ms (2M ops/s) [10 batches]
    iter 2/3 ...    [PREPOP] Pre-populating DVI tree with 100000 entries for delete (direct insert, no TxnCtx) ... done.
 41.8 ms (2M ops/s) [10 batches]
    iter 3/3 ...    [PREPOP] Pre-populating DVI tree with 100000 entries for delete (direct insert, no TxnCtx) ... done.
 41.7 ms (2M ops/s) [10 batches]
  [234/1728] od_single / delete / random / size=100000 viol=20% dup=0% t=32
    iter 1/3 ...    [PREPOP] Pre-populating DVI tree with 100000 entries for delete (direct insert, no TxnCtx) ... done.
 45.3 ms (2M ops/s) [10 batches]
    iter 2/3 ...    [PREPOP] Pre-populating DVI tree with 100000 entries for delete (direct insert, no TxnCtx) ... done.
 45.4 ms (2M ops/s) [10 batches]
    iter 3/3 ...    [PREPOP] Pre-populating DVI tree with 100000 entries for delete (direct insert, no TxnCtx) ... done.
 45.3 ms (2M ops/s) [10 batches]
[MEM] Freed entry vectors for od_single

[MECH] === od_multi (multi=true, od=true) ===
[DATA] Generating OD entries: random size=100000 viol=20% multi=true ... done (1 MB entries + 1 MB keys)
  [235/1728] od_multi / insert / random / size=100000 viol=20% dup=0% t=1
    iter 1/3 ... 206.2 ms (0M ops/s) [10 batches]
    iter 2/3 ... 198.4 ms (1M ops/s) [10 batches]
    iter 3/3 ... 197.3 ms (1M ops/s) [10 batches]
  [236/1728] od_multi / insert / random / size=100000 viol=20% dup=0% t=2
    iter 1/3 ... 135.4 ms (1M ops/s) [10 batches]
    iter 2/3 ... 138.9 ms (1M ops/s) [10 batches]
    iter 3/3 ... 135.5 ms (1M ops/s) [10 batches]
  [237/1728] od_multi / insert / random / size=100000 viol=20% dup=0% t=4
    iter 1/3 ... 95.9 ms (1M ops/s) [10 batches]
    iter 2/3 ... 82.9 ms (1M ops/s) [10 batches]
    iter 3/3 ... 81.2 ms (1M ops/s) [10 batches]
  [238/1728] od_multi / insert / random / size=100000 viol=20% dup=0% t=8
    iter 1/3 ... 71.2 ms (1M ops/s) [10 batches]
    iter 2/3 ... 62.3 ms (2M ops/s) [10 batches]
    iter 3/3 ... 61.2 ms (2M ops/s) [10 batches]
  [239/1728] od_multi / insert / random / size=100000 viol=20% dup=0% t=16
    iter 1/3 ... 60.7 ms (2M ops/s) [10 batches]
    iter 2/3 ... 57.6 ms (2M ops/s) [10 batches]
    iter 3/3 ... 56.5 ms (2M ops/s) [10 batches]
  [240/1728] od_multi / insert / random / size=100000 viol=20% dup=0% t=32
    iter 1/3 ... 57.2 ms (2M ops/s) [10 batches]
    iter 2/3 ... 56.3 ms (2M ops/s) [10 batches]
    iter 3/3 ... 56.3 ms (2M ops/s) [10 batches]
  [241/1728] od_multi / lookup / random / size=100000 viol=20% dup=0% t=1
    iter 1/3 ...    [PREPOP] Pre-populating DVI tree with 100000 entries for lookup (direct insert) ... done.
 36.6 ms (3M ops/s) [10 batches]
    iter 2/3 ...    [PREPOP] Pre-populating DVI tree with 100000 entries for lookup (direct insert) ... done.
 37.9 ms (3M ops/s) [10 batches]
    iter 3/3 ...    [PREPOP] Pre-populating DVI tree with 100000 entries for lookup (direct insert) ... done.
 36.4 ms (3M ops/s) [10 batches]
  [242/1728] od_multi / lookup / random / size=100000 viol=20% dup=0% t=2
    iter 1/3 ...    [PREPOP] Pre-populating DVI tree with 100000 entries for lookup (direct insert) ... done.
 21.1 ms (5M ops/s) [10 batches]
    iter 2/3 ...    [PREPOP] Pre-populating DVI tree with 100000 entries for lookup (direct insert) ... done.
 23.2 ms (4M ops/s) [10 batches]
    iter 3/3 ...    [PREPOP] Pre-populating DVI tree with 100000 entries for lookup (direct insert) ... done.
 23.4 ms (4M ops/s) [10 batches]
  [243/1728] od_multi / lookup / random / size=100000 viol=20% dup=0% t=4
    iter 1/3 ...    [PREPOP] Pre-populating DVI tree with 100000 entries for lookup (direct insert) ... done.
 14.7 ms (7M ops/s) [10 batches]
    iter 2/3 ...    [PREPOP] Pre-populating DVI tree with 100000 entries for lookup (direct insert) ... done.
 14.1 ms (7M ops/s) [10 batches]
    iter 3/3 ...    [PREPOP] Pre-populating DVI tree with 100000 entries for lookup (direct insert) ... done.
 14.1 ms (7M ops/s) [10 batches]
  [244/1728] od_multi / lookup / random / size=100000 viol=20% dup=0% t=8
    iter 1/3 ...    [PREPOP] Pre-populating DVI tree with 100000 entries for lookup (direct insert) ... done.
 9.5 ms (10M ops/s) [10 batches]
    iter 2/3 ...    [PREPOP] Pre-populating DVI tree with 100000 entries for lookup (direct insert) ... done.
 9.6 ms (10M ops/s) [10 batches]
    iter 3/3 ...    [PREPOP] Pre-populating DVI tree with 100000 entries for lookup (direct insert) ... done.
 10.1 ms (10M ops/s) [10 batches]
  [245/1728] od_multi / lookup / random / size=100000 viol=20% dup=0% t=16
    iter 1/3 ...    [PREPOP] Pre-populating DVI tree with 100000 entries for lookup (direct insert) ... done.
 12.8 ms (8M ops/s) [10 batches]
    iter 2/3 ...    [PREPOP] Pre-populating DVI tree with 100000 entries for lookup (direct insert) ... done.
 12.7 ms (8M ops/s) [10 batches]
    iter 3/3 ...    [PREPOP] Pre-populating DVI tree with 100000 entries for lookup (direct insert) ... done.
 12.3 ms (8M ops/s) [10 batches]
  [246/1728] od_multi / lookup / random / size=100000 viol=20% dup=0% t=32
    iter 1/3 ...    [PREPOP] Pre-populating DVI tree with 100000 entries for lookup (direct insert) ... done.
 27.5 ms (4M ops/s) [10 batches]
    iter 2/3 ...    [PREPOP] Pre-populating DVI tree with 100000 entries for lookup (direct insert) ... done.
 27.6 ms (4M ops/s) [10 batches]
    iter 3/3 ...    [PREPOP] Pre-populating DVI tree with 100000 entries for lookup (direct insert) ... done.
 28.0 ms (4M ops/s) [10 batches]
  [247/1728] od_multi / delete / random / size=100000 viol=20% dup=0% t=1
    iter 1/3 ...    [PREPOP] Pre-populating DVI tree with 100000 entries for delete (direct insert, no TxnCtx) ... done.
 188.4 ms (1M ops/s) [10 batches]
    iter 2/3 ...    [PREPOP] Pre-populating DVI tree with 100000 entries for delete (direct insert, no TxnCtx) ... done.
 184.9 ms (1M ops/s) [10 batches]
    iter 3/3 ...    [PREPOP] Pre-populating DVI tree with 100000 entries for delete (direct insert, no TxnCtx) ... done.
 185.9 ms (1M ops/s) [10 batches]
  [248/1728] od_multi / delete / random / size=100000 viol=20% dup=0% t=2
    iter 1/3 ...    [PREPOP] Pre-populating DVI tree with 100000 entries for delete (direct insert, no TxnCtx) ... done.
 118.8 ms (1M ops/s) [10 batches]
    iter 2/3 ...    [PREPOP] Pre-populating DVI tree with 100000 entries for delete (direct insert, no TxnCtx) ... done.
 119.0 ms (1M ops/s) [10 batches]
    iter 3/3 ...    [PREPOP] Pre-populating DVI tree with 100000 entries for delete (direct insert, no TxnCtx) ... done.
 122.1 ms (1M ops/s) [10 batches]
  [249/1728] od_multi / delete / random / size=100000 viol=20% dup=0% t=4
    iter 1/3 ...    [PREPOP] Pre-populating DVI tree with 100000 entries for delete (direct insert, no TxnCtx) ... done.
 77.8 ms (1M ops/s) [10 batches]
    iter 2/3 ...    [PREPOP] Pre-populating DVI tree with 100000 entries for delete (direct insert, no TxnCtx) ... done.
 77.1 ms (1M ops/s) [10 batches]
    iter 3/3 ...    [PREPOP] Pre-populating DVI tree with 100000 entries for delete (direct insert, no TxnCtx) ... done.
 77.4 ms (1M ops/s) [10 batches]
  [250/1728] od_multi / delete / random / size=100000 viol=20% dup=0% t=8
    iter 1/3 ...    [PREPOP] Pre-populating DVI tree with 100000 entries for delete (direct insert, no TxnCtx) ... done.
 55.4 ms (2M ops/s) [10 batches]
    iter 2/3 ...    [PREPOP] Pre-populating DVI tree with 100000 entries for delete (direct insert, no TxnCtx) ... done.
 55.2 ms (2M ops/s) [10 batches]
    iter 3/3 ...    [PREPOP] Pre-populating DVI tree with 100000 entries for delete (direct insert, no TxnCtx) ... done.
 55.2 ms (2M ops/s) [10 batches]
  [251/1728] od_multi / delete / random / size=100000 viol=20% dup=0% t=16
    iter 1/3 ...    [PREPOP] Pre-populating DVI tree with 100000 entries for delete (direct insert, no TxnCtx) ... done.
 41.7 ms (2M ops/s) [10 batches]
    iter 2/3 ...    [PREPOP] Pre-populating DVI tree with 100000 entries for delete (direct insert, no TxnCtx) ... done.
 42.2 ms (2M ops/s) [10 batches]
    iter 3/3 ...    [PREPOP] Pre-populating DVI tree with 100000 entries for delete (direct insert, no TxnCtx) ... done.
 41.7 ms (2M ops/s) [10 batches]
  [252/1728] od_multi / delete / random / size=100000 viol=20% dup=0% t=32
    iter 1/3 ...    [PREPOP] Pre-populating DVI tree with 100000 entries for delete (direct insert, no TxnCtx) ... done.
 45.7 ms (2M ops/s) [10 batches]
    iter 2/3 ...    [PREPOP] Pre-populating DVI tree with 100000 entries for delete (direct insert, no TxnCtx) ... done.
 45.4 ms (2M ops/s) [10 batches]
    iter 3/3 ...    [PREPOP] Pre-populating DVI tree with 100000 entries for delete (direct insert, no TxnCtx) ... done.
 45.6 ms (2M ops/s) [10 batches]
[MEM] Freed entry vectors for od_multi

[MECH] === od_single (multi=false, od=true) ===
[DATA] Generating OD entries: random size=100000 viol=100% multi=false ... done (1 MB entries + 1 MB keys)
  [253/1728] od_single / insert / random / size=100000 viol=100% dup=0% t=1
    iter 1/3 ... 206.7 ms (0M ops/s) [10 batches]
    iter 2/3 ... 198.8 ms (1M ops/s) [10 batches]
    iter 3/3 ... 195.9 ms (1M ops/s) [10 batches]
  [254/1728] od_single / insert / random / size=100000 viol=100% dup=0% t=2
    iter 1/3 ... 140.4 ms (1M ops/s) [10 batches]
    iter 2/3 ... 131.9 ms (1M ops/s) [10 batches]
    iter 3/3 ... 134.9 ms (1M ops/s) [10 batches]
  [255/1728] od_single / insert / random / size=100000 viol=100% dup=0% t=4
    iter 1/3 ... 98.3 ms (1M ops/s) [10 batches]
    iter 2/3 ... 82.2 ms (1M ops/s) [10 batches]
    iter 3/3 ... 80.5 ms (1M ops/s) [10 batches]
  [256/1728] od_single / insert / random / size=100000 viol=100% dup=0% t=8
    iter 1/3 ... 72.7 ms (1M ops/s) [10 batches]
    iter 2/3 ... 63.7 ms (2M ops/s) [10 batches]
    iter 3/3 ... 62.3 ms (2M ops/s) [10 batches]
  [257/1728] od_single / insert / random / size=100000 viol=100% dup=0% t=16
    iter 1/3 ... 60.4 ms (2M ops/s) [10 batches]
    iter 2/3 ... 57.8 ms (2M ops/s) [10 batches]
    iter 3/3 ... 57.3 ms (2M ops/s) [10 batches]
  [258/1728] od_single / insert / random / size=100000 viol=100% dup=0% t=32
    iter 1/3 ... 57.5 ms (2M ops/s) [10 batches]
    iter 2/3 ... 56.8 ms (2M ops/s) [10 batches]
    iter 3/3 ... 56.2 ms (2M ops/s) [10 batches]
  [259/1728] od_single / lookup / random / size=100000 viol=100% dup=0% t=1
    iter 1/3 ...    [PREPOP] Pre-populating DVI tree with 100000 entries for lookup (direct insert) ... done.
 37.7 ms (3M ops/s) [10 batches]
    iter 2/3 ...    [PREPOP] Pre-populating DVI tree with 100000 entries for lookup (direct insert) ... done.
 37.8 ms (3M ops/s) [10 batches]
    iter 3/3 ...    [PREPOP] Pre-populating DVI tree with 100000 entries for lookup (direct insert) ... done.
 38.6 ms (3M ops/s) [10 batches]
  [260/1728] od_single / lookup / random / size=100000 viol=100% dup=0% t=2
    iter 1/3 ...    [PREPOP] Pre-populating DVI tree with 100000 entries for lookup (direct insert) ... done.
 22.6 ms (4M ops/s) [10 batches]
    iter 2/3 ...    [PREPOP] Pre-populating DVI tree with 100000 entries for lookup (direct insert) ... done.
 22.9 ms (4M ops/s) [10 batches]
    iter 3/3 ...    [PREPOP] Pre-populating DVI tree with 100000 entries for lookup (direct insert) ... done.
 23.6 ms (4M ops/s) [10 batches]
  [261/1728] od_single / lookup / random / size=100000 viol=100% dup=0% t=4
    iter 1/3 ...    [PREPOP] Pre-populating DVI tree with 100000 entries for lookup (direct insert) ... done.
 14.4 ms (7M ops/s) [10 batches]
    iter 2/3 ...    [PREPOP] Pre-populating DVI tree with 100000 entries for lookup (direct insert) ... done.
 14.3 ms (7M ops/s) [10 batches]
    iter 3/3 ...    [PREPOP] Pre-populating DVI tree with 100000 entries for lookup (direct insert) ... done.
 14.1 ms (7M ops/s) [10 batches]
  [262/1728] od_single / lookup / random / size=100000 viol=100% dup=0% t=8
    iter 1/3 ...    [PREPOP] Pre-populating DVI tree with 100000 entries for lookup (direct insert) ... done.
 9.9 ms (10M ops/s) [10 batches]
    iter 2/3 ...    [PREPOP] Pre-populating DVI tree with 100000 entries for lookup (direct insert) ... done.
 10.3 ms (10M ops/s) [10 batches]
    iter 3/3 ...    [PREPOP] Pre-populating DVI tree with 100000 entries for lookup (direct insert) ... done.
 10.2 ms (10M ops/s) [10 batches]
  [263/1728] od_single / lookup / random / size=100000 viol=100% dup=0% t=16
    iter 1/3 ...    [PREPOP] Pre-populating DVI tree with 100000 entries for lookup (direct insert) ... done.
 12.8 ms (8M ops/s) [10 batches]
    iter 2/3 ...    [PREPOP] Pre-populating DVI tree with 100000 entries for lookup (direct insert) ... done.
 12.1 ms (8M ops/s) [10 batches]
    iter 3/3 ...    [PREPOP] Pre-populating DVI tree with 100000 entries for lookup (direct insert) ... done.
 12.3 ms (8M ops/s) [10 batches]
  [264/1728] od_single / lookup / random / size=100000 viol=100% dup=0% t=32
    iter 1/3 ...    [PREPOP] Pre-populating DVI tree with 100000 entries for lookup (direct insert) ... done.
 26.8 ms (4M ops/s) [10 batches]
    iter 2/3 ...    [PREPOP] Pre-populating DVI tree with 100000 entries for lookup (direct insert) ... done.
 27.0 ms (4M ops/s) [10 batches]
    iter 3/3 ...    [PREPOP] Pre-populating DVI tree with 100000 entries for lookup (direct insert) ... done.
 26.4 ms (4M ops/s) [10 batches]
  [265/1728] od_single / delete / random / size=100000 viol=100% dup=0% t=1
    iter 1/3 ...    [PREPOP] Pre-populating DVI tree with 100000 entries for delete (direct insert, no TxnCtx) ... done.
 189.0 ms (1M ops/s) [10 batches]
    iter 2/3 ...    [PREPOP] Pre-populating DVI tree with 100000 entries for delete (direct insert, no TxnCtx) ... done.
 185.0 ms (1M ops/s) [10 batches]
    iter 3/3 ...    [PREPOP] Pre-populating DVI tree with 100000 entries for delete (direct insert, no TxnCtx) ... done.
 186.3 ms (1M ops/s) [10 batches]
  [266/1728] od_single / delete / random / size=100000 viol=100% dup=0% t=2
    iter 1/3 ...    [PREPOP] Pre-populating DVI tree with 100000 entries for delete (direct insert, no TxnCtx) ... done.
 122.3 ms (1M ops/s) [10 batches]
    iter 2/3 ...    [PREPOP] Pre-populating DVI tree with 100000 entries for delete (direct insert, no TxnCtx) ... done.
 119.8 ms (1M ops/s) [10 batches]
    iter 3/3 ...    [PREPOP] Pre-populating DVI tree with 100000 entries for delete (direct insert, no TxnCtx) ... done.
 121.2 ms (1M ops/s) [10 batches]
  [267/1728] od_single / delete / random / size=100000 viol=100% dup=0% t=4
    iter 1/3 ...    [PREPOP] Pre-populating DVI tree with 100000 entries for delete (direct insert, no TxnCtx) ... done.
 77.6 ms (1M ops/s) [10 batches]
    iter 2/3 ...    [PREPOP] Pre-populating DVI tree with 100000 entries for delete (direct insert, no TxnCtx) ... done.
 75.5 ms (1M ops/s) [10 batches]
    iter 3/3 ...    [PREPOP] Pre-populating DVI tree with 100000 entries for delete (direct insert, no TxnCtx) ... done.
 78.4 ms (1M ops/s) [10 batches]
  [268/1728] od_single / delete / random / size=100000 viol=100% dup=0% t=8
    iter 1/3 ...    [PREPOP] Pre-populating DVI tree with 100000 entries for delete (direct insert, no TxnCtx) ... done.
 55.3 ms (2M ops/s) [10 batches]
    iter 2/3 ...    [PREPOP] Pre-populating DVI tree with 100000 entries for delete (direct insert, no TxnCtx) ... done.
 55.3 ms (2M ops/s) [10 batches]
    iter 3/3 ...    [PREPOP] Pre-populating DVI tree with 100000 entries for delete (direct insert, no TxnCtx) ... done.
 53.9 ms (2M ops/s) [10 batches]
  [269/1728] od_single / delete / random / size=100000 viol=100% dup=0% t=16
    iter 1/3 ...    [PREPOP] Pre-populating DVI tree with 100000 entries for delete (direct insert, no TxnCtx) ... done.
 41.1 ms (2M ops/s) [10 batches]
    iter 2/3 ...    [PREPOP] Pre-populating DVI tree with 100000 entries for delete (direct insert, no TxnCtx) ... done.
 41.1 ms (2M ops/s) [10 batches]
    iter 3/3 ...    [PREPOP] Pre-populating DVI tree with 100000 entries for delete (direct insert, no TxnCtx) ... done.
 41.6 ms (2M ops/s) [10 batches]
  [270/1728] od_single / delete / random / size=100000 viol=100% dup=0% t=32
    iter 1/3 ...    [PREPOP] Pre-populating DVI tree with 100000 entries for delete (direct insert, no TxnCtx) ... done.
 45.3 ms (2M ops/s) [10 batches]
    iter 2/3 ...    [PREPOP] Pre-populating DVI tree with 100000 entries for delete (direct insert, no TxnCtx) ... done.
 44.9 ms (2M ops/s) [10 batches]
    iter 3/3 ...    [PREPOP] Pre-populating DVI tree with 100000 entries for delete (direct insert, no TxnCtx) ... done.
 45.0 ms (2M ops/s) [10 batches]
[MEM] Freed entry vectors for od_single

[MECH] === od_multi (multi=true, od=true) ===
[DATA] Generating OD entries: random size=100000 viol=100% multi=true ... done (1 MB entries + 1 MB keys)
  [271/1728] od_multi / insert / random / size=100000 viol=100% dup=0% t=1
    iter 1/3 ... 207.9 ms (0M ops/s) [10 batches]
    iter 2/3 ... 197.8 ms (1M ops/s) [10 batches]
    iter 3/3 ... 197.7 ms (1M ops/s) [10 batches]
  [272/1728] od_multi / insert / random / size=100000 viol=100% dup=0% t=2
    iter 1/3 ... 132.1 ms (1M ops/s) [10 batches]
    iter 2/3 ... 129.4 ms (1M ops/s) [10 batches]
    iter 3/3 ... 128.3 ms (1M ops/s) [10 batches]
  [273/1728] od_multi / insert / random / size=100000 viol=100% dup=0% t=4
    iter 1/3 ... 95.6 ms (1M ops/s) [10 batches]
    iter 2/3 ... 84.2 ms (1M ops/s) [10 batches]
    iter 3/3 ... 82.1 ms (1M ops/s) [10 batches]
  [274/1728] od_multi / insert / random / size=100000 viol=100% dup=0% t=8
    iter 1/3 ... 72.7 ms (1M ops/s) [10 batches]
    iter 2/3 ... 64.8 ms (2M ops/s) [10 batches]
    iter 3/3 ... 63.9 ms (2M ops/s) [10 batches]
  [275/1728] od_multi / insert / random / size=100000 viol=100% dup=0% t=16
    iter 1/3 ... 60.5 ms (2M ops/s) [10 batches]
    iter 2/3 ... 57.3 ms (2M ops/s) [10 batches]
    iter 3/3 ... 56.6 ms (2M ops/s) [10 batches]
  [276/1728] od_multi / insert / random / size=100000 viol=100% dup=0% t=32
    iter 1/3 ... 58.0 ms (2M ops/s) [10 batches]
    iter 2/3 ... 56.7 ms (2M ops/s) [10 batches]
    iter 3/3 ... 56.7 ms (2M ops/s) [10 batches]
  [277/1728] od_multi / lookup / random / size=100000 viol=100% dup=0% t=1
    iter 1/3 ...    [PREPOP] Pre-populating DVI tree with 100000 entries for lookup (direct insert) ... done.
 36.4 ms (3M ops/s) [10 batches]
    iter 2/3 ...    [PREPOP] Pre-populating DVI tree with 100000 entries for lookup (direct insert) ... done.
 36.5 ms (3M ops/s) [10 batches]
    iter 3/3 ...    [PREPOP] Pre-populating DVI tree with 100000 entries for lookup (direct insert) ... done.
 36.5 ms (3M ops/s) [10 batches]
  [278/1728] od_multi / lookup / random / size=100000 viol=100% dup=0% t=2
    iter 1/3 ...    [PREPOP] Pre-populating DVI tree with 100000 entries for lookup (direct insert) ... done.
 22.0 ms (5M ops/s) [10 batches]
    iter 2/3 ...    [PREPOP] Pre-populating DVI tree with 100000 entries for lookup (direct insert) ... done.
 22.3 ms (4M ops/s) [10 batches]
    iter 3/3 ...    [PREPOP] Pre-populating DVI tree with 100000 entries for lookup (direct insert) ... done.
 22.3 ms (4M ops/s) [10 batches]
  [279/1728] od_multi / lookup / random / size=100000 viol=100% dup=0% t=4
    iter 1/3 ...    [PREPOP] Pre-populating DVI tree with 100000 entries for lookup (direct insert) ... done.
 14.7 ms (7M ops/s) [10 batches]
    iter 2/3 ...    [PREPOP] Pre-populating DVI tree with 100000 entries for lookup (direct insert) ... done.
 14.3 ms (7M ops/s) [10 batches]
    iter 3/3 ...    [PREPOP] Pre-populating DVI tree with 100000 entries for lookup (direct insert) ... done.
 14.0 ms (7M ops/s) [10 batches]
  [280/1728] od_multi / lookup / random / size=100000 viol=100% dup=0% t=8
    iter 1/3 ...    [PREPOP] Pre-populating DVI tree with 100000 entries for lookup (direct insert) ... done.
 9.9 ms (10M ops/s) [10 batches]
    iter 2/3 ...    [PREPOP] Pre-populating DVI tree with 100000 entries for lookup (direct insert) ... done.
 10.2 ms (10M ops/s) [10 batches]
    iter 3/3 ...    [PREPOP] Pre-populating DVI tree with 100000 entries for lookup (direct insert) ... done.
 9.8 ms (10M ops/s) [10 batches]
  [281/1728] od_multi / lookup / random / size=100000 viol=100% dup=0% t=16
    iter 1/3 ...    [PREPOP] Pre-populating DVI tree with 100000 entries for lookup (direct insert) ... done.
 13.0 ms (8M ops/s) [10 batches]
    iter 2/3 ...    [PREPOP] Pre-populating DVI tree with 100000 entries for lookup (direct insert) ... done.
 12.7 ms (8M ops/s) [10 batches]
    iter 3/3 ...    [PREPOP] Pre-populating DVI tree with 100000 entries for lookup (direct insert) ... done.
 12.8 ms (8M ops/s) [10 batches]
  [282/1728] od_multi / lookup / random / size=100000 viol=100% dup=0% t=32
    iter 1/3 ...    [PREPOP] Pre-populating DVI tree with 100000 entries for lookup (direct insert) ... done.
 27.1 ms (4M ops/s) [10 batches]
    iter 2/3 ...    [PREPOP] Pre-populating DVI tree with 100000 entries for lookup (direct insert) ... done.
 27.6 ms (4M ops/s) [10 batches]
    iter 3/3 ...    [PREPOP] Pre-populating DVI tree with 100000 entries for lookup (direct insert) ... done.
 27.5 ms (4M ops/s) [10 batches]
  [283/1728] od_multi / delete / random / size=100000 viol=100% dup=0% t=1
    iter 1/3 ...    [PREPOP] Pre-populating DVI tree with 100000 entries for delete (direct insert, no TxnCtx) ... done.
 187.6 ms (1M ops/s) [10 batches]
    iter 2/3 ...    [PREPOP] Pre-populating DVI tree with 100000 entries for delete (direct insert, no TxnCtx) ... done.
 185.7 ms (1M ops/s) [10 batches]
    iter 3/3 ...    [PREPOP] Pre-populating DVI tree with 100000 entries for delete (direct insert, no TxnCtx) ... done.
 186.5 ms (1M ops/s) [10 batches]
  [284/1728] od_multi / delete / random / size=100000 viol=100% dup=0% t=2
    iter 1/3 ...    [PREPOP] Pre-populating DVI tree with 100000 entries for delete (direct insert, no TxnCtx) ... done.
 121.1 ms (1M ops/s) [10 batches]
    iter 2/3 ...    [PREPOP] Pre-populating DVI tree with 100000 entries for delete (direct insert, no TxnCtx) ... done.
 118.3 ms (1M ops/s) [10 batches]
    iter 3/3 ...    [PREPOP] Pre-populating DVI tree with 100000 entries for delete (direct insert, no TxnCtx) ... done.
 121.1 ms (1M ops/s) [10 batches]
  [285/1728] od_multi / delete / random / size=100000 viol=100% dup=0% t=4
    iter 1/3 ...    [PREPOP] Pre-populating DVI tree with 100000 entries for delete (direct insert, no TxnCtx) ... done.
 76.5 ms (1M ops/s) [10 batches]
    iter 2/3 ...    [PREPOP] Pre-populating DVI tree with 100000 entries for delete (direct insert, no TxnCtx) ... done.
 77.2 ms (1M ops/s) [10 batches]
    iter 3/3 ...    [PREPOP] Pre-populating DVI tree with 100000 entries for delete (direct insert, no TxnCtx) ... done.
 75.6 ms (1M ops/s) [10 batches]
  [286/1728] od_multi / delete / random / size=100000 viol=100% dup=0% t=8
    iter 1/3 ...    [PREPOP] Pre-populating DVI tree with 100000 entries for delete (direct insert, no TxnCtx) ... done.
 55.2 ms (2M ops/s) [10 batches]
    iter 2/3 ...    [PREPOP] Pre-populating DVI tree with 100000 entries for delete (direct insert, no TxnCtx) ... done.
 54.3 ms (2M ops/s) [10 batches]
    iter 3/3 ...    [PREPOP] Pre-populating DVI tree with 100000 entries for delete (direct insert, no TxnCtx) ... done.
 53.7 ms (2M ops/s) [10 batches]
  [287/1728] od_multi / delete / random / size=100000 viol=100% dup=0% t=16
    iter 1/3 ...    [PREPOP] Pre-populating DVI tree with 100000 entries for delete (direct insert, no TxnCtx) ... done.
 40.5 ms (2M ops/s) [10 batches]
    iter 2/3 ...    [PREPOP] Pre-populating DVI tree with 100000 entries for delete (direct insert, no TxnCtx) ... done.
 41.2 ms (2M ops/s) [10 batches]
    iter 3/3 ...    [PREPOP] Pre-populating DVI tree with 100000 entries for delete (direct insert, no TxnCtx) ... done.
 41.0 ms (2M ops/s) [10 batches]
  [288/1728] od_multi / delete / random / size=100000 viol=100% dup=0% t=32
    iter 1/3 ...    [PREPOP] Pre-populating DVI tree with 100000 entries for delete (direct insert, no TxnCtx) ... done.
 44.5 ms (2M ops/s) [10 batches]
    iter 2/3 ...    [PREPOP] Pre-populating DVI tree with 100000 entries for delete (direct insert, no TxnCtx) ... done.
 44.3 ms (2M ops/s) [10 batches]
    iter 3/3 ...    [PREPOP] Pre-populating DVI tree with 100000 entries for delete (direct insert, no TxnCtx) ... done.
 44.2 ms (2M ops/s) [10 batches]
[MEM] Freed entry vectors for od_multi

[MECH] === od_single (multi=false, od=true) ===
[DATA] Generating OD entries: sequential size=100000 viol=0% multi=false ... done (1 MB entries + 1 MB keys)
  [289/1728] od_single / insert / sequential / size=100000 viol=0% dup=10% t=1
    iter 1/3 ... 226.6 ms (0M ops/s) [10 batches]
    iter 2/3 ... 220.1 ms (0M ops/s) [10 batches]
    iter 3/3 ... 221.8 ms (0M ops/s) [10 batches]
  [290/1728] od_single / insert / sequential / size=100000 viol=0% dup=10% t=2
    iter 1/3 ... 192.6 ms (1M ops/s) [10 batches]
    iter 2/3 ... 188.7 ms (1M ops/s) [10 batches]
    iter 3/3 ... 193.3 ms (1M ops/s) [10 batches]
  [291/1728] od_single / insert / sequential / size=100000 viol=0% dup=10% t=4
    iter 1/3 ... 161.7 ms (1M ops/s) [10 batches]
    iter 2/3 ... 130.3 ms (1M ops/s) [10 batches]
    iter 3/3 ... 120.5 ms (1M ops/s) [10 batches]
  [292/1728] od_single / insert / sequential / size=100000 viol=0% dup=10% t=8
    iter 1/3 ... 118.4 ms (1M ops/s) [10 batches]
    iter 2/3 ... 95.2 ms (1M ops/s) [10 batches]
    iter 3/3 ... 91.6 ms (1M ops/s) [10 batches]
  [293/1728] od_single / insert / sequential / size=100000 viol=0% dup=10% t=16
    iter 1/3 ... 85.5 ms (1M ops/s) [10 batches]
    iter 2/3 ... 77.7 ms (1M ops/s) [10 batches]
    iter 3/3 ... 78.1 ms (1M ops/s) [10 batches]
  [294/1728] od_single / insert / sequential / size=100000 viol=0% dup=10% t=32
    iter 1/3 ... 86.0 ms (1M ops/s) [10 batches]
    iter 2/3 ... 81.8 ms (1M ops/s) [10 batches]
    iter 3/3 ... 81.0 ms (1M ops/s) [10 batches]
  [295/1728] od_single / lookup / sequential / size=100000 viol=0% dup=10% t=1
    iter 1/3 ...    [PREPOP] Pre-populating DVI tree with 100000 entries for lookup (direct insert) ... done.
 23.2 ms (4M ops/s) [10 batches]
    iter 2/3 ...    [PREPOP] Pre-populating DVI tree with 100000 entries for lookup (direct insert) ... done.
 24.6 ms (4M ops/s) [10 batches]
    iter 3/3 ...    [PREPOP] Pre-populating DVI tree with 100000 entries for lookup (direct insert) ... done.
 25.6 ms (4M ops/s) [10 batches]
  [296/1728] od_single / lookup / sequential / size=100000 viol=0% dup=10% t=2
    iter 1/3 ...    [PREPOP] Pre-populating DVI tree with 100000 entries for lookup (direct insert) ... done.
 16.0 ms (6M ops/s) [10 batches]
    iter 2/3 ...    [PREPOP] Pre-populating DVI tree with 100000 entries for lookup (direct insert) ... done.
 16.3 ms (6M ops/s) [10 batches]
    iter 3/3 ...    [PREPOP] Pre-populating DVI tree with 100000 entries for lookup (direct insert) ... done.
 16.1 ms (6M ops/s) [10 batches]
  [297/1728] od_single / lookup / sequential / size=100000 viol=0% dup=10% t=4
    iter 1/3 ...    [PREPOP] Pre-populating DVI tree with 100000 entries for lookup (direct insert) ... done.
 11.2 ms (9M ops/s) [10 batches]
    iter 2/3 ...    [PREPOP] Pre-populating DVI tree with 100000 entries for lookup (direct insert) ... done.
 10.9 ms (9M ops/s) [10 batches]
    iter 3/3 ...    [PREPOP] Pre-populating DVI tree with 100000 entries for lookup (direct insert) ... done.
 10.7 ms (9M ops/s) [10 batches]
  [298/1728] od_single / lookup / sequential / size=100000 viol=0% dup=10% t=8
    iter 1/3 ...    [PREPOP] Pre-populating DVI tree with 100000 entries for lookup (direct insert) ... done.
 9.5 ms (11M ops/s) [10 batches]
    iter 2/3 ...    [PREPOP] Pre-populating DVI tree with 100000 entries for lookup (direct insert) ... done.
 9.4 ms (11M ops/s) [10 batches]
    iter 3/3 ...    [PREPOP] Pre-populating DVI tree with 100000 entries for lookup (direct insert) ... done.
 9.5 ms (11M ops/s) [10 batches]
  [299/1728] od_single / lookup / sequential / size=100000 viol=0% dup=10% t=16
    iter 1/3 ...    [PREPOP] Pre-populating DVI tree with 100000 entries for lookup (direct insert) ... done.
 13.2 ms (8M ops/s) [10 batches]
    iter 2/3 ...    [PREPOP] Pre-populating DVI tree with 100000 entries for lookup (direct insert) ... done.
 13.3 ms (8M ops/s) [10 batches]
    iter 3/3 ...    [PREPOP] Pre-populating DVI tree with 100000 entries for lookup (direct insert) ... done.
 12.9 ms (8M ops/s) [10 batches]
  [300/1728] od_single / lookup / sequential / size=100000 viol=0% dup=10% t=32
    iter 1/3 ...    [PREPOP] Pre-populating DVI tree with 100000 entries for lookup (direct insert) ... done.
 27.8 ms (4M ops/s) [10 batches]
    iter 2/3 ...    [PREPOP] Pre-populating DVI tree with 100000 entries for lookup (direct insert) ... done.
 27.3 ms (4M ops/s) [10 batches]
    iter 3/3 ...    [PREPOP] Pre-populating DVI tree with 100000 entries for lookup (direct insert) ... done.
 28.3 ms (4M ops/s) [10 batches]
  [301/1728] od_single / delete / sequential / size=100000 viol=0% dup=10% t=1
    iter 1/3 ...    [PREPOP] Pre-populating DVI tree with 100000 entries for delete (direct insert, no TxnCtx) ... done.
 115.9 ms (1M ops/s) [10 batches]
    iter 2/3 ...    [PREPOP] Pre-populating DVI tree with 100000 entries for delete (direct insert, no TxnCtx) ... done.
 116.3 ms (1M ops/s) [10 batches]
    iter 3/3 ...    [PREPOP] Pre-populating DVI tree with 100000 entries for delete (direct insert, no TxnCtx) ... done.
 118.3 ms (1M ops/s) [10 batches]
  [302/1728] od_single / delete / sequential / size=100000 viol=0% dup=10% t=2
    iter 1/3 ...    [PREPOP] Pre-populating DVI tree with 100000 entries for delete (direct insert, no TxnCtx) ... done.
 136.7 ms (1M ops/s) [10 batches]
    iter 2/3 ...    [PREPOP] Pre-populating DVI tree with 100000 entries for delete (direct insert, no TxnCtx) ... done.
 133.5 ms (1M ops/s) [10 batches]
    iter 3/3 ...    [PREPOP] Pre-populating DVI tree with 100000 entries for delete (direct insert, no TxnCtx) ... done.
 136.8 ms (1M ops/s) [10 batches]
  [303/1728] od_single / delete / sequential / size=100000 viol=0% dup=10% t=4
    iter 1/3 ...    [PREPOP] Pre-populating DVI tree with 100000 entries for delete (direct insert, no TxnCtx) ... done.
 142.3 ms (1M ops/s) [10 batches]
    iter 2/3 ...    [PREPOP] Pre-populating DVI tree with 100000 entries for delete (direct insert, no TxnCtx) ... done.
 141.1 ms (1M ops/s) [10 batches]
    iter 3/3 ...    [PREPOP] Pre-populating DVI tree with 100000 entries for delete (direct insert, no TxnCtx) ... done.
 141.0 ms (1M ops/s) [10 batches]
  [304/1728] od_single / delete / sequential / size=100000 viol=0% dup=10% t=8
    iter 1/3 ...    [PREPOP] Pre-populating DVI tree with 100000 entries for delete (direct insert, no TxnCtx) ... done.
 141.0 ms (1M ops/s) [10 batches]
    iter 2/3 ...    [PREPOP] Pre-populating DVI tree with 100000 entries for delete (direct insert, no TxnCtx) ... done.
 142.7 ms (1M ops/s) [10 batches]
    iter 3/3 ...    [PREPOP] Pre-populating DVI tree with 100000 entries for delete (direct insert, no TxnCtx) ... done.
 143.3 ms (1M ops/s) [10 batches]
  [305/1728] od_single / delete / sequential / size=100000 viol=0% dup=10% t=16
    iter 1/3 ...    [PREPOP] Pre-populating DVI tree with 100000 entries for delete (direct insert, no TxnCtx) ... done.
 120.6 ms (1M ops/s) [10 batches]
    iter 2/3 ...    [PREPOP] Pre-populating DVI tree with 100000 entries for delete (direct insert, no TxnCtx) ... done.
 120.2 ms (1M ops/s) [10 batches]
    iter 3/3 ...    [PREPOP] Pre-populating DVI tree with 100000 entries for delete (direct insert, no TxnCtx) ... done.
 119.8 ms (1M ops/s) [10 batches]
  [306/1728] od_single / delete / sequential / size=100000 viol=0% dup=10% t=32
    iter 1/3 ...    [PREPOP] Pre-populating DVI tree with 100000 entries for delete (direct insert, no TxnCtx) ... done.
 114.0 ms (1M ops/s) [10 batches]
    iter 2/3 ...    [PREPOP] Pre-populating DVI tree with 100000 entries for delete (direct insert, no TxnCtx) ... done.
 113.6 ms (1M ops/s) [10 batches]
    iter 3/3 ...    [PREPOP] Pre-populating DVI tree with 100000 entries for delete (direct insert, no TxnCtx) ... done.
 112.9 ms (1M ops/s) [10 batches]
[MEM] Freed entry vectors for od_single

[MECH] === od_multi (multi=true, od=true) ===
[DATA] Generating OD entries: sequential size=100000 viol=0% multi=true ... done (1 MB entries + 1 MB keys)
  [307/1728] od_multi / insert / sequential / size=100000 viol=0% dup=10% t=1
    iter 1/3 ... 229.9 ms (0M ops/s) [10 batches]
    iter 2/3 ... 218.6 ms (0M ops/s) [10 batches]
    iter 3/3 ... 219.1 ms (0M ops/s) [10 batches]
  [308/1728] od_multi / insert / sequential / size=100000 viol=0% dup=10% t=2
    iter 1/3 ... 196.4 ms (1M ops/s) [10 batches]
    iter 2/3 ... 193.1 ms (1M ops/s) [10 batches]
    iter 3/3 ... 188.7 ms (1M ops/s) [10 batches]
  [309/1728] od_multi / insert / sequential / size=100000 viol=0% dup=10% t=4
    iter 1/3 ... 156.7 ms (1M ops/s) [10 batches]
    iter 2/3 ... 128.8 ms (1M ops/s) [10 batches]
    iter 3/3 ... 121.0 ms (1M ops/s) [10 batches]
  [310/1728] od_multi / insert / sequential / size=100000 viol=0% dup=10% t=8
    iter 1/3 ... 121.1 ms (1M ops/s) [10 batches]
    iter 2/3 ... 97.5 ms (1M ops/s) [10 batches]
    iter 3/3 ... 91.7 ms (1M ops/s) [10 batches]
  [311/1728] od_multi / insert / sequential / size=100000 viol=0% dup=10% t=16
    iter 1/3 ... 87.3 ms (1M ops/s) [10 batches]
    iter 2/3 ... 77.8 ms (1M ops/s) [10 batches]
    iter 3/3 ... 79.0 ms (1M ops/s) [10 batches]
  [312/1728] od_multi / insert / sequential / size=100000 viol=0% dup=10% t=32
    iter 1/3 ... 85.5 ms (1M ops/s) [10 batches]
    iter 2/3 ... 81.4 ms (1M ops/s) [10 batches]
    iter 3/3 ... 81.0 ms (1M ops/s) [10 batches]
  [313/1728] od_multi / lookup / sequential / size=100000 viol=0% dup=10% t=1
    iter 1/3 ...    [PREPOP] Pre-populating DVI tree with 100000 entries for lookup (direct insert) ... done.
 20.9 ms (5M ops/s) [10 batches]
    iter 2/3 ...    [PREPOP] Pre-populating DVI tree with 100000 entries for lookup (direct insert) ... done.
 22.9 ms (4M ops/s) [10 batches]
    iter 3/3 ...    [PREPOP] Pre-populating DVI tree with 100000 entries for lookup (direct insert) ... done.
 22.9 ms (4M ops/s) [10 batches]
  [314/1728] od_multi / lookup / sequential / size=100000 viol=0% dup=10% t=2
    iter 1/3 ...    [PREPOP] Pre-populating DVI tree with 100000 entries for lookup (direct insert) ... done.
 16.5 ms (6M ops/s) [10 batches]
    iter 2/3 ...    [PREPOP] Pre-populating DVI tree with 100000 entries for lookup (direct insert) ... done.
 16.3 ms (6M ops/s) [10 batches]
    iter 3/3 ...    [PREPOP] Pre-populating DVI tree with 100000 entries for lookup (direct insert) ... done.
 15.9 ms (6M ops/s) [10 batches]
  [315/1728] od_multi / lookup / sequential / size=100000 viol=0% dup=10% t=4
    iter 1/3 ...    [PREPOP] Pre-populating DVI tree with 100000 entries for lookup (direct insert) ... done.
 10.6 ms (9M ops/s) [10 batches]
    iter 2/3 ...    [PREPOP] Pre-populating DVI tree with 100000 entries for lookup (direct insert) ... done.
 10.9 ms (9M ops/s) [10 batches]
    iter 3/3 ...    [PREPOP] Pre-populating DVI tree with 100000 entries for lookup (direct insert) ... done.
 10.7 ms (9M ops/s) [10 batches]
  [316/1728] od_multi / lookup / sequential / size=100000 viol=0% dup=10% t=8
    iter 1/3 ...    [PREPOP] Pre-populating DVI tree with 100000 entries for lookup (direct insert) ... done.
 8.9 ms (11M ops/s) [10 batches]
    iter 2/3 ...    [PREPOP] Pre-populating DVI tree with 100000 entries for lookup (direct insert) ... done.
 9.1 ms (11M ops/s) [10 batches]
    iter 3/3 ...    [PREPOP] Pre-populating DVI tree with 100000 entries for lookup (direct insert) ... done.
 9.2 ms (11M ops/s) [10 batches]
  [317/1728] od_multi / lookup / sequential / size=100000 viol=0% dup=10% t=16
    iter 1/3 ...    [PREPOP] Pre-populating DVI tree with 100000 entries for lookup (direct insert) ... done.
 13.7 ms (7M ops/s) [10 batches]
    iter 2/3 ...    [PREPOP] Pre-populating DVI tree with 100000 entries for lookup (direct insert) ... done.
 13.3 ms (8M ops/s) [10 batches]
    iter 3/3 ...    [PREPOP] Pre-populating DVI tree with 100000 entries for lookup (direct insert) ... done.
 13.0 ms (8M ops/s) [10 batches]
  [318/1728] od_multi / lookup / sequential / size=100000 viol=0% dup=10% t=32
    iter 1/3 ...    [PREPOP] Pre-populating DVI tree with 100000 entries for lookup (direct insert) ... done.
 28.1 ms (4M ops/s) [10 batches]
    iter 2/3 ...    [PREPOP] Pre-populating DVI tree with 100000 entries for lookup (direct insert) ... done.
 28.4 ms (4M ops/s) [10 batches]
    iter 3/3 ...    [PREPOP] Pre-populating DVI tree with 100000 entries for lookup (direct insert) ... done.
 27.9 ms (4M ops/s) [10 batches]
  [319/1728] od_multi / delete / sequential / size=100000 viol=0% dup=10% t=1
    iter 1/3 ...    [PREPOP] Pre-populating DVI tree with 100000 entries for delete (direct insert, no TxnCtx) ... done.
 115.5 ms (1M ops/s) [10 batches]
    iter 2/3 ...    [PREPOP] Pre-populating DVI tree with 100000 entries for delete (direct insert, no TxnCtx) ... done.
 114.7 ms (1M ops/s) [10 batches]
    iter 3/3 ...    [PREPOP] Pre-populating DVI tree with 100000 entries for delete (direct insert, no TxnCtx) ... done.
 112.1 ms (1M ops/s) [10 batches]
  [320/1728] od_multi / delete / sequential / size=100000 viol=0% dup=10% t=2
    iter 1/3 ...    [PREPOP] Pre-populating DVI tree with 100000 entries for delete (direct insert, no TxnCtx) ... done.
 132.2 ms (1M ops/s) [10 batches]
    iter 2/3 ...    [PREPOP] Pre-populating DVI tree with 100000 entries for delete (direct insert, no TxnCtx) ... done.
 134.3 ms (1M ops/s) [10 batches]
    iter 3/3 ...    [PREPOP] Pre-populating DVI tree with 100000 entries for delete (direct insert, no TxnCtx) ... done.
 132.2 ms (1M ops/s) [10 batches]
  [321/1728] od_multi / delete / sequential / size=100000 viol=0% dup=10% t=4
    iter 1/3 ...    [PREPOP] Pre-populating DVI tree with 100000 entries for delete (direct insert, no TxnCtx) ... done.
 139.8 ms (1M ops/s) [10 batches]
    iter 2/3 ...    [PREPOP] Pre-populating DVI tree with 100000 entries for delete (direct insert, no TxnCtx) ... done.
 142.4 ms (1M ops/s) [10 batches]
    iter 3/3 ...    [PREPOP] Pre-populating DVI tree with 100000 entries for delete (direct insert, no TxnCtx) ... done.
 141.7 ms (1M ops/s) [10 batches]
  [322/1728] od_multi / delete / sequential / size=100000 viol=0% dup=10% t=8
    iter 1/3 ...    [PREPOP] Pre-populating DVI tree with 100000 entries for delete (direct insert, no TxnCtx) ... done.
 142.4 ms (1M ops/s) [10 batches]
    iter 2/3 ...    [PREPOP] Pre-populating DVI tree with 100000 entries for delete (direct insert, no TxnCtx) ... done.
 141.3 ms (1M ops/s) [10 batches]
    iter 3/3 ...    [PREPOP] Pre-populating DVI tree with 100000 entries for delete (direct insert, no TxnCtx) ... done.
 135.1 ms (1M ops/s) [10 batches]
  [323/1728] od_multi / delete / sequential / size=100000 viol=0% dup=10% t=16
    iter 1/3 ...    [PREPOP] Pre-populating DVI tree with 100000 entries for delete (direct insert, no TxnCtx) ... done.
 119.1 ms (1M ops/s) [10 batches]
    iter 2/3 ...    [PREPOP] Pre-populating DVI tree with 100000 entries for delete (direct insert, no TxnCtx) ... done.
 119.2 ms (1M ops/s) [10 batches]
    iter 3/3 ...    [PREPOP] Pre-populating DVI tree with 100000 entries for delete (direct insert, no TxnCtx) ... done.
 119.3 ms (1M ops/s) [10 batches]
  [324/1728] od_multi / delete / sequential / size=100000 viol=0% dup=10% t=32
    iter 1/3 ...    [PREPOP] Pre-populating DVI tree with 100000 entries for delete (direct insert, no TxnCtx) ... done.
 113.7 ms (1M ops/s) [10 batches]
    iter 2/3 ...    [PREPOP] Pre-populating DVI tree with 100000 entries for delete (direct insert, no TxnCtx) ... done.
 113.5 ms (1M ops/s) [10 batches]
    iter 3/3 ...    [PREPOP] Pre-populating DVI tree with 100000 entries for delete (direct insert, no TxnCtx) ... done.
 113.3 ms (1M ops/s) [10 batches]
[MEM] Freed entry vectors for od_multi

[MECH] === od_single (multi=false, od=true) ===
[DATA] Generating OD entries: sequential size=100000 viol=10% multi=false ... done (1 MB entries + 1 MB keys)
  [325/1728] od_single / insert / sequential / size=100000 viol=10% dup=10% t=1
    iter 1/3 ... 226.9 ms (0M ops/s) [10 batches]
    iter 2/3 ... 211.9 ms (0M ops/s) [10 batches]
    iter 3/3 ... 217.2 ms (0M ops/s) [10 batches]
  [326/1728] od_single / insert / sequential / size=100000 viol=10% dup=10% t=2
    iter 1/3 ... 191.0 ms (1M ops/s) [10 batches]
    iter 2/3 ... 190.1 ms (1M ops/s) [10 batches]
    iter 3/3 ... 183.5 ms (1M ops/s) [10 batches]
  [327/1728] od_single / insert / sequential / size=100000 viol=10% dup=10% t=4
    iter 1/3 ... 156.6 ms (1M ops/s) [10 batches]
    iter 2/3 ... 132.4 ms (1M ops/s) [10 batches]
    iter 3/3 ... 128.1 ms (1M ops/s) [10 batches]
  [328/1728] od_single / insert / sequential / size=100000 viol=10% dup=10% t=8
    iter 1/3 ... 119.8 ms (1M ops/s) [10 batches]
    iter 2/3 ... 98.0 ms (1M ops/s) [10 batches]
    iter 3/3 ... 89.9 ms (1M ops/s) [10 batches]
  [329/1728] od_single / insert / sequential / size=100000 viol=10% dup=10% t=16
    iter 1/3 ... 87.8 ms (1M ops/s) [10 batches]
    iter 2/3 ... 78.4 ms (1M ops/s) [10 batches]
    iter 3/3 ... 75.9 ms (1M ops/s) [10 batches]
  [330/1728] od_single / insert / sequential / size=100000 viol=10% dup=10% t=32
    iter 1/3 ... 84.9 ms (1M ops/s) [10 batches]
    iter 2/3 ... 81.6 ms (1M ops/s) [10 batches]
    iter 3/3 ... 81.4 ms (1M ops/s) [10 batches]
  [331/1728] od_single / lookup / sequential / size=100000 viol=10% dup=10% t=1
    iter 1/3 ...    [PREPOP] Pre-populating DVI tree with 100000 entries for lookup (direct insert) ... done.
 23.1 ms (4M ops/s) [10 batches]
    iter 2/3 ...    [PREPOP] Pre-populating DVI tree with 100000 entries for lookup (direct insert) ... done.
 25.0 ms (4M ops/s) [10 batches]
    iter 3/3 ...    [PREPOP] Pre-populating DVI tree with 100000 entries for lookup (direct insert) ... done.
 24.2 ms (4M ops/s) [10 batches]
  [332/1728] od_single / lookup / sequential / size=100000 viol=10% dup=10% t=2
    iter 1/3 ...    [PREPOP] Pre-populating DVI tree with 100000 entries for lookup (direct insert) ... done.
 16.8 ms (6M ops/s) [10 batches]
    iter 2/3 ...    [PREPOP] Pre-populating DVI tree with 100000 entries for lookup (direct insert) ... done.
 16.9 ms (6M ops/s) [10 batches]
    iter 3/3 ...    [PREPOP] Pre-populating DVI tree with 100000 entries for lookup (direct insert) ... done.
 16.8 ms (6M ops/s) [10 batches]
  [333/1728] od_single / lookup / sequential / size=100000 viol=10% dup=10% t=4
    iter 1/3 ...    [PREPOP] Pre-populating DVI tree with 100000 entries for lookup (direct insert) ... done.
 11.2 ms (9M ops/s) [10 batches]
    iter 2/3 ...    [PREPOP] Pre-populating DVI tree with 100000 entries for lookup (direct insert) ... done.
 10.5 ms (10M ops/s) [10 batches]
    iter 3/3 ...    [PREPOP] Pre-populating DVI tree with 100000 entries for lookup (direct insert) ... done.
 11.1 ms (9M ops/s) [10 batches]
  [334/1728] od_single / lookup / sequential / size=100000 viol=10% dup=10% t=8
    iter 1/3 ...    [PREPOP] Pre-populating DVI tree with 100000 entries for lookup (direct insert) ... done.
 9.0 ms (11M ops/s) [10 batches]
    iter 2/3 ...    [PREPOP] Pre-populating DVI tree with 100000 entries for lookup (direct insert) ... done.
 9.1 ms (11M ops/s) [10 batches]
    iter 3/3 ...    [PREPOP] Pre-populating DVI tree with 100000 entries for lookup (direct insert) ... done.
 9.2 ms (11M ops/s) [10 batches]
  [335/1728] od_single / lookup / sequential / size=100000 viol=10% dup=10% t=16
    iter 1/3 ...    [PREPOP] Pre-populating DVI tree with 100000 entries for lookup (direct insert) ... done.
 13.3 ms (8M ops/s) [10 batches]
    iter 2/3 ...    [PREPOP] Pre-populating DVI tree with 100000 entries for lookup (direct insert) ... done.
 13.2 ms (8M ops/s) [10 batches]
    iter 3/3 ...    [PREPOP] Pre-populating DVI tree with 100000 entries for lookup (direct insert) ... done.
 13.3 ms (8M ops/s) [10 batches]
  [336/1728] od_single / lookup / sequential / size=100000 viol=10% dup=10% t=32
    iter 1/3 ...    [PREPOP] Pre-populating DVI tree with 100000 entries for lookup (direct insert) ... done.
 29.5 ms (3M ops/s) [10 batches]
    iter 2/3 ...    [PREPOP] Pre-populating DVI tree with 100000 entries for lookup (direct insert) ... done.
 28.2 ms (4M ops/s) [10 batches]
    iter 3/3 ...    [PREPOP] Pre-populating DVI tree with 100000 entries for lookup (direct insert) ... done.
 28.6 ms (3M ops/s) [10 batches]
  [337/1728] od_single / delete / sequential / size=100000 viol=10% dup=10% t=1
    iter 1/3 ...    [PREPOP] Pre-populating DVI tree with 100000 entries for delete (direct insert, no TxnCtx) ... done.
 113.6 ms (1M ops/s) [10 batches]
    iter 2/3 ...    [PREPOP] Pre-populating DVI tree with 100000 entries for delete (direct insert, no TxnCtx) ... done.
 115.0 ms (1M ops/s) [10 batches]
    iter 3/3 ...    [PREPOP] Pre-populating DVI tree with 100000 entries for delete (direct insert, no TxnCtx) ... done.
 113.8 ms (1M ops/s) [10 batches]
  [338/1728] od_single / delete / sequential / size=100000 viol=10% dup=10% t=2
    iter 1/3 ...    [PREPOP] Pre-populating DVI tree with 100000 entries for delete (direct insert, no TxnCtx) ... done.
 130.6 ms (1M ops/s) [10 batches]
    iter 2/3 ...    [PREPOP] Pre-populating DVI tree with 100000 entries for delete (direct insert, no TxnCtx) ... done.
 135.8 ms (1M ops/s) [10 batches]
    iter 3/3 ...    [PREPOP] Pre-populating DVI tree with 100000 entries for delete (direct insert, no TxnCtx) ... done.
 132.4 ms (1M ops/s) [10 batches]
  [339/1728] od_single / delete / sequential / size=100000 viol=10% dup=10% t=4
    iter 1/3 ...    [PREPOP] Pre-populating DVI tree with 100000 entries for delete (direct insert, no TxnCtx) ... done.
 139.4 ms (1M ops/s) [10 batches]
    iter 2/3 ...    [PREPOP] Pre-populating DVI tree with 100000 entries for delete (direct insert, no TxnCtx) ... done.
 142.5 ms (1M ops/s) [10 batches]
    iter 3/3 ...    [PREPOP] Pre-populating DVI tree with 100000 entries for delete (direct insert, no TxnCtx) ... done.
 141.3 ms (1M ops/s) [10 batches]
  [340/1728] od_single / delete / sequential / size=100000 viol=10% dup=10% t=8
    iter 1/3 ...    [PREPOP] Pre-populating DVI tree with 100000 entries for delete (direct insert, no TxnCtx) ... done.
 144.7 ms (1M ops/s) [10 batches]
    iter 2/3 ...    [PREPOP] Pre-populating DVI tree with 100000 entries for delete (direct insert, no TxnCtx) ... done.
 138.8 ms (1M ops/s) [10 batches]
    iter 3/3 ...    [PREPOP] Pre-populating DVI tree with 100000 entries for delete (direct insert, no TxnCtx) ... done.
 141.6 ms (1M ops/s) [10 batches]
  [341/1728] od_single / delete / sequential / size=100000 viol=10% dup=10% t=16
    iter 1/3 ...    [PREPOP] Pre-populating DVI tree with 100000 entries for delete (direct insert, no TxnCtx) ... done.
 120.5 ms (1M ops/s) [10 batches]
    iter 2/3 ...    [PREPOP] Pre-populating DVI tree with 100000 entries for delete (direct insert, no TxnCtx) ... done.
 119.9 ms (1M ops/s) [10 batches]
    iter 3/3 ...    [PREPOP] Pre-populating DVI tree with 100000 entries for delete (direct insert, no TxnCtx) ... done.
 120.6 ms (1M ops/s) [10 batches]
  [342/1728] od_single / delete / sequential / size=100000 viol=10% dup=10% t=32
    iter 1/3 ...    [PREPOP] Pre-populating DVI tree with 100000 entries for delete (direct insert, no TxnCtx) ... done.
 113.6 ms (1M ops/s) [10 batches]
    iter 2/3 ...    [PREPOP] Pre-populating DVI tree with 100000 entries for delete (direct insert, no TxnCtx) ... done.
 113.3 ms (1M ops/s) [10 batches]
    iter 3/3 ...    [PREPOP] Pre-populating DVI tree with 100000 entries for delete (direct insert, no TxnCtx) ... done.
 113.7 ms (1M ops/s) [10 batches]
[MEM] Freed entry vectors for od_single

[MECH] === od_multi (multi=true, od=true) ===
[DATA] Generating OD entries: sequential size=100000 viol=10% multi=true ... done (1 MB entries + 1 MB keys)
  [343/1728] od_multi / insert / sequential / size=100000 viol=10% dup=10% t=1
    iter 1/3 ... 229.0 ms (0M ops/s) [10 batches]
    iter 2/3 ... 218.6 ms (0M ops/s) [10 batches]
    iter 3/3 ... 217.2 ms (0M ops/s) [10 batches]
  [344/1728] od_multi / insert / sequential / size=100000 viol=10% dup=10% t=2
    iter 1/3 ... 192.3 ms (1M ops/s) [10 batches]
    iter 2/3 ... 188.0 ms (1M ops/s) [10 batches]
    iter 3/3 ... 184.1 ms (1M ops/s) [10 batches]
  [345/1728] od_multi / insert / sequential / size=100000 viol=10% dup=10% t=4
    iter 1/3 ... 154.7 ms (1M ops/s) [10 batches]
    iter 2/3 ... 128.9 ms (1M ops/s) [10 batches]
    iter 3/3 ... 134.6 ms (1M ops/s) [10 batches]
  [346/1728] od_multi / insert / sequential / size=100000 viol=10% dup=10% t=8
    iter 1/3 ... 119.4 ms (1M ops/s) [10 batches]
    iter 2/3 ... 95.8 ms (1M ops/s) [10 batches]
    iter 3/3 ... 92.9 ms (1M ops/s) [10 batches]
  [347/1728] od_multi / insert / sequential / size=100000 viol=10% dup=10% t=16
    iter 1/3 ... 87.6 ms (1M ops/s) [10 batches]
    iter 2/3 ... 77.6 ms (1M ops/s) [10 batches]
    iter 3/3 ... 78.3 ms (1M ops/s) [10 batches]
  [348/1728] od_multi / insert / sequential / size=100000 viol=10% dup=10% t=32
    iter 1/3 ... 85.1 ms (1M ops/s) [10 batches]
    iter 2/3 ... 81.4 ms (1M ops/s) [10 batches]
    iter 3/3 ... 82.9 ms (1M ops/s) [10 batches]
  [349/1728] od_multi / lookup / sequential / size=100000 viol=10% dup=10% t=1
    iter 1/3 ...    [PREPOP] Pre-populating DVI tree with 100000 entries for lookup (direct insert) ... done.
 22.6 ms (4M ops/s) [10 batches]
    iter 2/3 ...    [PREPOP] Pre-populating DVI tree with 100000 entries for lookup (direct insert) ... done.
 22.8 ms (4M ops/s) [10 batches]
    iter 3/3 ...    [PREPOP] Pre-populating DVI tree with 100000 entries for lookup (direct insert) ... done.
 21.9 ms (5M ops/s) [10 batches]
  [350/1728] od_multi / lookup / sequential / size=100000 viol=10% dup=10% t=2
    iter 1/3 ...    [PREPOP] Pre-populating DVI tree with 100000 entries for lookup (direct insert) ... done.
 15.6 ms (6M ops/s) [10 batches]
    iter 2/3 ...    [PREPOP] Pre-populating DVI tree with 100000 entries for lookup (direct insert) ... done.
 15.4 ms (7M ops/s) [10 batches]
    iter 3/3 ...    [PREPOP] Pre-populating DVI tree with 100000 entries for lookup (direct insert) ... done.
 15.6 ms (6M ops/s) [10 batches]
  [351/1728] od_multi / lookup / sequential / size=100000 viol=10% dup=10% t=4
    iter 1/3 ...    [PREPOP] Pre-populating DVI tree with 100000 entries for lookup (direct insert) ... done.
 10.9 ms (9M ops/s) [10 batches]
    iter 2/3 ...    [PREPOP] Pre-populating DVI tree with 100000 entries for lookup (direct insert) ... done.
 10.3 ms (10M ops/s) [10 batches]
    iter 3/3 ...    [PREPOP] Pre-populating DVI tree with 100000 entries for lookup (direct insert) ... done.
 10.8 ms (9M ops/s) [10 batches]
  [352/1728] od_multi / lookup / sequential / size=100000 viol=10% dup=10% t=8
    iter 1/3 ...    [PREPOP] Pre-populating DVI tree with 100000 entries for lookup (direct insert) ... done.
 9.0 ms (11M ops/s) [10 batches]
    iter 2/3 ...    [PREPOP] Pre-populating DVI tree with 100000 entries for lookup (direct insert) ... done.
 9.1 ms (11M ops/s) [10 batches]
    iter 3/3 ...    [PREPOP] Pre-populating DVI tree with 100000 entries for lookup (direct insert) ... done.
 9.0 ms (11M ops/s) [10 batches]
  [353/1728] od_multi / lookup / sequential / size=100000 viol=10% dup=10% t=16
    iter 1/3 ...    [PREPOP] Pre-populating DVI tree with 100000 entries for lookup (direct insert) ... done.
 13.2 ms (8M ops/s) [10 batches]
    iter 2/3 ...    [PREPOP] Pre-populating DVI tree with 100000 entries for lookup (direct insert) ... done.
 13.0 ms (8M ops/s) [10 batches]
    iter 3/3 ...    [PREPOP] Pre-populating DVI tree with 100000 entries for lookup (direct insert) ... done.
 13.2 ms (8M ops/s) [10 batches]
  [354/1728] od_multi / lookup / sequential / size=100000 viol=10% dup=10% t=32
    iter 1/3 ...    [PREPOP] Pre-populating DVI tree with 100000 entries for lookup (direct insert) ... done.
 28.1 ms (4M ops/s) [10 batches]
    iter 2/3 ...    [PREPOP] Pre-populating DVI tree with 100000 entries for lookup (direct insert) ... done.
 28.1 ms (4M ops/s) [10 batches]
    iter 3/3 ...    [PREPOP] Pre-populating DVI tree with 100000 entries for lookup (direct insert) ... done.
 27.4 ms (4M ops/s) [10 batches]
  [355/1728] od_multi / delete / sequential / size=100000 viol=10% dup=10% t=1
    iter 1/3 ...    [PREPOP] Pre-populating DVI tree with 100000 entries for delete (direct insert, no TxnCtx) ... done.
 115.7 ms (1M ops/s) [10 batches]
    iter 2/3 ...    [PREPOP] Pre-populating DVI tree with 100000 entries for delete (direct insert, no TxnCtx) ... done.
 114.2 ms (1M ops/s) [10 batches]
    iter 3/3 ...    [PREPOP] Pre-populating DVI tree with 100000 entries for delete (direct insert, no TxnCtx) ... done.
 115.8 ms (1M ops/s) [10 batches]
  [356/1728] od_multi / delete / sequential / size=100000 viol=10% dup=10% t=2
    iter 1/3 ...    [PREPOP] Pre-populating DVI tree with 100000 entries for delete (direct insert, no TxnCtx) ... done.
 134.5 ms (1M ops/s) [10 batches]
    iter 2/3 ...    [PREPOP] Pre-populating DVI tree with 100000 entries for delete (direct insert, no TxnCtx) ... done.
 131.2 ms (1M ops/s) [10 batches]
    iter 3/3 ...    [PREPOP] Pre-populating DVI tree with 100000 entries for delete (direct insert, no TxnCtx) ... done.
 132.3 ms (1M ops/s) [10 batches]
  [357/1728] od_multi / delete / sequential / size=100000 viol=10% dup=10% t=4
    iter 1/3 ...    [PREPOP] Pre-populating DVI tree with 100000 entries for delete (direct insert, no TxnCtx) ... done.
 139.2 ms (1M ops/s) [10 batches]
    iter 2/3 ...    [PREPOP] Pre-populating DVI tree with 100000 entries for delete (direct insert, no TxnCtx) ... done.
 141.4 ms (1M ops/s) [10 batches]
    iter 3/3 ...    [PREPOP] Pre-populating DVI tree with 100000 entries for delete (direct insert, no TxnCtx) ... done.
 141.1 ms (1M ops/s) [10 batches]
  [358/1728] od_multi / delete / sequential / size=100000 viol=10% dup=10% t=8
    iter 1/3 ...    [PREPOP] Pre-populating DVI tree with 100000 entries for delete (direct insert, no TxnCtx) ... done.
 143.3 ms (1M ops/s) [10 batches]
    iter 2/3 ...    [PREPOP] Pre-populating DVI tree with 100000 entries for delete (direct insert, no TxnCtx) ... done.
 142.6 ms (1M ops/s) [10 batches]
    iter 3/3 ...    [PREPOP] Pre-populating DVI tree with 100000 entries for delete (direct insert, no TxnCtx) ... done.
 142.7 ms (1M ops/s) [10 batches]
  [359/1728] od_multi / delete / sequential / size=100000 viol=10% dup=10% t=16
    iter 1/3 ...    [PREPOP] Pre-populating DVI tree with 100000 entries for delete (direct insert, no TxnCtx) ... done.
 119.1 ms (1M ops/s) [10 batches]
    iter 2/3 ...    [PREPOP] Pre-populating DVI tree with 100000 entries for delete (direct insert, no TxnCtx) ... done.
 119.7 ms (1M ops/s) [10 batches]
    iter 3/3 ...    [PREPOP] Pre-populating DVI tree with 100000 entries for delete (direct insert, no TxnCtx) ... done.
 119.5 ms (1M ops/s) [10 batches]
  [360/1728] od_multi / delete / sequential / size=100000 viol=10% dup=10% t=32
    iter 1/3 ...    [PREPOP] Pre-populating DVI tree with 100000 entries for delete (direct insert, no TxnCtx) ... done.
 113.5 ms (1M ops/s) [10 batches]
    iter 2/3 ...    [PREPOP] Pre-populating DVI tree with 100000 entries for delete (direct insert, no TxnCtx) ... done.
 113.1 ms (1M ops/s) [10 batches]
    iter 3/3 ...    [PREPOP] Pre-populating DVI tree with 100000 entries for delete (direct insert, no TxnCtx) ... done.
 113.6 ms (1M ops/s) [10 batches]
[MEM] Freed entry vectors for od_multi

[MECH] === od_single (multi=false, od=true) ===
[DATA] Generating OD entries: sequential size=100000 viol=20% multi=false ... done (1 MB entries + 1 MB keys)
  [361/1728] od_single / insert / sequential / size=100000 viol=20% dup=10% t=1
    iter 1/3 ... 230.6 ms (0M ops/s) [10 batches]
    iter 2/3 ... 219.2 ms (0M ops/s) [10 batches]
    iter 3/3 ... 214.7 ms (0M ops/s) [10 batches]
  [362/1728] od_single / insert / sequential / size=100000 viol=20% dup=10% t=2
    iter 1/3 ... 184.1 ms (1M ops/s) [10 batches]
    iter 2/3 ... 186.3 ms (1M ops/s) [10 batches]
    iter 3/3 ... 188.8 ms (1M ops/s) [10 batches]
  [363/1728] od_single / insert / sequential / size=100000 viol=20% dup=10% t=4
    iter 1/3 ... 146.8 ms (1M ops/s) [10 batches]
    iter 2/3 ... 132.3 ms (1M ops/s) [10 batches]
    iter 3/3 ... 127.5 ms (1M ops/s) [10 batches]
  [364/1728] od_single / insert / sequential / size=100000 viol=20% dup=10% t=8
    iter 1/3 ... 115.7 ms (1M ops/s) [10 batches]
    iter 2/3 ... 94.7 ms (1M ops/s) [10 batches]
    iter 3/3 ... 92.6 ms (1M ops/s) [10 batches]
  [365/1728] od_single / insert / sequential / size=100000 viol=20% dup=10% t=16
    iter 1/3 ... 89.4 ms (1M ops/s) [10 batches]
    iter 2/3 ... 79.5 ms (1M ops/s) [10 batches]
    iter 3/3 ... 78.5 ms (1M ops/s) [10 batches]
  [366/1728] od_single / insert / sequential / size=100000 viol=20% dup=10% t=32
    iter 1/3 ... 85.2 ms (1M ops/s) [10 batches]
    iter 2/3 ... 81.1 ms (1M ops/s) [10 batches]
    iter 3/3 ... 80.4 ms (1M ops/s) [10 batches]
  [367/1728] od_single / lookup / sequential / size=100000 viol=20% dup=10% t=1
    iter 1/3 ...    [PREPOP] Pre-populating DVI tree with 100000 entries for lookup (direct insert) ... done.
 24.5 ms (4M ops/s) [10 batches]
    iter 2/3 ...    [PREPOP] Pre-populating DVI tree with 100000 entries for lookup (direct insert) ... done.
 25.3 ms (4M ops/s) [10 batches]
    iter 3/3 ...    [PREPOP] Pre-populating DVI tree with 100000 entries for lookup (direct insert) ... done.
 24.5 ms (4M ops/s) [10 batches]
  [368/1728] od_single / lookup / sequential / size=100000 viol=20% dup=10% t=2
    iter 1/3 ...    [PREPOP] Pre-populating DVI tree with 100000 entries for lookup (direct insert) ... done.
 16.8 ms (6M ops/s) [10 batches]
    iter 2/3 ...    [PREPOP] Pre-populating DVI tree with 100000 entries for lookup (direct insert) ... done.
 17.6 ms (6M ops/s) [10 batches]
    iter 3/3 ...    [PREPOP] Pre-populating DVI tree with 100000 entries for lookup (direct insert) ... done.
 16.5 ms (6M ops/s) [10 batches]
  [369/1728] od_single / lookup / sequential / size=100000 viol=20% dup=10% t=4
    iter 1/3 ...    [PREPOP] Pre-populating DVI tree with 100000 entries for lookup (direct insert) ... done.
 11.2 ms (9M ops/s) [10 batches]
    iter 2/3 ...    [PREPOP] Pre-populating DVI tree with 100000 entries for lookup (direct insert) ... done.
 10.9 ms (9M ops/s) [10 batches]
    iter 3/3 ...    [PREPOP] Pre-populating DVI tree with 100000 entries for lookup (direct insert) ... done.
 11.3 ms (9M ops/s) [10 batches]
  [370/1728] od_single / lookup / sequential / size=100000 viol=20% dup=10% t=8
    iter 1/3 ...    [PREPOP] Pre-populating DVI tree with 100000 entries for lookup (direct insert) ... done.
 9.4 ms (11M ops/s) [10 batches]
    iter 2/3 ...    [PREPOP] Pre-populating DVI tree with 100000 entries for lookup (direct insert) ... done.
 9.0 ms (11M ops/s) [10 batches]
    iter 3/3 ...    [PREPOP] Pre-populating DVI tree with 100000 entries for lookup (direct insert) ... done.
 9.0 ms (11M ops/s) [10 batches]
  [371/1728] od_single / lookup / sequential / size=100000 viol=20% dup=10% t=16
    iter 1/3 ...    [PREPOP] Pre-populating DVI tree with 100000 entries for lookup (direct insert) ... done.
 13.3 ms (8M ops/s) [10 batches]
    iter 2/3 ...    [PREPOP] Pre-populating DVI tree with 100000 entries for lookup (direct insert) ... done.
 13.1 ms (8M ops/s) [10 batches]
    iter 3/3 ...    [PREPOP] Pre-populating DVI tree with 100000 entries for lookup (direct insert) ... done.
 12.9 ms (8M ops/s) [10 batches]
  [372/1728] od_single / lookup / sequential / size=100000 viol=20% dup=10% t=32
    iter 1/3 ...    [PREPOP] Pre-populating DVI tree with 100000 entries for lookup (direct insert) ... done.
 29.8 ms (3M ops/s) [10 batches]
    iter 2/3 ...    [PREPOP] Pre-populating DVI tree with 100000 entries for lookup (direct insert) ... done.
 27.9 ms (4M ops/s) [10 batches]
    iter 3/3 ...    [PREPOP] Pre-populating DVI tree with 100000 entries for lookup (direct insert) ... done.
 27.4 ms (4M ops/s) [10 batches]
  [373/1728] od_single / delete / sequential / size=100000 viol=20% dup=10% t=1
    iter 1/3 ...    [PREPOP] Pre-populating DVI tree with 100000 entries for delete (direct insert, no TxnCtx) ... done.
 116.3 ms (1M ops/s) [10 batches]
    iter 2/3 ...    [PREPOP] Pre-populating DVI tree with 100000 entries for delete (direct insert, no TxnCtx) ... done.
 117.0 ms (1M ops/s) [10 batches]
    iter 3/3 ...    [PREPOP] Pre-populating DVI tree with 100000 entries for delete (direct insert, no TxnCtx) ... done.
 112.6 ms (1M ops/s) [10 batches]
  [374/1728] od_single / delete / sequential / size=100000 viol=20% dup=10% t=2
    iter 1/3 ...    [PREPOP] Pre-populating DVI tree with 100000 entries for delete (direct insert, no TxnCtx) ... done.
 133.7 ms (1M ops/s) [10 batches]
    iter 2/3 ...    [PREPOP] Pre-populating DVI tree with 100000 entries for delete (direct insert, no TxnCtx) ... done.
 135.0 ms (1M ops/s) [10 batches]
    iter 3/3 ...    [PREPOP] Pre-populating DVI tree with 100000 entries for delete (direct insert, no TxnCtx) ... done.
 135.3 ms (1M ops/s) [10 batches]
  [375/1728] od_single / delete / sequential / size=100000 viol=20% dup=10% t=4
    iter 1/3 ...    [PREPOP] Pre-populating DVI tree with 100000 entries for delete (direct insert, no TxnCtx) ... done.
 140.9 ms (1M ops/s) [10 batches]
    iter 2/3 ...    [PREPOP] Pre-populating DVI tree with 100000 entries for delete (direct insert, no TxnCtx) ... done.
 142.3 ms (1M ops/s) [10 batches]
    iter 3/3 ...    [PREPOP] Pre-populating DVI tree with 100000 entries for delete (direct insert, no TxnCtx) ... done.
 141.7 ms (1M ops/s) [10 batches]
  [376/1728] od_single / delete / sequential / size=100000 viol=20% dup=10% t=8
    iter 1/3 ...    [PREPOP] Pre-populating DVI tree with 100000 entries for delete (direct insert, no TxnCtx) ... done.
 134.8 ms (1M ops/s) [10 batches]
    iter 2/3 ...    [PREPOP] Pre-populating DVI tree with 100000 entries for delete (direct insert, no TxnCtx) ... done.
 141.2 ms (1M ops/s) [10 batches]
    iter 3/3 ...    [PREPOP] Pre-populating DVI tree with 100000 entries for delete (direct insert, no TxnCtx) ... done.
 143.2 ms (1M ops/s) [10 batches]
  [377/1728] od_single / delete / sequential / size=100000 viol=20% dup=10% t=16
    iter 1/3 ...    [PREPOP] Pre-populating DVI tree with 100000 entries for delete (direct insert, no TxnCtx) ... done.
 119.7 ms (1M ops/s) [10 batches]
    iter 2/3 ...    [PREPOP] Pre-populating DVI tree with 100000 entries for delete (direct insert, no TxnCtx) ... done.
 120.3 ms (1M ops/s) [10 batches]
    iter 3/3 ...    [PREPOP] Pre-populating DVI tree with 100000 entries for delete (direct insert, no TxnCtx) ... done.
 119.9 ms (1M ops/s) [10 batches]
  [378/1728] od_single / delete / sequential / size=100000 viol=20% dup=10% t=32
    iter 1/3 ...    [PREPOP] Pre-populating DVI tree with 100000 entries for delete (direct insert, no TxnCtx) ... done.
 113.6 ms (1M ops/s) [10 batches]
    iter 2/3 ...    [PREPOP] Pre-populating DVI tree with 100000 entries for delete (direct insert, no TxnCtx) ... done.
 113.5 ms (1M ops/s) [10 batches]
    iter 3/3 ...    [PREPOP] Pre-populating DVI tree with 100000 entries for delete (direct insert, no TxnCtx) ... done.
 113.7 ms (1M ops/s) [10 batches]
[MEM] Freed entry vectors for od_single

[MECH] === od_multi (multi=true, od=true) ===
[DATA] Generating OD entries: sequential size=100000 viol=20% multi=true ... done (1 MB entries + 1 MB keys)
  [379/1728] od_multi / insert / sequential / size=100000 viol=20% dup=10% t=1
    iter 1/3 ... 215.5 ms (0M ops/s) [10 batches]
    iter 2/3 ... 218.0 ms (0M ops/s) [10 batches]
    iter 3/3 ... 214.8 ms (0M ops/s) [10 batches]
  [380/1728] od_multi / insert / sequential / size=100000 viol=20% dup=10% t=2
    iter 1/3 ... 196.2 ms (1M ops/s) [10 batches]
    iter 2/3 ... 188.9 ms (1M ops/s) [10 batches]
    iter 3/3 ... 187.8 ms (1M ops/s) [10 batches]
  [381/1728] od_multi / insert / sequential / size=100000 viol=20% dup=10% t=4
    iter 1/3 ... 156.3 ms (1M ops/s) [10 batches]
    iter 2/3 ... 133.7 ms (1M ops/s) [10 batches]
    iter 3/3 ... 127.5 ms (1M ops/s) [10 batches]
  [382/1728] od_multi / insert / sequential / size=100000 viol=20% dup=10% t=8
    iter 1/3 ... 117.2 ms (1M ops/s) [10 batches]
    iter 2/3 ... 94.6 ms (1M ops/s) [10 batches]
    iter 3/3 ... 91.4 ms (1M ops/s) [10 batches]
  [383/1728] od_multi / insert / sequential / size=100000 viol=20% dup=10% t=16
    iter 1/3 ... 87.8 ms (1M ops/s) [10 batches]
    iter 2/3 ... 79.3 ms (1M ops/s) [10 batches]
    iter 3/3 ... 77.8 ms (1M ops/s) [10 batches]
  [384/1728] od_multi / insert / sequential / size=100000 viol=20% dup=10% t=32
    iter 1/3 ... 85.4 ms (1M ops/s) [10 batches]
    iter 2/3 ... 81.3 ms (1M ops/s) [10 batches]
    iter 3/3 ... 81.7 ms (1M ops/s) [10 batches]
  [385/1728] od_multi / lookup / sequential / size=100000 viol=20% dup=10% t=1
    iter 1/3 ...    [PREPOP] Pre-populating DVI tree with 100000 entries for lookup (direct insert) ... done.
 22.7 ms (4M ops/s) [10 batches]
    iter 2/3 ...    [PREPOP] Pre-populating DVI tree with 100000 entries for lookup (direct insert) ... done.
 22.8 ms (4M ops/s) [10 batches]
    iter 3/3 ...    [PREPOP] Pre-populating DVI tree with 100000 entries for lookup (direct insert) ... done.
 23.6 ms (4M ops/s) [10 batches]
  [386/1728] od_multi / lookup / sequential / size=100000 viol=20% dup=10% t=2
    iter 1/3 ...    [PREPOP] Pre-populating DVI tree with 100000 entries for lookup (direct insert) ... done.
 16.2 ms (6M ops/s) [10 batches]
    iter 2/3 ...    [PREPOP] Pre-populating DVI tree with 100000 entries for lookup (direct insert) ... done.
 16.0 ms (6M ops/s) [10 batches]
    iter 3/3 ...    [PREPOP] Pre-populating DVI tree with 100000 entries for lookup (direct insert) ... done.
 15.8 ms (6M ops/s) [10 batches]
  [387/1728] od_multi / lookup / sequential / size=100000 viol=20% dup=10% t=4
    iter 1/3 ...    [PREPOP] Pre-populating DVI tree with 100000 entries for lookup (direct insert) ... done.
 11.1 ms (9M ops/s) [10 batches]
    iter 2/3 ...    [PREPOP] Pre-populating DVI tree with 100000 entries for lookup (direct insert) ... done.
 9.7 ms (10M ops/s) [10 batches]
    iter 3/3 ...    [PREPOP] Pre-populating DVI tree with 100000 entries for lookup (direct insert) ... done.
 10.0 ms (10M ops/s) [10 batches]
  [388/1728] od_multi / lookup / sequential / size=100000 viol=20% dup=10% t=8
    iter 1/3 ...    [PREPOP] Pre-populating DVI tree with 100000 entries for lookup (direct insert) ... done.
 9.5 ms (11M ops/s) [10 batches]
    iter 2/3 ...    [PREPOP] Pre-populating DVI tree with 100000 entries for lookup (direct insert) ... done.
 9.0 ms (11M ops/s) [10 batches]
    iter 3/3 ...    [PREPOP] Pre-populating DVI tree with 100000 entries for lookup (direct insert) ... done.
 8.9 ms (11M ops/s) [10 batches]
  [389/1728] od_multi / lookup / sequential / size=100000 viol=20% dup=10% t=16
    iter 1/3 ...    [PREPOP] Pre-populating DVI tree with 100000 entries for lookup (direct insert) ... done.
 13.3 ms (8M ops/s) [10 batches]
    iter 2/3 ...    [PREPOP] Pre-populating DVI tree with 100000 entries for lookup (direct insert) ... done.
 13.0 ms (8M ops/s) [10 batches]
    iter 3/3 ...    [PREPOP] Pre-populating DVI tree with 100000 entries for lookup (direct insert) ... done.
 12.9 ms (8M ops/s) [10 batches]
  [390/1728] od_multi / lookup / sequential / size=100000 viol=20% dup=10% t=32
    iter 1/3 ...    [PREPOP] Pre-populating DVI tree with 100000 entries for lookup (direct insert) ... done.
 27.8 ms (4M ops/s) [10 batches]
    iter 2/3 ...    [PREPOP] Pre-populating DVI tree with 100000 entries for lookup (direct insert) ... done.
 27.5 ms (4M ops/s) [10 batches]
    iter 3/3 ...    [PREPOP] Pre-populating DVI tree with 100000 entries for lookup (direct insert) ... done.
 26.9 ms (4M ops/s) [10 batches]
  [391/1728] od_multi / delete / sequential / size=100000 viol=20% dup=10% t=1
    iter 1/3 ...    [PREPOP] Pre-populating DVI tree with 100000 entries for delete (direct insert, no TxnCtx) ... done.
 115.2 ms (1M ops/s) [10 batches]
    iter 2/3 ...    [PREPOP] Pre-populating DVI tree with 100000 entries for delete (direct insert, no TxnCtx) ... done.
 112.9 ms (1M ops/s) [10 batches]
    iter 3/3 ...    [PREPOP] Pre-populating DVI tree with 100000 entries for delete (direct insert, no TxnCtx) ... done.
 112.7 ms (1M ops/s) [10 batches]
  [392/1728] od_multi / delete / sequential / size=100000 viol=20% dup=10% t=2
    iter 1/3 ...    [PREPOP] Pre-populating DVI tree with 100000 entries for delete (direct insert, no TxnCtx) ... done.
 133.6 ms (1M ops/s) [10 batches]
    iter 2/3 ...    [PREPOP] Pre-populating DVI tree with 100000 entries for delete (direct insert, no TxnCtx) ... done.
 133.2 ms (1M ops/s) [10 batches]
    iter 3/3 ...    [PREPOP] Pre-populating DVI tree with 100000 entries for delete (direct insert, no TxnCtx) ... done.
 130.4 ms (1M ops/s) [10 batches]
  [393/1728] od_multi / delete / sequential / size=100000 viol=20% dup=10% t=4
    iter 1/3 ...    [PREPOP] Pre-populating DVI tree with 100000 entries for delete (direct insert, no TxnCtx) ... done.
 139.9 ms (1M ops/s) [10 batches]
    iter 2/3 ...    [PREPOP] Pre-populating DVI tree with 100000 entries for delete (direct insert, no TxnCtx) ... done.
 139.6 ms (1M ops/s) [10 batches]
    iter 3/3 ...    [PREPOP] Pre-populating DVI tree with 100000 entries for delete (direct insert, no TxnCtx) ... done.
 142.1 ms (1M ops/s) [10 batches]
  [394/1728] od_multi / delete / sequential / size=100000 viol=20% dup=10% t=8
    iter 1/3 ...    [PREPOP] Pre-populating DVI tree with 100000 entries for delete (direct insert, no TxnCtx) ... done.
 143.2 ms (1M ops/s) [10 batches]
    iter 2/3 ...    [PREPOP] Pre-populating DVI tree with 100000 entries for delete (direct insert, no TxnCtx) ... done.
 140.9 ms (1M ops/s) [10 batches]
    iter 3/3 ...    [PREPOP] Pre-populating DVI tree with 100000 entries for delete (direct insert, no TxnCtx) ... done.
 143.2 ms (1M ops/s) [10 batches]
  [395/1728] od_multi / delete / sequential / size=100000 viol=20% dup=10% t=16
    iter 1/3 ...    [PREPOP] Pre-populating DVI tree with 100000 entries for delete (direct insert, no TxnCtx) ... done.
 119.7 ms (1M ops/s) [10 batches]
    iter 2/3 ...    [PREPOP] Pre-populating DVI tree with 100000 entries for delete (direct insert, no TxnCtx) ... done.
 119.5 ms (1M ops/s) [10 batches]
    iter 3/3 ...    [PREPOP] Pre-populating DVI tree with 100000 entries for delete (direct insert, no TxnCtx) ... done.
 119.6 ms (1M ops/s) [10 batches]
  [396/1728] od_multi / delete / sequential / size=100000 viol=20% dup=10% t=32
    iter 1/3 ...    [PREPOP] Pre-populating DVI tree with 100000 entries for delete (direct insert, no TxnCtx) ... done.
 113.8 ms (1M ops/s) [10 batches]
    iter 2/3 ...    [PREPOP] Pre-populating DVI tree with 100000 entries for delete (direct insert, no TxnCtx) ... done.
 112.8 ms (1M ops/s) [10 batches]
    iter 3/3 ...    [PREPOP] Pre-populating DVI tree with 100000 entries for delete (direct insert, no TxnCtx) ... done.
 112.8 ms (1M ops/s) [10 batches]
[MEM] Freed entry vectors for od_multi

[MECH] === od_single (multi=false, od=true) ===
[DATA] Generating OD entries: sequential size=100000 viol=100% multi=false ... done (1 MB entries + 1 MB keys)
  [397/1728] od_single / insert / sequential / size=100000 viol=100% dup=10% t=1
    iter 1/3 ... 228.7 ms (0M ops/s) [10 batches]
    iter 2/3 ... 215.4 ms (0M ops/s) [10 batches]
    iter 3/3 ... 215.9 ms (0M ops/s) [10 batches]
  [398/1728] od_single / insert / sequential / size=100000 viol=100% dup=10% t=2
    iter 1/3 ... 191.9 ms (1M ops/s) [10 batches]
    iter 2/3 ... 187.1 ms (1M ops/s) [10 batches]
    iter 3/3 ... 193.2 ms (1M ops/s) [10 batches]
  [399/1728] od_single / insert / sequential / size=100000 viol=100% dup=10% t=4
    iter 1/3 ... 155.7 ms (1M ops/s) [10 batches]
    iter 2/3 ... 130.4 ms (1M ops/s) [10 batches]
    iter 3/3 ... 134.2 ms (1M ops/s) [10 batches]
  [400/1728] od_single / insert / sequential / size=100000 viol=100% dup=10% t=8
    iter 1/3 ... 117.4 ms (1M ops/s) [10 batches]
    iter 2/3 ... 98.3 ms (1M ops/s) [10 batches]
    iter 3/3 ... 90.5 ms (1M ops/s) [10 batches]
  [401/1728] od_single / insert / sequential / size=100000 viol=100% dup=10% t=16
    iter 1/3 ... 88.9 ms (1M ops/s) [10 batches]
    iter 2/3 ... 79.2 ms (1M ops/s) [10 batches]
    iter 3/3 ... 78.2 ms (1M ops/s) [10 batches]
  [402/1728] od_single / insert / sequential / size=100000 viol=100% dup=10% t=32
    iter 1/3 ... 86.1 ms (1M ops/s) [10 batches]
    iter 2/3 ... 83.3 ms (1M ops/s) [10 batches]
    iter 3/3 ... 83.0 ms (1M ops/s) [10 batches]
  [403/1728] od_single / lookup / sequential / size=100000 viol=100% dup=10% t=1
    iter 1/3 ...    [PREPOP] Pre-populating DVI tree with 100000 entries for lookup (direct insert) ... done.
 26.2 ms (4M ops/s) [10 batches]
    iter 2/3 ...    [PREPOP] Pre-populating DVI tree with 100000 entries for lookup (direct insert) ... done.
 24.8 ms (4M ops/s) [10 batches]
    iter 3/3 ...    [PREPOP] Pre-populating DVI tree with 100000 entries for lookup (direct insert) ... done.
 24.3 ms (4M ops/s) [10 batches]
  [404/1728] od_single / lookup / sequential / size=100000 viol=100% dup=10% t=2
    iter 1/3 ...    [PREPOP] Pre-populating DVI tree with 100000 entries for lookup (direct insert) ... done.
 16.8 ms (6M ops/s) [10 batches]
    iter 2/3 ...    [PREPOP] Pre-populating DVI tree with 100000 entries for lookup (direct insert) ... done.
 16.7 ms (6M ops/s) [10 batches]
    iter 3/3 ...    [PREPOP] Pre-populating DVI tree with 100000 entries for lookup (direct insert) ... done.
 16.1 ms (6M ops/s) [10 batches]
  [405/1728] od_single / lookup / sequential / size=100000 viol=100% dup=10% t=4
    iter 1/3 ...    [PREPOP] Pre-populating DVI tree with 100000 entries for lookup (direct insert) ... done.
 10.9 ms (9M ops/s) [10 batches]
    iter 2/3 ...    [PREPOP] Pre-populating DVI tree with 100000 entries for lookup (direct insert) ... done.
 10.9 ms (9M ops/s) [10 batches]
    iter 3/3 ...    [PREPOP] Pre-populating DVI tree with 100000 entries for lookup (direct insert) ... done.
 10.8 ms (9M ops/s) [10 batches]
  [406/1728] od_single / lookup / sequential / size=100000 viol=100% dup=10% t=8
    iter 1/3 ...    [PREPOP] Pre-populating DVI tree with 100000 entries for lookup (direct insert) ... done.
 9.2 ms (11M ops/s) [10 batches]
    iter 2/3 ...    [PREPOP] Pre-populating DVI tree with 100000 entries for lookup (direct insert) ... done.
 9.1 ms (11M ops/s) [10 batches]
    iter 3/3 ...    [PREPOP] Pre-populating DVI tree with 100000 entries for lookup (direct insert) ... done.
 9.2 ms (11M ops/s) [10 batches]
  [407/1728] od_single / lookup / sequential / size=100000 viol=100% dup=10% t=16
    iter 1/3 ...    [PREPOP] Pre-populating DVI tree with 100000 entries for lookup (direct insert) ... done.
 13.2 ms (8M ops/s) [10 batches]
    iter 2/3 ...    [PREPOP] Pre-populating DVI tree with 100000 entries for lookup (direct insert) ... done.
 13.5 ms (7M ops/s) [10 batches]
    iter 3/3 ...    [PREPOP] Pre-populating DVI tree with 100000 entries for lookup (direct insert) ... done.
 13.1 ms (8M ops/s) [10 batches]
  [408/1728] od_single / lookup / sequential / size=100000 viol=100% dup=10% t=32
    iter 1/3 ...    [PREPOP] Pre-populating DVI tree with 100000 entries for lookup (direct insert) ... done.
 28.9 ms (3M ops/s) [10 batches]
    iter 2/3 ...    [PREPOP] Pre-populating DVI tree with 100000 entries for lookup (direct insert) ... done.
 28.2 ms (4M ops/s) [10 batches]
    iter 3/3 ...    [PREPOP] Pre-populating DVI tree with 100000 entries for lookup (direct insert) ... done.
 27.4 ms (4M ops/s) [10 batches]
  [409/1728] od_single / delete / sequential / size=100000 viol=100% dup=10% t=1
    iter 1/3 ...    [PREPOP] Pre-populating DVI tree with 100000 entries for delete (direct insert, no TxnCtx) ... done.
 117.2 ms (1M ops/s) [10 batches]
    iter 2/3 ...    [PREPOP] Pre-populating DVI tree with 100000 entries for delete (direct insert, no TxnCtx) ... done.
 114.0 ms (1M ops/s) [10 batches]
    iter 3/3 ...    [PREPOP] Pre-populating DVI tree with 100000 entries for delete (direct insert, no TxnCtx) ... done.
 115.6 ms (1M ops/s) [10 batches]
  [410/1728] od_single / delete / sequential / size=100000 viol=100% dup=10% t=2
    iter 1/3 ...    [PREPOP] Pre-populating DVI tree with 100000 entries for delete (direct insert, no TxnCtx) ... done.
 133.1 ms (1M ops/s) [10 batches]
    iter 2/3 ...    [PREPOP] Pre-populating DVI tree with 100000 entries for delete (direct insert, no TxnCtx) ... done.
 134.9 ms (1M ops/s) [10 batches]
    iter 3/3 ...    [PREPOP] Pre-populating DVI tree with 100000 entries for delete (direct insert, no TxnCtx) ... done.
 137.7 ms (1M ops/s) [10 batches]
  [411/1728] od_single / delete / sequential / size=100000 viol=100% dup=10% t=4
    iter 1/3 ...    [PREPOP] Pre-populating DVI tree with 100000 entries for delete (direct insert, no TxnCtx) ... done.
 142.6 ms (1M ops/s) [10 batches]
    iter 2/3 ...    [PREPOP] Pre-populating DVI tree with 100000 entries for delete (direct insert, no TxnCtx) ... done.
 143.4 ms (1M ops/s) [10 batches]
    iter 3/3 ...    [PREPOP] Pre-populating DVI tree with 100000 entries for delete (direct insert, no TxnCtx) ... done.
 145.1 ms (1M ops/s) [10 batches]
  [412/1728] od_single / delete / sequential / size=100000 viol=100% dup=10% t=8
    iter 1/3 ...    [PREPOP] Pre-populating DVI tree with 100000 entries for delete (direct insert, no TxnCtx) ... done.
 143.6 ms (1M ops/s) [10 batches]
    iter 2/3 ...    [PREPOP] Pre-populating DVI tree with 100000 entries for delete (direct insert, no TxnCtx) ... done.
 139.7 ms (1M ops/s) [10 batches]
    iter 3/3 ...    [PREPOP] Pre-populating DVI tree with 100000 entries for delete (direct insert, no TxnCtx) ... done.
 141.7 ms (1M ops/s) [10 batches]
  [413/1728] od_single / delete / sequential / size=100000 viol=100% dup=10% t=16
    iter 1/3 ...    [PREPOP] Pre-populating DVI tree with 100000 entries for delete (direct insert, no TxnCtx) ... done.
 120.1 ms (1M ops/s) [10 batches]
    iter 2/3 ...    [PREPOP] Pre-populating DVI tree with 100000 entries for delete (direct insert, no TxnCtx) ... done.
 120.3 ms (1M ops/s) [10 batches]
    iter 3/3 ...    [PREPOP] Pre-populating DVI tree with 100000 entries for delete (direct insert, no TxnCtx) ... done.
 120.2 ms (1M ops/s) [10 batches]
  [414/1728] od_single / delete / sequential / size=100000 viol=100% dup=10% t=32
    iter 1/3 ...    [PREPOP] Pre-populating DVI tree with 100000 entries for delete (direct insert, no TxnCtx) ... done.
 114.2 ms (1M ops/s) [10 batches]
    iter 2/3 ...    [PREPOP] Pre-populating DVI tree with 100000 entries for delete (direct insert, no TxnCtx) ... done.
 113.7 ms (1M ops/s) [10 batches]
    iter 3/3 ...    [PREPOP] Pre-populating DVI tree with 100000 entries for delete (direct insert, no TxnCtx) ... done.
 113.7 ms (1M ops/s) [10 batches]
[MEM] Freed entry vectors for od_single

[MECH] === od_multi (multi=true, od=true) ===
[DATA] Generating OD entries: sequential size=100000 viol=100% multi=true ... done (1 MB entries + 1 MB keys)
  [415/1728] od_multi / insert / sequential / size=100000 viol=100% dup=10% t=1
    iter 1/3 ... 226.8 ms (0M ops/s) [10 batches]
    iter 2/3 ... 217.4 ms (0M ops/s) [10 batches]
    iter 3/3 ... 212.2 ms (0M ops/s) [10 batches]
  [416/1728] od_multi / insert / sequential / size=100000 viol=100% dup=10% t=2
    iter 1/3 ... 188.8 ms (1M ops/s) [10 batches]
    iter 2/3 ... 187.3 ms (1M ops/s) [10 batches]
    iter 3/3 ... 190.6 ms (1M ops/s) [10 batches]
  [417/1728] od_multi / insert / sequential / size=100000 viol=100% dup=10% t=4
    iter 1/3 ... 155.9 ms (1M ops/s) [10 batches]
    iter 2/3 ... 129.7 ms (1M ops/s) [10 batches]
    iter 3/3 ... 127.8 ms (1M ops/s) [10 batches]
  [418/1728] od_multi / insert / sequential / size=100000 viol=100% dup=10% t=8
    iter 1/3 ... 122.3 ms (1M ops/s) [10 batches]
    iter 2/3 ... 93.8 ms (1M ops/s) [10 batches]
    iter 3/3 ... 90.1 ms (1M ops/s) [10 batches]
  [419/1728] od_multi / insert / sequential / size=100000 viol=100% dup=10% t=16
    iter 1/3 ... 88.4 ms (1M ops/s) [10 batches]
    iter 2/3 ... 78.0 ms (1M ops/s) [10 batches]
    iter 3/3 ... 76.6 ms (1M ops/s) [10 batches]
  [420/1728] od_multi / insert / sequential / size=100000 viol=100% dup=10% t=32
    iter 1/3 ... 85.0 ms (1M ops/s) [10 batches]
    iter 2/3 ... 82.0 ms (1M ops/s) [10 batches]
    iter 3/3 ... 81.2 ms (1M ops/s) [10 batches]
  [421/1728] od_multi / lookup / sequential / size=100000 viol=100% dup=10% t=1
    iter 1/3 ...    [PREPOP] Pre-populating DVI tree with 100000 entries for lookup (direct insert) ... done.
 22.5 ms (4M ops/s) [10 batches]
    iter 2/3 ...    [PREPOP] Pre-populating DVI tree with 100000 entries for lookup (direct insert) ... done.
 22.5 ms (4M ops/s) [10 batches]
    iter 3/3 ...    [PREPOP] Pre-populating DVI tree with 100000 entries for lookup (direct insert) ... done.
 23.3 ms (4M ops/s) [10 batches]
  [422/1728] od_multi / lookup / sequential / size=100000 viol=100% dup=10% t=2
    iter 1/3 ...    [PREPOP] Pre-populating DVI tree with 100000 entries for lookup (direct insert) ... done.
 15.6 ms (6M ops/s) [10 batches]
    iter 2/3 ...    [PREPOP] Pre-populating DVI tree with 100000 entries for lookup (direct insert) ... done.
 16.0 ms (6M ops/s) [10 batches]
    iter 3/3 ...    [PREPOP] Pre-populating DVI tree with 100000 entries for lookup (direct insert) ... done.
 15.7 ms (6M ops/s) [10 batches]
  [423/1728] od_multi / lookup / sequential / size=100000 viol=100% dup=10% t=4
    iter 1/3 ...    [PREPOP] Pre-populating DVI tree with 100000 entries for lookup (direct insert) ... done.
 11.0 ms (9M ops/s) [10 batches]
    iter 2/3 ...    [PREPOP] Pre-populating DVI tree with 100000 entries for lookup (direct insert) ... done.
 10.7 ms (9M ops/s) [10 batches]
    iter 3/3 ...    [PREPOP] Pre-populating DVI tree with 100000 entries for lookup (direct insert) ... done.
 10.8 ms (9M ops/s) [10 batches]
  [424/1728] od_multi / lookup / sequential / size=100000 viol=100% dup=10% t=8
    iter 1/3 ...    [PREPOP] Pre-populating DVI tree with 100000 entries for lookup (direct insert) ... done.
 9.2 ms (11M ops/s) [10 batches]
    iter 2/3 ...    [PREPOP] Pre-populating DVI tree with 100000 entries for lookup (direct insert) ... done.
 9.1 ms (11M ops/s) [10 batches]
    iter 3/3 ...    [PREPOP] Pre-populating DVI tree with 100000 entries for lookup (direct insert) ... done.
 8.9 ms (11M ops/s) [10 batches]
  [425/1728] od_multi / lookup / sequential / size=100000 viol=100% dup=10% t=16
    iter 1/3 ...    [PREPOP] Pre-populating DVI tree with 100000 entries for lookup (direct insert) ... done.
 13.0 ms (8M ops/s) [10 batches]
    iter 2/3 ...    [PREPOP] Pre-populating DVI tree with 100000 entries for lookup (direct insert) ... done.
 13.3 ms (8M ops/s) [10 batches]
    iter 3/3 ...    [PREPOP] Pre-populating DVI tree with 100000 entries for lookup (direct insert) ... done.
 13.1 ms (8M ops/s) [10 batches]
  [426/1728] od_multi / lookup / sequential / size=100000 viol=100% dup=10% t=32
    iter 1/3 ...    [PREPOP] Pre-populating DVI tree with 100000 entries for lookup (direct insert) ... done.
 27.7 ms (4M ops/s) [10 batches]
    iter 2/3 ...    [PREPOP] Pre-populating DVI tree with 100000 entries for lookup (direct insert) ... done.
 28.3 ms (4M ops/s) [10 batches]
    iter 3/3 ...    [PREPOP] Pre-populating DVI tree with 100000 entries for lookup (direct insert) ... done.
 28.0 ms (4M ops/s) [10 batches]
  [427/1728] od_multi / delete / sequential / size=100000 viol=100% dup=10% t=1
    iter 1/3 ...    [PREPOP] Pre-populating DVI tree with 100000 entries for delete (direct insert, no TxnCtx) ... done.
 113.9 ms (1M ops/s) [10 batches]
    iter 2/3 ...    [PREPOP] Pre-populating DVI tree with 100000 entries for delete (direct insert, no TxnCtx) ... done.
 116.0 ms (1M ops/s) [10 batches]
    iter 3/3 ...    [PREPOP] Pre-populating DVI tree with 100000 entries for delete (direct insert, no TxnCtx) ... done.
 112.9 ms (1M ops/s) [10 batches]
  [428/1728] od_multi / delete / sequential / size=100000 viol=100% dup=10% t=2
    iter 1/3 ...    [PREPOP] Pre-populating DVI tree with 100000 entries for delete (direct insert, no TxnCtx) ... done.
 132.3 ms (1M ops/s) [10 batches]
    iter 2/3 ...    [PREPOP] Pre-populating DVI tree with 100000 entries for delete (direct insert, no TxnCtx) ... done.
 130.8 ms (1M ops/s) [10 batches]
    iter 3/3 ...    [PREPOP] Pre-populating DVI tree with 100000 entries for delete (direct insert, no TxnCtx) ... done.
 134.8 ms (1M ops/s) [10 batches]
  [429/1728] od_multi / delete / sequential / size=100000 viol=100% dup=10% t=4
    iter 1/3 ...    [PREPOP] Pre-populating DVI tree with 100000 entries for delete (direct insert, no TxnCtx) ... done.
 138.9 ms (1M ops/s) [10 batches]
    iter 2/3 ...    [PREPOP] Pre-populating DVI tree with 100000 entries for delete (direct insert, no TxnCtx) ... done.
 140.0 ms (1M ops/s) [10 batches]
    iter 3/3 ...    [PREPOP] Pre-populating DVI tree with 100000 entries for delete (direct insert, no TxnCtx) ... done.
 140.5 ms (1M ops/s) [10 batches]
  [430/1728] od_multi / delete / sequential / size=100000 viol=100% dup=10% t=8
    iter 1/3 ...    [PREPOP] Pre-populating DVI tree with 100000 entries for delete (direct insert, no TxnCtx) ... done.
 143.7 ms (1M ops/s) [10 batches]
    iter 2/3 ...    [PREPOP] Pre-populating DVI tree with 100000 entries for delete (direct insert, no TxnCtx) ... done.
 134.4 ms (1M ops/s) [10 batches]
    iter 3/3 ...    [PREPOP] Pre-populating DVI tree with 100000 entries for delete (direct insert, no TxnCtx) ... done.
 142.3 ms (1M ops/s) [10 batches]
  [431/1728] od_multi / delete / sequential / size=100000 viol=100% dup=10% t=16
    iter 1/3 ...    [PREPOP] Pre-populating DVI tree with 100000 entries for delete (direct insert, no TxnCtx) ... done.
 119.7 ms (1M ops/s) [10 batches]
    iter 2/3 ...    [PREPOP] Pre-populating DVI tree with 100000 entries for delete (direct insert, no TxnCtx) ... done.
 119.6 ms (1M ops/s) [10 batches]
    iter 3/3 ...    [PREPOP] Pre-populating DVI tree with 100000 entries for delete (direct insert, no TxnCtx) ... done.
 118.8 ms (1M ops/s) [10 batches]
  [432/1728] od_multi / delete / sequential / size=100000 viol=100% dup=10% t=32
    iter 1/3 ...    [PREPOP] Pre-populating DVI tree with 100000 entries for delete (direct insert, no TxnCtx) ... done.
 113.8 ms (1M ops/s) [10 batches]
    iter 2/3 ...    [PREPOP] Pre-populating DVI tree with 100000 entries for delete (direct insert, no TxnCtx) ... done.
 113.2 ms (1M ops/s) [10 batches]
    iter 3/3 ...    [PREPOP] Pre-populating DVI tree with 100000 entries for delete (direct insert, no TxnCtx) ... done.
 113.1 ms (1M ops/s) [10 batches]
[MEM] Freed entry vectors for od_multi

[MECH] === od_single (multi=false, od=true) ===
[DATA] Generating OD entries: sequential size=100000 viol=0% multi=false ... done (1 MB entries + 1 MB keys)
  [433/1728] od_single / insert / sequential / size=100000 viol=0% dup=0% t=1
    iter 1/3 ... 226.2 ms (0M ops/s) [10 batches]
    iter 2/3 ... 215.7 ms (0M ops/s) [10 batches]
    iter 3/3 ... 214.2 ms (0M ops/s) [10 batches]
  [434/1728] od_single / insert / sequential / size=100000 viol=0% dup=0% t=2
    iter 1/3 ... 194.8 ms (1M ops/s) [10 batches]
    iter 2/3 ... 182.8 ms (1M ops/s) [10 batches]
    iter 3/3 ... 185.0 ms (1M ops/s) [10 batches]
  [435/1728] od_single / insert / sequential / size=100000 viol=0% dup=0% t=4
    iter 1/3 ... 154.0 ms (1M ops/s) [10 batches]
    iter 2/3 ... 129.2 ms (1M ops/s) [10 batches]
    iter 3/3 ... 119.2 ms (1M ops/s) [10 batches]
  [436/1728] od_single / insert / sequential / size=100000 viol=0% dup=0% t=8
    iter 1/3 ... 117.9 ms (1M ops/s) [10 batches]
    iter 2/3 ... 94.5 ms (1M ops/s) [10 batches]
    iter 3/3 ... 92.3 ms (1M ops/s) [10 batches]
  [437/1728] od_single / insert / sequential / size=100000 viol=0% dup=0% t=16
    iter 1/3 ... 88.6 ms (1M ops/s) [10 batches]
    iter 2/3 ... 78.3 ms (1M ops/s) [10 batches]
    iter 3/3 ... 79.1 ms (1M ops/s) [10 batches]
  [438/1728] od_single / insert / sequential / size=100000 viol=0% dup=0% t=32
    iter 1/3 ... 85.4 ms (1M ops/s) [10 batches]
    iter 2/3 ... 81.2 ms (1M ops/s) [10 batches]
    iter 3/3 ... 81.3 ms (1M ops/s) [10 batches]
  [439/1728] od_single / lookup / sequential / size=100000 viol=0% dup=0% t=1
    iter 1/3 ...    [PREPOP] Pre-populating DVI tree with 100000 entries for lookup (direct insert) ... done.
 25.9 ms (4M ops/s) [10 batches]
    iter 2/3 ...    [PREPOP] Pre-populating DVI tree with 100000 entries for lookup (direct insert) ... done.
 24.4 ms (4M ops/s) [10 batches]
    iter 3/3 ...    [PREPOP] Pre-populating DVI tree with 100000 entries for lookup (direct insert) ... done.
 24.1 ms (4M ops/s) [10 batches]
  [440/1728] od_single / lookup / sequential / size=100000 viol=0% dup=0% t=2
    iter 1/3 ...    [PREPOP] Pre-populating DVI tree with 100000 entries for lookup (direct insert) ... done.
 16.8 ms (6M ops/s) [10 batches]
    iter 2/3 ...    [PREPOP] Pre-populating DVI tree with 100000 entries for lookup (direct insert) ... done.
 17.3 ms (6M ops/s) [10 batches]
    iter 3/3 ...    [PREPOP] Pre-populating DVI tree with 100000 entries for lookup (direct insert) ... done.
 16.7 ms (6M ops/s) [10 batches]
  [441/1728] od_single / lookup / sequential / size=100000 viol=0% dup=0% t=4
    iter 1/3 ...    [PREPOP] Pre-populating DVI tree with 100000 entries for lookup (direct insert) ... done.
 11.1 ms (9M ops/s) [10 batches]
    iter 2/3 ...    [PREPOP] Pre-populating DVI tree with 100000 entries for lookup (direct insert) ... done.
 10.0 ms (10M ops/s) [10 batches]
    iter 3/3 ...    [PREPOP] Pre-populating DVI tree with 100000 entries for lookup (direct insert) ... done.
 10.0 ms (10M ops/s) [10 batches]
  [442/1728] od_single / lookup / sequential / size=100000 viol=0% dup=0% t=8
    iter 1/3 ...    [PREPOP] Pre-populating DVI tree with 100000 entries for lookup (direct insert) ... done.
 9.6 ms (10M ops/s) [10 batches]
    iter 2/3 ...    [PREPOP] Pre-populating DVI tree with 100000 entries for lookup (direct insert) ... done.
 8.9 ms (11M ops/s) [10 batches]
    iter 3/3 ...    [PREPOP] Pre-populating DVI tree with 100000 entries for lookup (direct insert) ... done.
 9.1 ms (11M ops/s) [10 batches]
  [443/1728] od_single / lookup / sequential / size=100000 viol=0% dup=0% t=16
    iter 1/3 ...    [PREPOP] Pre-populating DVI tree with 100000 entries for lookup (direct insert) ... done.
 13.4 ms (7M ops/s) [10 batches]
    iter 2/3 ...    [PREPOP] Pre-populating DVI tree with 100000 entries for lookup (direct insert) ... done.
 13.3 ms (8M ops/s) [10 batches]
    iter 3/3 ...    [PREPOP] Pre-populating DVI tree with 100000 entries for lookup (direct insert) ... done.
 13.9 ms (7M ops/s) [10 batches]
  [444/1728] od_single / lookup / sequential / size=100000 viol=0% dup=0% t=32
    iter 1/3 ...    [PREPOP] Pre-populating DVI tree with 100000 entries for lookup (direct insert) ... done.
 28.1 ms (4M ops/s) [10 batches]
    iter 2/3 ...    [PREPOP] Pre-populating DVI tree with 100000 entries for lookup (direct insert) ... done.
 28.1 ms (4M ops/s) [10 batches]
    iter 3/3 ...    [PREPOP] Pre-populating DVI tree with 100000 entries for lookup (direct insert) ... done.
 27.6 ms (4M ops/s) [10 batches]
  [445/1728] od_single / delete / sequential / size=100000 viol=0% dup=0% t=1
    iter 1/3 ...    [PREPOP] Pre-populating DVI tree with 100000 entries for delete (direct insert, no TxnCtx) ... done.
 116.4 ms (1M ops/s) [10 batches]
    iter 2/3 ...    [PREPOP] Pre-populating DVI tree with 100000 entries for delete (direct insert, no TxnCtx) ... done.
 113.8 ms (1M ops/s) [10 batches]
    iter 3/3 ...    [PREPOP] Pre-populating DVI tree with 100000 entries for delete (direct insert, no TxnCtx) ... done.
 113.9 ms (1M ops/s) [10 batches]
  [446/1728] od_single / delete / sequential / size=100000 viol=0% dup=0% t=2
    iter 1/3 ...    [PREPOP] Pre-populating DVI tree with 100000 entries for delete (direct insert, no TxnCtx) ... done.
 133.3 ms (1M ops/s) [10 batches]
    iter 2/3 ...    [PREPOP] Pre-populating DVI tree with 100000 entries for delete (direct insert, no TxnCtx) ... done.
 137.0 ms (1M ops/s) [10 batches]
    iter 3/3 ...    [PREPOP] Pre-populating DVI tree with 100000 entries for delete (direct insert, no TxnCtx) ... done.
 134.6 ms (1M ops/s) [10 batches]
  [447/1728] od_single / delete / sequential / size=100000 viol=0% dup=0% t=4
    iter 1/3 ...    [PREPOP] Pre-populating DVI tree with 100000 entries for delete (direct insert, no TxnCtx) ... done.
 141.4 ms (1M ops/s) [10 batches]
    iter 2/3 ...    [PREPOP] Pre-populating DVI tree with 100000 entries for delete (direct insert, no TxnCtx) ... done.
 141.4 ms (1M ops/s) [10 batches]
    iter 3/3 ...    [PREPOP] Pre-populating DVI tree with 100000 entries for delete (direct insert, no TxnCtx) ... done.
 142.3 ms (1M ops/s) [10 batches]
  [448/1728] od_single / delete / sequential / size=100000 viol=0% dup=0% t=8
    iter 1/3 ...    [PREPOP] Pre-populating DVI tree with 100000 entries for delete (direct insert, no TxnCtx) ... done.
 144.6 ms (1M ops/s) [10 batches]
    iter 2/3 ...    [PREPOP] Pre-populating DVI tree with 100000 entries for delete (direct insert, no TxnCtx) ... done.
 140.5 ms (1M ops/s) [10 batches]
    iter 3/3 ...    [PREPOP] Pre-populating DVI tree with 100000 entries for delete (direct insert, no TxnCtx) ... done.
 135.3 ms (1M ops/s) [10 batches]
  [449/1728] od_single / delete / sequential / size=100000 viol=0% dup=0% t=16
    iter 1/3 ...    [PREPOP] Pre-populating DVI tree with 100000 entries for delete (direct insert, no TxnCtx) ... done.
 119.7 ms (1M ops/s) [10 batches]
    iter 2/3 ...    [PREPOP] Pre-populating DVI tree with 100000 entries for delete (direct insert, no TxnCtx) ... done.
 119.9 ms (1M ops/s) [10 batches]
    iter 3/3 ...    [PREPOP] Pre-populating DVI tree with 100000 entries for delete (direct insert, no TxnCtx) ... done.
 121.3 ms (1M ops/s) [10 batches]
  [450/1728] od_single / delete / sequential / size=100000 viol=0% dup=0% t=32
    iter 1/3 ...    [PREPOP] Pre-populating DVI tree with 100000 entries for delete (direct insert, no TxnCtx) ... done.
 113.9 ms (1M ops/s) [10 batches]
    iter 2/3 ...    [PREPOP] Pre-populating DVI tree with 100000 entries for delete (direct insert, no TxnCtx) ... done.
 113.6 ms (1M ops/s) [10 batches]
    iter 3/3 ...    [PREPOP] Pre-populating DVI tree with 100000 entries for delete (direct insert, no TxnCtx) ... done.
 113.8 ms (1M ops/s) [10 batches]
[MEM] Freed entry vectors for od_single

[MECH] === od_multi (multi=true, od=true) ===
[DATA] Generating OD entries: sequential size=100000 viol=0% multi=true ... done (1 MB entries + 1 MB keys)
  [451/1728] od_multi / insert / sequential / size=100000 viol=0% dup=0% t=1
    iter 1/3 ... 227.4 ms (0M ops/s) [10 batches]
    iter 2/3 ... 220.4 ms (0M ops/s) [10 batches]
    iter 3/3 ... 215.4 ms (0M ops/s) [10 batches]
  [452/1728] od_multi / insert / sequential / size=100000 viol=0% dup=0% t=2
    iter 1/3 ... 190.4 ms (1M ops/s) [10 batches]
    iter 2/3 ... 187.5 ms (1M ops/s) [10 batches]
    iter 3/3 ... 189.3 ms (1M ops/s) [10 batches]
  [453/1728] od_multi / insert / sequential / size=100000 viol=0% dup=0% t=4
    iter 1/3 ... 154.8 ms (1M ops/s) [10 batches]
    iter 2/3 ... 135.6 ms (1M ops/s) [10 batches]
    iter 3/3 ... 120.6 ms (1M ops/s) [10 batches]
  [454/1728] od_multi / insert / sequential / size=100000 viol=0% dup=0% t=8
    iter 1/3 ... 113.5 ms (1M ops/s) [10 batches]
    iter 2/3 ... 90.0 ms (1M ops/s) [10 batches]
    iter 3/3 ... 89.4 ms (1M ops/s) [10 batches]
  [455/1728] od_multi / insert / sequential / size=100000 viol=0% dup=0% t=16
    iter 1/3 ... 89.3 ms (1M ops/s) [10 batches]
    iter 2/3 ... 78.1 ms (1M ops/s) [10 batches]
    iter 3/3 ... 78.1 ms (1M ops/s) [10 batches]
  [456/1728] od_multi / insert / sequential / size=100000 viol=0% dup=0% t=32
    iter 1/3 ... 85.6 ms (1M ops/s) [10 batches]
    iter 2/3 ... 81.4 ms (1M ops/s) [10 batches]
    iter 3/3 ... 81.8 ms (1M ops/s) [10 batches]
  [457/1728] od_multi / lookup / sequential / size=100000 viol=0% dup=0% t=1
    iter 1/3 ...    [PREPOP] Pre-populating DVI tree with 100000 entries for lookup (direct insert) ... done.
 22.3 ms (4M ops/s) [10 batches]
    iter 2/3 ...    [PREPOP] Pre-populating DVI tree with 100000 entries for lookup (direct insert) ... done.
 22.3 ms (4M ops/s) [10 batches]
    iter 3/3 ...    [PREPOP] Pre-populating DVI tree with 100000 entries for lookup (direct insert) ... done.
 24.1 ms (4M ops/s) [10 batches]
  [458/1728] od_multi / lookup / sequential / size=100000 viol=0% dup=0% t=2
    iter 1/3 ...    [PREPOP] Pre-populating DVI tree with 100000 entries for lookup (direct insert) ... done.
 15.8 ms (6M ops/s) [10 batches]
    iter 2/3 ...    [PREPOP] Pre-populating DVI tree with 100000 entries for lookup (direct insert) ... done.
 16.7 ms (6M ops/s) [10 batches]
    iter 3/3 ...    [PREPOP] Pre-populating DVI tree with 100000 entries for lookup (direct insert) ... done.
 16.5 ms (6M ops/s) [10 batches]
  [459/1728] od_multi / lookup / sequential / size=100000 viol=0% dup=0% t=4
    iter 1/3 ...    [PREPOP] Pre-populating DVI tree with 100000 entries for lookup (direct insert) ... done.
 11.1 ms (9M ops/s) [10 batches]
    iter 2/3 ...    [PREPOP] Pre-populating DVI tree with 100000 entries for lookup (direct insert) ... done.
 10.8 ms (9M ops/s) [10 batches]
    iter 3/3 ...    [PREPOP] Pre-populating DVI tree with 100000 entries for lookup (direct insert) ... done.
 10.2 ms (10M ops/s) [10 batches]
  [460/1728] od_multi / lookup / sequential / size=100000 viol=0% dup=0% t=8
    iter 1/3 ...    [PREPOP] Pre-populating DVI tree with 100000 entries for lookup (direct insert) ... done.
 8.9 ms (11M ops/s) [10 batches]
    iter 2/3 ...    [PREPOP] Pre-populating DVI tree with 100000 entries for lookup (direct insert) ... done.
 9.0 ms (11M ops/s) [10 batches]
    iter 3/3 ...    [PREPOP] Pre-populating DVI tree with 100000 entries for lookup (direct insert) ... done.
 9.0 ms (11M ops/s) [10 batches]
  [461/1728] od_multi / lookup / sequential / size=100000 viol=0% dup=0% t=16
    iter 1/3 ...    [PREPOP] Pre-populating DVI tree with 100000 entries for lookup (direct insert) ... done.
 13.1 ms (8M ops/s) [10 batches]
    iter 2/3 ...    [PREPOP] Pre-populating DVI tree with 100000 entries for lookup (direct insert) ... done.
 13.2 ms (8M ops/s) [10 batches]
    iter 3/3 ...    [PREPOP] Pre-populating DVI tree with 100000 entries for lookup (direct insert) ... done.
 12.9 ms (8M ops/s) [10 batches]
  [462/1728] od_multi / lookup / sequential / size=100000 viol=0% dup=0% t=32
    iter 1/3 ...    [PREPOP] Pre-populating DVI tree with 100000 entries for lookup (direct insert) ... done.
 27.7 ms (4M ops/s) [10 batches]
    iter 2/3 ...    [PREPOP] Pre-populating DVI tree with 100000 entries for lookup (direct insert) ... done.
 27.3 ms (4M ops/s) [10 batches]
    iter 3/3 ...    [PREPOP] Pre-populating DVI tree with 100000 entries for lookup (direct insert) ... done.
 27.6 ms (4M ops/s) [10 batches]
  [463/1728] od_multi / delete / sequential / size=100000 viol=0% dup=0% t=1
    iter 1/3 ...    [PREPOP] Pre-populating DVI tree with 100000 entries for delete (direct insert, no TxnCtx) ... done.
 112.5 ms (1M ops/s) [10 batches]
    iter 2/3 ...    [PREPOP] Pre-populating DVI tree with 100000 entries for delete (direct insert, no TxnCtx) ... done.
 113.4 ms (1M ops/s) [10 batches]
    iter 3/3 ...    [PREPOP] Pre-populating DVI tree with 100000 entries for delete (direct insert, no TxnCtx) ... done.
 113.7 ms (1M ops/s) [10 batches]
  [464/1728] od_multi / delete / sequential / size=100000 viol=0% dup=0% t=2
    iter 1/3 ...    [PREPOP] Pre-populating DVI tree with 100000 entries for delete (direct insert, no TxnCtx) ... done.
 133.0 ms (1M ops/s) [10 batches]
    iter 2/3 ...    [PREPOP] Pre-populating DVI tree with 100000 entries for delete (direct insert, no TxnCtx) ... done.
 129.8 ms (1M ops/s) [10 batches]
    iter 3/3 ...    [PREPOP] Pre-populating DVI tree with 100000 entries for delete (direct insert, no TxnCtx) ... done.
 132.1 ms (1M ops/s) [10 batches]
  [465/1728] od_multi / delete / sequential / size=100000 viol=0% dup=0% t=4
    iter 1/3 ...    [PREPOP] Pre-populating DVI tree with 100000 entries for delete (direct insert, no TxnCtx) ... done.
 142.9 ms (1M ops/s) [10 batches]
    iter 2/3 ...    [PREPOP] Pre-populating DVI tree with 100000 entries for delete (direct insert, no TxnCtx) ... done.
 141.0 ms (1M ops/s) [10 batches]
    iter 3/3 ...    [PREPOP] Pre-populating DVI tree with 100000 entries for delete (direct insert, no TxnCtx) ... done.
 140.6 ms (1M ops/s) [10 batches]
  [466/1728] od_multi / delete / sequential / size=100000 viol=0% dup=0% t=8
    iter 1/3 ...    [PREPOP] Pre-populating DVI tree with 100000 entries for delete (direct insert, no TxnCtx) ... done.
 142.1 ms (1M ops/s) [10 batches]
    iter 2/3 ...    [PREPOP] Pre-populating DVI tree with 100000 entries for delete (direct insert, no TxnCtx) ... done.
 142.3 ms (1M ops/s) [10 batches]
    iter 3/3 ...    [PREPOP] Pre-populating DVI tree with 100000 entries for delete (direct insert, no TxnCtx) ... done.
 134.1 ms (1M ops/s) [10 batches]
  [467/1728] od_multi / delete / sequential / size=100000 viol=0% dup=0% t=16
    iter 1/3 ...    [PREPOP] Pre-populating DVI tree with 100000 entries for delete (direct insert, no TxnCtx) ... done.
 118.8 ms (1M ops/s) [10 batches]
    iter 2/3 ...    [PREPOP] Pre-populating DVI tree with 100000 entries for delete (direct insert, no TxnCtx) ... done.
 119.3 ms (1M ops/s) [10 batches]
    iter 3/3 ...    [PREPOP] Pre-populating DVI tree with 100000 entries for delete (direct insert, no TxnCtx) ... done.
 119.5 ms (1M ops/s) [10 batches]
  [468/1728] od_multi / delete / sequential / size=100000 viol=0% dup=0% t=32
    iter 1/3 ...    [PREPOP] Pre-populating DVI tree with 100000 entries for delete (direct insert, no TxnCtx) ... done.
 113.3 ms (1M ops/s) [10 batches]
    iter 2/3 ...    [PREPOP] Pre-populating DVI tree with 100000 entries for delete (direct insert, no TxnCtx) ... done.
 113.2 ms (1M ops/s) [10 batches]
    iter 3/3 ...    [PREPOP] Pre-populating DVI tree with 100000 entries for delete (direct insert, no TxnCtx) ... done.
 113.2 ms (1M ops/s) [10 batches]
[MEM] Freed entry vectors for od_multi

[MECH] === od_single (multi=false, od=true) ===
[DATA] Generating OD entries: sequential size=100000 viol=10% multi=false ... done (1 MB entries + 1 MB keys)
  [469/1728] od_single / insert / sequential / size=100000 viol=10% dup=0% t=1
    iter 1/3 ... 222.9 ms (0M ops/s) [10 batches]
    iter 2/3 ... 216.4 ms (0M ops/s) [10 batches]
    iter 3/3 ... 212.0 ms (0M ops/s) [10 batches]
  [470/1728] od_single / insert / sequential / size=100000 viol=10% dup=0% t=2
    iter 1/3 ... 194.7 ms (1M ops/s) [10 batches]
    iter 2/3 ... 187.9 ms (1M ops/s) [10 batches]
    iter 3/3 ... 188.0 ms (1M ops/s) [10 batches]
  [471/1728] od_single / insert / sequential / size=100000 viol=10% dup=0% t=4
    iter 1/3 ... 160.4 ms (1M ops/s) [10 batches]
    iter 2/3 ... 124.9 ms (1M ops/s) [10 batches]
    iter 3/3 ... 127.0 ms (1M ops/s) [10 batches]
  [472/1728] od_single / insert / sequential / size=100000 viol=10% dup=0% t=8
    iter 1/3 ... 120.9 ms (1M ops/s) [10 batches]
    iter 2/3 ... 96.5 ms (1M ops/s) [10 batches]
    iter 3/3 ... 92.9 ms (1M ops/s) [10 batches]
  [473/1728] od_single / insert / sequential / size=100000 viol=10% dup=0% t=16
    iter 1/3 ... 86.6 ms (1M ops/s) [10 batches]
    iter 2/3 ... 78.9 ms (1M ops/s) [10 batches]
    iter 3/3 ... 76.8 ms (1M ops/s) [10 batches]
  [474/1728] od_single / insert / sequential / size=100000 viol=10% dup=0% t=32
    iter 1/3 ... 85.8 ms (1M ops/s) [10 batches]
    iter 2/3 ... 82.3 ms (1M ops/s) [10 batches]
    iter 3/3 ... 81.2 ms (1M ops/s) [10 batches]
  [475/1728] od_single / lookup / sequential / size=100000 viol=10% dup=0% t=1
    iter 1/3 ...    [PREPOP] Pre-populating DVI tree with 100000 entries for lookup (direct insert) ... done.
 26.4 ms (4M ops/s) [10 batches]
    iter 2/3 ...    [PREPOP] Pre-populating DVI tree with 100000 entries for lookup (direct insert) ... done.
 23.4 ms (4M ops/s) [10 batches]
    iter 3/3 ...    [PREPOP] Pre-populating DVI tree with 100000 entries for lookup (direct insert) ... done.
 23.9 ms (4M ops/s) [10 batches]
  [476/1728] od_single / lookup / sequential / size=100000 viol=10% dup=0% t=2
    iter 1/3 ...    [PREPOP] Pre-populating DVI tree with 100000 entries for lookup (direct insert) ... done.
 16.8 ms (6M ops/s) [10 batches]
    iter 2/3 ...    [PREPOP] Pre-populating DVI tree with 100000 entries for lookup (direct insert) ... done.
 16.4 ms (6M ops/s) [10 batches]
    iter 3/3 ...    [PREPOP] Pre-populating DVI tree with 100000 entries for lookup (direct insert) ... done.
 16.4 ms (6M ops/s) [10 batches]
  [477/1728] od_single / lookup / sequential / size=100000 viol=10% dup=0% t=4
    iter 1/3 ...    [PREPOP] Pre-populating DVI tree with 100000 entries for lookup (direct insert) ... done.
 11.0 ms (9M ops/s) [10 batches]
    iter 2/3 ...    [PREPOP] Pre-populating DVI tree with 100000 entries for lookup (direct insert) ... done.
 10.3 ms (10M ops/s) [10 batches]
    iter 3/3 ...    [PREPOP] Pre-populating DVI tree with 100000 entries for lookup (direct insert) ... done.
 10.4 ms (10M ops/s) [10 batches]
  [478/1728] od_single / lookup / sequential / size=100000 viol=10% dup=0% t=8
    iter 1/3 ...    [PREPOP] Pre-populating DVI tree with 100000 entries for lookup (direct insert) ... done.
 9.1 ms (11M ops/s) [10 batches]
    iter 2/3 ...    [PREPOP] Pre-populating DVI tree with 100000 entries for lookup (direct insert) ... done.
 8.9 ms (11M ops/s) [10 batches]
    iter 3/3 ...    [PREPOP] Pre-populating DVI tree with 100000 entries for lookup (direct insert) ... done.
 9.0 ms (11M ops/s) [10 batches]
  [479/1728] od_single / lookup / sequential / size=100000 viol=10% dup=0% t=16
    iter 1/3 ...    [PREPOP] Pre-populating DVI tree with 100000 entries for lookup (direct insert) ... done.
 13.2 ms (8M ops/s) [10 batches]
    iter 2/3 ...    [PREPOP] Pre-populating DVI tree with 100000 entries for lookup (direct insert) ... done.
 12.6 ms (8M ops/s) [10 batches]
    iter 3/3 ...    [PREPOP] Pre-populating DVI tree with 100000 entries for lookup (direct insert) ... done.
 12.6 ms (8M ops/s) [10 batches]
  [480/1728] od_single / lookup / sequential / size=100000 viol=10% dup=0% t=32
    iter 1/3 ...    [PREPOP] Pre-populating DVI tree with 100000 entries for lookup (direct insert) ... done.
 27.4 ms (4M ops/s) [10 batches]
    iter 2/3 ...    [PREPOP] Pre-populating DVI tree with 100000 entries for lookup (direct insert) ... done.
 27.4 ms (4M ops/s) [10 batches]
    iter 3/3 ...    [PREPOP] Pre-populating DVI tree with 100000 entries for lookup (direct insert) ... done.
 27.2 ms (4M ops/s) [10 batches]
  [481/1728] od_single / delete / sequential / size=100000 viol=10% dup=0% t=1
    iter 1/3 ...    [PREPOP] Pre-populating DVI tree with 100000 entries for delete (direct insert, no TxnCtx) ... done.
 114.7 ms (1M ops/s) [10 batches]
    iter 2/3 ...    [PREPOP] Pre-populating DVI tree with 100000 entries for delete (direct insert, no TxnCtx) ... done.
 115.8 ms (1M ops/s) [10 batches]
    iter 3/3 ...    [PREPOP] Pre-populating DVI tree with 100000 entries for delete (direct insert, no TxnCtx) ... done.
 115.0 ms (1M ops/s) [10 batches]
  [482/1728] od_single / delete / sequential / size=100000 viol=10% dup=0% t=2
    iter 1/3 ...    [PREPOP] Pre-populating DVI tree with 100000 entries for delete (direct insert, no TxnCtx) ... done.
 136.4 ms (1M ops/s) [10 batches]
    iter 2/3 ...    [PREPOP] Pre-populating DVI tree with 100000 entries for delete (direct insert, no TxnCtx) ... done.
 134.4 ms (1M ops/s) [10 batches]
    iter 3/3 ...    [PREPOP] Pre-populating DVI tree with 100000 entries for delete (direct insert, no TxnCtx) ... done.
 134.8 ms (1M ops/s) [10 batches]
  [483/1728] od_single / delete / sequential / size=100000 viol=10% dup=0% t=4
    iter 1/3 ...    [PREPOP] Pre-populating DVI tree with 100000 entries for delete (direct insert, no TxnCtx) ... done.
 140.6 ms (1M ops/s) [10 batches]
    iter 2/3 ...    [PREPOP] Pre-populating DVI tree with 100000 entries for delete (direct insert, no TxnCtx) ... done.
 142.1 ms (1M ops/s) [10 batches]
    iter 3/3 ...    [PREPOP] Pre-populating DVI tree with 100000 entries for delete (direct insert, no TxnCtx) ... done.
 141.1 ms (1M ops/s) [10 batches]
  [484/1728] od_single / delete / sequential / size=100000 viol=10% dup=0% t=8
    iter 1/3 ...    [PREPOP] Pre-populating DVI tree with 100000 entries for delete (direct insert, no TxnCtx) ... done.
 144.1 ms (1M ops/s) [10 batches]
    iter 2/3 ...    [PREPOP] Pre-populating DVI tree with 100000 entries for delete (direct insert, no TxnCtx) ... done.
 143.5 ms (1M ops/s) [10 batches]
    iter 3/3 ...    [PREPOP] Pre-populating DVI tree with 100000 entries for delete (direct insert, no TxnCtx) ... done.
 142.4 ms (1M ops/s) [10 batches]
  [485/1728] od_single / delete / sequential / size=100000 viol=10% dup=0% t=16
    iter 1/3 ...    [PREPOP] Pre-populating DVI tree with 100000 entries for delete (direct insert, no TxnCtx) ... done.
 120.2 ms (1M ops/s) [10 batches]
    iter 2/3 ...    [PREPOP] Pre-populating DVI tree with 100000 entries for delete (direct insert, no TxnCtx) ... done.
 120.4 ms (1M ops/s) [10 batches]
    iter 3/3 ...    [PREPOP] Pre-populating DVI tree with 100000 entries for delete (direct insert, no TxnCtx) ... done.
 120.8 ms (1M ops/s) [10 batches]
  [486/1728] od_single / delete / sequential / size=100000 viol=10% dup=0% t=32
    iter 1/3 ...    [PREPOP] Pre-populating DVI tree with 100000 entries for delete (direct insert, no TxnCtx) ... done.
 113.7 ms (1M ops/s) [10 batches]
    iter 2/3 ...    [PREPOP] Pre-populating DVI tree with 100000 entries for delete (direct insert, no TxnCtx) ... done.
 113.6 ms (1M ops/s) [10 batches]
    iter 3/3 ...    [PREPOP] Pre-populating DVI tree with 100000 entries for delete (direct insert, no TxnCtx) ... done.
 114.0 ms (1M ops/s) [10 batches]
[MEM] Freed entry vectors for od_single

[MECH] === od_multi (multi=true, od=true) ===
[DATA] Generating OD entries: sequential size=100000 viol=10% multi=true ... done (1 MB entries + 1 MB keys)
  [487/1728] od_multi / insert / sequential / size=100000 viol=10% dup=0% t=1
    iter 1/3 ... 228.0 ms (0M ops/s) [10 batches]
    iter 2/3 ... 219.7 ms (0M ops/s) [10 batches]
    iter 3/3 ... 214.0 ms (0M ops/s) [10 batches]
  [488/1728] od_multi / insert / sequential / size=100000 viol=10% dup=0% t=2
    iter 1/3 ... 194.9 ms (1M ops/s) [10 batches]
    iter 2/3 ... 192.3 ms (1M ops/s) [10 batches]
    iter 3/3 ... 184.5 ms (1M ops/s) [10 batches]
  [489/1728] od_multi / insert / sequential / size=100000 viol=10% dup=0% t=4
    iter 1/3 ... 150.6 ms (1M ops/s) [10 batches]
    iter 2/3 ... 133.8 ms (1M ops/s) [10 batches]
    iter 3/3 ... 126.4 ms (1M ops/s) [10 batches]
  [490/1728] od_multi / insert / sequential / size=100000 viol=10% dup=0% t=8
    iter 1/3 ... 118.5 ms (1M ops/s) [10 batches]
    iter 2/3 ... 94.7 ms (1M ops/s) [10 batches]
    iter 3/3 ... 92.3 ms (1M ops/s) [10 batches]
  [491/1728] od_multi / insert / sequential / size=100000 viol=10% dup=0% t=16
    iter 1/3 ... 88.1 ms (1M ops/s) [10 batches]
    iter 2/3 ... 78.2 ms (1M ops/s) [10 batches]
    iter 3/3 ... 78.6 ms (1M ops/s) [10 batches]
  [492/1728] od_multi / insert / sequential / size=100000 viol=10% dup=0% t=32
    iter 1/3 ... 85.5 ms (1M ops/s) [10 batches]
    iter 2/3 ... 81.5 ms (1M ops/s) [10 batches]
    iter 3/3 ... 81.8 ms (1M ops/s) [10 batches]
  [493/1728] od_multi / lookup / sequential / size=100000 viol=10% dup=0% t=1
    iter 1/3 ...    [PREPOP] Pre-populating DVI tree with 100000 entries for lookup (direct insert) ... done.
 21.9 ms (5M ops/s) [10 batches]
    iter 2/3 ...    [PREPOP] Pre-populating DVI tree with 100000 entries for lookup (direct insert) ... done.
 23.0 ms (4M ops/s) [10 batches]
    iter 3/3 ...    [PREPOP] Pre-populating DVI tree with 100000 entries for lookup (direct insert) ... done.
 22.9 ms (4M ops/s) [10 batches]
  [494/1728] od_multi / lookup / sequential / size=100000 viol=10% dup=0% t=2
    iter 1/3 ...    [PREPOP] Pre-populating DVI tree with 100000 entries for lookup (direct insert) ... done.
 16.0 ms (6M ops/s) [10 batches]
    iter 2/3 ...    [PREPOP] Pre-populating DVI tree with 100000 entries for lookup (direct insert) ... done.
 16.3 ms (6M ops/s) [10 batches]
    iter 3/3 ...    [PREPOP] Pre-populating DVI tree with 100000 entries for lookup (direct insert) ... done.
 15.6 ms (6M ops/s) [10 batches]
  [495/1728] od_multi / lookup / sequential / size=100000 viol=10% dup=0% t=4
    iter 1/3 ...    [PREPOP] Pre-populating DVI tree with 100000 entries for lookup (direct insert) ... done.
 10.8 ms (9M ops/s) [10 batches]
    iter 2/3 ...    [PREPOP] Pre-populating DVI tree with 100000 entries for lookup (direct insert) ... done.
 10.6 ms (9M ops/s) [10 batches]
    iter 3/3 ...    [PREPOP] Pre-populating DVI tree with 100000 entries for lookup (direct insert) ... done.
 10.8 ms (9M ops/s) [10 batches]
  [496/1728] od_multi / lookup / sequential / size=100000 viol=10% dup=0% t=8
    iter 1/3 ...    [PREPOP] Pre-populating DVI tree with 100000 entries for lookup (direct insert) ... done.
 9.2 ms (11M ops/s) [10 batches]
    iter 2/3 ...    [PREPOP] Pre-populating DVI tree with 100000 entries for lookup (direct insert) ... done.
 9.0 ms (11M ops/s) [10 batches]
    iter 3/3 ...    [PREPOP] Pre-populating DVI tree with 100000 entries for lookup (direct insert) ... done.
 9.0 ms (11M ops/s) [10 batches]
  [497/1728] od_multi / lookup / sequential / size=100000 viol=10% dup=0% t=16
    iter 1/3 ...    [PREPOP] Pre-populating DVI tree with 100000 entries for lookup (direct insert) ... done.
 13.9 ms (7M ops/s) [10 batches]
    iter 2/3 ...    [PREPOP] Pre-populating DVI tree with 100000 entries for lookup (direct insert) ... done.
 13.3 ms (8M ops/s) [10 batches]
    iter 3/3 ...    [PREPOP] Pre-populating DVI tree with 100000 entries for lookup (direct insert) ... done.
 13.4 ms (7M ops/s) [10 batches]
  [498/1728] od_multi / lookup / sequential / size=100000 viol=10% dup=0% t=32
    iter 1/3 ...    [PREPOP] Pre-populating DVI tree with 100000 entries for lookup (direct insert) ... done.
 28.6 ms (4M ops/s) [10 batches]
    iter 2/3 ...    [PREPOP] Pre-populating DVI tree with 100000 entries for lookup (direct insert) ... done.
 28.3 ms (4M ops/s) [10 batches]
    iter 3/3 ...    [PREPOP] Pre-populating DVI tree with 100000 entries for lookup (direct insert) ... done.
 27.9 ms (4M ops/s) [10 batches]
  [499/1728] od_multi / delete / sequential / size=100000 viol=10% dup=0% t=1
    iter 1/3 ...    [PREPOP] Pre-populating DVI tree with 100000 entries for delete (direct insert, no TxnCtx) ... done.
 114.5 ms (1M ops/s) [10 batches]
    iter 2/3 ...    [PREPOP] Pre-populating DVI tree with 100000 entries for delete (direct insert, no TxnCtx) ... done.
 109.6 ms (1M ops/s) [10 batches]
    iter 3/3 ...    [PREPOP] Pre-populating DVI tree with 100000 entries for delete (direct insert, no TxnCtx) ... done.
 111.4 ms (1M ops/s) [10 batches]
  [500/1728] od_multi / delete / sequential / size=100000 viol=10% dup=0% t=2
    iter 1/3 ...    [PREPOP] Pre-populating DVI tree with 100000 entries for delete (direct insert, no TxnCtx) ... done.
 125.2 ms (1M ops/s) [10 batches]
    iter 2/3 ...    [PREPOP] Pre-populating DVI tree with 100000 entries for delete (direct insert, no TxnCtx) ... done.
 132.2 ms (1M ops/s) [10 batches]
    iter 3/3 ...    [PREPOP] Pre-populating DVI tree with 100000 entries for delete (direct insert, no TxnCtx) ... done.
 130.5 ms (1M ops/s) [10 batches]
  [501/1728] od_multi / delete / sequential / size=100000 viol=10% dup=0% t=4
    iter 1/3 ...    [PREPOP] Pre-populating DVI tree with 100000 entries for delete (direct insert, no TxnCtx) ... done.
 142.7 ms (1M ops/s) [10 batches]
    iter 2/3 ...    [PREPOP] Pre-populating DVI tree with 100000 entries for delete (direct insert, no TxnCtx) ... done.
 141.0 ms (1M ops/s) [10 batches]
    iter 3/3 ...    [PREPOP] Pre-populating DVI tree with 100000 entries for delete (direct insert, no TxnCtx) ... done.
 139.6 ms (1M ops/s) [10 batches]
  [502/1728] od_multi / delete / sequential / size=100000 viol=10% dup=0% t=8
    iter 1/3 ...    [PREPOP] Pre-populating DVI tree with 100000 entries for delete (direct insert, no TxnCtx) ... done.
 134.2 ms (1M ops/s) [10 batches]
    iter 2/3 ...    [PREPOP] Pre-populating DVI tree with 100000 entries for delete (direct insert, no TxnCtx) ... done.
 142.4 ms (1M ops/s) [10 batches]
    iter 3/3 ...    [PREPOP] Pre-populating DVI tree with 100000 entries for delete (direct insert, no TxnCtx) ... done.
 140.8 ms (1M ops/s) [10 batches]
  [503/1728] od_multi / delete / sequential / size=100000 viol=10% dup=0% t=16
    iter 1/3 ...    [PREPOP] Pre-populating DVI tree with 100000 entries for delete (direct insert, no TxnCtx) ... done.
 119.4 ms (1M ops/s) [10 batches]
    iter 2/3 ...    [PREPOP] Pre-populating DVI tree with 100000 entries for delete (direct insert, no TxnCtx) ... done.
 119.1 ms (1M ops/s) [10 batches]
    iter 3/3 ...    [PREPOP] Pre-populating DVI tree with 100000 entries for delete (direct insert, no TxnCtx) ... done.
 119.7 ms (1M ops/s) [10 batches]
  [504/1728] od_multi / delete / sequential / size=100000 viol=10% dup=0% t=32
    iter 1/3 ...    [PREPOP] Pre-populating DVI tree with 100000 entries for delete (direct insert, no TxnCtx) ... done.
 113.8 ms (1M ops/s) [10 batches]
    iter 2/3 ...    [PREPOP] Pre-populating DVI tree with 100000 entries for delete (direct insert, no TxnCtx) ... done.
 112.9 ms (1M ops/s) [10 batches]
    iter 3/3 ...    [PREPOP] Pre-populating DVI tree with 100000 entries for delete (direct insert, no TxnCtx) ... done.
 113.5 ms (1M ops/s) [10 batches]
[MEM] Freed entry vectors for od_multi

[MECH] === od_single (multi=false, od=true) ===
[DATA] Generating OD entries: sequential size=100000 viol=20% multi=false ... done (1 MB entries + 1 MB keys)
  [505/1728] od_single / insert / sequential / size=100000 viol=20% dup=0% t=1
    iter 1/3 ... 230.5 ms (0M ops/s) [10 batches]
    iter 2/3 ... 218.6 ms (0M ops/s) [10 batches]
    iter 3/3 ... 216.0 ms (0M ops/s) [10 batches]
  [506/1728] od_single / insert / sequential / size=100000 viol=20% dup=0% t=2
    iter 1/3 ... 194.6 ms (1M ops/s) [10 batches]
    iter 2/3 ... 185.5 ms (1M ops/s) [10 batches]
    iter 3/3 ... 187.8 ms (1M ops/s) [10 batches]
  [507/1728] od_single / insert / sequential / size=100000 viol=20% dup=0% t=4
    iter 1/3 ... 155.9 ms (1M ops/s) [10 batches]
    iter 2/3 ... 130.6 ms (1M ops/s) [10 batches]
    iter 3/3 ... 128.8 ms (1M ops/s) [10 batches]
  [508/1728] od_single / insert / sequential / size=100000 viol=20% dup=0% t=8
    iter 1/3 ... 120.4 ms (1M ops/s) [10 batches]
    iter 2/3 ... 94.8 ms (1M ops/s) [10 batches]
    iter 3/3 ... 91.4 ms (1M ops/s) [10 batches]
  [509/1728] od_single / insert / sequential / size=100000 viol=20% dup=0% t=16
    iter 1/3 ... 89.0 ms (1M ops/s) [10 batches]
    iter 2/3 ... 79.1 ms (1M ops/s) [10 batches]
    iter 3/3 ... 78.8 ms (1M ops/s) [10 batches]
  [510/1728] od_single / insert / sequential / size=100000 viol=20% dup=0% t=32
    iter 1/3 ... 85.6 ms (1M ops/s) [10 batches]
    iter 2/3 ... 81.5 ms (1M ops/s) [10 batches]
    iter 3/3 ... 82.7 ms (1M ops/s) [10 batches]
  [511/1728] od_single / lookup / sequential / size=100000 viol=20% dup=0% t=1
    iter 1/3 ...    [PREPOP] Pre-populating DVI tree with 100000 entries for lookup (direct insert) ... done.
 22.5 ms (4M ops/s) [10 batches]
    iter 2/3 ...    [PREPOP] Pre-populating DVI tree with 100000 entries for lookup (direct insert) ... done.
 23.5 ms (4M ops/s) [10 batches]
    iter 3/3 ...    [PREPOP] Pre-populating DVI tree with 100000 entries for lookup (direct insert) ... done.
 24.9 ms (4M ops/s) [10 batches]
  [512/1728] od_single / lookup / sequential / size=100000 viol=20% dup=0% t=2
    iter 1/3 ...    [PREPOP] Pre-populating DVI tree with 100000 entries for lookup (direct insert) ... done.
 16.5 ms (6M ops/s) [10 batches]
    iter 2/3 ...    [PREPOP] Pre-populating DVI tree with 100000 entries for lookup (direct insert) ... done.
 16.4 ms (6M ops/s) [10 batches]
    iter 3/3 ...    [PREPOP] Pre-populating DVI tree with 100000 entries for lookup (direct insert) ... done.
 16.8 ms (6M ops/s) [10 batches]
  [513/1728] od_single / lookup / sequential / size=100000 viol=20% dup=0% t=4
    iter 1/3 ...    [PREPOP] Pre-populating DVI tree with 100000 entries for lookup (direct insert) ... done.
 11.4 ms (9M ops/s) [10 batches]
    iter 2/3 ...    [PREPOP] Pre-populating DVI tree with 100000 entries for lookup (direct insert) ... done.
 11.2 ms (9M ops/s) [10 batches]
    iter 3/3 ...    [PREPOP] Pre-populating DVI tree with 100000 entries for lookup (direct insert) ... done.
 11.0 ms (9M ops/s) [10 batches]
  [514/1728] od_single / lookup / sequential / size=100000 viol=20% dup=0% t=8
    iter 1/3 ...    [PREPOP] Pre-populating DVI tree with 100000 entries for lookup (direct insert) ... done.
 9.3 ms (11M ops/s) [10 batches]
    iter 2/3 ...    [PREPOP] Pre-populating DVI tree with 100000 entries for lookup (direct insert) ... done.
 9.0 ms (11M ops/s) [10 batches]
    iter 3/3 ...    [PREPOP] Pre-populating DVI tree with 100000 entries for lookup (direct insert) ... done.
 9.3 ms (11M ops/s) [10 batches]
  [515/1728] od_single / lookup / sequential / size=100000 viol=20% dup=0% t=16
    iter 1/3 ...    [PREPOP] Pre-populating DVI tree with 100000 entries for lookup (direct insert) ... done.
 13.6 ms (7M ops/s) [10 batches]
    iter 2/3 ...    [PREPOP] Pre-populating DVI tree with 100000 entries for lookup (direct insert) ... done.
 13.4 ms (7M ops/s) [10 batches]
    iter 3/3 ...    [PREPOP] Pre-populating DVI tree with 100000 entries for lookup (direct insert) ... done.
 13.1 ms (8M ops/s) [10 batches]
  [516/1728] od_single / lookup / sequential / size=100000 viol=20% dup=0% t=32
    iter 1/3 ...    [PREPOP] Pre-populating DVI tree with 100000 entries for lookup (direct insert) ... done.
 27.9 ms (4M ops/s) [10 batches]
    iter 2/3 ...    [PREPOP] Pre-populating DVI tree with 100000 entries for lookup (direct insert) ... done.
 27.7 ms (4M ops/s) [10 batches]
    iter 3/3 ...    [PREPOP] Pre-populating DVI tree with 100000 entries for lookup (direct insert) ... done.
 27.1 ms (4M ops/s) [10 batches]
  [517/1728] od_single / delete / sequential / size=100000 viol=20% dup=0% t=1
    iter 1/3 ...    [PREPOP] Pre-populating DVI tree with 100000 entries for delete (direct insert, no TxnCtx) ... done.
 117.7 ms (1M ops/s) [10 batches]
    iter 2/3 ...    [PREPOP] Pre-populating DVI tree with 100000 entries for delete (direct insert, no TxnCtx) ... done.
 119.8 ms (1M ops/s) [10 batches]
    iter 3/3 ...    [PREPOP] Pre-populating DVI tree with 100000 entries for delete (direct insert, no TxnCtx) ... done.
 117.7 ms (1M ops/s) [10 batches]
  [518/1728] od_single / delete / sequential / size=100000 viol=20% dup=0% t=2
    iter 1/3 ...    [PREPOP] Pre-populating DVI tree with 100000 entries for delete (direct insert, no TxnCtx) ... done.
 135.9 ms (1M ops/s) [10 batches]
    iter 2/3 ...    [PREPOP] Pre-populating DVI tree with 100000 entries for delete (direct insert, no TxnCtx) ... done.
 139.8 ms (1M ops/s) [10 batches]
    iter 3/3 ...    [PREPOP] Pre-populating DVI tree with 100000 entries for delete (direct insert, no TxnCtx) ... done.
 132.6 ms (1M ops/s) [10 batches]
  [519/1728] od_single / delete / sequential / size=100000 viol=20% dup=0% t=4
    iter 1/3 ...    [PREPOP] Pre-populating DVI tree with 100000 entries for delete (direct insert, no TxnCtx) ... done.
 143.7 ms (1M ops/s) [10 batches]
    iter 2/3 ...    [PREPOP] Pre-populating DVI tree with 100000 entries for delete (direct insert, no TxnCtx) ... done.
 141.6 ms (1M ops/s) [10 batches]
    iter 3/3 ...    [PREPOP] Pre-populating DVI tree with 100000 entries for delete (direct insert, no TxnCtx) ... done.
 142.1 ms (1M ops/s) [10 batches]
  [520/1728] od_single / delete / sequential / size=100000 viol=20% dup=0% t=8
    iter 1/3 ...    [PREPOP] Pre-populating DVI tree with 100000 entries for delete (direct insert, no TxnCtx) ... done.
 142.3 ms (1M ops/s) [10 batches]
    iter 2/3 ...    [PREPOP] Pre-populating DVI tree with 100000 entries for delete (direct insert, no TxnCtx) ... done.
 143.9 ms (1M ops/s) [10 batches]
    iter 3/3 ...    [PREPOP] Pre-populating DVI tree with 100000 entries for delete (direct insert, no TxnCtx) ... done.
 143.7 ms (1M ops/s) [10 batches]
  [521/1728] od_single / delete / sequential / size=100000 viol=20% dup=0% t=16
    iter 1/3 ...    [PREPOP] Pre-populating DVI tree with 100000 entries for delete (direct insert, no TxnCtx) ... done.
 120.6 ms (1M ops/s) [10 batches]
    iter 2/3 ...    [PREPOP] Pre-populating DVI tree with 100000 entries for delete (direct insert, no TxnCtx) ... done.
 121.2 ms (1M ops/s) [10 batches]
    iter 3/3 ...    [PREPOP] Pre-populating DVI tree with 100000 entries for delete (direct insert, no TxnCtx) ... done.
 119.9 ms (1M ops/s) [10 batches]
  [522/1728] od_single / delete / sequential / size=100000 viol=20% dup=0% t=32
    iter 1/3 ...    [PREPOP] Pre-populating DVI tree with 100000 entries for delete (direct insert, no TxnCtx) ... done.
 113.9 ms (1M ops/s) [10 batches]
    iter 2/3 ...    [PREPOP] Pre-populating DVI tree with 100000 entries for delete (direct insert, no TxnCtx) ... done.
 113.8 ms (1M ops/s) [10 batches]
    iter 3/3 ...    [PREPOP] Pre-populating DVI tree with 100000 entries for delete (direct insert, no TxnCtx) ... done.
 114.4 ms (1M ops/s) [10 batches]
[MEM] Freed entry vectors for od_single

[MECH] === od_multi (multi=true, od=true) ===
[DATA] Generating OD entries: sequential size=100000 viol=20% multi=true ... done (1 MB entries + 1 MB keys)
  [523/1728] od_multi / insert / sequential / size=100000 viol=20% dup=0% t=1
    iter 1/3 ... 227.8 ms (0M ops/s) [10 batches]
    iter 2/3 ... 213.1 ms (0M ops/s) [10 batches]
    iter 3/3 ... 214.1 ms (0M ops/s) [10 batches]
  [524/1728] od_multi / insert / sequential / size=100000 viol=20% dup=0% t=2
    iter 1/3 ... 187.6 ms (1M ops/s) [10 batches]
    iter 2/3 ... 184.3 ms (1M ops/s) [10 batches]
    iter 3/3 ... 182.7 ms (1M ops/s) [10 batches]
  [525/1728] od_multi / insert / sequential / size=100000 viol=20% dup=0% t=4
    iter 1/3 ... 155.7 ms (1M ops/s) [10 batches]
    iter 2/3 ... 136.4 ms (1M ops/s) [10 batches]
    iter 3/3 ... 124.5 ms (1M ops/s) [10 batches]
  [526/1728] od_multi / insert / sequential / size=100000 viol=20% dup=0% t=8
    iter 1/3 ... 119.8 ms (1M ops/s) [10 batches]
    iter 2/3 ... 93.5 ms (1M ops/s) [10 batches]
    iter 3/3 ... 89.0 ms (1M ops/s) [10 batches]
  [527/1728] od_multi / insert / sequential / size=100000 viol=20% dup=0% t=16
    iter 1/3 ... 86.3 ms (1M ops/s) [10 batches]
    iter 2/3 ... 77.9 ms (1M ops/s) [10 batches]
    iter 3/3 ... 78.4 ms (1M ops/s) [10 batches]
  [528/1728] od_multi / insert / sequential / size=100000 viol=20% dup=0% t=32
    iter 1/3 ... 85.7 ms (1M ops/s) [10 batches]
    iter 2/3 ... 82.5 ms (1M ops/s) [10 batches]
    iter 3/3 ... 80.7 ms (1M ops/s) [10 batches]
  [529/1728] od_multi / lookup / sequential / size=100000 viol=20% dup=0% t=1
    iter 1/3 ...    [PREPOP] Pre-populating DVI tree with 100000 entries for lookup (direct insert) ... done.
 22.2 ms (5M ops/s) [10 batches]
    iter 2/3 ...    [PREPOP] Pre-populating DVI tree with 100000 entries for lookup (direct insert) ... done.
 23.1 ms (4M ops/s) [10 batches]
    iter 3/3 ...    [PREPOP] Pre-populating DVI tree with 100000 entries for lookup (direct insert) ... done.
 22.7 ms (4M ops/s) [10 batches]
  [530/1728] od_multi / lookup / sequential / size=100000 viol=20% dup=0% t=2
    iter 1/3 ...    [PREPOP] Pre-populating DVI tree with 100000 entries for lookup (direct insert) ... done.
 14.6 ms (7M ops/s) [10 batches]
    iter 2/3 ...    [PREPOP] Pre-populating DVI tree with 100000 entries for lookup (direct insert) ... done.
 15.9 ms (6M ops/s) [10 batches]
    iter 3/3 ...    [PREPOP] Pre-populating DVI tree with 100000 entries for lookup (direct insert) ... done.
 15.2 ms (7M ops/s) [10 batches]
  [531/1728] od_multi / lookup / sequential / size=100000 viol=20% dup=0% t=4
    iter 1/3 ...    [PREPOP] Pre-populating DVI tree with 100000 entries for lookup (direct insert) ... done.
 10.7 ms (9M ops/s) [10 batches]
    iter 2/3 ...    [PREPOP] Pre-populating DVI tree with 100000 entries for lookup (direct insert) ... done.
 10.8 ms (9M ops/s) [10 batches]
    iter 3/3 ...    [PREPOP] Pre-populating DVI tree with 100000 entries for lookup (direct insert) ... done.
 10.8 ms (9M ops/s) [10 batches]
  [532/1728] od_multi / lookup / sequential / size=100000 viol=20% dup=0% t=8
    iter 1/3 ...    [PREPOP] Pre-populating DVI tree with 100000 entries for lookup (direct insert) ... done.
 9.3 ms (11M ops/s) [10 batches]
    iter 2/3 ...    [PREPOP] Pre-populating DVI tree with 100000 entries for lookup (direct insert) ... done.
 10.0 ms (10M ops/s) [10 batches]
    iter 3/3 ...    [PREPOP] Pre-populating DVI tree with 100000 entries for lookup (direct insert) ... done.
 9.1 ms (11M ops/s) [10 batches]
  [533/1728] od_multi / lookup / sequential / size=100000 viol=20% dup=0% t=16
    iter 1/3 ...    [PREPOP] Pre-populating DVI tree with 100000 entries for lookup (direct insert) ... done.
 13.3 ms (8M ops/s) [10 batches]
    iter 2/3 ...    [PREPOP] Pre-populating DVI tree with 100000 entries for lookup (direct insert) ... done.
 12.9 ms (8M ops/s) [10 batches]
    iter 3/3 ...    [PREPOP] Pre-populating DVI tree with 100000 entries for lookup (direct insert) ... done.
 13.1 ms (8M ops/s) [10 batches]
  [534/1728] od_multi / lookup / sequential / size=100000 viol=20% dup=0% t=32
    iter 1/3 ...    [PREPOP] Pre-populating DVI tree with 100000 entries for lookup (direct insert) ... done.
 28.7 ms (3M ops/s) [10 batches]
    iter 2/3 ...    [PREPOP] Pre-populating DVI tree with 100000 entries for lookup (direct insert) ... done.
 29.6 ms (3M ops/s) [10 batches]
    iter 3/3 ...    [PREPOP] Pre-populating DVI tree with 100000 entries for lookup (direct insert) ... done.
 28.6 ms (3M ops/s) [10 batches]
  [535/1728] od_multi / delete / sequential / size=100000 viol=20% dup=0% t=1
    iter 1/3 ...    [PREPOP] Pre-populating DVI tree with 100000 entries for delete (direct insert, no TxnCtx) ... done.
 114.1 ms (1M ops/s) [10 batches]
    iter 2/3 ...    [PREPOP] Pre-populating DVI tree with 100000 entries for delete (direct insert, no TxnCtx) ... done.
 110.4 ms (1M ops/s) [10 batches]
    iter 3/3 ...    [PREPOP] Pre-populating DVI tree with 100000 entries for delete (direct insert, no TxnCtx) ... done.
 111.1 ms (1M ops/s) [10 batches]
  [536/1728] od_multi / delete / sequential / size=100000 viol=20% dup=0% t=2
    iter 1/3 ...    [PREPOP] Pre-populating DVI tree with 100000 entries for delete (direct insert, no TxnCtx) ... done.
 131.3 ms (1M ops/s) [10 batches]
    iter 2/3 ...    [PREPOP] Pre-populating DVI tree with 100000 entries for delete (direct insert, no TxnCtx) ... done.
 133.2 ms (1M ops/s) [10 batches]
    iter 3/3 ...    [PREPOP] Pre-populating DVI tree with 100000 entries for delete (direct insert, no TxnCtx) ... done.
 133.8 ms (1M ops/s) [10 batches]
  [537/1728] od_multi / delete / sequential / size=100000 viol=20% dup=0% t=4
    iter 1/3 ...    [PREPOP] Pre-populating DVI tree with 100000 entries for delete (direct insert, no TxnCtx) ... done.
 140.0 ms (1M ops/s) [10 batches]
    iter 2/3 ...    [PREPOP] Pre-populating DVI tree with 100000 entries for delete (direct insert, no TxnCtx) ... done.
 141.6 ms (1M ops/s) [10 batches]
    iter 3/3 ...    [PREPOP] Pre-populating DVI tree with 100000 entries for delete (direct insert, no TxnCtx) ... done.
 140.7 ms (1M ops/s) [10 batches]
  [538/1728] od_multi / delete / sequential / size=100000 viol=20% dup=0% t=8
    iter 1/3 ...    [PREPOP] Pre-populating DVI tree with 100000 entries for delete (direct insert, no TxnCtx) ... done.
 134.4 ms (1M ops/s) [10 batches]
    iter 2/3 ...    [PREPOP] Pre-populating DVI tree with 100000 entries for delete (direct insert, no TxnCtx) ... done.
 140.6 ms (1M ops/s) [10 batches]
    iter 3/3 ...    [PREPOP] Pre-populating DVI tree with 100000 entries for delete (direct insert, no TxnCtx) ... done.
 140.1 ms (1M ops/s) [10 batches]
  [539/1728] od_multi / delete / sequential / size=100000 viol=20% dup=0% t=16
    iter 1/3 ...    [PREPOP] Pre-populating DVI tree with 100000 entries for delete (direct insert, no TxnCtx) ... done.
 119.7 ms (1M ops/s) [10 batches]
    iter 2/3 ...    [PREPOP] Pre-populating DVI tree with 100000 entries for delete (direct insert, no TxnCtx) ... done.
 123.9 ms (1M ops/s) [10 batches]
    iter 3/3 ...    [PREPOP] Pre-populating DVI tree with 100000 entries for delete (direct insert, no TxnCtx) ... done.
 119.6 ms (1M ops/s) [10 batches]
  [540/1728] od_multi / delete / sequential / size=100000 viol=20% dup=0% t=32
    iter 1/3 ...    [PREPOP] Pre-populating DVI tree with 100000 entries for delete (direct insert, no TxnCtx) ... done.
 114.0 ms (1M ops/s) [10 batches]
    iter 2/3 ...    [PREPOP] Pre-populating DVI tree with 100000 entries for delete (direct insert, no TxnCtx) ... done.
 112.8 ms (1M ops/s) [10 batches]
    iter 3/3 ...    [PREPOP] Pre-populating DVI tree with 100000 entries for delete (direct insert, no TxnCtx) ... done.
 113.6 ms (1M ops/s) [10 batches]
[MEM] Freed entry vectors for od_multi

[MECH] === od_single (multi=false, od=true) ===
[DATA] Generating OD entries: sequential size=100000 viol=100% multi=false ... done (1 MB entries + 1 MB keys)
  [541/1728] od_single / insert / sequential / size=100000 viol=100% dup=0% t=1
    iter 1/3 ... 223.0 ms (0M ops/s) [10 batches]
    iter 2/3 ... 215.4 ms (0M ops/s) [10 batches]
    iter 3/3 ... 214.0 ms (0M ops/s) [10 batches]
  [542/1728] od_single / insert / sequential / size=100000 viol=100% dup=0% t=2
    iter 1/3 ... 189.2 ms (1M ops/s) [10 batches]
    iter 2/3 ... 181.3 ms (1M ops/s) [10 batches]
    iter 3/3 ... 182.4 ms (1M ops/s) [10 batches]
  [543/1728] od_single / insert / sequential / size=100000 viol=100% dup=0% t=4
    iter 1/3 ... 155.6 ms (1M ops/s) [10 batches]
    iter 2/3 ... 135.8 ms (1M ops/s) [10 batches]
    iter 3/3 ... 125.0 ms (1M ops/s) [10 batches]
  [544/1728] od_single / insert / sequential / size=100000 viol=100% dup=0% t=8
    iter 1/3 ... 120.4 ms (1M ops/s) [10 batches]
    iter 2/3 ... 96.7 ms (1M ops/s) [10 batches]
    iter 3/3 ... 91.7 ms (1M ops/s) [10 batches]
  [545/1728] od_single / insert / sequential / size=100000 viol=100% dup=0% t=16
    iter 1/3 ... 88.3 ms (1M ops/s) [10 batches]
    iter 2/3 ... 78.2 ms (1M ops/s) [10 batches]
    iter 3/3 ... 77.2 ms (1M ops/s) [10 batches]
  [546/1728] od_single / insert / sequential / size=100000 viol=100% dup=0% t=32
    iter 1/3 ... 85.9 ms (1M ops/s) [10 batches]
    iter 2/3 ... 81.3 ms (1M ops/s) [10 batches]
    iter 3/3 ... 81.9 ms (1M ops/s) [10 batches]
  [547/1728] od_single / lookup / sequential / size=100000 viol=100% dup=0% t=1
    iter 1/3 ...    [PREPOP] Pre-populating DVI tree with 100000 entries for lookup (direct insert) ... done.
 24.0 ms (4M ops/s) [10 batches]
    iter 2/3 ...    [PREPOP] Pre-populating DVI tree with 100000 entries for lookup (direct insert) ... done.
 24.5 ms (4M ops/s) [10 batches]
    iter 3/3 ...    [PREPOP] Pre-populating DVI tree with 100000 entries for lookup (direct insert) ... done.
 25.0 ms (4M ops/s) [10 batches]
  [548/1728] od_single / lookup / sequential / size=100000 viol=100% dup=0% t=2
    iter 1/3 ...    [PREPOP] Pre-populating DVI tree with 100000 entries for lookup (direct insert) ... done.
 16.4 ms (6M ops/s) [10 batches]
    iter 2/3 ...    [PREPOP] Pre-populating DVI tree with 100000 entries for lookup (direct insert) ... done.
 16.8 ms (6M ops/s) [10 batches]
    iter 3/3 ...    [PREPOP] Pre-populating DVI tree with 100000 entries for lookup (direct insert) ... done.
 16.4 ms (6M ops/s) [10 batches]
  [549/1728] od_single / lookup / sequential / size=100000 viol=100% dup=0% t=4
    iter 1/3 ...    [PREPOP] Pre-populating DVI tree with 100000 entries for lookup (direct insert) ... done.
 11.8 ms (8M ops/s) [10 batches]
    iter 2/3 ...    [PREPOP] Pre-populating DVI tree with 100000 entries for lookup (direct insert) ... done.
 11.4 ms (9M ops/s) [10 batches]
    iter 3/3 ...    [PREPOP] Pre-populating DVI tree with 100000 entries for lookup (direct insert) ... done.
 11.2 ms (9M ops/s) [10 batches]
  [550/1728] od_single / lookup / sequential / size=100000 viol=100% dup=0% t=8
    iter 1/3 ...    [PREPOP] Pre-populating DVI tree with 100000 entries for lookup (direct insert) ... done.
 9.4 ms (11M ops/s) [10 batches]
    iter 2/3 ...    [PREPOP] Pre-populating DVI tree with 100000 entries for lookup (direct insert) ... done.
 9.1 ms (11M ops/s) [10 batches]
    iter 3/3 ...    [PREPOP] Pre-populating DVI tree with 100000 entries for lookup (direct insert) ... done.
 9.0 ms (11M ops/s) [10 batches]
  [551/1728] od_single / lookup / sequential / size=100000 viol=100% dup=0% t=16
    iter 1/3 ...    [PREPOP] Pre-populating DVI tree with 100000 entries for lookup (direct insert) ... done.
 13.3 ms (8M ops/s) [10 batches]
    iter 2/3 ...    [PREPOP] Pre-populating DVI tree with 100000 entries for lookup (direct insert) ... done.
 13.4 ms (7M ops/s) [10 batches]
    iter 3/3 ...    [PREPOP] Pre-populating DVI tree with 100000 entries for lookup (direct insert) ... done.
 13.3 ms (7M ops/s) [10 batches]
  [552/1728] od_single / lookup / sequential / size=100000 viol=100% dup=0% t=32
    iter 1/3 ...    [PREPOP] Pre-populating DVI tree with 100000 entries for lookup (direct insert) ... done.
 27.9 ms (4M ops/s) [10 batches]
    iter 2/3 ...    [PREPOP] Pre-populating DVI tree with 100000 entries for lookup (direct insert) ... done.
 27.9 ms (4M ops/s) [10 batches]
    iter 3/3 ...    [PREPOP] Pre-populating DVI tree with 100000 entries for lookup (direct insert) ... done.
 28.4 ms (4M ops/s) [10 batches]
  [553/1728] od_single / delete / sequential / size=100000 viol=100% dup=0% t=1
    iter 1/3 ...    [PREPOP] Pre-populating DVI tree with 100000 entries for delete (direct insert, no TxnCtx) ... done.
 116.7 ms (1M ops/s) [10 batches]
    iter 2/3 ...    [PREPOP] Pre-populating DVI tree with 100000 entries for delete (direct insert, no TxnCtx) ... done.
 113.3 ms (1M ops/s) [10 batches]
    iter 3/3 ...    [PREPOP] Pre-populating DVI tree with 100000 entries for delete (direct insert, no TxnCtx) ... done.
 112.9 ms (1M ops/s) [10 batches]
  [554/1728] od_single / delete / sequential / size=100000 viol=100% dup=0% t=2
    iter 1/3 ...    [PREPOP] Pre-populating DVI tree with 100000 entries for delete (direct insert, no TxnCtx) ... done.
 133.6 ms (1M ops/s) [10 batches]
    iter 2/3 ...    [PREPOP] Pre-populating DVI tree with 100000 entries for delete (direct insert, no TxnCtx) ... done.
 136.1 ms (1M ops/s) [10 batches]
    iter 3/3 ...    [PREPOP] Pre-populating DVI tree with 100000 entries for delete (direct insert, no TxnCtx) ... done.
 132.4 ms (1M ops/s) [10 batches]
  [555/1728] od_single / delete / sequential / size=100000 viol=100% dup=0% t=4
    iter 1/3 ...    [PREPOP] Pre-populating DVI tree with 100000 entries for delete (direct insert, no TxnCtx) ... done.
 141.4 ms (1M ops/s) [10 batches]
    iter 2/3 ...    [PREPOP] Pre-populating DVI tree with 100000 entries for delete (direct insert, no TxnCtx) ... done.
 144.5 ms (1M ops/s) [10 batches]
    iter 3/3 ...    [PREPOP] Pre-populating DVI tree with 100000 entries for delete (direct insert, no TxnCtx) ... done.
 144.8 ms (1M ops/s) [10 batches]
  [556/1728] od_single / delete / sequential / size=100000 viol=100% dup=0% t=8
    iter 1/3 ...    [PREPOP] Pre-populating DVI tree with 100000 entries for delete (direct insert, no TxnCtx) ... done.
 144.6 ms (1M ops/s) [10 batches]
    iter 2/3 ...    [PREPOP] Pre-populating DVI tree with 100000 entries for delete (direct insert, no TxnCtx) ... done.
 146.1 ms (1M ops/s) [10 batches]
    iter 3/3 ...    [PREPOP] Pre-populating DVI tree with 100000 entries for delete (direct insert, no TxnCtx) ... done.
 142.6 ms (1M ops/s) [10 batches]
  [557/1728] od_single / delete / sequential / size=100000 viol=100% dup=0% t=16
    iter 1/3 ...    [PREPOP] Pre-populating DVI tree with 100000 entries for delete (direct insert, no TxnCtx) ... done.
 120.3 ms (1M ops/s) [10 batches]
    iter 2/3 ...    [PREPOP] Pre-populating DVI tree with 100000 entries for delete (direct insert, no TxnCtx) ... done.
 120.7 ms (1M ops/s) [10 batches]
    iter 3/3 ...    [PREPOP] Pre-populating DVI tree with 100000 entries for delete (direct insert, no TxnCtx) ... done.
 120.2 ms (1M ops/s) [10 batches]
  [558/1728] od_single / delete / sequential / size=100000 viol=100% dup=0% t=32
    iter 1/3 ...    [PREPOP] Pre-populating DVI tree with 100000 entries for delete (direct insert, no TxnCtx) ... done.
 113.4 ms (1M ops/s) [10 batches]
    iter 2/3 ...    [PREPOP] Pre-populating DVI tree with 100000 entries for delete (direct insert, no TxnCtx) ... done.
 113.6 ms (1M ops/s) [10 batches]
    iter 3/3 ...    [PREPOP] Pre-populating DVI tree with 100000 entries for delete (direct insert, no TxnCtx) ... done.
 113.8 ms (1M ops/s) [10 batches]
[MEM] Freed entry vectors for od_single

[MECH] === od_multi (multi=true, od=true) ===
[DATA] Generating OD entries: sequential size=100000 viol=100% multi=true ... done (1 MB entries + 1 MB keys)
  [559/1728] od_multi / insert / sequential / size=100000 viol=100% dup=0% t=1
    iter 1/3 ... 224.0 ms (0M ops/s) [10 batches]
    iter 2/3 ... 215.9 ms (0M ops/s) [10 batches]
    iter 3/3 ... 215.4 ms (0M ops/s) [10 batches]
  [560/1728] od_multi / insert / sequential / size=100000 viol=100% dup=0% t=2
    iter 1/3 ... 193.2 ms (1M ops/s) [10 batches]
    iter 2/3 ... 187.7 ms (1M ops/s) [10 batches]
    iter 3/3 ... 188.0 ms (1M ops/s) [10 batches]
  [561/1728] od_multi / insert / sequential / size=100000 viol=100% dup=0% t=4
    iter 1/3 ... 157.0 ms (1M ops/s) [10 batches]
    iter 2/3 ... 127.8 ms (1M ops/s) [10 batches]
    iter 3/3 ... 123.9 ms (1M ops/s) [10 batches]
  [562/1728] od_multi / insert / sequential / size=100000 viol=100% dup=0% t=8
    iter 1/3 ... 120.3 ms (1M ops/s) [10 batches]
    iter 2/3 ... 95.5 ms (1M ops/s) [10 batches]
    iter 3/3 ... 91.3 ms (1M ops/s) [10 batches]
  [563/1728] od_multi / insert / sequential / size=100000 viol=100% dup=0% t=16
    iter 1/3 ... 87.0 ms (1M ops/s) [10 batches]
    iter 2/3 ... 78.7 ms (1M ops/s) [10 batches]
    iter 3/3 ... 77.8 ms (1M ops/s) [10 batches]
  [564/1728] od_multi / insert / sequential / size=100000 viol=100% dup=0% t=32
    iter 1/3 ... 84.7 ms (1M ops/s) [10 batches]
    iter 2/3 ... 82.1 ms (1M ops/s) [10 batches]
    iter 3/3 ... 80.9 ms (1M ops/s) [10 batches]
  [565/1728] od_multi / lookup / sequential / size=100000 viol=100% dup=0% t=1
    iter 1/3 ...    [PREPOP] Pre-populating DVI tree with 100000 entries for lookup (direct insert) ... done.
 20.6 ms (5M ops/s) [10 batches]
    iter 2/3 ...    [PREPOP] Pre-populating DVI tree with 100000 entries for lookup (direct insert) ... done.
 22.9 ms (4M ops/s) [10 batches]
    iter 3/3 ...    [PREPOP] Pre-populating DVI tree with 100000 entries for lookup (direct insert) ... done.
 23.2 ms (4M ops/s) [10 batches]
  [566/1728] od_multi / lookup / sequential / size=100000 viol=100% dup=0% t=2
    iter 1/3 ...    [PREPOP] Pre-populating DVI tree with 100000 entries for lookup (direct insert) ... done.
 15.7 ms (6M ops/s) [10 batches]
    iter 2/3 ...    [PREPOP] Pre-populating DVI tree with 100000 entries for lookup (direct insert) ... done.
 15.9 ms (6M ops/s) [10 batches]
    iter 3/3 ...    [PREPOP] Pre-populating DVI tree with 100000 entries for lookup (direct insert) ... done.
 15.7 ms (6M ops/s) [10 batches]
  [567/1728] od_multi / lookup / sequential / size=100000 viol=100% dup=0% t=4
    iter 1/3 ...    [PREPOP] Pre-populating DVI tree with 100000 entries for lookup (direct insert) ... done.
 11.1 ms (9M ops/s) [10 batches]
    iter 2/3 ...    [PREPOP] Pre-populating DVI tree with 100000 entries for lookup (direct insert) ... done.
 10.9 ms (9M ops/s) [10 batches]
    iter 3/3 ...    [PREPOP] Pre-populating DVI tree with 100000 entries for lookup (direct insert) ... done.
 10.2 ms (10M ops/s) [10 batches]
  [568/1728] od_multi / lookup / sequential / size=100000 viol=100% dup=0% t=8
    iter 1/3 ...    [PREPOP] Pre-populating DVI tree with 100000 entries for lookup (direct insert) ... done.
 9.0 ms (11M ops/s) [10 batches]
    iter 2/3 ...    [PREPOP] Pre-populating DVI tree with 100000 entries for lookup (direct insert) ... done.
 9.1 ms (11M ops/s) [10 batches]
    iter 3/3 ...    [PREPOP] Pre-populating DVI tree with 100000 entries for lookup (direct insert) ... done.
 8.8 ms (11M ops/s) [10 batches]
  [569/1728] od_multi / lookup / sequential / size=100000 viol=100% dup=0% t=16
    iter 1/3 ...    [PREPOP] Pre-populating DVI tree with 100000 entries for lookup (direct insert) ... done.
 13.5 ms (7M ops/s) [10 batches]
    iter 2/3 ...    [PREPOP] Pre-populating DVI tree with 100000 entries for lookup (direct insert) ... done.
 12.9 ms (8M ops/s) [10 batches]
    iter 3/3 ...    [PREPOP] Pre-populating DVI tree with 100000 entries for lookup (direct insert) ... done.
 13.5 ms (7M ops/s) [10 batches]
  [570/1728] od_multi / lookup / sequential / size=100000 viol=100% dup=0% t=32
    iter 1/3 ...    [PREPOP] Pre-populating DVI tree with 100000 entries for lookup (direct insert) ... done.
 28.3 ms (4M ops/s) [10 batches]
    iter 2/3 ...    [PREPOP] Pre-populating DVI tree with 100000 entries for lookup (direct insert) ... done.
 28.3 ms (4M ops/s) [10 batches]
    iter 3/3 ...    [PREPOP] Pre-populating DVI tree with 100000 entries for lookup (direct insert) ... done.
 28.7 ms (3M ops/s) [10 batches]
  [571/1728] od_multi / delete / sequential / size=100000 viol=100% dup=0% t=1
    iter 1/3 ...    [PREPOP] Pre-populating DVI tree with 100000 entries for delete (direct insert, no TxnCtx) ... done.
 116.4 ms (1M ops/s) [10 batches]
    iter 2/3 ...    [PREPOP] Pre-populating DVI tree with 100000 entries for delete (direct insert, no TxnCtx) ... done.
 112.1 ms (1M ops/s) [10 batches]
    iter 3/3 ...    [PREPOP] Pre-populating DVI tree with 100000 entries for delete (direct insert, no TxnCtx) ... done.
 112.1 ms (1M ops/s) [10 batches]
  [572/1728] od_multi / delete / sequential / size=100000 viol=100% dup=0% t=2
    iter 1/3 ...    [PREPOP] Pre-populating DVI tree with 100000 entries for delete (direct insert, no TxnCtx) ... done.
 130.6 ms (1M ops/s) [10 batches]
    iter 2/3 ...    [PREPOP] Pre-populating DVI tree with 100000 entries for delete (direct insert, no TxnCtx) ... done.
 130.0 ms (1M ops/s) [10 batches]
    iter 3/3 ...    [PREPOP] Pre-populating DVI tree with 100000 entries for delete (direct insert, no TxnCtx) ... done.
 127.6 ms (1M ops/s) [10 batches]
  [573/1728] od_multi / delete / sequential / size=100000 viol=100% dup=0% t=4
    iter 1/3 ...    [PREPOP] Pre-populating DVI tree with 100000 entries for delete (direct insert, no TxnCtx) ... done.
 143.0 ms (1M ops/s) [10 batches]
    iter 2/3 ...    [PREPOP] Pre-populating DVI tree with 100000 entries for delete (direct insert, no TxnCtx) ... done.
 141.7 ms (1M ops/s) [10 batches]
    iter 3/3 ...    [PREPOP] Pre-populating DVI tree with 100000 entries for delete (direct insert, no TxnCtx) ... done.
 139.5 ms (1M ops/s) [10 batches]
  [574/1728] od_multi / delete / sequential / size=100000 viol=100% dup=0% t=8
    iter 1/3 ...    [PREPOP] Pre-populating DVI tree with 100000 entries for delete (direct insert, no TxnCtx) ... done.
 137.1 ms (1M ops/s) [10 batches]
    iter 2/3 ...    [PREPOP] Pre-populating DVI tree with 100000 entries for delete (direct insert, no TxnCtx) ... done.
 135.7 ms (1M ops/s) [10 batches]
    iter 3/3 ...    [PREPOP] Pre-populating DVI tree with 100000 entries for delete (direct insert, no TxnCtx) ... done.
 142.0 ms (1M ops/s) [10 batches]
  [575/1728] od_multi / delete / sequential / size=100000 viol=100% dup=0% t=16
    iter 1/3 ...    [PREPOP] Pre-populating DVI tree with 100000 entries for delete (direct insert, no TxnCtx) ... done.
 119.5 ms (1M ops/s) [10 batches]
    iter 2/3 ...    [PREPOP] Pre-populating DVI tree with 100000 entries for delete (direct insert, no TxnCtx) ... done.
 119.9 ms (1M ops/s) [10 batches]
    iter 3/3 ...    [PREPOP] Pre-populating DVI tree with 100000 entries for delete (direct insert, no TxnCtx) ... done.
 119.6 ms (1M ops/s) [10 batches]
  [576/1728] od_multi / delete / sequential / size=100000 viol=100% dup=0% t=32
    iter 1/3 ...    [PREPOP] Pre-populating DVI tree with 100000 entries for delete (direct insert, no TxnCtx) ... done.
 113.9 ms (1M ops/s) [10 batches]
    iter 2/3 ...    [PREPOP] Pre-populating DVI tree with 100000 entries for delete (direct insert, no TxnCtx) ... done.
 113.0 ms (1M ops/s) [10 batches]
    iter 3/3 ...    [PREPOP] Pre-populating DVI tree with 100000 entries for delete (direct insert, no TxnCtx) ... done.
 113.5 ms (1M ops/s) [10 batches]
[MEM] Freed entry vectors for od_multi

=== Done. Results: /home/Jonas.Baltruschat/hyrise/dvi_benchmarks/results/micro/20260422_010507/results.csv ===
