experiment,workload,mechanism,violation_rate,duplicate_rate,access_pattern,size,threads,iteration,batch_end,batch_ms,ops_per_s
T1,insert_only,od_multi,0,0.1,random,1000000,2,1,10000,108.359,92285.9
T1,insert_only,od_multi,0,0.1,random,1000000,2,1,20000,107.289,93206.3
T1,insert_only,od_multi,0,0.1,random,1000000,2,1,30000,103.798,96340.8
T1,insert_only,od_multi,0,0.1,random,1000000,2,1,40000,105.077,95168.1
T1,insert_only,od_multi,0,0.1,random,1000000,2,1,50000,105.583,94712.2
T1,insert_only,od_multi,0,0.1,random,1000000,2,1,60000,105.723,94587
T1,insert_only,od_multi,0,0.1,random,1000000,2,1,70000,170.496,58652.5
T1,insert_only,od_multi,0,0.1,random,1000000,2,1,80000,102.599,97466.7
T1,insert_only,od_multi,0,0.1,random,1000000,2,1,90000,106.764,93664.3
T1,insert_only,od_multi,0,0.1,random,1000000,2,1,100000,103.058,97032.9
T1,insert_only,od_multi,0,0.1,random,1000000,2,1,110000,105.531,94758.9
T1,insert_only,od_multi,0,0.1,random,1000000,2,1,120000,104.279,95896.5
T1,insert_only,od_multi,0,0.1,random,1000000,2,1,130000,104.031,96125.4
T1,insert_only,od_multi,0,0.1,random,1000000,2,1,140000,167.783,59600.6
T1,insert_only,od_multi,0,0.1,random,1000000,2,1,150000,99.5524,100450
T1,insert_only,od_multi,0,0.1,random,1000000,2,1,160000,99.6655,100336
T1,insert_only,od_multi,0,0.1,random,1000000,2,1,170000,106.115,94237.4
T1,insert_only,od_multi,0,0.1,random,1000000,2,1,180000,107.277,93216.9
T1,insert_only,od_multi,0,0.1,random,1000000,2,1,190000,103.577,96546.9
T1,insert_only,od_multi,0,0.1,random,1000000,2,1,200000,172.766,57881.9
T1,insert_only,od_multi,0,0.1,random,1000000,2,1,210000,105.151,95101.2
T1,insert_only,od_multi,0,0.1,random,1000000,2,1,220000,101.692,98336.3
T1,insert_only,od_multi,0,0.1,random,1000000,2,1,230000,102.656,97412.9
T1,insert_only,od_multi,0,0.1,random,1000000,2,1,240000,105.347,94924.8
T1,insert_only,od_multi,0,0.1,random,1000000,2,1,250000,103.432,96682
T1,insert_only,od_multi,0,0.1,random,1000000,2,1,260000,104.958,95276.4
T1,insert_only,od_multi,0,0.1,random,1000000,2,1,270000,172.269,58048.8
T1,insert_only,od_multi,0,0.1,random,1000000,2,1,280000,105.13,95120.7
T1,insert_only,od_multi,0,0.1,random,1000000,2,1,290000,105.701,94606.2
T1,insert_only,od_multi,0,0.1,random,1000000,2,1,300000,105.764,94549.9
T1,insert_only,od_multi,0,0.1,random,1000000,2,1,310000,106.308,94066.4
T1,insert_only,od_multi,0,0.1,random,1000000,2,1,320000,105.873,94453
T1,insert_only,od_multi,0,0.1,random,1000000,2,1,330000,173.332,57692.6
T1,insert_only,od_multi,0,0.1,random,1000000,2,1,340000,106.928,93521.3
T1,insert_only,od_multi,0,0.1,random,1000000,2,1,350000,104.787,95431.5
T1,insert_only,od_multi,0,0.1,random,1000000,2,1,360000,105.938,94394.6
T1,insert_only,od_multi,0,0.1,random,1000000,2,1,370000,107.566,92966.5
T1,insert_only,od_multi,0,0.1,random,1000000,2,1,380000,104.193,95975.5
T1,insert_only,od_multi,0,0.1,random,1000000,2,1,390000,106.919,93528.9
T1,insert_only,od_multi,0,0.1,random,1000000,2,1,400000,176.35,56705.3
T1,insert_only,od_multi,0,0.1,random,1000000,2,1,410000,103.714,96419.4
T1,insert_only,od_multi,0,0.1,random,1000000,2,1,420000,106.405,93980.4
T1,insert_only,od_multi,0,0.1,random,1000000,2,1,430000,103.02,97068.4
T1,insert_only,od_multi,0,0.1,random,1000000,2,1,440000,104.141,96023.9
T1,insert_only,od_multi,0,0.1,random,1000000,2,1,450000,104.429,95758.7
T1,insert_only,od_multi,0,0.1,random,1000000,2,1,460000,171.029,58469.7
T1,insert_only,od_multi,0,0.1,random,1000000,2,1,470000,106.907,93539
T1,insert_only,od_multi,0,0.1,random,1000000,2,1,480000,106.006,94334.3
T1,insert_only,od_multi,0,0.1,random,1000000,2,1,490000,104.869,95357.3
T1,insert_only,od_multi,0,0.1,random,1000000,2,1,500000,106.897,93547.7
T1,insert_only,od_multi,0,0.1,random,1000000,2,1,510000,105.436,94844.1
T1,insert_only,od_multi,0,0.1,random,1000000,2,1,520000,104.644,95562.1
T1,insert_only,od_multi,0,0.1,random,1000000,2,1,530000,175.569,56957.7
T1,insert_only,od_multi,0,0.1,random,1000000,2,1,540000,106.622,93789.7
T1,insert_only,od_multi,0,0.1,random,1000000,2,1,550000,106.074,94274.1
T1,insert_only,od_multi,0,0.1,random,1000000,2,1,560000,106.865,93576.3
T1,insert_only,od_multi,0,0.1,random,1000000,2,1,570000,103.7,96431.6
T1,insert_only,od_multi,0,0.1,random,1000000,2,1,580000,105.433,94846.7
T1,insert_only,od_multi,0,0.1,random,1000000,2,1,590000,173.948,57488.3
T1,insert_only,od_multi,0,0.1,random,1000000,2,1,600000,106.877,93565.2
T1,insert_only,od_multi,0,0.1,random,1000000,2,1,610000,106.818,93617.5
T1,insert_only,od_multi,0,0.1,random,1000000,2,1,620000,106.383,93999.6
T1,insert_only,od_multi,0,0.1,random,1000000,2,1,630000,105.24,95020.8
T1,insert_only,od_multi,0,0.1,random,1000000,2,1,640000,106.628,93784
T1,insert_only,od_multi,0,0.1,random,1000000,2,1,650000,104.287,95889.2
T1,insert_only,od_multi,0,0.1,random,1000000,2,1,660000,174.856,57189.8
T1,insert_only,od_multi,0,0.1,random,1000000,2,1,670000,107.654,92889.8
T1,insert_only,od_multi,0,0.1,random,1000000,2,1,680000,107.18,93300.7
T1,insert_only,od_multi,0,0.1,random,1000000,2,1,690000,107.283,93211.6
T1,insert_only,od_multi,0,0.1,random,1000000,2,1,700000,105.521,94768.2
T1,insert_only,od_multi,0,0.1,random,1000000,2,1,710000,106.483,93911.7
T1,insert_only,od_multi,0,0.1,random,1000000,2,1,720000,107.073,93393.8
T1,insert_only,od_multi,0,0.1,random,1000000,2,1,730000,173.431,57659.8
T1,insert_only,od_multi,0,0.1,random,1000000,2,1,740000,106.561,93842.9
T1,insert_only,od_multi,0,0.1,random,1000000,2,1,750000,102.811,97265.7
T1,insert_only,od_multi,0,0.1,random,1000000,2,1,760000,106.307,94067
T1,insert_only,od_multi,0,0.1,random,1000000,2,1,770000,105.938,94395.1
T1,insert_only,od_multi,0,0.1,random,1000000,2,1,780000,106.325,94051.2
T1,insert_only,od_multi,0,0.1,random,1000000,2,1,790000,173.278,57710.7
T1,insert_only,od_multi,0,0.1,random,1000000,2,1,800000,108.217,92407.3
T1,insert_only,od_multi,0,0.1,random,1000000,2,1,810000,107.723,92830.5
T1,insert_only,od_multi,0,0.1,random,1000000,2,1,820000,107.255,93235.3
T1,insert_only,od_multi,0,0.1,random,1000000,2,1,830000,104.028,96127.7
T1,insert_only,od_multi,0,0.1,random,1000000,2,1,840000,103.715,96418.2
T1,insert_only,od_multi,0,0.1,random,1000000,2,1,850000,107.447,93069.3
T1,insert_only,od_multi,0,0.1,random,1000000,2,1,860000,174.249,57389.2
T1,insert_only,od_multi,0,0.1,random,1000000,2,1,870000,108.633,92053.1
T1,insert_only,od_multi,0,0.1,random,1000000,2,1,880000,106.373,94008.5
T1,insert_only,od_multi,0,0.1,random,1000000,2,1,890000,106.925,93523.9
T1,insert_only,od_multi,0,0.1,random,1000000,2,1,900000,105.897,94431.3
T1,insert_only,od_multi,0,0.1,random,1000000,2,1,910000,106.661,93755.4
T1,insert_only,od_multi,0,0.1,random,1000000,2,1,920000,174.423,57331.7
T1,insert_only,od_multi,0,0.1,random,1000000,2,1,930000,108.068,92534.2
T1,insert_only,od_multi,0,0.1,random,1000000,2,1,940000,105.909,94420.6
T1,insert_only,od_multi,0,0.1,random,1000000,2,1,950000,106.278,94092.6
T1,insert_only,od_multi,0,0.1,random,1000000,2,1,960000,104.433,95755.2
T1,insert_only,od_multi,0,0.1,random,1000000,2,1,970000,106.957,93495.5
T1,insert_only,od_multi,0,0.1,random,1000000,2,1,980000,105.934,94398.1
T1,insert_only,od_multi,0,0.1,random,1000000,2,1,990000,175.868,56860.8
T1,insert_only,od_multi,0,0.1,random,1000000,2,1,1000000,105.905,94424
T1,insert_only,od_multi,0,0.1,random,1000000,2,2,10000,116.574,85782.4
T1,insert_only,od_multi,0,0.1,random,1000000,2,2,20000,104.542,95655
T1,insert_only,od_multi,0,0.1,random,1000000,2,2,30000,107.371,93135.4
T1,insert_only,od_multi,0,0.1,random,1000000,2,2,40000,105.39,94885.7
T1,insert_only,od_multi,0,0.1,random,1000000,2,2,50000,107.182,93298.9
T1,insert_only,od_multi,0,0.1,random,1000000,2,2,60000,105.059,95184.5
T1,insert_only,od_multi,0,0.1,random,1000000,2,2,70000,173.465,57648.5
T1,insert_only,od_multi,0,0.1,random,1000000,2,2,80000,105.973,94363.6
T1,insert_only,od_multi,0,0.1,random,1000000,2,2,90000,107.789,92773.4
T1,insert_only,od_multi,0,0.1,random,1000000,2,2,100000,106.06,94286.4
T1,insert_only,od_multi,0,0.1,random,1000000,2,2,110000,107.858,92714.3
T1,insert_only,od_multi,0,0.1,random,1000000,2,2,120000,108.156,92459.2
T1,insert_only,od_multi,0,0.1,random,1000000,2,2,130000,107.488,93033.4
T1,insert_only,od_multi,0,0.1,random,1000000,2,2,140000,170.339,58706.6
T1,insert_only,od_multi,0,0.1,random,1000000,2,2,150000,102.72,97352.1
T1,insert_only,od_multi,0,0.1,random,1000000,2,2,160000,101.072,98939.3
T1,insert_only,od_multi,0,0.1,random,1000000,2,2,170000,102.523,97539.3
T1,insert_only,od_multi,0,0.1,random,1000000,2,2,180000,101.214,98800.6
T1,insert_only,od_multi,0,0.1,random,1000000,2,2,190000,100.664,99340.7
T1,insert_only,od_multi,0,0.1,random,1000000,2,2,200000,167.828,59584.9
T1,insert_only,od_multi,0,0.1,random,1000000,2,2,210000,101.578,98447
T1,insert_only,od_multi,0,0.1,random,1000000,2,2,220000,100.769,99237.3
T1,insert_only,od_multi,0,0.1,random,1000000,2,2,230000,99.9636,100036
T1,insert_only,od_multi,0,0.1,random,1000000,2,2,240000,101.188,98825.8
T1,insert_only,od_multi,0,0.1,random,1000000,2,2,250000,101.438,98582.5
T1,insert_only,od_multi,0,0.1,random,1000000,2,2,260000,100.637,99367
T1,insert_only,od_multi,0,0.1,random,1000000,2,2,270000,168.109,59485.1
T1,insert_only,od_multi,0,0.1,random,1000000,2,2,280000,103.987,96165.7
T1,insert_only,od_multi,0,0.1,random,1000000,2,2,290000,104.224,95947.5
T1,insert_only,od_multi,0,0.1,random,1000000,2,2,300000,103.334,96773.5
T1,insert_only,od_multi,0,0.1,random,1000000,2,2,310000,102.005,98034
T1,insert_only,od_multi,0,0.1,random,1000000,2,2,320000,102.6,97466.3
T1,insert_only,od_multi,0,0.1,random,1000000,2,2,330000,168.671,59287
T1,insert_only,od_multi,0,0.1,random,1000000,2,2,340000,104.85,95374.7
T1,insert_only,od_multi,0,0.1,random,1000000,2,2,350000,102.63,97437.3
T1,insert_only,od_multi,0,0.1,random,1000000,2,2,360000,103.939,96210.4
T1,insert_only,od_multi,0,0.1,random,1000000,2,2,370000,104.478,95713.5
T1,insert_only,od_multi,0,0.1,random,1000000,2,2,380000,103.35,96758.4
T1,insert_only,od_multi,0,0.1,random,1000000,2,2,390000,103.808,96331.4
T1,insert_only,od_multi,0,0.1,random,1000000,2,2,400000,173.339,57690.3
T1,insert_only,od_multi,0,0.1,random,1000000,2,2,410000,105.549,94742.5
T1,insert_only,od_multi,0,0.1,random,1000000,2,2,420000,105.41,94867.9
T1,insert_only,od_multi,0,0.1,random,1000000,2,2,430000,104.064,96095
T1,insert_only,od_multi,0,0.1,random,1000000,2,2,440000,105.38,94894.3
T1,insert_only,od_multi,0,0.1,random,1000000,2,2,450000,103.13,96964.8
T1,insert_only,od_multi,0,0.1,random,1000000,2,2,460000,174.095,57439.8
T1,insert_only,od_multi,0,0.1,random,1000000,2,2,470000,107.485,93036.5
T1,insert_only,od_multi,0,0.1,random,1000000,2,2,480000,105.764,94550
T1,insert_only,od_multi,0,0.1,random,1000000,2,2,490000,105.599,94698.3
T1,insert_only,od_multi,0,0.1,random,1000000,2,2,500000,105.889,94438.8
T1,insert_only,od_multi,0,0.1,random,1000000,2,2,510000,104.216,95954.9
T1,insert_only,od_multi,0,0.1,random,1000000,2,2,520000,103.888,96257.8
T1,insert_only,od_multi,0,0.1,random,1000000,2,2,530000,173.868,57514.8
T1,insert_only,od_multi,0,0.1,random,1000000,2,2,540000,106.137,94217.7
T1,insert_only,od_multi,0,0.1,random,1000000,2,2,550000,107.224,93262.7
T1,insert_only,od_multi,0,0.1,random,1000000,2,2,560000,106.214,94149.4
T1,insert_only,od_multi,0,0.1,random,1000000,2,2,570000,107.534,92993.5
T1,insert_only,od_multi,0,0.1,random,1000000,2,2,580000,105.6,94697.2
T1,insert_only,od_multi,0,0.1,random,1000000,2,2,590000,174.632,57263.3
T1,insert_only,od_multi,0,0.1,random,1000000,2,2,600000,102.87,97209.6
T1,insert_only,od_multi,0,0.1,random,1000000,2,2,610000,103.863,96280.9
T1,insert_only,od_multi,0,0.1,random,1000000,2,2,620000,106.142,94213
T1,insert_only,od_multi,0,0.1,random,1000000,2,2,630000,106.125,94228.6
T1,insert_only,od_multi,0,0.1,random,1000000,2,2,640000,106.822,93613.7
T1,insert_only,od_multi,0,0.1,random,1000000,2,2,650000,103.622,96504.4
T1,insert_only,od_multi,0,0.1,random,1000000,2,2,660000,174.944,57161.2
T1,insert_only,od_multi,0,0.1,random,1000000,2,2,670000,108.918,91811.9
T1,insert_only,od_multi,0,0.1,random,1000000,2,2,680000,107.718,92834.9
T1,insert_only,od_multi,0,0.1,random,1000000,2,2,690000,108.891,91834.7
T1,insert_only,od_multi,0,0.1,random,1000000,2,2,700000,105.034,95207.3
T1,insert_only,od_multi,0,0.1,random,1000000,2,2,710000,107.378,93128.6
T1,insert_only,od_multi,0,0.1,random,1000000,2,2,720000,107.748,92809.1
T1,insert_only,od_multi,0,0.1,random,1000000,2,2,730000,179.261,55784.7
T1,insert_only,od_multi,0,0.1,random,1000000,2,2,740000,108.094,92512.1
T1,insert_only,od_multi,0,0.1,random,1000000,2,2,750000,106.515,93883.2
T1,insert_only,od_multi,0,0.1,random,1000000,2,2,760000,107.099,93371.3
T1,insert_only,od_multi,0,0.1,random,1000000,2,2,770000,106.773,93656.6
T1,insert_only,od_multi,0,0.1,random,1000000,2,2,780000,106.36,94020.6
T1,insert_only,od_multi,0,0.1,random,1000000,2,2,790000,172.131,58095.1
T1,insert_only,od_multi,0,0.1,random,1000000,2,2,800000,104.632,95573.3
T1,insert_only,od_multi,0,0.1,random,1000000,2,2,810000,106.169,94189.7
T1,insert_only,od_multi,0,0.1,random,1000000,2,2,820000,108.612,92070.6
T1,insert_only,od_multi,0,0.1,random,1000000,2,2,830000,105.799,94518.8
T1,insert_only,od_multi,0,0.1,random,1000000,2,2,840000,107.144,93332.8
T1,insert_only,od_multi,0,0.1,random,1000000,2,2,850000,106.361,94019.8
T1,insert_only,od_multi,0,0.1,random,1000000,2,2,860000,177.131,56455.3
T1,insert_only,od_multi,0,0.1,random,1000000,2,2,870000,107.053,93412.1
T1,insert_only,od_multi,0,0.1,random,1000000,2,2,880000,108.189,92430.5
T1,insert_only,od_multi,0,0.1,random,1000000,2,2,890000,106.9,93545.2
T1,insert_only,od_multi,0,0.1,random,1000000,2,2,900000,108.87,91853.1
T1,insert_only,od_multi,0,0.1,random,1000000,2,2,910000,107.459,93058.9
T1,insert_only,od_multi,0,0.1,random,1000000,2,2,920000,173.48,57643.6
T1,insert_only,od_multi,0,0.1,random,1000000,2,2,930000,108.077,92526.3
T1,insert_only,od_multi,0,0.1,random,1000000,2,2,940000,107.837,92732.3
T1,insert_only,od_multi,0,0.1,random,1000000,2,2,950000,109.167,91602.4
T1,insert_only,od_multi,0,0.1,random,1000000,2,2,960000,108.017,92578.1
T1,insert_only,od_multi,0,0.1,random,1000000,2,2,970000,109.172,91598.9
T1,insert_only,od_multi,0,0.1,random,1000000,2,2,980000,107.769,92791.1
T1,insert_only,od_multi,0,0.1,random,1000000,2,2,990000,174.37,57349.2
T1,insert_only,od_multi,0,0.1,random,1000000,2,2,1000000,108.47,92191.8
T1,insert_only,od_multi,0,0.1,random,1000000,2,3,10000,119.515,83671.2
T1,insert_only,od_multi,0,0.1,random,1000000,2,3,20000,107.035,93427.4
T1,insert_only,od_multi,0,0.1,random,1000000,2,3,30000,107.838,92732
T1,insert_only,od_multi,0,0.1,random,1000000,2,3,40000,106.396,93988.3
T1,insert_only,od_multi,0,0.1,random,1000000,2,3,50000,107.732,92823.3
T1,insert_only,od_multi,0,0.1,random,1000000,2,3,60000,105.488,94797.2
T1,insert_only,od_multi,0,0.1,random,1000000,2,3,70000,171.298,58377.6
T1,insert_only,od_multi,0,0.1,random,1000000,2,3,80000,107.39,93118.7
T1,insert_only,od_multi,0,0.1,random,1000000,2,3,90000,103.193,96905.7
T1,insert_only,od_multi,0,0.1,random,1000000,2,3,100000,102.078,97964.4
T1,insert_only,od_multi,0,0.1,random,1000000,2,3,110000,105.151,95101.7
T1,insert_only,od_multi,0,0.1,random,1000000,2,3,120000,100.643,99360.9
T1,insert_only,od_multi,0,0.1,random,1000000,2,3,130000,102.43,97627.5
T1,insert_only,od_multi,0,0.1,random,1000000,2,3,140000,169.546,58981.1
T1,insert_only,od_multi,0,0.1,random,1000000,2,3,150000,98.583,101437
T1,insert_only,od_multi,0,0.1,random,1000000,2,3,160000,101.451,98570.2
T1,insert_only,od_multi,0,0.1,random,1000000,2,3,170000,98.9238,101088
T1,insert_only,od_multi,0,0.1,random,1000000,2,3,180000,100.292,99709.2
T1,insert_only,od_multi,0,0.1,random,1000000,2,3,190000,99.8566,100144
T1,insert_only,od_multi,0,0.1,random,1000000,2,3,200000,169.119,59130
T1,insert_only,od_multi,0,0.1,random,1000000,2,3,210000,100.248,99753
T1,insert_only,od_multi,0,0.1,random,1000000,2,3,220000,101.22,98794.6
T1,insert_only,od_multi,0,0.1,random,1000000,2,3,230000,100.313,99687.5
T1,insert_only,od_multi,0,0.1,random,1000000,2,3,240000,100.359,99642.1
T1,insert_only,od_multi,0,0.1,random,1000000,2,3,250000,98.3805,101646
T1,insert_only,od_multi,0,0.1,random,1000000,2,3,260000,97.5509,102511
T1,insert_only,od_multi,0,0.1,random,1000000,2,3,270000,166.928,59906.1
T1,insert_only,od_multi,0,0.1,random,1000000,2,3,280000,101.596,98428.8
T1,insert_only,od_multi,0,0.1,random,1000000,2,3,290000,100.933,99075.7
T1,insert_only,od_multi,0,0.1,random,1000000,2,3,300000,101.529,98494.2
T1,insert_only,od_multi,0,0.1,random,1000000,2,3,310000,101.2,98814.5
T1,insert_only,od_multi,0,0.1,random,1000000,2,3,320000,101.421,98599.3
T1,insert_only,od_multi,0,0.1,random,1000000,2,3,330000,169.39,59035.4
T1,insert_only,od_multi,0,0.1,random,1000000,2,3,340000,104.939,95293.1
T1,insert_only,od_multi,0,0.1,random,1000000,2,3,350000,105.989,94349.5
T1,insert_only,od_multi,0,0.1,random,1000000,2,3,360000,102.952,97133.1
T1,insert_only,od_multi,0,0.1,random,1000000,2,3,370000,104.633,95572.2
T1,insert_only,od_multi,0,0.1,random,1000000,2,3,380000,103.195,96903.7
T1,insert_only,od_multi,0,0.1,random,1000000,2,3,390000,102.852,97227.4
T1,insert_only,od_multi,0,0.1,random,1000000,2,3,400000,172.276,58046.5
T1,insert_only,od_multi,0,0.1,random,1000000,2,3,410000,105.91,94420
T1,insert_only,od_multi,0,0.1,random,1000000,2,3,420000,102.772,97302.6
T1,insert_only,od_multi,0,0.1,random,1000000,2,3,430000,104.125,96038.4
T1,insert_only,od_multi,0,0.1,random,1000000,2,3,440000,103.735,96399.2
T1,insert_only,od_multi,0,0.1,random,1000000,2,3,450000,104.385,95799.3
T1,insert_only,od_multi,0,0.1,random,1000000,2,3,460000,174.688,57244.8
T1,insert_only,od_multi,0,0.1,random,1000000,2,3,470000,102.827,97250.6
T1,insert_only,od_multi,0,0.1,random,1000000,2,3,480000,106.184,94176.2
T1,insert_only,od_multi,0,0.1,random,1000000,2,3,490000,104.101,96060.3
T1,insert_only,od_multi,0,0.1,random,1000000,2,3,500000,105.119,95130.5
T1,insert_only,od_multi,0,0.1,random,1000000,2,3,510000,105.907,94422.9
T1,insert_only,od_multi,0,0.1,random,1000000,2,3,520000,105.934,94398.4
T1,insert_only,od_multi,0,0.1,random,1000000,2,3,530000,173.894,57506.4
T1,insert_only,od_multi,0,0.1,random,1000000,2,3,540000,105.287,94978.9
T1,insert_only,od_multi,0,0.1,random,1000000,2,3,550000,105.797,94520.2
T1,insert_only,od_multi,0,0.1,random,1000000,2,3,560000,105.841,94481.3
T1,insert_only,od_multi,0,0.1,random,1000000,2,3,570000,103.479,96638.4
T1,insert_only,od_multi,0,0.1,random,1000000,2,3,580000,104.607,95595.5
T1,insert_only,od_multi,0,0.1,random,1000000,2,3,590000,173.411,57666.5
T1,insert_only,od_multi,0,0.1,random,1000000,2,3,600000,107.47,93049
T1,insert_only,od_multi,0,0.1,random,1000000,2,3,610000,106.425,93962.9
T1,insert_only,od_multi,0,0.1,random,1000000,2,3,620000,106.919,93528.4
T1,insert_only,od_multi,0,0.1,random,1000000,2,3,630000,105.133,95117.7
T1,insert_only,od_multi,0,0.1,random,1000000,2,3,640000,105.661,94642.7
T1,insert_only,od_multi,0,0.1,random,1000000,2,3,650000,106.167,94191.4
T1,insert_only,od_multi,0,0.1,random,1000000,2,3,660000,174.048,57455.3
T1,insert_only,od_multi,0,0.1,random,1000000,2,3,670000,105.865,94459.8
T1,insert_only,od_multi,0,0.1,random,1000000,2,3,680000,105.417,94861.3
T1,insert_only,od_multi,0,0.1,random,1000000,2,3,690000,105.606,94691.4
T1,insert_only,od_multi,0,0.1,random,1000000,2,3,700000,105.992,94346.8
T1,insert_only,od_multi,0,0.1,random,1000000,2,3,710000,104.835,95387.8
T1,insert_only,od_multi,0,0.1,random,1000000,2,3,720000,103.333,96774.5
T1,insert_only,od_multi,0,0.1,random,1000000,2,3,730000,172.447,57988.9
T1,insert_only,od_multi,0,0.1,random,1000000,2,3,740000,108.431,92224.8
T1,insert_only,od_multi,0,0.1,random,1000000,2,3,750000,105.322,94946.9
T1,insert_only,od_multi,0,0.1,random,1000000,2,3,760000,104.035,96121.3
T1,insert_only,od_multi,0,0.1,random,1000000,2,3,770000,106.045,94299.9
T1,insert_only,od_multi,0,0.1,random,1000000,2,3,780000,106.904,93542.3
T1,insert_only,od_multi,0,0.1,random,1000000,2,3,790000,175.489,56983.6
T1,insert_only,od_multi,0,0.1,random,1000000,2,3,800000,106.95,93501.6
T1,insert_only,od_multi,0,0.1,random,1000000,2,3,810000,106.6,93809
T1,insert_only,od_multi,0,0.1,random,1000000,2,3,820000,104.361,95821.1
T1,insert_only,od_multi,0,0.1,random,1000000,2,3,830000,105.18,95075.4
T1,insert_only,od_multi,0,0.1,random,1000000,2,3,840000,107.754,92804.4
T1,insert_only,od_multi,0,0.1,random,1000000,2,3,850000,105.977,94359.7
T1,insert_only,od_multi,0,0.1,random,1000000,2,3,860000,172.627,57928.4
T1,insert_only,od_multi,0,0.1,random,1000000,2,3,870000,106.809,93625.1
T1,insert_only,od_multi,0,0.1,random,1000000,2,3,880000,105.534,94756.1
T1,insert_only,od_multi,0,0.1,random,1000000,2,3,890000,102.11,97933.2
T1,insert_only,od_multi,0,0.1,random,1000000,2,3,900000,103.596,96529
T1,insert_only,od_multi,0,0.1,random,1000000,2,3,910000,105.922,94409.2
T1,insert_only,od_multi,0,0.1,random,1000000,2,3,920000,173.278,57710.8
T1,insert_only,od_multi,0,0.1,random,1000000,2,3,930000,105.57,94723.7
T1,insert_only,od_multi,0,0.1,random,1000000,2,3,940000,105.436,94843.8
T1,insert_only,od_multi,0,0.1,random,1000000,2,3,950000,106.192,94169.4
T1,insert_only,od_multi,0,0.1,random,1000000,2,3,960000,105.461,94821.9
T1,insert_only,od_multi,0,0.1,random,1000000,2,3,970000,105.909,94420.3
T1,insert_only,od_multi,0,0.1,random,1000000,2,3,980000,105.424,94855.4
T1,insert_only,od_multi,0,0.1,random,1000000,2,3,990000,174.508,57303.8
T1,insert_only,od_multi,0,0.1,random,1000000,2,3,1000000,107.291,93204.1
T1,update_only,od_multi,0,0.1,random,1000000,2,1,10000,21578.7,463.419
T1,update_only,od_multi,0,0.1,random,1000000,2,1,20000,22202.6,450.397
T1,update_only,od_multi,0,0.1,random,1000000,2,1,30000,22252.8,449.381
T1,update_only,od_multi,0,0.1,random,1000000,2,1,40000,22598.1,442.516
T1,update_only,od_multi,0,0.1,random,1000000,2,1,50000,23067.4,433.513
T1,update_only,od_multi,0,0.1,random,1000000,2,1,60000,23425.8,426.881
T1,update_only,od_multi,0,0.1,random,1000000,2,1,70000,23331.9,428.597
T1,update_only,od_multi,0,0.1,random,1000000,2,1,80000,23792,420.31
T1,update_only,od_multi,0,0.1,random,1000000,2,1,90000,24104.9,414.854
T1,update_only,od_multi,0,0.1,random,1000000,2,1,100000,24678.6,405.21
T1,update_only,od_multi,0,0.1,random,1000000,2,1,110000,24600.2,406.5
T1,update_only,od_multi,0,0.1,random,1000000,2,1,120000,24116.5,414.654
T1,update_only,od_multi,0,0.1,random,1000000,2,1,130000,23834.1,419.566
T1,update_only,od_multi,0,0.1,random,1000000,2,1,140000,24293.9,411.626
T1,update_only,od_multi,0,0.1,random,1000000,2,1,150000,24521.7,407.802
T1,update_only,od_multi,0,0.1,random,1000000,2,1,160000,24744.4,404.133
T1,update_only,od_multi,0,0.1,random,1000000,2,1,170000,25238.3,396.223
T1,update_only,od_multi,0,0.1,random,1000000,2,1,180000,25534,391.635
T1,update_only,od_multi,0,0.1,random,1000000,2,1,190000,24185.3,413.474
T1,update_only,od_multi,0,0.1,random,1000000,2,1,200000,24393.4,409.946
T1,update_only,od_multi,0,0.1,random,1000000,2,1,210000,24747.7,404.077
T1,update_only,od_multi,0,0.1,random,1000000,2,1,220000,25171.7,397.271
T1,update_only,od_multi,0,0.1,random,1000000,2,1,230000,25268,395.757
T1,update_only,od_multi,0,0.1,random,1000000,2,1,240000,25818.5,387.319
T1,update_only,od_multi,0,0.1,random,1000000,2,1,250000,25171.7,397.272
T1,update_only,od_multi,0,0.1,random,1000000,2,1,260000,24854.3,402.344
T1,update_only,od_multi,0,0.1,random,1000000,2,1,270000,24866.1,402.155
T1,update_only,od_multi,0,0.1,random,1000000,2,1,280000,25429.3,393.247
T1,update_only,od_multi,0,0.1,random,1000000,2,1,290000,25494.5,392.242
T1,update_only,od_multi,0,0.1,random,1000000,2,1,300000,26016.5,384.371
T1,update_only,od_multi,0,0.1,random,1000000,2,1,310000,26209.2,381.545
T1,update_only,od_multi,0,0.1,random,1000000,2,1,320000,25279.7,395.575
T1,update_only,od_multi,0,0.1,random,1000000,2,1,330000,25161.5,397.433
T1,update_only,od_multi,0,0.1,random,1000000,2,1,340000,25570.4,391.077
T1,update_only,od_multi,0,0.1,random,1000000,2,1,350000,25866.3,386.603
T1,update_only,od_multi,0,0.1,random,1000000,2,1,360000,26150,382.408
T1,update_only,od_multi,0,0.1,random,1000000,2,1,370000,26600.4,375.933
T1,update_only,od_multi,0,0.1,random,1000000,2,1,380000,26116.6,382.898
T1,update_only,od_multi,0,0.1,random,1000000,2,1,390000,25426.3,393.294
T1,update_only,od_multi,0,0.1,random,1000000,2,1,400000,25679.2,389.421
T1,update_only,od_multi,0,0.1,random,1000000,2,1,410000,26270,380.662
T1,update_only,od_multi,0,0.1,random,1000000,2,1,420000,26409.2,378.656
T1,update_only,od_multi,0,0.1,random,1000000,2,1,430000,26487.4,377.538
T1,update_only,od_multi,0,0.1,random,1000000,2,1,440000,27187.5,367.815
T1,update_only,od_multi,0,0.1,random,1000000,2,1,450000,26173.5,382.065
T1,update_only,od_multi,0,0.1,random,1000000,2,1,460000,26020.1,384.318
T1,update_only,od_multi,0,0.1,random,1000000,2,1,470000,25932.2,385.621
T1,update_only,od_multi,0,0.1,random,1000000,2,1,480000,26723.7,374.199
T1,update_only,od_multi,0,0.1,random,1000000,2,1,490000,26970.2,370.78
T1,update_only,od_multi,0,0.1,random,1000000,2,1,500000,27402.4,364.932
T1,update_only,od_multi,0,0.1,random,1000000,2,1,510000,27034.6,369.897
T1,update_only,od_multi,0,0.1,random,1000000,2,1,520000,26186.7,381.873
T1,update_only,od_multi,0,0.1,random,1000000,2,1,530000,26573.9,376.309
T1,update_only,od_multi,0,0.1,random,1000000,2,1,540000,26960.6,370.912
T1,update_only,od_multi,0,0.1,random,1000000,2,1,550000,27231,367.229
T1,update_only,od_multi,0,0.1,random,1000000,2,1,560000,27772.6,360.067
T1,update_only,od_multi,0,0.1,random,1000000,2,1,570000,28145.2,355.3
T1,update_only,od_multi,0,0.1,random,1000000,2,1,580000,27142.8,368.422
T1,update_only,od_multi,0,0.1,random,1000000,2,1,590000,26815.9,372.913
T1,update_only,od_multi,0,0.1,random,1000000,2,1,600000,27149.3,368.333
T1,update_only,od_multi,0,0.1,random,1000000,2,1,610000,27423.7,364.648
T1,update_only,od_multi,0,0.1,random,1000000,2,1,620000,27741.4,360.473
T1,update_only,od_multi,0,0.1,random,1000000,2,1,630000,28125.2,355.553
T1,update_only,od_multi,0,0.1,random,1000000,2,1,640000,28380.9,352.349
T1,update_only,od_multi,0,0.1,random,1000000,2,1,650000,27263.3,366.793
T1,update_only,od_multi,0,0.1,random,1000000,2,1,660000,27520.9,363.361
T1,update_only,od_multi,0,0.1,random,1000000,2,1,670000,27782,359.945
T1,update_only,od_multi,0,0.1,random,1000000,2,1,680000,27972,357.501
T1,update_only,od_multi,0,0.1,random,1000000,2,1,690000,28614.7,349.471
T1,update_only,od_multi,0,0.1,random,1000000,2,1,700000,28811.9,347.079
T1,update_only,od_multi,0,0.1,random,1000000,2,1,710000,28225.6,354.289
T1,update_only,od_multi,0,0.1,random,1000000,2,1,720000,27882.5,358.647
T1,update_only,od_multi,0,0.1,random,1000000,2,1,730000,28053.7,356.459
T1,update_only,od_multi,0,0.1,random,1000000,2,1,740000,28574.4,349.963
T1,update_only,od_multi,0,0.1,random,1000000,2,1,750000,28689.4,348.561
T1,update_only,od_multi,0,0.1,random,1000000,2,1,760000,28841.9,346.718
T1,update_only,od_multi,0,0.1,random,1000000,2,1,770000,29343.4,340.792
T1,update_only,od_multi,0,0.1,random,1000000,2,1,780000,28162.1,355.087
T1,update_only,od_multi,0,0.1,random,1000000,2,1,790000,28323.2,353.068
T1,update_only,od_multi,0,0.1,random,1000000,2,1,800000,28463.4,351.328
T1,update_only,od_multi,0,0.1,random,1000000,2,1,810000,28968.7,345.2
T1,update_only,od_multi,0,0.1,random,1000000,2,1,820000,29358.3,340.619
T1,update_only,od_multi,0,0.1,random,1000000,2,1,830000,29629.2,337.505
T1,update_only,od_multi,0,0.1,random,1000000,2,1,840000,29174,342.771
T1,update_only,od_multi,0,0.1,random,1000000,2,1,850000,28740.3,347.944
T1,update_only,od_multi,0,0.1,random,1000000,2,1,860000,28701.2,348.417
T1,update_only,od_multi,0,0.1,random,1000000,2,1,870000,29164.5,342.883
T1,update_only,od_multi,0,0.1,random,1000000,2,1,880000,29467.5,339.357
T1,update_only,od_multi,0,0.1,random,1000000,2,1,890000,29850,335.008
T1,update_only,od_multi,0,0.1,random,1000000,2,1,900000,30252,330.556
T1,update_only,od_multi,0,0.1,random,1000000,2,1,910000,29002.9,344.793
T1,update_only,od_multi,0,0.1,random,1000000,2,1,920000,29048.9,344.247
T1,update_only,od_multi,0,0.1,random,1000000,2,1,930000,29407,340.055
T1,update_only,od_multi,0,0.1,random,1000000,2,1,940000,29872.1,334.76
T1,update_only,od_multi,0,0.1,random,1000000,2,1,950000,30181.2,331.332
T1,update_only,od_multi,0,0.1,random,1000000,2,1,960000,30539.5,327.445
T1,update_only,od_multi,0,0.1,random,1000000,2,1,970000,30115.2,332.058
T1,update_only,od_multi,0,0.1,random,1000000,2,1,980000,29573.1,338.145
T1,update_only,od_multi,0,0.1,random,1000000,2,1,990000,29838.2,335.141
T1,update_only,od_multi,0,0.1,random,1000000,2,1,1000000,30045.7,332.826
T1,update_only,od_multi,0,0.1,random,1000000,2,2,10000,21507,464.965
T1,update_only,od_multi,0,0.1,random,1000000,2,2,20000,21921.3,456.177
T1,update_only,od_multi,0,0.1,random,1000000,2,2,30000,22429.3,445.846
T1,update_only,od_multi,0,0.1,random,1000000,2,2,40000,22750.8,439.545
T1,update_only,od_multi,0,0.1,random,1000000,2,2,50000,22770.9,439.157
T1,update_only,od_multi,0,0.1,random,1000000,2,2,60000,23495.3,425.617
T1,update_only,od_multi,0,0.1,random,1000000,2,2,70000,23556.7,424.508
T1,update_only,od_multi,0,0.1,random,1000000,2,2,80000,23992.5,416.797
T1,update_only,od_multi,0,0.1,random,1000000,2,2,90000,24342,410.813
T1,update_only,od_multi,0,0.1,random,1000000,2,2,100000,24898.2,401.635
T1,update_only,od_multi,0,0.1,random,1000000,2,2,110000,25043.2,399.311
T1,update_only,od_multi,0,0.1,random,1000000,2,2,120000,24410.3,409.662
T1,update_only,od_multi,0,0.1,random,1000000,2,2,130000,23845.1,419.373
T1,update_only,od_multi,0,0.1,random,1000000,2,2,140000,24309.1,411.368
T1,update_only,od_multi,0,0.1,random,1000000,2,2,150000,24635.4,405.92
T1,update_only,od_multi,0,0.1,random,1000000,2,2,160000,24930.6,401.113
T1,update_only,od_multi,0,0.1,random,1000000,2,2,170000,25143.5,397.717
T1,update_only,od_multi,0,0.1,random,1000000,2,2,180000,25438.2,393.109
T1,update_only,od_multi,0,0.1,random,1000000,2,2,190000,23999.6,416.673
T1,update_only,od_multi,0,0.1,random,1000000,2,2,200000,24331.2,410.995
T1,update_only,od_multi,0,0.1,random,1000000,2,2,210000,24759.7,403.883
T1,update_only,od_multi,0,0.1,random,1000000,2,2,220000,25153.5,397.56
T1,update_only,od_multi,0,0.1,random,1000000,2,2,230000,25537.3,391.584
T1,update_only,od_multi,0,0.1,random,1000000,2,2,240000,25817,387.341
T1,update_only,od_multi,0,0.1,random,1000000,2,2,250000,25261.2,395.864
T1,update_only,od_multi,0,0.1,random,1000000,2,2,260000,24752.2,404.005
T1,update_only,od_multi,0,0.1,random,1000000,2,2,270000,24899.1,401.622
T1,update_only,od_multi,0,0.1,random,1000000,2,2,280000,25544.6,391.472
T1,update_only,od_multi,0,0.1,random,1000000,2,2,290000,25849.6,386.854
T1,update_only,od_multi,0,0.1,random,1000000,2,2,300000,26222.1,381.358
T1,update_only,od_multi,0,0.1,random,1000000,2,2,310000,26334.9,379.725
T1,update_only,od_multi,0,0.1,random,1000000,2,2,320000,24961,400.625
T1,update_only,od_multi,0,0.1,random,1000000,2,2,330000,25155.2,397.531
T1,update_only,od_multi,0,0.1,random,1000000,2,2,340000,25369.3,394.178
T1,update_only,od_multi,0,0.1,random,1000000,2,2,350000,26259.8,380.811
T1,update_only,od_multi,0,0.1,random,1000000,2,2,360000,26389.3,378.941
T1,update_only,od_multi,0,0.1,random,1000000,2,2,370000,26659.4,375.103
T1,update_only,od_multi,0,0.1,random,1000000,2,2,380000,26156.1,382.32
T1,update_only,od_multi,0,0.1,random,1000000,2,2,390000,25637.1,390.059
T1,update_only,od_multi,0,0.1,random,1000000,2,2,400000,25707.5,388.991
T1,update_only,od_multi,0,0.1,random,1000000,2,2,410000,26105.7,383.059
T1,update_only,od_multi,0,0.1,random,1000000,2,2,420000,26588.2,376.107
T1,update_only,od_multi,0,0.1,random,1000000,2,2,430000,26829.1,372.729
T1,update_only,od_multi,0,0.1,random,1000000,2,2,440000,27163,368.147
T1,update_only,od_multi,0,0.1,random,1000000,2,2,450000,25702.2,389.071
T1,update_only,od_multi,0,0.1,random,1000000,2,2,460000,26048.2,383.903
T1,update_only,od_multi,0,0.1,random,1000000,2,2,470000,26418.1,378.528
T1,update_only,od_multi,0,0.1,random,1000000,2,2,480000,26822.7,372.818
T1,update_only,od_multi,0,0.1,random,1000000,2,2,490000,26628.5,375.538
T1,update_only,od_multi,0,0.1,random,1000000,2,2,500000,27265.7,366.762
T1,update_only,od_multi,0,0.1,random,1000000,2,2,510000,27336.8,365.807
T1,update_only,od_multi,0,0.1,random,1000000,2,2,520000,26296.6,380.277
T1,update_only,od_multi,0,0.1,random,1000000,2,2,530000,26762.5,373.658
T1,update_only,od_multi,0,0.1,random,1000000,2,2,540000,27134.7,368.532
T1,update_only,od_multi,0,0.1,random,1000000,2,2,550000,27381.6,365.209
T1,update_only,od_multi,0,0.1,random,1000000,2,2,560000,27667.9,361.43
T1,update_only,od_multi,0,0.1,random,1000000,2,2,570000,27844.5,359.138
T1,update_only,od_multi,0,0.1,random,1000000,2,2,580000,27095.6,369.063
T1,update_only,od_multi,0,0.1,random,1000000,2,2,590000,26940.1,371.193
T1,update_only,od_multi,0,0.1,random,1000000,2,2,600000,27210.8,367.501
T1,update_only,od_multi,0,0.1,random,1000000,2,2,610000,27717,360.789
T1,update_only,od_multi,0,0.1,random,1000000,2,2,620000,27817.5,359.486
T1,update_only,od_multi,0,0.1,random,1000000,2,2,630000,28287.6,353.511
T1,update_only,od_multi,0,0.1,random,1000000,2,2,640000,28280.9,353.595
T1,update_only,od_multi,0,0.1,random,1000000,2,2,650000,27242.6,367.072
T1,update_only,od_multi,0,0.1,random,1000000,2,2,660000,27463.9,364.114
T1,update_only,od_multi,0,0.1,random,1000000,2,2,670000,27748.4,360.382
T1,update_only,od_multi,0,0.1,random,1000000,2,2,680000,28124.6,355.561
T1,update_only,od_multi,0,0.1,random,1000000,2,2,690000,28382.3,352.332
T1,update_only,od_multi,0,0.1,random,1000000,2,2,700000,28865.1,346.439
T1,update_only,od_multi,0,0.1,random,1000000,2,2,710000,28137.2,355.401
T1,update_only,od_multi,0,0.1,random,1000000,2,2,720000,27336.2,365.815
T1,update_only,od_multi,0,0.1,random,1000000,2,2,730000,28043.4,356.59
T1,update_only,od_multi,0,0.1,random,1000000,2,2,740000,28321.4,353.089
T1,update_only,od_multi,0,0.1,random,1000000,2,2,750000,28865.4,346.436
T1,update_only,od_multi,0,0.1,random,1000000,2,2,760000,28928.5,345.68
T1,update_only,od_multi,0,0.1,random,1000000,2,2,770000,29359.8,340.602
T1,update_only,od_multi,0,0.1,random,1000000,2,2,780000,27966.9,357.566
T1,update_only,od_multi,0,0.1,random,1000000,2,2,790000,28200.1,354.608
T1,update_only,od_multi,0,0.1,random,1000000,2,2,800000,28680.7,348.667
T1,update_only,od_multi,0,0.1,random,1000000,2,2,810000,28913.7,345.857
T1,update_only,od_multi,0,0.1,random,1000000,2,2,820000,29193.6,342.541
T1,update_only,od_multi,0,0.1,random,1000000,2,2,830000,29713.1,336.552
T1,update_only,od_multi,0,0.1,random,1000000,2,2,840000,29039.7,344.357
T1,update_only,od_multi,0,0.1,random,1000000,2,2,850000,28531,350.495
T1,update_only,od_multi,0,0.1,random,1000000,2,2,860000,28795.7,347.274
T1,update_only,od_multi,0,0.1,random,1000000,2,2,870000,28914.1,345.852
T1,update_only,od_multi,0,0.1,random,1000000,2,2,880000,29582.3,338.04
T1,update_only,od_multi,0,0.1,random,1000000,2,2,890000,29598.4,337.857
T1,update_only,od_multi,0,0.1,random,1000000,2,2,900000,30131.2,331.882
T1,update_only,od_multi,0,0.1,random,1000000,2,2,910000,28735.8,347.998
T1,update_only,od_multi,0,0.1,random,1000000,2,2,920000,29141.9,343.148
T1,update_only,od_multi,0,0.1,random,1000000,2,2,930000,29142.1,343.146
T1,update_only,od_multi,0,0.1,random,1000000,2,2,940000,29800.8,335.561
T1,update_only,od_multi,0,0.1,random,1000000,2,2,950000,29900.6,334.441
T1,update_only,od_multi,0,0.1,random,1000000,2,2,960000,30454.9,328.354
T1,update_only,od_multi,0,0.1,random,1000000,2,2,970000,29854.3,334.961
T1,update_only,od_multi,0,0.1,random,1000000,2,2,980000,29198.2,342.487
T1,update_only,od_multi,0,0.1,random,1000000,2,2,990000,29450.5,339.553
T1,update_only,od_multi,0,0.1,random,1000000,2,2,1000000,30304.8,329.981
T1,update_only,od_multi,0,0.1,random,1000000,2,3,10000,21288.4,469.739
T1,update_only,od_multi,0,0.1,random,1000000,2,3,20000,22260.4,449.227
T1,update_only,od_multi,0,0.1,random,1000000,2,3,30000,22612.9,442.225
T1,update_only,od_multi,0,0.1,random,1000000,2,3,40000,22867.3,437.306
T1,update_only,od_multi,0,0.1,random,1000000,2,3,50000,23011.3,434.57
T1,update_only,od_multi,0,0.1,random,1000000,2,3,60000,23430.8,426.789
T1,update_only,od_multi,0,0.1,random,1000000,2,3,70000,23864.3,419.035
T1,update_only,od_multi,0,0.1,random,1000000,2,3,80000,24088.9,415.13
T1,update_only,od_multi,0,0.1,random,1000000,2,3,90000,24165.7,413.81
T1,update_only,od_multi,0,0.1,random,1000000,2,3,100000,24279.8,411.865
T1,update_only,od_multi,0,0.1,random,1000000,2,3,110000,24727.7,404.405
T1,update_only,od_multi,0,0.1,random,1000000,2,3,120000,24013.9,416.426
T1,update_only,od_multi,0,0.1,random,1000000,2,3,130000,23960.8,417.349
T1,update_only,od_multi,0,0.1,random,1000000,2,3,140000,24335.9,410.916
T1,update_only,od_multi,0,0.1,random,1000000,2,3,150000,24527.6,407.704
T1,update_only,od_multi,0,0.1,random,1000000,2,3,160000,24923.5,401.228
T1,update_only,od_multi,0,0.1,random,1000000,2,3,170000,25317.2,394.988
T1,update_only,od_multi,0,0.1,random,1000000,2,3,180000,25466.9,392.666
T1,update_only,od_multi,0,0.1,random,1000000,2,3,190000,24327.9,411.051
T1,update_only,od_multi,0,0.1,random,1000000,2,3,200000,24414.2,409.598
T1,update_only,od_multi,0,0.1,random,1000000,2,3,210000,24552,407.298
T1,update_only,od_multi,0,0.1,random,1000000,2,3,220000,25153.5,397.56
T1,update_only,od_multi,0,0.1,random,1000000,2,3,230000,25618.4,390.344
T1,update_only,od_multi,0,0.1,random,1000000,2,3,240000,25531,391.68
T1,update_only,od_multi,0,0.1,random,1000000,2,3,250000,25330.3,394.784
T1,update_only,od_multi,0,0.1,random,1000000,2,3,260000,24662.3,405.477
T1,update_only,od_multi,0,0.1,random,1000000,2,3,270000,25164.1,397.392
T1,update_only,od_multi,0,0.1,random,1000000,2,3,280000,25198.5,396.85
T1,update_only,od_multi,0,0.1,random,1000000,2,3,290000,25626.2,390.226
T1,update_only,od_multi,0,0.1,random,1000000,2,3,300000,26027.1,384.215
T1,update_only,od_multi,0,0.1,random,1000000,2,3,310000,26142.2,382.523
T1,update_only,od_multi,0,0.1,random,1000000,2,3,320000,25183.7,397.082
T1,update_only,od_multi,0,0.1,random,1000000,2,3,330000,25104.6,398.333
T1,update_only,od_multi,0,0.1,random,1000000,2,3,340000,25742,388.47
T1,update_only,od_multi,0,0.1,random,1000000,2,3,350000,25986.9,384.81
T1,update_only,od_multi,0,0.1,random,1000000,2,3,360000,26132.4,382.667
T1,update_only,od_multi,0,0.1,random,1000000,2,3,370000,26437.5,378.25
T1,update_only,od_multi,0,0.1,random,1000000,2,3,380000,26291.9,380.345
T1,update_only,od_multi,0,0.1,random,1000000,2,3,390000,25682.9,389.364
T1,update_only,od_multi,0,0.1,random,1000000,2,3,400000,25828.5,387.169
T1,update_only,od_multi,0,0.1,random,1000000,2,3,410000,26025.6,384.238
T1,update_only,od_multi,0,0.1,random,1000000,2,3,420000,26306.3,380.137
T1,update_only,od_multi,0,0.1,random,1000000,2,3,430000,26829,372.731
T1,update_only,od_multi,0,0.1,random,1000000,2,3,440000,26750.4,373.826
T1,update_only,od_multi,0,0.1,random,1000000,2,3,450000,26009.2,384.479
T1,update_only,od_multi,0,0.1,random,1000000,2,3,460000,26176.1,382.028
T1,update_only,od_multi,0,0.1,random,1000000,2,3,470000,26507.3,377.254
T1,update_only,od_multi,0,0.1,random,1000000,2,3,480000,26919.8,371.474
T1,update_only,od_multi,0,0.1,random,1000000,2,3,490000,27256,366.891
T1,update_only,od_multi,0,0.1,random,1000000,2,3,500000,27459.6,364.172
T1,update_only,od_multi,0,0.1,random,1000000,2,3,510000,27501.5,363.616
T1,update_only,od_multi,0,0.1,random,1000000,2,3,520000,26372,379.19
T1,update_only,od_multi,0,0.1,random,1000000,2,3,530000,26624.6,375.592
T1,update_only,od_multi,0,0.1,random,1000000,2,3,540000,26956.7,370.966
T1,update_only,od_multi,0,0.1,random,1000000,2,3,550000,26968.9,370.798
T1,update_only,od_multi,0,0.1,random,1000000,2,3,560000,27864,358.885
T1,update_only,od_multi,0,0.1,random,1000000,2,3,570000,27741.6,360.469
T1,update_only,od_multi,0,0.1,random,1000000,2,3,580000,27091.1,369.125
T1,update_only,od_multi,0,0.1,random,1000000,2,3,590000,26678,374.841
T1,update_only,od_multi,0,0.1,random,1000000,2,3,600000,27083.1,369.235
T1,update_only,od_multi,0,0.1,random,1000000,2,3,610000,27506.8,363.547
T1,update_only,od_multi,0,0.1,random,1000000,2,3,620000,27734.9,360.557
T1,update_only,od_multi,0,0.1,random,1000000,2,3,630000,28043,356.596
T1,update_only,od_multi,0,0.1,random,1000000,2,3,640000,28317.9,353.134
T1,update_only,od_multi,0,0.1,random,1000000,2,3,650000,27254.2,366.917
T1,update_only,od_multi,0,0.1,random,1000000,2,3,660000,27687.7,361.172
T1,update_only,od_multi,0,0.1,random,1000000,2,3,670000,27865.5,358.867
T1,update_only,od_multi,0,0.1,random,1000000,2,3,680000,28238.8,354.123
T1,update_only,od_multi,0,0.1,random,1000000,2,3,690000,28614.9,349.468
T1,update_only,od_multi,0,0.1,random,1000000,2,3,700000,28776.1,347.51
T1,update_only,od_multi,0,0.1,random,1000000,2,3,710000,28120.7,355.61
T1,update_only,od_multi,0,0.1,random,1000000,2,3,720000,27965.3,357.586
T1,update_only,od_multi,0,0.1,random,1000000,2,3,730000,28012,356.99
T1,update_only,od_multi,0,0.1,random,1000000,2,3,740000,28458.5,351.389
T1,update_only,od_multi,0,0.1,random,1000000,2,3,750000,28729.3,348.077
T1,update_only,od_multi,0,0.1,random,1000000,2,3,760000,29084.5,343.825
T1,update_only,od_multi,0,0.1,random,1000000,2,3,770000,29191.2,342.569
T1,update_only,od_multi,0,0.1,random,1000000,2,3,780000,28355.9,352.66
T1,update_only,od_multi,0,0.1,random,1000000,2,3,790000,28312.1,353.206
T1,update_only,od_multi,0,0.1,random,1000000,2,3,800000,28654.3,348.988
T1,update_only,od_multi,0,0.1,random,1000000,2,3,810000,29173.5,342.777
T1,update_only,od_multi,0,0.1,random,1000000,2,3,820000,29303.7,341.254
T1,update_only,od_multi,0,0.1,random,1000000,2,3,830000,29689.2,336.822
T1,update_only,od_multi,0,0.1,random,1000000,2,3,840000,29218.1,342.254
T1,update_only,od_multi,0,0.1,random,1000000,2,3,850000,28538.1,350.409
T1,update_only,od_multi,0,0.1,random,1000000,2,3,860000,28959.5,345.31
T1,update_only,od_multi,0,0.1,random,1000000,2,3,870000,29205.9,342.397
T1,update_only,od_multi,0,0.1,random,1000000,2,3,880000,29143.6,343.128
T1,update_only,od_multi,0,0.1,random,1000000,2,3,890000,29484,339.167
T1,update_only,od_multi,0,0.1,random,1000000,2,3,900000,30031.4,332.985
T1,update_only,od_multi,0,0.1,random,1000000,2,3,910000,28842,346.717
T1,update_only,od_multi,0,0.1,random,1000000,2,3,920000,29165.3,342.873
T1,update_only,od_multi,0,0.1,random,1000000,2,3,930000,29342.1,340.807
T1,update_only,od_multi,0,0.1,random,1000000,2,3,940000,29862.2,334.872
T1,update_only,od_multi,0,0.1,random,1000000,2,3,950000,30079.9,332.448
T1,update_only,od_multi,0,0.1,random,1000000,2,3,960000,30201.7,331.108
T1,update_only,od_multi,0,0.1,random,1000000,2,3,970000,29865,334.84
T1,update_only,od_multi,0,0.1,random,1000000,2,3,980000,29289.2,341.423
T1,update_only,od_multi,0,0.1,random,1000000,2,3,990000,29439.4,339.68
T1,update_only,od_multi,0,0.1,random,1000000,2,3,1000000,30074,332.513
T1,delete_only,od_multi,0,0.1,random,1000000,2,1,10000,22728.5,439.977
T1,delete_only,od_multi,0,0.1,random,1000000,2,1,20000,23373,427.844
T1,delete_only,od_multi,0,0.1,random,1000000,2,1,30000,23658.2,422.687
T1,delete_only,od_multi,0,0.1,random,1000000,2,1,40000,23923.8,417.994
T1,delete_only,od_multi,0,0.1,random,1000000,2,1,50000,24299,411.54
T1,delete_only,od_multi,0,0.1,random,1000000,2,1,60000,24500.2,408.16
T1,delete_only,od_multi,0,0.1,random,1000000,2,1,70000,24835.7,402.647
T1,delete_only,od_multi,0,0.1,random,1000000,2,1,80000,25218.2,396.54
T1,delete_only,od_multi,0,0.1,random,1000000,2,1,90000,25488,392.341
T1,delete_only,od_multi,0,0.1,random,1000000,2,1,100000,25890.7,386.239
T1,delete_only,od_multi,0,0.1,random,1000000,2,1,110000,26089,383.304
T1,delete_only,od_multi,0,0.1,random,1000000,2,1,120000,25461.7,392.747
T1,delete_only,od_multi,0,0.1,random,1000000,2,1,130000,25016.2,399.742
T1,delete_only,od_multi,0,0.1,random,1000000,2,1,140000,25069.3,398.894
T1,delete_only,od_multi,0,0.1,random,1000000,2,1,150000,25730.6,388.642
T1,delete_only,od_multi,0,0.1,random,1000000,2,1,160000,26385.7,378.994
T1,delete_only,od_multi,0,0.1,random,1000000,2,1,170000,26454.3,378.011
T1,delete_only,od_multi,0,0.1,random,1000000,2,1,180000,26771.9,373.526
T1,delete_only,od_multi,0,0.1,random,1000000,2,1,190000,25406.9,393.595
T1,delete_only,od_multi,0,0.1,random,1000000,2,1,200000,24967.3,400.525
T1,delete_only,od_multi,0,0.1,random,1000000,2,1,210000,25886.9,386.296
T1,delete_only,od_multi,0,0.1,random,1000000,2,1,220000,26411.1,378.629
T1,delete_only,od_multi,0,0.1,random,1000000,2,1,230000,26838.1,372.605
T1,delete_only,od_multi,0,0.1,random,1000000,2,1,240000,26911,371.595
T1,delete_only,od_multi,0,0.1,random,1000000,2,1,250000,26759.5,373.699
T1,delete_only,od_multi,0,0.1,random,1000000,2,1,260000,26012.2,384.435
T1,delete_only,od_multi,0,0.1,random,1000000,2,1,270000,26013,384.424
T1,delete_only,od_multi,0,0.1,random,1000000,2,1,280000,26354.6,379.44
T1,delete_only,od_multi,0,0.1,random,1000000,2,1,290000,26790.9,373.261
T1,delete_only,od_multi,0,0.1,random,1000000,2,1,300000,27325.9,365.953
T1,delete_only,od_multi,0,0.1,random,1000000,2,1,310000,27562.7,362.81
T1,delete_only,od_multi,0,0.1,random,1000000,2,1,320000,26663.3,375.047
T1,delete_only,od_multi,0,0.1,random,1000000,2,1,330000,26441.2,378.198
T1,delete_only,od_multi,0,0.1,random,1000000,2,1,340000,26536.3,376.842
T1,delete_only,od_multi,0,0.1,random,1000000,2,1,350000,26995.1,370.438
T1,delete_only,od_multi,0,0.1,random,1000000,2,1,360000,27548.5,362.996
T1,delete_only,od_multi,0,0.1,random,1000000,2,1,370000,27926.7,358.08
T1,delete_only,od_multi,0,0.1,random,1000000,2,1,380000,27536.5,363.154
T1,delete_only,od_multi,0,0.1,random,1000000,2,1,390000,26944.6,371.132
T1,delete_only,od_multi,0,0.1,random,1000000,2,1,400000,26942.4,371.162
T1,delete_only,od_multi,0,0.1,random,1000000,2,1,410000,27125.4,368.658
T1,delete_only,od_multi,0,0.1,random,1000000,2,1,420000,27510.1,363.502
T1,delete_only,od_multi,0,0.1,random,1000000,2,1,430000,28063.7,356.333
T1,delete_only,od_multi,0,0.1,random,1000000,2,1,440000,28262.9,353.821
T1,delete_only,od_multi,0,0.1,random,1000000,2,1,450000,27337.3,365.8
T1,delete_only,od_multi,0,0.1,random,1000000,2,1,460000,27353.5,365.584
T1,delete_only,od_multi,0,0.1,random,1000000,2,1,470000,27449.4,364.307
T1,delete_only,od_multi,0,0.1,random,1000000,2,1,480000,27972.2,357.498
T1,delete_only,od_multi,0,0.1,random,1000000,2,1,490000,28236.1,354.156
T1,delete_only,od_multi,0,0.1,random,1000000,2,1,500000,28842.6,346.709
T1,delete_only,od_multi,0,0.1,random,1000000,2,1,510000,28455.8,351.423
T1,delete_only,od_multi,0,0.1,random,1000000,2,1,520000,27738.6,360.508
T1,delete_only,od_multi,0,0.1,random,1000000,2,1,530000,27983.4,357.355
T1,delete_only,od_multi,0,0.1,random,1000000,2,1,540000,28156.5,355.158
T1,delete_only,od_multi,0,0.1,random,1000000,2,1,550000,28727,348.105
T1,delete_only,od_multi,0,0.1,random,1000000,2,1,560000,28864.9,346.441
T1,delete_only,od_multi,0,0.1,random,1000000,2,1,570000,29018.1,344.613
T1,delete_only,od_multi,0,0.1,random,1000000,2,1,580000,28237.7,354.137
T1,delete_only,od_multi,0,0.1,random,1000000,2,1,590000,28082,356.1
T1,delete_only,od_multi,0,0.1,random,1000000,2,1,600000,28268.7,353.748
T1,delete_only,od_multi,0,0.1,random,1000000,2,1,610000,28743.4,347.906
T1,delete_only,od_multi,0,0.1,random,1000000,2,1,620000,29048.2,344.255
T1,delete_only,od_multi,0,0.1,random,1000000,2,1,630000,29252.9,341.846
T1,delete_only,od_multi,0,0.1,random,1000000,2,1,640000,29404,340.09
T1,delete_only,od_multi,0,0.1,random,1000000,2,1,650000,28403.9,352.064
T1,delete_only,od_multi,0,0.1,random,1000000,2,1,660000,28556.5,350.183
T1,delete_only,od_multi,0,0.1,random,1000000,2,1,670000,28531.3,350.492
T1,delete_only,od_multi,0,0.1,random,1000000,2,1,680000,29316.3,341.107
T1,delete_only,od_multi,0,0.1,random,1000000,2,1,690000,29568.7,338.196
T1,delete_only,od_multi,0,0.1,random,1000000,2,1,700000,29823.9,335.301
T1,delete_only,od_multi,0,0.1,random,1000000,2,1,710000,29187.5,342.612
T1,delete_only,od_multi,0,0.1,random,1000000,2,1,720000,29004.1,344.778
T1,delete_only,od_multi,0,0.1,random,1000000,2,1,730000,29344.4,340.781
T1,delete_only,od_multi,0,0.1,random,1000000,2,1,740000,29655,337.211
T1,delete_only,od_multi,0,0.1,random,1000000,2,1,750000,29153.7,343.01
T1,delete_only,od_multi,0,0.1,random,1000000,2,1,760000,30006.2,333.264
T1,delete_only,od_multi,0,0.1,random,1000000,2,1,770000,30545.2,327.383
T1,delete_only,od_multi,0,0.1,random,1000000,2,1,780000,29090.8,343.752
T1,delete_only,od_multi,0,0.1,random,1000000,2,1,790000,29282.2,341.505
T1,delete_only,od_multi,0,0.1,random,1000000,2,1,800000,29701.3,336.686
T1,delete_only,od_multi,0,0.1,random,1000000,2,1,810000,30331.5,329.691
T1,delete_only,od_multi,0,0.1,random,1000000,2,1,820000,30527.6,327.573
T1,delete_only,od_multi,0,0.1,random,1000000,2,1,830000,30884.9,323.782
T1,delete_only,od_multi,0,0.1,random,1000000,2,1,840000,30424.9,328.678
T1,delete_only,od_multi,0,0.1,random,1000000,2,1,850000,29904.4,334.399
T1,delete_only,od_multi,0,0.1,random,1000000,2,1,860000,29956.5,333.817
T1,delete_only,od_multi,0,0.1,random,1000000,2,1,870000,30619.9,326.585
T1,delete_only,od_multi,0,0.1,random,1000000,2,1,880000,30859.3,324.052
T1,delete_only,od_multi,0,0.1,random,1000000,2,1,890000,31381.6,318.658
T1,delete_only,od_multi,0,0.1,random,1000000,2,1,900000,31692.4,315.533
T1,delete_only,od_multi,0,0.1,random,1000000,2,1,910000,30258.9,330.482
T1,delete_only,od_multi,0,0.1,random,1000000,2,1,920000,30316.4,329.854
T1,delete_only,od_multi,0,0.1,random,1000000,2,1,930000,30710,325.626
T1,delete_only,od_multi,0,0.1,random,1000000,2,1,940000,30830.6,324.353
T1,delete_only,od_multi,0,0.1,random,1000000,2,1,950000,31474.6,317.716
T1,delete_only,od_multi,0,0.1,random,1000000,2,1,960000,31709.1,315.367
T1,delete_only,od_multi,0,0.1,random,1000000,2,1,970000,31494,317.521
T1,delete_only,od_multi,0,0.1,random,1000000,2,1,980000,30563.7,327.186
T1,delete_only,od_multi,0,0.1,random,1000000,2,1,990000,31053.8,322.022
T1,delete_only,od_multi,0,0.1,random,1000000,2,1,1000000,31137.5,321.156
T1,delete_only,od_multi,0,0.1,random,1000000,2,2,10000,22536.2,443.73
T1,delete_only,od_multi,0,0.1,random,1000000,2,2,20000,23214.5,430.764
T1,delete_only,od_multi,0,0.1,random,1000000,2,2,30000,23685.5,422.199
T1,delete_only,od_multi,0,0.1,random,1000000,2,2,40000,23884.2,418.686
T1,delete_only,od_multi,0,0.1,random,1000000,2,2,50000,24003.2,416.611
T1,delete_only,od_multi,0,0.1,random,1000000,2,2,60000,24492.8,408.284
T1,delete_only,od_multi,0,0.1,random,1000000,2,2,70000,24649.9,405.682
T1,delete_only,od_multi,0,0.1,random,1000000,2,2,80000,25111.6,398.222
T1,delete_only,od_multi,0,0.1,random,1000000,2,2,90000,25547.4,391.429
T1,delete_only,od_multi,0,0.1,random,1000000,2,2,100000,25616.9,390.368
T1,delete_only,od_multi,0,0.1,random,1000000,2,2,110000,25927.8,385.687
T1,delete_only,od_multi,0,0.1,random,1000000,2,2,120000,25469.8,392.622
T1,delete_only,od_multi,0,0.1,random,1000000,2,2,130000,25287.9,395.447
T1,delete_only,od_multi,0,0.1,random,1000000,2,2,140000,25440.4,393.075
T1,delete_only,od_multi,0,0.1,random,1000000,2,2,150000,25948.8,385.374
T1,delete_only,od_multi,0,0.1,random,1000000,2,2,160000,26008.5,384.49
T1,delete_only,od_multi,0,0.1,random,1000000,2,2,170000,26426,378.415
T1,delete_only,od_multi,0,0.1,random,1000000,2,2,180000,26475.8,377.704
T1,delete_only,od_multi,0,0.1,random,1000000,2,2,190000,25405.5,393.616
T1,delete_only,od_multi,0,0.1,random,1000000,2,2,200000,25644.4,389.949
T1,delete_only,od_multi,0,0.1,random,1000000,2,2,210000,25892.1,386.218
T1,delete_only,od_multi,0,0.1,random,1000000,2,2,220000,26338.3,379.675
T1,delete_only,od_multi,0,0.1,random,1000000,2,2,230000,26748.8,373.849
T1,delete_only,od_multi,0,0.1,random,1000000,2,2,240000,27124.3,368.674
T1,delete_only,od_multi,0,0.1,random,1000000,2,2,250000,26626.2,375.57
T1,delete_only,od_multi,0,0.1,random,1000000,2,2,260000,25905.6,386.016
T1,delete_only,od_multi,0,0.1,random,1000000,2,2,270000,26275.3,380.586
T1,delete_only,od_multi,0,0.1,random,1000000,2,2,280000,26432,378.33
T1,delete_only,od_multi,0,0.1,random,1000000,2,2,290000,26959.1,370.932
T1,delete_only,od_multi,0,0.1,random,1000000,2,2,300000,27294.4,366.375
T1,delete_only,od_multi,0,0.1,random,1000000,2,2,310000,27482.4,363.869
T1,delete_only,od_multi,0,0.1,random,1000000,2,2,320000,26150.7,382.398
T1,delete_only,od_multi,0,0.1,random,1000000,2,2,330000,26469,377.8
T1,delete_only,od_multi,0,0.1,random,1000000,2,2,340000,26756.5,373.74
T1,delete_only,od_multi,0,0.1,random,1000000,2,2,350000,27102.1,368.975
T1,delete_only,od_multi,0,0.1,random,1000000,2,2,360000,27469.7,364.037
T1,delete_only,od_multi,0,0.1,random,1000000,2,2,370000,27825.9,359.377
T1,delete_only,od_multi,0,0.1,random,1000000,2,2,380000,27630.4,361.92
T1,delete_only,od_multi,0,0.1,random,1000000,2,2,390000,26309.4,380.093
T1,delete_only,od_multi,0,0.1,random,1000000,2,2,400000,26944.4,371.134
T1,delete_only,od_multi,0,0.1,random,1000000,2,2,410000,27321.2,366.016
T1,delete_only,od_multi,0,0.1,random,1000000,2,2,420000,27514.7,363.442
T1,delete_only,od_multi,0,0.1,random,1000000,2,2,430000,27943.9,357.859
T1,delete_only,od_multi,0,0.1,random,1000000,2,2,440000,28640.2,349.16
T1,delete_only,od_multi,0,0.1,random,1000000,2,2,450000,27589.3,362.46
T1,delete_only,od_multi,0,0.1,random,1000000,2,2,460000,27425.7,364.621
T1,delete_only,od_multi,0,0.1,random,1000000,2,2,470000,27926.6,358.081
T1,delete_only,od_multi,0,0.1,random,1000000,2,2,480000,28019,356.9
T1,delete_only,od_multi,0,0.1,random,1000000,2,2,490000,28452.7,351.461
T1,delete_only,od_multi,0,0.1,random,1000000,2,2,500000,28658.8,348.933
T1,delete_only,od_multi,0,0.1,random,1000000,2,2,510000,28508.5,350.772
T1,delete_only,od_multi,0,0.1,random,1000000,2,2,520000,27674.3,361.346
T1,delete_only,od_multi,0,0.1,random,1000000,2,2,530000,27692.2,361.112
T1,delete_only,od_multi,0,0.1,random,1000000,2,2,540000,28415.9,351.916
T1,delete_only,od_multi,0,0.1,random,1000000,2,2,550000,28501.7,350.856
T1,delete_only,od_multi,0,0.1,random,1000000,2,2,560000,28794.1,347.294
T1,delete_only,od_multi,0,0.1,random,1000000,2,2,570000,29321.2,341.051
T1,delete_only,od_multi,0,0.1,random,1000000,2,2,580000,28458.5,351.389
T1,delete_only,od_multi,0,0.1,random,1000000,2,2,590000,28009,357.028
T1,delete_only,od_multi,0,0.1,random,1000000,2,2,600000,28304.7,353.298
T1,delete_only,od_multi,0,0.1,random,1000000,2,2,610000,28801.5,347.204
T1,delete_only,od_multi,0,0.1,random,1000000,2,2,620000,29135.6,343.223
T1,delete_only,od_multi,0,0.1,random,1000000,2,2,630000,29330.8,340.939
T1,delete_only,od_multi,0,0.1,random,1000000,2,2,640000,29482.5,339.184
T1,delete_only,od_multi,0,0.1,random,1000000,2,2,650000,28563.1,350.102
T1,delete_only,od_multi,0,0.1,random,1000000,2,2,660000,28529.2,350.518
T1,delete_only,od_multi,0,0.1,random,1000000,2,2,670000,28896.6,346.062
T1,delete_only,od_multi,0,0.1,random,1000000,2,2,680000,29091.6,343.742
T1,delete_only,od_multi,0,0.1,random,1000000,2,2,690000,29579.1,338.077
T1,delete_only,od_multi,0,0.1,random,1000000,2,2,700000,29867.7,334.81
T1,delete_only,od_multi,0,0.1,random,1000000,2,2,710000,29176.8,342.738
T1,delete_only,od_multi,0,0.1,random,1000000,2,2,720000,28900.2,346.018
T1,delete_only,od_multi,0,0.1,random,1000000,2,2,730000,29107,343.56
T1,delete_only,od_multi,0,0.1,random,1000000,2,2,740000,29803.7,335.529
T1,delete_only,od_multi,0,0.1,random,1000000,2,2,750000,29836.3,335.162
T1,delete_only,od_multi,0,0.1,random,1000000,2,2,760000,30005,333.278
T1,delete_only,od_multi,0,0.1,random,1000000,2,2,770000,30306,329.967
T1,delete_only,od_multi,0,0.1,random,1000000,2,2,780000,28882,346.237
T1,delete_only,od_multi,0,0.1,random,1000000,2,2,790000,29290.9,341.403
T1,delete_only,od_multi,0,0.1,random,1000000,2,2,800000,29830,335.233
T1,delete_only,od_multi,0,0.1,random,1000000,2,2,810000,30198.7,331.14
T1,delete_only,od_multi,0,0.1,random,1000000,2,2,820000,30468.6,328.207
T1,delete_only,od_multi,0,0.1,random,1000000,2,2,830000,30920.1,323.414
T1,delete_only,od_multi,0,0.1,random,1000000,2,2,840000,30415.2,328.783
T1,delete_only,od_multi,0,0.1,random,1000000,2,2,850000,29934.5,334.063
T1,delete_only,od_multi,0,0.1,random,1000000,2,2,860000,30076.2,332.488
T1,delete_only,od_multi,0,0.1,random,1000000,2,2,870000,30291,330.131
T1,delete_only,od_multi,0,0.1,random,1000000,2,2,880000,30839.7,324.258
T1,delete_only,od_multi,0,0.1,random,1000000,2,2,890000,31102.6,321.516
T1,delete_only,od_multi,0,0.1,random,1000000,2,2,900000,31487.7,317.584
T1,delete_only,od_multi,0,0.1,random,1000000,2,2,910000,30130.7,331.887
T1,delete_only,od_multi,0,0.1,random,1000000,2,2,920000,30146.9,331.709
T1,delete_only,od_multi,0,0.1,random,1000000,2,2,930000,30329.1,329.716
T1,delete_only,od_multi,0,0.1,random,1000000,2,2,940000,30980.3,322.786
T1,delete_only,od_multi,0,0.1,random,1000000,2,2,950000,31197.8,320.535
T1,delete_only,od_multi,0,0.1,random,1000000,2,2,960000,31781.6,314.647
T1,delete_only,od_multi,0,0.1,random,1000000,2,2,970000,31110.6,321.433
T1,delete_only,od_multi,0,0.1,random,1000000,2,2,980000,30938.2,323.225
T1,delete_only,od_multi,0,0.1,random,1000000,2,2,990000,30889.2,323.738
T1,delete_only,od_multi,0,0.1,random,1000000,2,2,1000000,31152.7,320.999
T1,delete_only,od_multi,0,0.1,random,1000000,2,3,10000,22968.7,435.376
T1,delete_only,od_multi,0,0.1,random,1000000,2,3,20000,23165.6,431.674
T1,delete_only,od_multi,0,0.1,random,1000000,2,3,30000,23591.2,423.887
T1,delete_only,od_multi,0,0.1,random,1000000,2,3,40000,24140.1,414.249
T1,delete_only,od_multi,0,0.1,random,1000000,2,3,50000,24194.7,413.313
T1,delete_only,od_multi,0,0.1,random,1000000,2,3,60000,24516.1,407.895
T1,delete_only,od_multi,0,0.1,random,1000000,2,3,70000,24834.7,402.662
T1,delete_only,od_multi,0,0.1,random,1000000,2,3,80000,25236.5,396.252
T1,delete_only,od_multi,0,0.1,random,1000000,2,3,90000,25511.6,391.978
T1,delete_only,od_multi,0,0.1,random,1000000,2,3,100000,25841.8,386.971
T1,delete_only,od_multi,0,0.1,random,1000000,2,3,110000,26214.8,381.464
T1,delete_only,od_multi,0,0.1,random,1000000,2,3,120000,25553.8,391.331
T1,delete_only,od_multi,0,0.1,random,1000000,2,3,130000,25037.6,399.4
T1,delete_only,od_multi,0,0.1,random,1000000,2,3,140000,25490.8,392.298
T1,delete_only,od_multi,0,0.1,random,1000000,2,3,150000,25788.2,387.775
T1,delete_only,od_multi,0,0.1,random,1000000,2,3,160000,25970,385.06
T1,delete_only,od_multi,0,0.1,random,1000000,2,3,170000,26240.8,381.086
T1,delete_only,od_multi,0,0.1,random,1000000,2,3,180000,26669.9,374.955
T1,delete_only,od_multi,0,0.1,random,1000000,2,3,190000,25381.6,393.987
T1,delete_only,od_multi,0,0.1,random,1000000,2,3,200000,25774.6,387.978
T1,delete_only,od_multi,0,0.1,random,1000000,2,3,210000,25931.1,385.637
T1,delete_only,od_multi,0,0.1,random,1000000,2,3,220000,26515.2,377.142
T1,delete_only,od_multi,0,0.1,random,1000000,2,3,230000,26879.5,372.031
T1,delete_only,od_multi,0,0.1,random,1000000,2,3,240000,26855.8,372.359
T1,delete_only,od_multi,0,0.1,random,1000000,2,3,250000,26678,374.84
T1,delete_only,od_multi,0,0.1,random,1000000,2,3,260000,26079.4,383.444
T1,delete_only,od_multi,0,0.1,random,1000000,2,3,270000,26320.2,379.936
T1,delete_only,od_multi,0,0.1,random,1000000,2,3,280000,26594,376.024
T1,delete_only,od_multi,0,0.1,random,1000000,2,3,290000,26972.3,370.751
T1,delete_only,od_multi,0,0.1,random,1000000,2,3,300000,27321.6,366.011
T1,delete_only,od_multi,0,0.1,random,1000000,2,3,310000,27659.5,361.54
T1,delete_only,od_multi,0,0.1,random,1000000,2,3,320000,26413.1,378.599
T1,delete_only,od_multi,0,0.1,random,1000000,2,3,330000,26668,374.981
T1,delete_only,od_multi,0,0.1,random,1000000,2,3,340000,26838.1,372.605
T1,delete_only,od_multi,0,0.1,random,1000000,2,3,350000,27292.8,366.397
T1,delete_only,od_multi,0,0.1,random,1000000,2,3,360000,27659.4,361.541
T1,delete_only,od_multi,0,0.1,random,1000000,2,3,370000,27849.1,359.078
T1,delete_only,od_multi,0,0.1,random,1000000,2,3,380000,27593.8,362.4
T1,delete_only,od_multi,0,0.1,random,1000000,2,3,390000,26958.6,370.939
T1,delete_only,od_multi,0,0.1,random,1000000,2,3,400000,27095.6,369.063
T1,delete_only,od_multi,0,0.1,random,1000000,2,3,410000,27341.1,365.75
T1,delete_only,od_multi,0,0.1,random,1000000,2,3,420000,27611.3,362.17
T1,delete_only,od_multi,0,0.1,random,1000000,2,3,430000,28163.4,355.071
T1,delete_only,od_multi,0,0.1,random,1000000,2,3,440000,28463.4,351.329
T1,delete_only,od_multi,0,0.1,random,1000000,2,3,450000,27612,362.161
T1,delete_only,od_multi,0,0.1,random,1000000,2,3,460000,27465.5,364.093
T1,delete_only,od_multi,0,0.1,random,1000000,2,3,470000,27454,364.246
T1,delete_only,od_multi,0,0.1,random,1000000,2,3,480000,27887.1,358.589
T1,delete_only,od_multi,0,0.1,random,1000000,2,3,490000,28276.8,353.646
T1,delete_only,od_multi,0,0.1,random,1000000,2,3,500000,28940,345.542
T1,delete_only,od_multi,0,0.1,random,1000000,2,3,510000,28542,350.361
T1,delete_only,od_multi,0,0.1,random,1000000,2,3,520000,27607.7,362.218
T1,delete_only,od_multi,0,0.1,random,1000000,2,3,530000,27956.9,357.693
T1,delete_only,od_multi,0,0.1,random,1000000,2,3,540000,28344.1,352.808
T1,delete_only,od_multi,0,0.1,random,1000000,2,3,550000,28689.8,348.556
T1,delete_only,od_multi,0,0.1,random,1000000,2,3,560000,28961.4,345.288
T1,delete_only,od_multi,0,0.1,random,1000000,2,3,570000,29192,342.56
T1,delete_only,od_multi,0,0.1,random,1000000,2,3,580000,28200.3,354.606
T1,delete_only,od_multi,0,0.1,random,1000000,2,3,590000,28075,356.188
T1,delete_only,od_multi,0,0.1,random,1000000,2,3,600000,28479.7,351.128
T1,delete_only,od_multi,0,0.1,random,1000000,2,3,610000,29010,344.709
T1,delete_only,od_multi,0,0.1,random,1000000,2,3,620000,29094,343.713
T1,delete_only,od_multi,0,0.1,random,1000000,2,3,630000,29529.3,338.646
T1,delete_only,od_multi,0,0.1,random,1000000,2,3,640000,29366.1,340.529
T1,delete_only,od_multi,0,0.1,random,1000000,2,3,650000,28163.6,355.068
T1,delete_only,od_multi,0,0.1,random,1000000,2,3,660000,28772.1,347.559
T1,delete_only,od_multi,0,0.1,random,1000000,2,3,670000,29117.4,343.437
T1,delete_only,od_multi,0,0.1,random,1000000,2,3,680000,29664.8,337.099
T1,delete_only,od_multi,0,0.1,random,1000000,2,3,690000,29545.7,338.459
T1,delete_only,od_multi,0,0.1,random,1000000,2,3,700000,29839.3,335.128
T1,delete_only,od_multi,0,0.1,random,1000000,2,3,710000,29552.1,338.385
T1,delete_only,od_multi,0,0.1,random,1000000,2,3,720000,29131.7,343.269
T1,delete_only,od_multi,0,0.1,random,1000000,2,3,730000,29374.4,340.433
T1,delete_only,od_multi,0,0.1,random,1000000,2,3,740000,29573.2,338.144
T1,delete_only,od_multi,0,0.1,random,1000000,2,3,750000,30086.5,332.375
T1,delete_only,od_multi,0,0.1,random,1000000,2,3,760000,30458.5,328.315
T1,delete_only,od_multi,0,0.1,random,1000000,2,3,770000,30476.3,328.123
T1,delete_only,od_multi,0,0.1,random,1000000,2,3,780000,29262.3,341.737
T1,delete_only,od_multi,0,0.1,random,1000000,2,3,790000,29540,338.524
T1,delete_only,od_multi,0,0.1,random,1000000,2,3,800000,29770.6,335.902
T1,delete_only,od_multi,0,0.1,random,1000000,2,3,810000,30155.4,331.616
T1,delete_only,od_multi,0,0.1,random,1000000,2,3,820000,30346.9,329.523
T1,delete_only,od_multi,0,0.1,random,1000000,2,3,830000,30608.5,326.707
T1,delete_only,od_multi,0,0.1,random,1000000,2,3,840000,30441.1,328.504
T1,delete_only,od_multi,0,0.1,random,1000000,2,3,850000,29726.3,336.402
T1,delete_only,od_multi,0,0.1,random,1000000,2,3,860000,30309.6,329.929
T1,delete_only,od_multi,0,0.1,random,1000000,2,3,870000,30269.1,330.37
T1,delete_only,od_multi,0,0.1,random,1000000,2,3,880000,30793.2,324.747
T1,delete_only,od_multi,0,0.1,random,1000000,2,3,890000,30725.2,325.466
T1,delete_only,od_multi,0,0.1,random,1000000,2,3,900000,31457.9,317.885
T1,delete_only,od_multi,0,0.1,random,1000000,2,3,910000,29893.7,334.518
T1,delete_only,od_multi,0,0.1,random,1000000,2,3,920000,30148.7,331.689
T1,delete_only,od_multi,0,0.1,random,1000000,2,3,930000,30298.3,330.052
T1,delete_only,od_multi,0,0.1,random,1000000,2,3,940000,31205.2,320.459
T1,delete_only,od_multi,0,0.1,random,1000000,2,3,950000,31445.3,318.012
T1,delete_only,od_multi,0,0.1,random,1000000,2,3,960000,31693.3,315.524
T1,delete_only,od_multi,0,0.1,random,1000000,2,3,970000,31506,317.4
T1,delete_only,od_multi,0,0.1,random,1000000,2,3,980000,30406.1,328.881
T1,delete_only,od_multi,0,0.1,random,1000000,2,3,990000,30952.9,323.072
T1,delete_only,od_multi,0,0.1,random,1000000,2,3,1000000,31221.8,320.289
T1,mixed,od_multi,0,0.1,random,1000000,2,1,10000,6523.56,1532.91
T1,mixed,od_multi,0,0.1,random,1000000,2,1,20000,6788.62,1473.05
T1,mixed,od_multi,0,0.1,random,1000000,2,1,30000,6903.8,1448.48
T1,mixed,od_multi,0,0.1,random,1000000,2,1,40000,6921.69,1444.73
T1,mixed,od_multi,0,0.1,random,1000000,2,1,50000,7004.21,1427.71
T1,mixed,od_multi,0,0.1,random,1000000,2,1,60000,7031.27,1422.22
T1,mixed,od_multi,0,0.1,random,1000000,2,1,70000,7204.61,1388
T1,mixed,od_multi,0,0.1,random,1000000,2,1,80000,7279.96,1373.63
T1,mixed,od_multi,0,0.1,random,1000000,2,1,90000,7307.07,1368.54
T1,mixed,od_multi,0,0.1,random,1000000,2,1,100000,7459.34,1340.6
T1,mixed,od_multi,0,0.1,random,1000000,2,1,110000,7626.57,1311.21
T1,mixed,od_multi,0,0.1,random,1000000,2,1,120000,7458.22,1340.8
T1,mixed,od_multi,0,0.1,random,1000000,2,1,130000,7252.1,1378.91
T1,mixed,od_multi,0,0.1,random,1000000,2,1,140000,7406.55,1350.16
T1,mixed,od_multi,0,0.1,random,1000000,2,1,150000,7467.32,1339.17
T1,mixed,od_multi,0,0.1,random,1000000,2,1,160000,7597.54,1316.22
T1,mixed,od_multi,0,0.1,random,1000000,2,1,170000,7635.92,1309.6
T1,mixed,od_multi,0,0.1,random,1000000,2,1,180000,7781.19,1285.15
T1,mixed,od_multi,0,0.1,random,1000000,2,1,190000,7249.58,1379.39
T1,mixed,od_multi,0,0.1,random,1000000,2,1,200000,7561.66,1322.46
T1,mixed,od_multi,0,0.1,random,1000000,2,1,210000,7594.07,1316.82
T1,mixed,od_multi,0,0.1,random,1000000,2,1,220000,7649.27,1307.31
T1,mixed,od_multi,0,0.1,random,1000000,2,1,230000,7738.37,1292.26
T1,mixed,od_multi,0,0.1,random,1000000,2,1,240000,7850.18,1273.86
T1,mixed,od_multi,0,0.1,random,1000000,2,1,250000,7677.4,1302.52
T1,mixed,od_multi,0,0.1,random,1000000,2,1,260000,7485.78,1335.87
T1,mixed,od_multi,0,0.1,random,1000000,2,1,270000,7529.97,1328.03
T1,mixed,od_multi,0,0.1,random,1000000,2,1,280000,7724.51,1294.58
T1,mixed,od_multi,0,0.1,random,1000000,2,1,290000,7855.03,1273.07
T1,mixed,od_multi,0,0.1,random,1000000,2,1,300000,7884.59,1268.3
T1,mixed,od_multi,0,0.1,random,1000000,2,1,310000,7971.63,1254.45
T1,mixed,od_multi,0,0.1,random,1000000,2,1,320000,7541.34,1326.02
T1,mixed,od_multi,0,0.1,random,1000000,2,1,330000,7644.8,1308.08
T1,mixed,od_multi,0,0.1,random,1000000,2,1,340000,7867.02,1271.13
T1,mixed,od_multi,0,0.1,random,1000000,2,1,350000,7828.67,1277.36
T1,mixed,od_multi,0,0.1,random,1000000,2,1,360000,7978.23,1253.41
T1,mixed,od_multi,0,0.1,random,1000000,2,1,370000,7899.93,1265.83
T1,mixed,od_multi,0,0.1,random,1000000,2,1,380000,7941.57,1259.2
T1,mixed,od_multi,0,0.1,random,1000000,2,1,390000,7707.17,1297.49
T1,mixed,od_multi,0,0.1,random,1000000,2,1,400000,7830.24,1277.1
T1,mixed,od_multi,0,0.1,random,1000000,2,1,410000,7882.7,1268.6
T1,mixed,od_multi,0,0.1,random,1000000,2,1,420000,7925.86,1261.69
T1,mixed,od_multi,0,0.1,random,1000000,2,1,430000,8133.78,1229.44
T1,mixed,od_multi,0,0.1,random,1000000,2,1,440000,8207.14,1218.45
T1,mixed,od_multi,0,0.1,random,1000000,2,1,450000,7990.6,1251.47
T1,mixed,od_multi,0,0.1,random,1000000,2,1,460000,7901.7,1265.55
T1,mixed,od_multi,0,0.1,random,1000000,2,1,470000,8029.26,1245.44
T1,mixed,od_multi,0,0.1,random,1000000,2,1,480000,8044.86,1243.03
T1,mixed,od_multi,0,0.1,random,1000000,2,1,490000,8167.87,1224.31
T1,mixed,od_multi,0,0.1,random,1000000,2,1,500000,8322.33,1201.59
T1,mixed,od_multi,0,0.1,random,1000000,2,1,510000,8161.55,1225.26
T1,mixed,od_multi,0,0.1,random,1000000,2,1,520000,8036.03,1244.4
T1,mixed,od_multi,0,0.1,random,1000000,2,1,530000,8056.94,1241.17
T1,mixed,od_multi,0,0.1,random,1000000,2,1,540000,8168.7,1224.18
T1,mixed,od_multi,0,0.1,random,1000000,2,1,550000,8269.27,1209.3
T1,mixed,od_multi,0,0.1,random,1000000,2,1,560000,8391.81,1191.64
T1,mixed,od_multi,0,0.1,random,1000000,2,1,570000,8310.3,1203.33
T1,mixed,od_multi,0,0.1,random,1000000,2,1,580000,8228.76,1215.25
T1,mixed,od_multi,0,0.1,random,1000000,2,1,590000,8167.32,1224.39
T1,mixed,od_multi,0,0.1,random,1000000,2,1,600000,8187.11,1221.43
T1,mixed,od_multi,0,0.1,random,1000000,2,1,610000,8339.94,1199.05
T1,mixed,od_multi,0,0.1,random,1000000,2,1,620000,8328.99,1200.63
T1,mixed,od_multi,0,0.1,random,1000000,2,1,630000,8386.86,1192.34
T1,mixed,od_multi,0,0.1,random,1000000,2,1,640000,8484.2,1178.66
T1,mixed,od_multi,0,0.1,random,1000000,2,1,650000,8172.87,1223.56
T1,mixed,od_multi,0,0.1,random,1000000,2,1,660000,8292.8,1205.87
T1,mixed,od_multi,0,0.1,random,1000000,2,1,670000,8462.18,1181.73
T1,mixed,od_multi,0,0.1,random,1000000,2,1,680000,8502.06,1176.19
T1,mixed,od_multi,0,0.1,random,1000000,2,1,690000,8644.78,1156.77
T1,mixed,od_multi,0,0.1,random,1000000,2,1,700000,8718.04,1147.05
T1,mixed,od_multi,0,0.1,random,1000000,2,1,710000,8604.71,1162.15
T1,mixed,od_multi,0,0.1,random,1000000,2,1,720000,8307.01,1203.8
T1,mixed,od_multi,0,0.1,random,1000000,2,1,730000,8451.68,1183.2
T1,mixed,od_multi,0,0.1,random,1000000,2,1,740000,8551.05,1169.45
T1,mixed,od_multi,0,0.1,random,1000000,2,1,750000,8622.28,1159.79
T1,mixed,od_multi,0,0.1,random,1000000,2,1,760000,8843.59,1130.76
T1,mixed,od_multi,0,0.1,random,1000000,2,1,770000,8932.86,1119.46
T1,mixed,od_multi,0,0.1,random,1000000,2,1,780000,8445.04,1184.13
T1,mixed,od_multi,0,0.1,random,1000000,2,1,790000,8577.31,1165.87
T1,mixed,od_multi,0,0.1,random,1000000,2,1,800000,8748.38,1143.07
T1,mixed,od_multi,0,0.1,random,1000000,2,1,810000,8891.46,1124.67
T1,mixed,od_multi,0,0.1,random,1000000,2,1,820000,8782.16,1138.67
T1,mixed,od_multi,0,0.1,random,1000000,2,1,830000,9043.59,1105.76
T1,mixed,od_multi,0,0.1,random,1000000,2,1,840000,8649.01,1156.2
T1,mixed,od_multi,0,0.1,random,1000000,2,1,850000,8720.69,1146.7
T1,mixed,od_multi,0,0.1,random,1000000,2,1,860000,8730.64,1145.39
T1,mixed,od_multi,0,0.1,random,1000000,2,1,870000,8794.65,1137.06
T1,mixed,od_multi,0,0.1,random,1000000,2,1,880000,8801.7,1136.14
T1,mixed,od_multi,0,0.1,random,1000000,2,1,890000,9078.23,1101.54
T1,mixed,od_multi,0,0.1,random,1000000,2,1,900000,9147.3,1093.22
T1,mixed,od_multi,0,0.1,random,1000000,2,1,910000,8658.65,1154.92
T1,mixed,od_multi,0,0.1,random,1000000,2,1,920000,8888.9,1125
T1,mixed,od_multi,0,0.1,random,1000000,2,1,930000,8958.51,1116.26
T1,mixed,od_multi,0,0.1,random,1000000,2,1,940000,9092.31,1099.83
T1,mixed,od_multi,0,0.1,random,1000000,2,1,950000,9179.16,1089.42
T1,mixed,od_multi,0,0.1,random,1000000,2,1,960000,9193.58,1087.72
T1,mixed,od_multi,0,0.1,random,1000000,2,1,970000,8971.94,1114.59
T1,mixed,od_multi,0,0.1,random,1000000,2,1,980000,8979.37,1113.66
T1,mixed,od_multi,0,0.1,random,1000000,2,1,990000,9056.44,1104.19
T1,mixed,od_multi,0,0.1,random,1000000,2,1,1000000,8926.68,1120.24
T1,mixed,od_multi,0,0.1,random,1000000,2,2,10000,6640.23,1505.97
T1,mixed,od_multi,0,0.1,random,1000000,2,2,20000,6700.41,1492.45
T1,mixed,od_multi,0,0.1,random,1000000,2,2,30000,6647.9,1504.23
T1,mixed,od_multi,0,0.1,random,1000000,2,2,40000,6937.5,1441.44
T1,mixed,od_multi,0,0.1,random,1000000,2,2,50000,7045.82,1419.28
T1,mixed,od_multi,0,0.1,random,1000000,2,2,60000,6959.54,1436.88
T1,mixed,od_multi,0,0.1,random,1000000,2,2,70000,7180.29,1392.7
T1,mixed,od_multi,0,0.1,random,1000000,2,2,80000,7386.81,1353.77
T1,mixed,od_multi,0,0.1,random,1000000,2,2,90000,7468.16,1339.02
T1,mixed,od_multi,0,0.1,random,1000000,2,2,100000,7484.07,1336.17
T1,mixed,od_multi,0,0.1,random,1000000,2,2,110000,7590.58,1317.42
T1,mixed,od_multi,0,0.1,random,1000000,2,2,120000,7371.92,1356.5
T1,mixed,od_multi,0,0.1,random,1000000,2,2,130000,7340.03,1362.39
T1,mixed,od_multi,0,0.1,random,1000000,2,2,140000,7419.51,1347.8
T1,mixed,od_multi,0,0.1,random,1000000,2,2,150000,7434.9,1345.01
T1,mixed,od_multi,0,0.1,random,1000000,2,2,160000,7617.67,1312.74
T1,mixed,od_multi,0,0.1,random,1000000,2,2,170000,7674.39,1303.03
T1,mixed,od_multi,0,0.1,random,1000000,2,2,180000,7800.6,1281.95
T1,mixed,od_multi,0,0.1,random,1000000,2,2,190000,7363.78,1358
T1,mixed,od_multi,0,0.1,random,1000000,2,2,200000,7432.12,1345.51
T1,mixed,od_multi,0,0.1,random,1000000,2,2,210000,7506.09,1332.25
T1,mixed,od_multi,0,0.1,random,1000000,2,2,220000,7608.13,1314.38
T1,mixed,od_multi,0,0.1,random,1000000,2,2,230000,7724.67,1294.55
T1,mixed,od_multi,0,0.1,random,1000000,2,2,240000,7838.25,1275.8
T1,mixed,od_multi,0,0.1,random,1000000,2,2,250000,7708.36,1297.29
T1,mixed,od_multi,0,0.1,random,1000000,2,2,260000,7484.77,1336.05
T1,mixed,od_multi,0,0.1,random,1000000,2,2,270000,7713.71,1296.39
T1,mixed,od_multi,0,0.1,random,1000000,2,2,280000,7621.63,1312.05
T1,mixed,od_multi,0,0.1,random,1000000,2,2,290000,7772.41,1286.6
T1,mixed,od_multi,0,0.1,random,1000000,2,2,300000,7862.94,1271.79
T1,mixed,od_multi,0,0.1,random,1000000,2,2,310000,7904.74,1265.06
T1,mixed,od_multi,0,0.1,random,1000000,2,2,320000,7652.21,1306.81
T1,mixed,od_multi,0,0.1,random,1000000,2,2,330000,7784.61,1284.59
T1,mixed,od_multi,0,0.1,random,1000000,2,2,340000,7708.71,1297.23
T1,mixed,od_multi,0,0.1,random,1000000,2,2,350000,7813.93,1279.77
T1,mixed,od_multi,0,0.1,random,1000000,2,2,360000,7919.22,1262.75
T1,mixed,od_multi,0,0.1,random,1000000,2,2,370000,8087.26,1236.51
T1,mixed,od_multi,0,0.1,random,1000000,2,2,380000,8016.32,1247.46
T1,mixed,od_multi,0,0.1,random,1000000,2,2,390000,7689.93,1300.4
T1,mixed,od_multi,0,0.1,random,1000000,2,2,400000,7857.24,1272.71
T1,mixed,od_multi,0,0.1,random,1000000,2,2,410000,7964.83,1255.52
T1,mixed,od_multi,0,0.1,random,1000000,2,2,420000,8086.13,1236.69
T1,mixed,od_multi,0,0.1,random,1000000,2,2,430000,8258.1,1210.93
T1,mixed,od_multi,0,0.1,random,1000000,2,2,440000,8230.19,1215.04
T1,mixed,od_multi,0,0.1,random,1000000,2,2,450000,7904.62,1265.08
T1,mixed,od_multi,0,0.1,random,1000000,2,2,460000,8004.13,1249.35
T1,mixed,od_multi,0,0.1,random,1000000,2,2,470000,8020.81,1246.76
T1,mixed,od_multi,0,0.1,random,1000000,2,2,480000,8142.09,1228.19
T1,mixed,od_multi,0,0.1,random,1000000,2,2,490000,8120.25,1231.49
T1,mixed,od_multi,0,0.1,random,1000000,2,2,500000,8398.75,1190.65
T1,mixed,od_multi,0,0.1,random,1000000,2,2,510000,8441.26,1184.66
T1,mixed,od_multi,0,0.1,random,1000000,2,2,520000,8185.04,1221.74
T1,mixed,od_multi,0,0.1,random,1000000,2,2,530000,8292.87,1205.86
T1,mixed,od_multi,0,0.1,random,1000000,2,2,540000,8447.6,1183.77
T1,mixed,od_multi,0,0.1,random,1000000,2,2,550000,8558.85,1168.38
T1,mixed,od_multi,0,0.1,random,1000000,2,2,560000,8471.17,1180.47
T1,mixed,od_multi,0,0.1,random,1000000,2,2,570000,8494.26,1177.27
T1,mixed,od_multi,0,0.1,random,1000000,2,2,580000,8272.39,1208.84
T1,mixed,od_multi,0,0.1,random,1000000,2,2,590000,8171.06,1223.83
T1,mixed,od_multi,0,0.1,random,1000000,2,2,600000,8233.78,1214.51
T1,mixed,od_multi,0,0.1,random,1000000,2,2,610000,8395.76,1191.08
T1,mixed,od_multi,0,0.1,random,1000000,2,2,620000,8459.45,1182.11
T1,mixed,od_multi,0,0.1,random,1000000,2,2,630000,8616.11,1160.62
T1,mixed,od_multi,0,0.1,random,1000000,2,2,640000,8669.29,1153.5
T1,mixed,od_multi,0,0.1,random,1000000,2,2,650000,8346.27,1198.14
T1,mixed,od_multi,0,0.1,random,1000000,2,2,660000,8306.78,1203.84
T1,mixed,od_multi,0,0.1,random,1000000,2,2,670000,8325.26,1201.16
T1,mixed,od_multi,0,0.1,random,1000000,2,2,680000,8473.46,1180.16
T1,mixed,od_multi,0,0.1,random,1000000,2,2,690000,8644.16,1156.85
T1,mixed,od_multi,0,0.1,random,1000000,2,2,700000,8768.15,1140.49
T1,mixed,od_multi,0,0.1,random,1000000,2,2,710000,8527.07,1172.74
T1,mixed,od_multi,0,0.1,random,1000000,2,2,720000,8475.89,1179.82
T1,mixed,od_multi,0,0.1,random,1000000,2,2,730000,8481.02,1179.1
T1,mixed,od_multi,0,0.1,random,1000000,2,2,740000,8558.56,1168.42
T1,mixed,od_multi,0,0.1,random,1000000,2,2,750000,8729.89,1145.49
T1,mixed,od_multi,0,0.1,random,1000000,2,2,760000,8987.31,1112.68
T1,mixed,od_multi,0,0.1,random,1000000,2,2,770000,8736.09,1144.68
T1,mixed,od_multi,0,0.1,random,1000000,2,2,780000,8485.95,1178.42
T1,mixed,od_multi,0,0.1,random,1000000,2,2,790000,8479.6,1179.3
T1,mixed,od_multi,0,0.1,random,1000000,2,2,800000,8723.7,1146.3
T1,mixed,od_multi,0,0.1,random,1000000,2,2,810000,8751.4,1142.67
T1,mixed,od_multi,0,0.1,random,1000000,2,2,820000,8989.93,1112.36
T1,mixed,od_multi,0,0.1,random,1000000,2,2,830000,8986.64,1112.76
T1,mixed,od_multi,0,0.1,random,1000000,2,2,840000,8778.59,1139.14
T1,mixed,od_multi,0,0.1,random,1000000,2,2,850000,8713.55,1147.64
T1,mixed,od_multi,0,0.1,random,1000000,2,2,860000,8726.84,1145.89
T1,mixed,od_multi,0,0.1,random,1000000,2,2,870000,8878.46,1126.32
T1,mixed,od_multi,0,0.1,random,1000000,2,2,880000,8995.61,1111.65
T1,mixed,od_multi,0,0.1,random,1000000,2,2,890000,9136.76,1094.48
T1,mixed,od_multi,0,0.1,random,1000000,2,2,900000,9229.09,1083.53
T1,mixed,od_multi,0,0.1,random,1000000,2,2,910000,8822.21,1133.5
T1,mixed,od_multi,0,0.1,random,1000000,2,2,920000,8704.41,1148.84
T1,mixed,od_multi,0,0.1,random,1000000,2,2,930000,9018.21,1108.87
T1,mixed,od_multi,0,0.1,random,1000000,2,2,940000,8909.85,1122.35
T1,mixed,od_multi,0,0.1,random,1000000,2,2,950000,9077.3,1101.65
T1,mixed,od_multi,0,0.1,random,1000000,2,2,960000,9222.95,1084.25
T1,mixed,od_multi,0,0.1,random,1000000,2,2,970000,9047.55,1105.27
T1,mixed,od_multi,0,0.1,random,1000000,2,2,980000,8875.67,1126.68
T1,mixed,od_multi,0,0.1,random,1000000,2,2,990000,8768.52,1140.44
T1,mixed,od_multi,0,0.1,random,1000000,2,2,1000000,9081.59,1101.13
T1,mixed,od_multi,0,0.1,random,1000000,2,3,10000,6542.16,1528.55
T1,mixed,od_multi,0,0.1,random,1000000,2,3,20000,6643.03,1505.34
T1,mixed,od_multi,0,0.1,random,1000000,2,3,30000,6707.61,1490.84
T1,mixed,od_multi,0,0.1,random,1000000,2,3,40000,6862.81,1457.13
T1,mixed,od_multi,0,0.1,random,1000000,2,3,50000,7000.91,1428.39
T1,mixed,od_multi,0,0.1,random,1000000,2,3,60000,7062.35,1415.96
T1,mixed,od_multi,0,0.1,random,1000000,2,3,70000,7195.96,1389.67
T1,mixed,od_multi,0,0.1,random,1000000,2,3,80000,7194.66,1389.92
T1,mixed,od_multi,0,0.1,random,1000000,2,3,90000,7201.16,1388.66
T1,mixed,od_multi,0,0.1,random,1000000,2,3,100000,7516.1,1330.48
T1,mixed,od_multi,0,0.1,random,1000000,2,3,110000,7529.15,1328.17
T1,mixed,od_multi,0,0.1,random,1000000,2,3,120000,7355.66,1359.5
T1,mixed,od_multi,0,0.1,random,1000000,2,3,130000,7296.34,1370.55
T1,mixed,od_multi,0,0.1,random,1000000,2,3,140000,7409.48,1349.62
T1,mixed,od_multi,0,0.1,random,1000000,2,3,150000,7499.72,1333.38
T1,mixed,od_multi,0,0.1,random,1000000,2,3,160000,7574.65,1320.19
T1,mixed,od_multi,0,0.1,random,1000000,2,3,170000,7625.24,1311.43
T1,mixed,od_multi,0,0.1,random,1000000,2,3,180000,7714.59,1296.24
T1,mixed,od_multi,0,0.1,random,1000000,2,3,190000,7357.17,1359.22
T1,mixed,od_multi,0,0.1,random,1000000,2,3,200000,7464.2,1339.73
T1,mixed,od_multi,0,0.1,random,1000000,2,3,210000,7497.93,1333.7
T1,mixed,od_multi,0,0.1,random,1000000,2,3,220000,7654.38,1306.44
T1,mixed,od_multi,0,0.1,random,1000000,2,3,230000,7704.6,1297.93
T1,mixed,od_multi,0,0.1,random,1000000,2,3,240000,7865.66,1271.35
T1,mixed,od_multi,0,0.1,random,1000000,2,3,250000,7668.68,1304.01
T1,mixed,od_multi,0,0.1,random,1000000,2,3,260000,7548.65,1324.74
T1,mixed,od_multi,0,0.1,random,1000000,2,3,270000,7638.01,1309.24
T1,mixed,od_multi,0,0.1,random,1000000,2,3,280000,7807.7,1280.79
T1,mixed,od_multi,0,0.1,random,1000000,2,3,290000,7719.05,1295.5
T1,mixed,od_multi,0,0.1,random,1000000,2,3,300000,7777.19,1285.81
T1,mixed,od_multi,0,0.1,random,1000000,2,3,310000,7946.84,1258.36
T1,mixed,od_multi,0,0.1,random,1000000,2,3,320000,7610.8,1313.92
T1,mixed,od_multi,0,0.1,random,1000000,2,3,330000,7669.14,1303.93
T1,mixed,od_multi,0,0.1,random,1000000,2,3,340000,7775.62,1286.07
T1,mixed,od_multi,0,0.1,random,1000000,2,3,350000,7837.97,1275.84
T1,mixed,od_multi,0,0.1,random,1000000,2,3,360000,7936.78,1259.96
T1,mixed,od_multi,0,0.1,random,1000000,2,3,370000,8001.89,1249.71
T1,mixed,od_multi,0,0.1,random,1000000,2,3,380000,7932,1260.72
T1,mixed,od_multi,0,0.1,random,1000000,2,3,390000,7671.82,1303.47
T1,mixed,od_multi,0,0.1,random,1000000,2,3,400000,7909.44,1264.31
T1,mixed,od_multi,0,0.1,random,1000000,2,3,410000,7899.12,1265.96
T1,mixed,od_multi,0,0.1,random,1000000,2,3,420000,8114.38,1232.38
T1,mixed,od_multi,0,0.1,random,1000000,2,3,430000,8188.43,1221.24
T1,mixed,od_multi,0,0.1,random,1000000,2,3,440000,8250.49,1212.05
T1,mixed,od_multi,0,0.1,random,1000000,2,3,450000,7933.03,1260.55
T1,mixed,od_multi,0,0.1,random,1000000,2,3,460000,7985.41,1252.28
T1,mixed,od_multi,0,0.1,random,1000000,2,3,470000,8066.29,1239.73
T1,mixed,od_multi,0,0.1,random,1000000,2,3,480000,8146.44,1227.53
T1,mixed,od_multi,0,0.1,random,1000000,2,3,490000,8228.98,1215.22
T1,mixed,od_multi,0,0.1,random,1000000,2,3,500000,8363.05,1195.74
T1,mixed,od_multi,0,0.1,random,1000000,2,3,510000,8296.02,1205.4
T1,mixed,od_multi,0,0.1,random,1000000,2,3,520000,8020.14,1246.86
T1,mixed,od_multi,0,0.1,random,1000000,2,3,530000,8110.83,1232.92
T1,mixed,od_multi,0,0.1,random,1000000,2,3,540000,8186.39,1221.54
T1,mixed,od_multi,0,0.1,random,1000000,2,3,550000,8314.16,1202.77
T1,mixed,od_multi,0,0.1,random,1000000,2,3,560000,8417.35,1188.02
T1,mixed,od_multi,0,0.1,random,1000000,2,3,570000,8476.41,1179.74
T1,mixed,od_multi,0,0.1,random,1000000,2,3,580000,8102.25,1234.23
T1,mixed,od_multi,0,0.1,random,1000000,2,3,590000,8217.78,1216.87
T1,mixed,od_multi,0,0.1,random,1000000,2,3,600000,8261.79,1210.39
T1,mixed,od_multi,0,0.1,random,1000000,2,3,610000,8419.16,1187.77
T1,mixed,od_multi,0,0.1,random,1000000,2,3,620000,8475.94,1179.81
T1,mixed,od_multi,0,0.1,random,1000000,2,3,630000,8578.24,1165.74
T1,mixed,od_multi,0,0.1,random,1000000,2,3,640000,8617.05,1160.49
T1,mixed,od_multi,0,0.1,random,1000000,2,3,650000,8317.23,1202.32
T1,mixed,od_multi,0,0.1,random,1000000,2,3,660000,8424.64,1186.99
T1,mixed,od_multi,0,0.1,random,1000000,2,3,670000,8449.31,1183.53
T1,mixed,od_multi,0,0.1,random,1000000,2,3,680000,8620.52,1160.02
T1,mixed,od_multi,0,0.1,random,1000000,2,3,690000,8712.28,1147.8
T1,mixed,od_multi,0,0.1,random,1000000,2,3,700000,8499.97,1176.47
T1,mixed,od_multi,0,0.1,random,1000000,2,3,710000,8598.22,1163.03
T1,mixed,od_multi,0,0.1,random,1000000,2,3,720000,8442.8,1184.44
T1,mixed,od_multi,0,0.1,random,1000000,2,3,730000,8533.17,1171.9
T1,mixed,od_multi,0,0.1,random,1000000,2,3,740000,8629.48,1158.82
T1,mixed,od_multi,0,0.1,random,1000000,2,3,750000,8627.89,1159.03
T1,mixed,od_multi,0,0.1,random,1000000,2,3,760000,8868.81,1127.55
T1,mixed,od_multi,0,0.1,random,1000000,2,3,770000,8961.89,1115.84
T1,mixed,od_multi,0,0.1,random,1000000,2,3,780000,8493.32,1177.4
T1,mixed,od_multi,0,0.1,random,1000000,2,3,790000,8614.31,1160.86
T1,mixed,od_multi,0,0.1,random,1000000,2,3,800000,8587.23,1164.52
T1,mixed,od_multi,0,0.1,random,1000000,2,3,810000,8750.71,1142.76
T1,mixed,od_multi,0,0.1,random,1000000,2,3,820000,8915.69,1121.62
T1,mixed,od_multi,0,0.1,random,1000000,2,3,830000,9038.97,1106.32
T1,mixed,od_multi,0,0.1,random,1000000,2,3,840000,8794.94,1137.02
T1,mixed,od_multi,0,0.1,random,1000000,2,3,850000,8715.85,1147.33
T1,mixed,od_multi,0,0.1,random,1000000,2,3,860000,8760.04,1141.55
T1,mixed,od_multi,0,0.1,random,1000000,2,3,870000,8895.06,1124.22
T1,mixed,od_multi,0,0.1,random,1000000,2,3,880000,8907.23,1122.68
T1,mixed,od_multi,0,0.1,random,1000000,2,3,890000,9130.98,1095.17
T1,mixed,od_multi,0,0.1,random,1000000,2,3,900000,9227.78,1083.68
T1,mixed,od_multi,0,0.1,random,1000000,2,3,910000,8783.87,1138.45
T1,mixed,od_multi,0,0.1,random,1000000,2,3,920000,8884.71,1125.53
T1,mixed,od_multi,0,0.1,random,1000000,2,3,930000,8815.74,1134.33
T1,mixed,od_multi,0,0.1,random,1000000,2,3,940000,9104.47,1098.36
T1,mixed,od_multi,0,0.1,random,1000000,2,3,950000,9031.12,1107.28
T1,mixed,od_multi,0,0.1,random,1000000,2,3,960000,9162.73,1091.38
T1,mixed,od_multi,0,0.1,random,1000000,2,3,970000,9086.07,1100.59
T1,mixed,od_multi,0,0.1,random,1000000,2,3,980000,8954.04,1116.81
T1,mixed,od_multi,0,0.1,random,1000000,2,3,990000,9026.29,1107.88
T1,mixed,od_multi,0,0.1,random,1000000,2,3,1000000,9106.9,1098.07
T2,mixed,off,0,0.1,random,1000000,2,1,10000,6792.6,1472.19
T2,mixed,off,0,0.1,random,1000000,2,1,20000,6918.19,1445.46
T2,mixed,off,0,0.1,random,1000000,2,1,30000,7058.01,1416.83
T2,mixed,off,0,0.1,random,1000000,2,1,40000,7114.5,1405.58
T2,mixed,off,0,0.1,random,1000000,2,1,50000,7218.8,1385.27
T2,mixed,off,0,0.1,random,1000000,2,1,60000,7333.42,1363.62
T2,mixed,off,0,0.1,random,1000000,2,1,70000,7359.74,1358.74
T2,mixed,off,0,0.1,random,1000000,2,1,80000,7577.56,1319.69
T2,mixed,off,0,0.1,random,1000000,2,1,90000,7601.38,1315.55
T2,mixed,off,0,0.1,random,1000000,2,1,100000,7789.36,1283.8
T2,mixed,off,0,0.1,random,1000000,2,1,110000,7764.58,1287.9
T2,mixed,off,0,0.1,random,1000000,2,1,120000,7535.17,1327.11
T2,mixed,off,0,0.1,random,1000000,2,1,130000,7451.22,1342.06
T2,mixed,off,0,0.1,random,1000000,2,1,140000,7575.77,1320
T2,mixed,off,0,0.1,random,1000000,2,1,150000,7685.76,1301.11
T2,mixed,off,0,0.1,random,1000000,2,1,160000,7799.68,1282.1
T2,mixed,off,0,0.1,random,1000000,2,1,170000,7899.21,1265.95
T2,mixed,off,0,0.1,random,1000000,2,1,180000,7966.29,1255.29
T2,mixed,off,0,0.1,random,1000000,2,1,190000,7503.47,1332.72
T2,mixed,off,0,0.1,random,1000000,2,1,200000,7558.92,1322.94
T2,mixed,off,0,0.1,random,1000000,2,1,210000,7604.32,1315.04
T2,mixed,off,0,0.1,random,1000000,2,1,220000,7844.66,1274.75
T2,mixed,off,0,0.1,random,1000000,2,1,230000,7961.54,1256.04
T2,mixed,off,0,0.1,random,1000000,2,1,240000,7987.99,1251.88
T2,mixed,off,0,0.1,random,1000000,2,1,250000,7894.48,1266.71
T2,mixed,off,0,0.1,random,1000000,2,1,260000,7767.03,1287.49
T2,mixed,off,0,0.1,random,1000000,2,1,270000,7852.45,1273.49
T2,mixed,off,0,0.1,random,1000000,2,1,280000,7912.11,1263.89
T2,mixed,off,0,0.1,random,1000000,2,1,290000,8043.51,1243.24
T2,mixed,off,0,0.1,random,1000000,2,1,300000,8233.54,1214.54
T2,mixed,off,0,0.1,random,1000000,2,1,310000,8208.68,1218.22
T2,mixed,off,0,0.1,random,1000000,2,1,320000,7785.16,1284.5
T2,mixed,off,0,0.1,random,1000000,2,1,330000,7902.54,1265.42
T2,mixed,off,0,0.1,random,1000000,2,1,340000,7953.13,1257.37
T2,mixed,off,0,0.1,random,1000000,2,1,350000,8206.07,1218.61
T2,mixed,off,0,0.1,random,1000000,2,1,360000,8124.69,1230.82
T2,mixed,off,0,0.1,random,1000000,2,1,370000,8304.11,1204.22
T2,mixed,off,0,0.1,random,1000000,2,1,380000,8209.22,1218.14
T2,mixed,off,0,0.1,random,1000000,2,1,390000,7957.96,1256.6
T2,mixed,off,0,0.1,random,1000000,2,1,400000,8015.08,1247.65
T2,mixed,off,0,0.1,random,1000000,2,1,410000,8028.23,1245.6
T2,mixed,off,0,0.1,random,1000000,2,1,420000,8337.82,1199.35
T2,mixed,off,0,0.1,random,1000000,2,1,430000,8327.11,1200.9
T2,mixed,off,0,0.1,random,1000000,2,1,440000,8466.94,1181.06
T2,mixed,off,0,0.1,random,1000000,2,1,450000,8134.07,1229.4
T2,mixed,off,0,0.1,random,1000000,2,1,460000,8136.92,1228.97
T2,mixed,off,0,0.1,random,1000000,2,1,470000,8134.14,1229.39
T2,mixed,off,0,0.1,random,1000000,2,1,480000,8305.79,1203.98
T2,mixed,off,0,0.1,random,1000000,2,1,490000,8525.85,1172.9
T2,mixed,off,0,0.1,random,1000000,2,1,500000,8647.72,1156.37
T2,mixed,off,0,0.1,random,1000000,2,1,510000,8462.77,1181.65
T2,mixed,off,0,0.1,random,1000000,2,1,520000,8286.26,1206.82
T2,mixed,off,0,0.1,random,1000000,2,1,530000,8464.26,1181.44
T2,mixed,off,0,0.1,random,1000000,2,1,540000,8445.3,1184.09
T2,mixed,off,0,0.1,random,1000000,2,1,550000,8470.48,1180.57
T2,mixed,off,0,0.1,random,1000000,2,1,560000,8636.2,1157.92
T2,mixed,off,0,0.1,random,1000000,2,1,570000,8550.82,1169.48
T2,mixed,off,0,0.1,random,1000000,2,1,580000,8291.25,1206.09
T2,mixed,off,0,0.1,random,1000000,2,1,590000,8414.52,1188.42
T2,mixed,off,0,0.1,random,1000000,2,1,600000,8488.89,1178.01
T2,mixed,off,0,0.1,random,1000000,2,1,610000,8646.69,1156.51
T2,mixed,off,0,0.1,random,1000000,2,1,620000,8610.07,1161.43
T2,mixed,off,0,0.1,random,1000000,2,1,630000,8716.45,1147.26
T2,mixed,off,0,0.1,random,1000000,2,1,640000,8689.77,1150.78
T2,mixed,off,0,0.1,random,1000000,2,1,650000,8523.69,1173.2
T2,mixed,off,0,0.1,random,1000000,2,1,660000,8505.2,1175.75
T2,mixed,off,0,0.1,random,1000000,2,1,670000,8567.53,1167.2
T2,mixed,off,0,0.1,random,1000000,2,1,680000,8647.18,1156.45
T2,mixed,off,0,0.1,random,1000000,2,1,690000,8906.2,1122.81
T2,mixed,off,0,0.1,random,1000000,2,1,700000,8828,1132.76
T2,mixed,off,0,0.1,random,1000000,2,1,710000,8806.58,1135.51
T2,mixed,off,0,0.1,random,1000000,2,1,720000,8586.6,1164.61
T2,mixed,off,0,0.1,random,1000000,2,1,730000,8666.03,1153.93
T2,mixed,off,0,0.1,random,1000000,2,1,740000,8806.34,1135.55
T2,mixed,off,0,0.1,random,1000000,2,1,750000,8788.38,1137.87
T2,mixed,off,0,0.1,random,1000000,2,1,760000,9010.36,1109.83
T2,mixed,off,0,0.1,random,1000000,2,1,770000,9029.55,1107.47
T2,mixed,off,0,0.1,random,1000000,2,1,780000,8709.66,1148.15
T2,mixed,off,0,0.1,random,1000000,2,1,790000,8672.54,1153.06
T2,mixed,off,0,0.1,random,1000000,2,1,800000,8876.32,1126.59
T2,mixed,off,0,0.1,random,1000000,2,1,810000,8929.22,1119.92
T2,mixed,off,0,0.1,random,1000000,2,1,820000,9126.28,1095.74
T2,mixed,off,0,0.1,random,1000000,2,1,830000,9095.31,1099.47
T2,mixed,off,0,0.1,random,1000000,2,1,840000,9169.66,1090.55
T2,mixed,off,0,0.1,random,1000000,2,1,850000,8779.52,1139.01
T2,mixed,off,0,0.1,random,1000000,2,1,860000,9056.35,1104.2
T2,mixed,off,0,0.1,random,1000000,2,1,870000,9074.78,1101.96
T2,mixed,off,0,0.1,random,1000000,2,1,880000,9245.76,1081.58
T2,mixed,off,0,0.1,random,1000000,2,1,890000,9272.67,1078.44
T2,mixed,off,0,0.1,random,1000000,2,1,900000,9438.87,1059.45
T2,mixed,off,0,0.1,random,1000000,2,1,910000,8914.21,1121.8
T2,mixed,off,0,0.1,random,1000000,2,1,920000,8915.97,1121.58
T2,mixed,off,0,0.1,random,1000000,2,1,930000,9032.75,1107.08
T2,mixed,off,0,0.1,random,1000000,2,1,940000,9168.23,1090.72
T2,mixed,off,0,0.1,random,1000000,2,1,950000,9210.04,1085.77
T2,mixed,off,0,0.1,random,1000000,2,1,960000,9464.47,1056.58
T2,mixed,off,0,0.1,random,1000000,2,1,970000,9312.85,1073.79
T2,mixed,off,0,0.1,random,1000000,2,1,980000,9200.29,1086.92
T2,mixed,off,0,0.1,random,1000000,2,1,990000,9284.1,1077.11
T2,mixed,off,0,0.1,random,1000000,2,1,1000000,9393.06,1064.62
T2,mixed,off,0,0.1,random,1000000,2,2,10000,6652.66,1503.16
T2,mixed,off,0,0.1,random,1000000,2,2,20000,6931.16,1442.76
T2,mixed,off,0,0.1,random,1000000,2,2,30000,6989.9,1430.64
T2,mixed,off,0,0.1,random,1000000,2,2,40000,7203.91,1388.13
T2,mixed,off,0,0.1,random,1000000,2,2,50000,7249.01,1379.5
T2,mixed,off,0,0.1,random,1000000,2,2,60000,7302.53,1369.39
T2,mixed,off,0,0.1,random,1000000,2,2,70000,7429.41,1346
T2,mixed,off,0,0.1,random,1000000,2,2,80000,7533.92,1327.33
T2,mixed,off,0,0.1,random,1000000,2,2,90000,7567.67,1321.41
T2,mixed,off,0,0.1,random,1000000,2,2,100000,7690.15,1300.36
T2,mixed,off,0,0.1,random,1000000,2,2,110000,7769.53,1287.08
T2,mixed,off,0,0.1,random,1000000,2,2,120000,7637.18,1309.38
T2,mixed,off,0,0.1,random,1000000,2,2,130000,7513.37,1330.96
T2,mixed,off,0,0.1,random,1000000,2,2,140000,7641,1308.73
T2,mixed,off,0,0.1,random,1000000,2,2,150000,7769.23,1287.13
T2,mixed,off,0,0.1,random,1000000,2,2,160000,7728.05,1293.99
T2,mixed,off,0,0.1,random,1000000,2,2,170000,7902.02,1265.5
T2,mixed,off,0,0.1,random,1000000,2,2,180000,8017.97,1247.2
T2,mixed,off,0,0.1,random,1000000,2,2,190000,7645.89,1307.89
T2,mixed,off,0,0.1,random,1000000,2,2,200000,7642.78,1308.42
T2,mixed,off,0,0.1,random,1000000,2,2,210000,7657.82,1305.86
T2,mixed,off,0,0.1,random,1000000,2,2,220000,7848.84,1274.07
T2,mixed,off,0,0.1,random,1000000,2,2,230000,8005.88,1249.08
T2,mixed,off,0,0.1,random,1000000,2,2,240000,7961.19,1256.09
T2,mixed,off,0,0.1,random,1000000,2,2,250000,7866.31,1271.24
T2,mixed,off,0,0.1,random,1000000,2,2,260000,7721.32,1295.12
T2,mixed,off,0,0.1,random,1000000,2,2,270000,7819.33,1278.88
T2,mixed,off,0,0.1,random,1000000,2,2,280000,7985.98,1252.19
T2,mixed,off,0,0.1,random,1000000,2,2,290000,7873.5,1270.08
T2,mixed,off,0,0.1,random,1000000,2,2,300000,8150.27,1226.95
T2,mixed,off,0,0.1,random,1000000,2,2,310000,8240.46,1213.52
T2,mixed,off,0,0.1,random,1000000,2,2,320000,7871.69,1270.37
T2,mixed,off,0,0.1,random,1000000,2,2,330000,7855.62,1272.97
T2,mixed,off,0,0.1,random,1000000,2,2,340000,8048.34,1242.49
T2,mixed,off,0,0.1,random,1000000,2,2,350000,8025.48,1246.03
T2,mixed,off,0,0.1,random,1000000,2,2,360000,8088.19,1236.37
T2,mixed,off,0,0.1,random,1000000,2,2,370000,8391.19,1191.73
T2,mixed,off,0,0.1,random,1000000,2,2,380000,8148.1,1227.28
T2,mixed,off,0,0.1,random,1000000,2,2,390000,7956.71,1256.8
T2,mixed,off,0,0.1,random,1000000,2,2,400000,8059.49,1240.77
T2,mixed,off,0,0.1,random,1000000,2,2,410000,8076.45,1238.17
T2,mixed,off,0,0.1,random,1000000,2,2,420000,8343.52,1198.53
T2,mixed,off,0,0.1,random,1000000,2,2,430000,8396.25,1191.01
T2,mixed,off,0,0.1,random,1000000,2,2,440000,8506.55,1175.57
T2,mixed,off,0,0.1,random,1000000,2,2,450000,8179.02,1222.64
T2,mixed,off,0,0.1,random,1000000,2,2,460000,8152.52,1226.61
T2,mixed,off,0,0.1,random,1000000,2,2,470000,8227.54,1215.43
T2,mixed,off,0,0.1,random,1000000,2,2,480000,8337.81,1199.36
T2,mixed,off,0,0.1,random,1000000,2,2,490000,8482.41,1178.91
T2,mixed,off,0,0.1,random,1000000,2,2,500000,8458.62,1182.23
T2,mixed,off,0,0.1,random,1000000,2,2,510000,8394.65,1191.23
T2,mixed,off,0,0.1,random,1000000,2,2,520000,8280.17,1207.7
T2,mixed,off,0,0.1,random,1000000,2,2,530000,8132.44,1229.64
T2,mixed,off,0,0.1,random,1000000,2,2,540000,8475.74,1179.84
T2,mixed,off,0,0.1,random,1000000,2,2,550000,8542.45,1170.62
T2,mixed,off,0,0.1,random,1000000,2,2,560000,8618.67,1160.27
T2,mixed,off,0,0.1,random,1000000,2,2,570000,8692.46,1150.42
T2,mixed,off,0,0.1,random,1000000,2,2,580000,8442.28,1184.51
T2,mixed,off,0,0.1,random,1000000,2,2,590000,8466.44,1181.13
T2,mixed,off,0,0.1,random,1000000,2,2,600000,8460.11,1182.02
T2,mixed,off,0,0.1,random,1000000,2,2,610000,8514.67,1174.44
T2,mixed,off,0,0.1,random,1000000,2,2,620000,8777.39,1139.29
T2,mixed,off,0,0.1,random,1000000,2,2,630000,8884.3,1125.58
T2,mixed,off,0,0.1,random,1000000,2,2,640000,8877.89,1126.39
T2,mixed,off,0,0.1,random,1000000,2,2,650000,8416.99,1188.07
T2,mixed,off,0,0.1,random,1000000,2,2,660000,8501.19,1176.31
T2,mixed,off,0,0.1,random,1000000,2,2,670000,8683.73,1151.58
T2,mixed,off,0,0.1,random,1000000,2,2,680000,8815.42,1134.38
T2,mixed,off,0,0.1,random,1000000,2,2,690000,8947.17,1117.67
T2,mixed,off,0,0.1,random,1000000,2,2,700000,8928.39,1120.02
T2,mixed,off,0,0.1,random,1000000,2,2,710000,8785.43,1138.25
T2,mixed,off,0,0.1,random,1000000,2,2,720000,8494.93,1177.17
T2,mixed,off,0,0.1,random,1000000,2,2,730000,8664.74,1154.1
T2,mixed,off,0,0.1,random,1000000,2,2,740000,8830.93,1132.38
T2,mixed,off,0,0.1,random,1000000,2,2,750000,8876.6,1126.56
T2,mixed,off,0,0.1,random,1000000,2,2,760000,9130.98,1095.17
T2,mixed,off,0,0.1,random,1000000,2,2,770000,9176.26,1089.77
T2,mixed,off,0,0.1,random,1000000,2,2,780000,8897.3,1123.94
T2,mixed,off,0,0.1,random,1000000,2,2,790000,8932.4,1119.52
T2,mixed,off,0,0.1,random,1000000,2,2,800000,9019.47,1108.71
T2,mixed,off,0,0.1,random,1000000,2,2,810000,8977.13,1113.94
T2,mixed,off,0,0.1,random,1000000,2,2,820000,9041.17,1106.05
T2,mixed,off,0,0.1,random,1000000,2,2,830000,9133.07,1094.92
T2,mixed,off,0,0.1,random,1000000,2,2,840000,9059.67,1103.79
T2,mixed,off,0,0.1,random,1000000,2,2,850000,8938.23,1118.79
T2,mixed,off,0,0.1,random,1000000,2,2,860000,8654.05,1155.53
T2,mixed,off,0,0.1,random,1000000,2,2,870000,9074.4,1102
T2,mixed,off,0,0.1,random,1000000,2,2,880000,9099.45,1098.97
T2,mixed,off,0,0.1,random,1000000,2,2,890000,9129.94,1095.3
T2,mixed,off,0,0.1,random,1000000,2,2,900000,9399.25,1063.91
T2,mixed,off,0,0.1,random,1000000,2,2,910000,8951.12,1117.18
T2,mixed,off,0,0.1,random,1000000,2,2,920000,9088.51,1100.29
T2,mixed,off,0,0.1,random,1000000,2,2,930000,9227.84,1083.68
T2,mixed,off,0,0.1,random,1000000,2,2,940000,9224.5,1084.07
T2,mixed,off,0,0.1,random,1000000,2,2,950000,9208.37,1085.97
T2,mixed,off,0,0.1,random,1000000,2,2,960000,9278.79,1077.73
T2,mixed,off,0,0.1,random,1000000,2,2,970000,9381.07,1065.98
T2,mixed,off,0,0.1,random,1000000,2,2,980000,9058.51,1103.93
T2,mixed,off,0,0.1,random,1000000,2,2,990000,9100.61,1098.83
T2,mixed,off,0,0.1,random,1000000,2,2,1000000,9142.81,1093.76
T2,mixed,off,0,0.1,random,1000000,2,3,10000,6754.05,1480.59
T2,mixed,off,0,0.1,random,1000000,2,3,20000,6904.36,1448.36
T2,mixed,off,0,0.1,random,1000000,2,3,30000,6979.62,1432.74
T2,mixed,off,0,0.1,random,1000000,2,3,40000,7131.91,1402.15
T2,mixed,off,0,0.1,random,1000000,2,3,50000,7204.61,1388
T2,mixed,off,0,0.1,random,1000000,2,3,60000,7338.82,1362.62
T2,mixed,off,0,0.1,random,1000000,2,3,70000,7349.33,1360.67
T2,mixed,off,0,0.1,random,1000000,2,3,80000,7513.41,1330.95
T2,mixed,off,0,0.1,random,1000000,2,3,90000,7589.09,1317.68
T2,mixed,off,0,0.1,random,1000000,2,3,100000,7595.61,1316.55
T2,mixed,off,0,0.1,random,1000000,2,3,110000,7728.92,1293.84
T2,mixed,off,0,0.1,random,1000000,2,3,120000,7617.73,1312.73
T2,mixed,off,0,0.1,random,1000000,2,3,130000,7468.32,1338.99
T2,mixed,off,0,0.1,random,1000000,2,3,140000,7500.1,1333.32
T2,mixed,off,0,0.1,random,1000000,2,3,150000,7605.85,1314.78
T2,mixed,off,0,0.1,random,1000000,2,3,160000,7671.64,1303.5
T2,mixed,off,0,0.1,random,1000000,2,3,170000,7917.28,1263.06
T2,mixed,off,0,0.1,random,1000000,2,3,180000,7928.35,1261.3
T2,mixed,off,0,0.1,random,1000000,2,3,190000,7593.04,1317
T2,mixed,off,0,0.1,random,1000000,2,3,200000,7653.52,1306.59
T2,mixed,off,0,0.1,random,1000000,2,3,210000,7844.69,1274.75
T2,mixed,off,0,0.1,random,1000000,2,3,220000,7921.3,1262.42
T2,mixed,off,0,0.1,random,1000000,2,3,230000,7983,1252.66
T2,mixed,off,0,0.1,random,1000000,2,3,240000,7984.76,1252.39
T2,mixed,off,0,0.1,random,1000000,2,3,250000,7980.15,1253.11
T2,mixed,off,0,0.1,random,1000000,2,3,260000,7666.33,1304.41
T2,mixed,off,0,0.1,random,1000000,2,3,270000,7736.66,1292.55
T2,mixed,off,0,0.1,random,1000000,2,3,280000,7998.21,1250.28
T2,mixed,off,0,0.1,random,1000000,2,3,290000,8061.64,1240.44
T2,mixed,off,0,0.1,random,1000000,2,3,300000,8276.16,1208.29
T2,mixed,off,0,0.1,random,1000000,2,3,310000,8290.14,1206.25
T2,mixed,off,0,0.1,random,1000000,2,3,320000,7888.19,1267.72
T2,mixed,off,0,0.1,random,1000000,2,3,330000,7895.4,1266.56
T2,mixed,off,0,0.1,random,1000000,2,3,340000,7893.27,1266.9
T2,mixed,off,0,0.1,random,1000000,2,3,350000,8147.33,1227.4
T2,mixed,off,0,0.1,random,1000000,2,3,360000,8160.94,1225.35
T2,mixed,off,0,0.1,random,1000000,2,3,370000,8186.01,1221.6
T2,mixed,off,0,0.1,random,1000000,2,3,380000,8281.03,1207.58
T2,mixed,off,0,0.1,random,1000000,2,3,390000,7973.63,1254.13
T2,mixed,off,0,0.1,random,1000000,2,3,400000,7987.04,1252.03
T2,mixed,off,0,0.1,random,1000000,2,3,410000,8115.15,1232.26
T2,mixed,off,0,0.1,random,1000000,2,3,420000,8293.08,1205.82
T2,mixed,off,0,0.1,random,1000000,2,3,430000,8394.44,1191.26
T2,mixed,off,0,0.1,random,1000000,2,3,440000,8412.35,1188.73
T2,mixed,off,0,0.1,random,1000000,2,3,450000,8187.11,1221.43
T2,mixed,off,0,0.1,random,1000000,2,3,460000,8228.45,1215.3
T2,mixed,off,0,0.1,random,1000000,2,3,470000,8230.92,1214.93
T2,mixed,off,0,0.1,random,1000000,2,3,480000,8260.32,1210.61
T2,mixed,off,0,0.1,random,1000000,2,3,490000,8462.36,1181.7
T2,mixed,off,0,0.1,random,1000000,2,3,500000,8543.92,1170.42
T2,mixed,off,0,0.1,random,1000000,2,3,510000,8482.31,1178.92
T2,mixed,off,0,0.1,random,1000000,2,3,520000,8241.2,1213.42
T2,mixed,off,0,0.1,random,1000000,2,3,530000,8232.92,1214.64
T2,mixed,off,0,0.1,random,1000000,2,3,540000,8352.39,1197.26
T2,mixed,off,0,0.1,random,1000000,2,3,550000,8596.92,1163.21
T2,mixed,off,0,0.1,random,1000000,2,3,560000,8603.51,1162.32
T2,mixed,off,0,0.1,random,1000000,2,3,570000,8755.89,1142.09
T2,mixed,off,0,0.1,random,1000000,2,3,580000,8452.45,1183.09
T2,mixed,off,0,0.1,random,1000000,2,3,590000,8310.42,1203.31
T2,mixed,off,0,0.1,random,1000000,2,3,600000,8569.52,1166.93
T2,mixed,off,0,0.1,random,1000000,2,3,610000,8717.02,1147.18
T2,mixed,off,0,0.1,random,1000000,2,3,620000,8722.7,1146.43
T2,mixed,off,0,0.1,random,1000000,2,3,630000,8847.83,1130.22
T2,mixed,off,0,0.1,random,1000000,2,3,640000,8814.82,1134.45
T2,mixed,off,0,0.1,random,1000000,2,3,650000,8399.87,1190.49
T2,mixed,off,0,0.1,random,1000000,2,3,660000,8619.8,1160.12
T2,mixed,off,0,0.1,random,1000000,2,3,670000,8861.2,1128.52
T2,mixed,off,0,0.1,random,1000000,2,3,680000,8716.8,1147.21
T2,mixed,off,0,0.1,random,1000000,2,3,690000,8871.31,1127.23
T2,mixed,off,0,0.1,random,1000000,2,3,700000,8858.04,1128.92
T2,mixed,off,0,0.1,random,1000000,2,3,710000,8906.86,1122.73
T2,mixed,off,0,0.1,random,1000000,2,3,720000,8685.04,1151.41
T2,mixed,off,0,0.1,random,1000000,2,3,730000,8767.77,1140.54
T2,mixed,off,0,0.1,random,1000000,2,3,740000,8802.91,1135.99
T2,mixed,off,0,0.1,random,1000000,2,3,750000,8933.87,1119.34
T2,mixed,off,0,0.1,random,1000000,2,3,760000,9052.37,1104.68
T2,mixed,off,0,0.1,random,1000000,2,3,770000,9088.3,1100.32
T2,mixed,off,0,0.1,random,1000000,2,3,780000,8716.54,1147.24
T2,mixed,off,0,0.1,random,1000000,2,3,790000,8772.51,1139.92
T2,mixed,off,0,0.1,random,1000000,2,3,800000,8889.71,1124.9
T2,mixed,off,0,0.1,random,1000000,2,3,810000,9048.53,1105.15
T2,mixed,off,0,0.1,random,1000000,2,3,820000,9155.41,1092.25
T2,mixed,off,0,0.1,random,1000000,2,3,830000,9139.89,1094.1
T2,mixed,off,0,0.1,random,1000000,2,3,840000,8959.61,1116.12
T2,mixed,off,0,0.1,random,1000000,2,3,850000,8998.37,1111.31
T2,mixed,off,0,0.1,random,1000000,2,3,860000,9062.07,1103.5
T2,mixed,off,0,0.1,random,1000000,2,3,870000,9111.5,1097.51
T2,mixed,off,0,0.1,random,1000000,2,3,880000,9273.96,1078.29
T2,mixed,off,0,0.1,random,1000000,2,3,890000,9318.39,1073.15
T2,mixed,off,0,0.1,random,1000000,2,3,900000,9459.49,1057.14
T2,mixed,off,0,0.1,random,1000000,2,3,910000,9031.98,1107.18
T2,mixed,off,0,0.1,random,1000000,2,3,920000,9119.69,1096.53
T2,mixed,off,0,0.1,random,1000000,2,3,930000,9088.9,1100.24
T2,mixed,off,0,0.1,random,1000000,2,3,940000,9298.79,1075.41
T2,mixed,off,0,0.1,random,1000000,2,3,950000,9418.76,1061.71
T2,mixed,off,0,0.1,random,1000000,2,3,960000,9599.94,1041.67
T2,mixed,off,0,0.1,random,1000000,2,3,970000,9434.23,1059.97
T2,mixed,off,0,0.1,random,1000000,2,3,980000,9155.6,1092.23
T2,mixed,off,0,0.1,random,1000000,2,3,990000,9239.01,1082.37
T2,mixed,off,0,0.1,random,1000000,2,3,1000000,9488.29,1053.93
T2,mixed,fd_single,0,0.1,random,1000000,2,1,10000,6797.12,1471.21
T2,mixed,fd_single,0,0.1,random,1000000,2,1,20000,6955.65,1437.68
T2,mixed,fd_single,0,0.1,random,1000000,2,1,30000,7097.54,1408.94
T2,mixed,fd_single,0,0.1,random,1000000,2,1,40000,7058.19,1416.79
T2,mixed,fd_single,0,0.1,random,1000000,2,1,50000,7211.16,1386.74
T2,mixed,fd_single,0,0.1,random,1000000,2,1,60000,7315.39,1366.98
T2,mixed,fd_single,0,0.1,random,1000000,2,1,70000,7418.21,1348.03
T2,mixed,fd_single,0,0.1,random,1000000,2,1,80000,7468.97,1338.87
T2,mixed,fd_single,0,0.1,random,1000000,2,1,90000,7428.25,1346.21
T2,mixed,fd_single,0,0.1,random,1000000,2,1,100000,7734.69,1292.88
T2,mixed,fd_single,0,0.1,random,1000000,2,1,110000,7841.87,1275.21
T2,mixed,fd_single,0,0.1,random,1000000,2,1,120000,7637.83,1309.27
T2,mixed,fd_single,0,0.1,random,1000000,2,1,130000,7548.02,1324.85
T2,mixed,fd_single,0,0.1,random,1000000,2,1,140000,7545.02,1325.38
T2,mixed,fd_single,0,0.1,random,1000000,2,1,150000,7782.02,1285.01
T2,mixed,fd_single,0,0.1,random,1000000,2,1,160000,7892.62,1267.01
T2,mixed,fd_single,0,0.1,random,1000000,2,1,170000,7926.88,1261.53
T2,mixed,fd_single,0,0.1,random,1000000,2,1,180000,7875.13,1269.82
T2,mixed,fd_single,0,0.1,random,1000000,2,1,190000,7596.73,1316.36
T2,mixed,fd_single,0,0.1,random,1000000,2,1,200000,7587.58,1317.94
T2,mixed,fd_single,0,0.1,random,1000000,2,1,210000,7672.36,1303.38
T2,mixed,fd_single,0,0.1,random,1000000,2,1,220000,7952.6,1257.45
T2,mixed,fd_single,0,0.1,random,1000000,2,1,230000,7954.5,1257.15
T2,mixed,fd_single,0,0.1,random,1000000,2,1,240000,8059.71,1240.74
T2,mixed,fd_single,0,0.1,random,1000000,2,1,250000,7872.35,1270.27
T2,mixed,fd_single,0,0.1,random,1000000,2,1,260000,7743.32,1291.44
T2,mixed,fd_single,0,0.1,random,1000000,2,1,270000,7877.49,1269.44
T2,mixed,fd_single,0,0.1,random,1000000,2,1,280000,8030.55,1245.24
T2,mixed,fd_single,0,0.1,random,1000000,2,1,290000,7912.61,1263.81
T2,mixed,fd_single,0,0.1,random,1000000,2,1,300000,8033.14,1244.84
T2,mixed,fd_single,0,0.1,random,1000000,2,1,310000,8213.53,1217.5
T2,mixed,fd_single,0,0.1,random,1000000,2,1,320000,7901.98,1265.51
T2,mixed,fd_single,0,0.1,random,1000000,2,1,330000,7915.1,1263.41
T2,mixed,fd_single,0,0.1,random,1000000,2,1,340000,7902.09,1265.49
T2,mixed,fd_single,0,0.1,random,1000000,2,1,350000,8115.41,1232.22
T2,mixed,fd_single,0,0.1,random,1000000,2,1,360000,8167.42,1224.38
T2,mixed,fd_single,0,0.1,random,1000000,2,1,370000,8442.31,1184.51
T2,mixed,fd_single,0,0.1,random,1000000,2,1,380000,8115.14,1232.26
T2,mixed,fd_single,0,0.1,random,1000000,2,1,390000,7924.38,1261.93
T2,mixed,fd_single,0,0.1,random,1000000,2,1,400000,8164.84,1224.76
T2,mixed,fd_single,0,0.1,random,1000000,2,1,410000,8210.01,1218.03
T2,mixed,fd_single,0,0.1,random,1000000,2,1,420000,8329.23,1200.59
T2,mixed,fd_single,0,0.1,random,1000000,2,1,430000,8327.69,1200.81
T2,mixed,fd_single,0,0.1,random,1000000,2,1,440000,8450.55,1183.35
T2,mixed,fd_single,0,0.1,random,1000000,2,1,450000,8211.7,1217.77
T2,mixed,fd_single,0,0.1,random,1000000,2,1,460000,8235.4,1214.27
T2,mixed,fd_single,0,0.1,random,1000000,2,1,470000,8263.08,1210.2
T2,mixed,fd_single,0,0.1,random,1000000,2,1,480000,8325.33,1201.15
T2,mixed,fd_single,0,0.1,random,1000000,2,1,490000,8531.09,1172.18
T2,mixed,fd_single,0,0.1,random,1000000,2,1,500000,8571.25,1166.69
T2,mixed,fd_single,0,0.1,random,1000000,2,1,510000,8325.51,1201.13
T2,mixed,fd_single,0,0.1,random,1000000,2,1,520000,8283.35,1207.24
T2,mixed,fd_single,0,0.1,random,1000000,2,1,530000,8386.05,1192.46
T2,mixed,fd_single,0,0.1,random,1000000,2,1,540000,8372.54,1194.38
T2,mixed,fd_single,0,0.1,random,1000000,2,1,550000,8526.77,1172.78
T2,mixed,fd_single,0,0.1,random,1000000,2,1,560000,8687.37,1151.1
T2,mixed,fd_single,0,0.1,random,1000000,2,1,570000,8789.77,1137.69
T2,mixed,fd_single,0,0.1,random,1000000,2,1,580000,8407.12,1189.47
T2,mixed,fd_single,0,0.1,random,1000000,2,1,590000,8362.73,1195.78
T2,mixed,fd_single,0,0.1,random,1000000,2,1,600000,8430.12,1186.22
T2,mixed,fd_single,0,0.1,random,1000000,2,1,610000,8567.21,1167.24
T2,mixed,fd_single,0,0.1,random,1000000,2,1,620000,8688.52,1150.94
T2,mixed,fd_single,0,0.1,random,1000000,2,1,630000,8873.6,1126.94
T2,mixed,fd_single,0,0.1,random,1000000,2,1,640000,8780.13,1138.94
T2,mixed,fd_single,0,0.1,random,1000000,2,1,650000,8556.08,1168.76
T2,mixed,fd_single,0,0.1,random,1000000,2,1,660000,8507.98,1175.37
T2,mixed,fd_single,0,0.1,random,1000000,2,1,670000,8578.28,1165.73
T2,mixed,fd_single,0,0.1,random,1000000,2,1,680000,8789.08,1137.78
T2,mixed,fd_single,0,0.1,random,1000000,2,1,690000,8857.52,1128.98
T2,mixed,fd_single,0,0.1,random,1000000,2,1,700000,9029.52,1107.48
T2,mixed,fd_single,0,0.1,random,1000000,2,1,710000,8745.97,1143.38
T2,mixed,fd_single,0,0.1,random,1000000,2,1,720000,8581.44,1165.31
T2,mixed,fd_single,0,0.1,random,1000000,2,1,730000,8777.55,1139.27
T2,mixed,fd_single,0,0.1,random,1000000,2,1,740000,8876.54,1126.56
T2,mixed,fd_single,0,0.1,random,1000000,2,1,750000,8947.31,1117.65
T2,mixed,fd_single,0,0.1,random,1000000,2,1,760000,9047.27,1105.31
T2,mixed,fd_single,0,0.1,random,1000000,2,1,770000,9142.27,1093.82
T2,mixed,fd_single,0,0.1,random,1000000,2,1,780000,8629.48,1158.82
T2,mixed,fd_single,0,0.1,random,1000000,2,1,790000,8863.38,1128.24
T2,mixed,fd_single,0,0.1,random,1000000,2,1,800000,8962.37,1115.78
T2,mixed,fd_single,0,0.1,random,1000000,2,1,810000,9027.33,1107.75
T2,mixed,fd_single,0,0.1,random,1000000,2,1,820000,9031.55,1107.23
T2,mixed,fd_single,0,0.1,random,1000000,2,1,830000,9269.05,1078.86
T2,mixed,fd_single,0,0.1,random,1000000,2,1,840000,8927.97,1120.08
T2,mixed,fd_single,0,0.1,random,1000000,2,1,850000,8942.97,1118.2
T2,mixed,fd_single,0,0.1,random,1000000,2,1,860000,8792.31,1137.36
T2,mixed,fd_single,0,0.1,random,1000000,2,1,870000,9044.87,1105.6
T2,mixed,fd_single,0,0.1,random,1000000,2,1,880000,9169.78,1090.54
T2,mixed,fd_single,0,0.1,random,1000000,2,1,890000,9244.76,1081.69
T2,mixed,fd_single,0,0.1,random,1000000,2,1,900000,9144.33,1093.57
T2,mixed,fd_single,0,0.1,random,1000000,2,1,910000,8906.98,1122.71
T2,mixed,fd_single,0,0.1,random,1000000,2,1,920000,8970.46,1114.77
T2,mixed,fd_single,0,0.1,random,1000000,2,1,930000,9146.76,1093.28
T2,mixed,fd_single,0,0.1,random,1000000,2,1,940000,9232.96,1083.08
T2,mixed,fd_single,0,0.1,random,1000000,2,1,950000,9179.52,1089.38
T2,mixed,fd_single,0,0.1,random,1000000,2,1,960000,9406.29,1063.12
T2,mixed,fd_single,0,0.1,random,1000000,2,1,970000,9404.12,1063.36
T2,mixed,fd_single,0,0.1,random,1000000,2,1,980000,9168.9,1090.64
T2,mixed,fd_single,0,0.1,random,1000000,2,1,990000,9039.89,1106.21
T2,mixed,fd_single,0,0.1,random,1000000,2,1,1000000,9133.83,1094.83
T2,mixed,fd_single,0,0.1,random,1000000,2,2,10000,6784.94,1473.85
T2,mixed,fd_single,0,0.1,random,1000000,2,2,20000,6869.94,1455.62
T2,mixed,fd_single,0,0.1,random,1000000,2,2,30000,6994.03,1429.79
T2,mixed,fd_single,0,0.1,random,1000000,2,2,40000,6990.04,1430.61
T2,mixed,fd_single,0,0.1,random,1000000,2,2,50000,7229.96,1383.13
T2,mixed,fd_single,0,0.1,random,1000000,2,2,60000,7249.62,1379.38
T2,mixed,fd_single,0,0.1,random,1000000,2,2,70000,7457.9,1340.86
T2,mixed,fd_single,0,0.1,random,1000000,2,2,80000,7497.11,1333.85
T2,mixed,fd_single,0,0.1,random,1000000,2,2,90000,7656.07,1306.15
T2,mixed,fd_single,0,0.1,random,1000000,2,2,100000,7641.24,1308.69
T2,mixed,fd_single,0,0.1,random,1000000,2,2,110000,7788.68,1283.91
T2,mixed,fd_single,0,0.1,random,1000000,2,2,120000,7636.5,1309.5
T2,mixed,fd_single,0,0.1,random,1000000,2,2,130000,7474.2,1337.94
T2,mixed,fd_single,0,0.1,random,1000000,2,2,140000,7613,1313.54
T2,mixed,fd_single,0,0.1,random,1000000,2,2,150000,7738.32,1292.27
T2,mixed,fd_single,0,0.1,random,1000000,2,2,160000,7769.37,1287.11
T2,mixed,fd_single,0,0.1,random,1000000,2,2,170000,7867.65,1271.03
T2,mixed,fd_single,0,0.1,random,1000000,2,2,180000,7981.48,1252.9
T2,mixed,fd_single,0,0.1,random,1000000,2,2,190000,7528.06,1328.36
T2,mixed,fd_single,0,0.1,random,1000000,2,2,200000,7652.18,1306.82
T2,mixed,fd_single,0,0.1,random,1000000,2,2,210000,7757.39,1289.09
T2,mixed,fd_single,0,0.1,random,1000000,2,2,220000,7840.48,1275.43
T2,mixed,fd_single,0,0.1,random,1000000,2,2,230000,7868.68,1270.86
T2,mixed,fd_single,0,0.1,random,1000000,2,2,240000,8018.55,1247.11
T2,mixed,fd_single,0,0.1,random,1000000,2,2,250000,7879.56,1269.11
T2,mixed,fd_single,0,0.1,random,1000000,2,2,260000,7822.37,1278.38
T2,mixed,fd_single,0,0.1,random,1000000,2,2,270000,7803.23,1281.52
T2,mixed,fd_single,0,0.1,random,1000000,2,2,280000,7989.21,1251.69
T2,mixed,fd_single,0,0.1,random,1000000,2,2,290000,8047.75,1242.58
T2,mixed,fd_single,0,0.1,random,1000000,2,2,300000,8172.36,1223.64
T2,mixed,fd_single,0,0.1,random,1000000,2,2,310000,8134.75,1229.29
T2,mixed,fd_single,0,0.1,random,1000000,2,2,320000,7784.73,1284.57
T2,mixed,fd_single,0,0.1,random,1000000,2,2,330000,8008.76,1248.63
T2,mixed,fd_single,0,0.1,random,1000000,2,2,340000,7814.32,1279.7
T2,mixed,fd_single,0,0.1,random,1000000,2,2,350000,8094.9,1235.35
T2,mixed,fd_single,0,0.1,random,1000000,2,2,360000,8226.67,1215.56
T2,mixed,fd_single,0,0.1,random,1000000,2,2,370000,8201.96,1219.22
T2,mixed,fd_single,0,0.1,random,1000000,2,2,380000,8130.43,1229.95
T2,mixed,fd_single,0,0.1,random,1000000,2,2,390000,7954.91,1257.08
T2,mixed,fd_single,0,0.1,random,1000000,2,2,400000,7945.67,1258.55
T2,mixed,fd_single,0,0.1,random,1000000,2,2,410000,8111.29,1232.85
T2,mixed,fd_single,0,0.1,random,1000000,2,2,420000,8146.65,1227.5
T2,mixed,fd_single,0,0.1,random,1000000,2,2,430000,8412.64,1188.69
T2,mixed,fd_single,0,0.1,random,1000000,2,2,440000,8500.55,1176.39
T2,mixed,fd_single,0,0.1,random,1000000,2,2,450000,8158.21,1225.76
T2,mixed,fd_single,0,0.1,random,1000000,2,2,460000,8200.91,1219.38
T2,mixed,fd_single,0,0.1,random,1000000,2,2,470000,8314.24,1202.76
T2,mixed,fd_single,0,0.1,random,1000000,2,2,480000,8290.43,1206.21
T2,mixed,fd_single,0,0.1,random,1000000,2,2,490000,8518.2,1173.96
T2,mixed,fd_single,0,0.1,random,1000000,2,2,500000,8439.96,1184.84
T2,mixed,fd_single,0,0.1,random,1000000,2,2,510000,8315.45,1202.58
T2,mixed,fd_single,0,0.1,random,1000000,2,2,520000,8226.69,1215.56
T2,mixed,fd_single,0,0.1,random,1000000,2,2,530000,8379.72,1193.36
T2,mixed,fd_single,0,0.1,random,1000000,2,2,540000,8428.24,1186.49
T2,mixed,fd_single,0,0.1,random,1000000,2,2,550000,8564.48,1167.61
T2,mixed,fd_single,0,0.1,random,1000000,2,2,560000,8676.15,1152.59
T2,mixed,fd_single,0,0.1,random,1000000,2,2,570000,8840.37,1131.17
T2,mixed,fd_single,0,0.1,random,1000000,2,2,580000,8473.4,1180.16
T2,mixed,fd_single,0,0.1,random,1000000,2,2,590000,8456.31,1182.55
T2,mixed,fd_single,0,0.1,random,1000000,2,2,600000,8408.17,1189.32
T2,mixed,fd_single,0,0.1,random,1000000,2,2,610000,8636.57,1157.87
T2,mixed,fd_single,0,0.1,random,1000000,2,2,620000,8651.04,1155.93
T2,mixed,fd_single,0,0.1,random,1000000,2,2,630000,8842.79,1130.87
T2,mixed,fd_single,0,0.1,random,1000000,2,2,640000,8789.3,1137.75
T2,mixed,fd_single,0,0.1,random,1000000,2,2,650000,8444.38,1184.22
T2,mixed,fd_single,0,0.1,random,1000000,2,2,660000,8536.96,1171.38
T2,mixed,fd_single,0,0.1,random,1000000,2,2,670000,8781.39,1138.77
T2,mixed,fd_single,0,0.1,random,1000000,2,2,680000,8694.65,1150.13
T2,mixed,fd_single,0,0.1,random,1000000,2,2,690000,8825.2,1133.12
T2,mixed,fd_single,0,0.1,random,1000000,2,2,700000,8882.14,1125.86
T2,mixed,fd_single,0,0.1,random,1000000,2,2,710000,8704.01,1148.9
T2,mixed,fd_single,0,0.1,random,1000000,2,2,720000,8581.46,1165.3
T2,mixed,fd_single,0,0.1,random,1000000,2,2,730000,8829.42,1132.58
T2,mixed,fd_single,0,0.1,random,1000000,2,2,740000,8917.15,1121.43
T2,mixed,fd_single,0,0.1,random,1000000,2,2,750000,9019.45,1108.72
T2,mixed,fd_single,0,0.1,random,1000000,2,2,760000,9111.68,1097.49
T2,mixed,fd_single,0,0.1,random,1000000,2,2,770000,9089.57,1100.16
T2,mixed,fd_single,0,0.1,random,1000000,2,2,780000,8700.45,1149.37
T2,mixed,fd_single,0,0.1,random,1000000,2,2,790000,8839.55,1131.28
T2,mixed,fd_single,0,0.1,random,1000000,2,2,800000,8992.51,1112.04
T2,mixed,fd_single,0,0.1,random,1000000,2,2,810000,8978.81,1113.73
T2,mixed,fd_single,0,0.1,random,1000000,2,2,820000,9146.27,1093.34
T2,mixed,fd_single,0,0.1,random,1000000,2,2,830000,9304.94,1074.7
T2,mixed,fd_single,0,0.1,random,1000000,2,2,840000,8996.09,1111.59
T2,mixed,fd_single,0,0.1,random,1000000,2,2,850000,8968.46,1115.02
T2,mixed,fd_single,0,0.1,random,1000000,2,2,860000,9071.24,1102.38
T2,mixed,fd_single,0,0.1,random,1000000,2,2,870000,9135.54,1094.63
T2,mixed,fd_single,0,0.1,random,1000000,2,2,880000,9144.04,1093.61
T2,mixed,fd_single,0,0.1,random,1000000,2,2,890000,9385.34,1065.49
T2,mixed,fd_single,0,0.1,random,1000000,2,2,900000,9323.27,1072.59
T2,mixed,fd_single,0,0.1,random,1000000,2,2,910000,8999.17,1111.21
T2,mixed,fd_single,0,0.1,random,1000000,2,2,920000,9045.34,1105.54
T2,mixed,fd_single,0,0.1,random,1000000,2,2,930000,9216,1085.07
T2,mixed,fd_single,0,0.1,random,1000000,2,2,940000,9414.86,1062.15
T2,mixed,fd_single,0,0.1,random,1000000,2,2,950000,9405.6,1063.2
T2,mixed,fd_single,0,0.1,random,1000000,2,2,960000,9391.31,1064.81
T2,mixed,fd_single,0,0.1,random,1000000,2,2,970000,9293.1,1076.07
T2,mixed,fd_single,0,0.1,random,1000000,2,2,980000,8992.69,1112.01
T2,mixed,fd_single,0,0.1,random,1000000,2,2,990000,9207.75,1086.04
T2,mixed,fd_single,0,0.1,random,1000000,2,2,1000000,9257.35,1080.22
T2,mixed,fd_single,0,0.1,random,1000000,2,3,10000,6683.83,1496.15
T2,mixed,fd_single,0,0.1,random,1000000,2,3,20000,6972.15,1434.28
T2,mixed,fd_single,0,0.1,random,1000000,2,3,30000,6970.59,1434.6
T2,mixed,fd_single,0,0.1,random,1000000,2,3,40000,7127.2,1403.08
T2,mixed,fd_single,0,0.1,random,1000000,2,3,50000,7271.22,1375.29
T2,mixed,fd_single,0,0.1,random,1000000,2,3,60000,7362.73,1358.19
T2,mixed,fd_single,0,0.1,random,1000000,2,3,70000,7486.78,1335.69
T2,mixed,fd_single,0,0.1,random,1000000,2,3,80000,7574.98,1320.13
T2,mixed,fd_single,0,0.1,random,1000000,2,3,90000,7417.59,1348.15
T2,mixed,fd_single,0,0.1,random,1000000,2,3,100000,7657.24,1305.95
T2,mixed,fd_single,0,0.1,random,1000000,2,3,110000,7874.73,1269.89
T2,mixed,fd_single,0,0.1,random,1000000,2,3,120000,7430.86,1345.74
T2,mixed,fd_single,0,0.1,random,1000000,2,3,130000,7470.53,1338.59
T2,mixed,fd_single,0,0.1,random,1000000,2,3,140000,7533.29,1327.44
T2,mixed,fd_single,0,0.1,random,1000000,2,3,150000,7647.38,1307.64
T2,mixed,fd_single,0,0.1,random,1000000,2,3,160000,7811.21,1280.21
T2,mixed,fd_single,0,0.1,random,1000000,2,3,170000,8015.13,1247.64
T2,mixed,fd_single,0,0.1,random,1000000,2,3,180000,7941.64,1259.19
T2,mixed,fd_single,0,0.1,random,1000000,2,3,190000,7581.26,1319.04
T2,mixed,fd_single,0,0.1,random,1000000,2,3,200000,7579.17,1319.41
T2,mixed,fd_single,0,0.1,random,1000000,2,3,210000,7850.99,1273.73
T2,mixed,fd_single,0,0.1,random,1000000,2,3,220000,7823.09,1278.27
T2,mixed,fd_single,0,0.1,random,1000000,2,3,230000,7863.08,1271.77
T2,mixed,fd_single,0,0.1,random,1000000,2,3,240000,8125.76,1230.65
T2,mixed,fd_single,0,0.1,random,1000000,2,3,250000,7863.53,1271.69
T2,mixed,fd_single,0,0.1,random,1000000,2,3,260000,7821.28,1278.56
T2,mixed,fd_single,0,0.1,random,1000000,2,3,270000,7849.2,1274.01
T2,mixed,fd_single,0,0.1,random,1000000,2,3,280000,7899.23,1265.95
T2,mixed,fd_single,0,0.1,random,1000000,2,3,290000,7992.82,1251.12
T2,mixed,fd_single,0,0.1,random,1000000,2,3,300000,8206.03,1218.62
T2,mixed,fd_single,0,0.1,random,1000000,2,3,310000,8187.33,1221.4
T2,mixed,fd_single,0,0.1,random,1000000,2,3,320000,7906.91,1264.72
T2,mixed,fd_single,0,0.1,random,1000000,2,3,330000,7896.49,1266.39
T2,mixed,fd_single,0,0.1,random,1000000,2,3,340000,7955.7,1256.96
T2,mixed,fd_single,0,0.1,random,1000000,2,3,350000,8172.17,1223.67
T2,mixed,fd_single,0,0.1,random,1000000,2,3,360000,8223.57,1216.02
T2,mixed,fd_single,0,0.1,random,1000000,2,3,370000,8399.12,1190.6
T2,mixed,fd_single,0,0.1,random,1000000,2,3,380000,8210.53,1217.95
T2,mixed,fd_single,0,0.1,random,1000000,2,3,390000,8020.84,1246.75
T2,mixed,fd_single,0,0.1,random,1000000,2,3,400000,8123.13,1231.05
T2,mixed,fd_single,0,0.1,random,1000000,2,3,410000,8138.99,1228.65
T2,mixed,fd_single,0,0.1,random,1000000,2,3,420000,8234.18,1214.45
T2,mixed,fd_single,0,0.1,random,1000000,2,3,430000,8406.23,1189.59
T2,mixed,fd_single,0,0.1,random,1000000,2,3,440000,8390.86,1191.77
T2,mixed,fd_single,0,0.1,random,1000000,2,3,450000,8162.29,1225.15
T2,mixed,fd_single,0,0.1,random,1000000,2,3,460000,8182.65,1222.1
T2,mixed,fd_single,0,0.1,random,1000000,2,3,470000,8335.07,1199.75
T2,mixed,fd_single,0,0.1,random,1000000,2,3,480000,8456.26,1182.56
T2,mixed,fd_single,0,0.1,random,1000000,2,3,490000,8554.38,1168.99
T2,mixed,fd_single,0,0.1,random,1000000,2,3,500000,8670.23,1153.37
T2,mixed,fd_single,0,0.1,random,1000000,2,3,510000,8451.43,1183.23
T2,mixed,fd_single,0,0.1,random,1000000,2,3,520000,8150.89,1226.86
T2,mixed,fd_single,0,0.1,random,1000000,2,3,530000,8341.87,1198.77
T2,mixed,fd_single,0,0.1,random,1000000,2,3,540000,8365.04,1195.45
T2,mixed,fd_single,0,0.1,random,1000000,2,3,550000,8603.73,1162.29
T2,mixed,fd_single,0,0.1,random,1000000,2,3,560000,8663.59,1154.26
T2,mixed,fd_single,0,0.1,random,1000000,2,3,570000,8792.91,1137.28
T2,mixed,fd_single,0,0.1,random,1000000,2,3,580000,8281.82,1207.46
T2,mixed,fd_single,0,0.1,random,1000000,2,3,590000,8426.38,1186.75
T2,mixed,fd_single,0,0.1,random,1000000,2,3,600000,8517.81,1174.01
T2,mixed,fd_single,0,0.1,random,1000000,2,3,610000,8605.07,1162.11
T2,mixed,fd_single,0,0.1,random,1000000,2,3,620000,8748.18,1143.09
T2,mixed,fd_single,0,0.1,random,1000000,2,3,630000,8807.17,1135.44
T2,mixed,fd_single,0,0.1,random,1000000,2,3,640000,8792.23,1137.37
T2,mixed,fd_single,0,0.1,random,1000000,2,3,650000,8571.75,1166.62
T2,mixed,fd_single,0,0.1,random,1000000,2,3,660000,8599.22,1162.9
T2,mixed,fd_single,0,0.1,random,1000000,2,3,670000,8666.63,1153.85
T2,mixed,fd_single,0,0.1,random,1000000,2,3,680000,8821.42,1133.6
T2,mixed,fd_single,0,0.1,random,1000000,2,3,690000,8905.12,1122.95
T2,mixed,fd_single,0,0.1,random,1000000,2,3,700000,8978.93,1113.72
T2,mixed,fd_single,0,0.1,random,1000000,2,3,710000,8796.18,1136.86
T2,mixed,fd_single,0,0.1,random,1000000,2,3,720000,8613.59,1160.96
T2,mixed,fd_single,0,0.1,random,1000000,2,3,730000,8729.26,1145.57
T2,mixed,fd_single,0,0.1,random,1000000,2,3,740000,8889.02,1124.98
T2,mixed,fd_single,0,0.1,random,1000000,2,3,750000,8957.64,1116.37
T2,mixed,fd_single,0,0.1,random,1000000,2,3,760000,9021.26,1108.49
T2,mixed,fd_single,0,0.1,random,1000000,2,3,770000,9139.32,1094.17
T2,mixed,fd_single,0,0.1,random,1000000,2,3,780000,8654.16,1155.51
T2,mixed,fd_single,0,0.1,random,1000000,2,3,790000,8867.57,1127.7
T2,mixed,fd_single,0,0.1,random,1000000,2,3,800000,8945.54,1117.88
T2,mixed,fd_single,0,0.1,random,1000000,2,3,810000,8946.3,1117.78
T2,mixed,fd_single,0,0.1,random,1000000,2,3,820000,9236.19,1082.7
T2,mixed,fd_single,0,0.1,random,1000000,2,3,830000,9140.85,1093.99
T2,mixed,fd_single,0,0.1,random,1000000,2,3,840000,8948.28,1117.53
T2,mixed,fd_single,0,0.1,random,1000000,2,3,850000,8955.46,1116.64
T2,mixed,fd_single,0,0.1,random,1000000,2,3,860000,8954.65,1116.74
T2,mixed,fd_single,0,0.1,random,1000000,2,3,870000,9039.3,1106.28
T2,mixed,fd_single,0,0.1,random,1000000,2,3,880000,9264.82,1079.35
T2,mixed,fd_single,0,0.1,random,1000000,2,3,890000,9311.37,1073.96
T2,mixed,fd_single,0,0.1,random,1000000,2,3,900000,9394.75,1064.42
T2,mixed,fd_single,0,0.1,random,1000000,2,3,910000,9048.38,1105.17
T2,mixed,fd_single,0,0.1,random,1000000,2,3,920000,9040.88,1106.09
T2,mixed,fd_single,0,0.1,random,1000000,2,3,930000,9074.36,1102.01
T2,mixed,fd_single,0,0.1,random,1000000,2,3,940000,9410.44,1062.65
T2,mixed,fd_single,0,0.1,random,1000000,2,3,950000,9380.58,1066.03
T2,mixed,fd_single,0,0.1,random,1000000,2,3,960000,9511.41,1051.37
T2,mixed,fd_single,0,0.1,random,1000000,2,3,970000,9203.5,1086.54
T2,mixed,fd_single,0,0.1,random,1000000,2,3,980000,9075.4,1101.88
T2,mixed,fd_single,0,0.1,random,1000000,2,3,990000,9155.71,1092.21
T2,mixed,fd_single,0,0.1,random,1000000,2,3,1000000,9210.93,1085.67
T2,mixed,fd_multi,0,0.1,random,1000000,2,1,10000,6624.48,1509.55
T2,mixed,fd_multi,0,0.1,random,1000000,2,1,20000,6724.17,1487.17
T2,mixed,fd_multi,0,0.1,random,1000000,2,1,30000,6869.62,1455.68
T2,mixed,fd_multi,0,0.1,random,1000000,2,1,40000,6863.07,1457.07
T2,mixed,fd_multi,0,0.1,random,1000000,2,1,50000,7029.84,1422.51
T2,mixed,fd_multi,0,0.1,random,1000000,2,1,60000,7080.59,1412.31
T2,mixed,fd_multi,0,0.1,random,1000000,2,1,70000,7212.93,1386.4
T2,mixed,fd_multi,0,0.1,random,1000000,2,1,80000,7288.98,1371.93
T2,mixed,fd_multi,0,0.1,random,1000000,2,1,90000,7378.16,1355.35
T2,mixed,fd_multi,0,0.1,random,1000000,2,1,100000,7524.66,1328.96
T2,mixed,fd_multi,0,0.1,random,1000000,2,1,110000,7632.27,1310.23
T2,mixed,fd_multi,0,0.1,random,1000000,2,1,120000,7393.82,1352.48
T2,mixed,fd_multi,0,0.1,random,1000000,2,1,130000,7164.14,1395.84
T2,mixed,fd_multi,0,0.1,random,1000000,2,1,140000,7424.77,1346.84
T2,mixed,fd_multi,0,0.1,random,1000000,2,1,150000,7411.93,1349.18
T2,mixed,fd_multi,0,0.1,random,1000000,2,1,160000,7600.69,1315.67
T2,mixed,fd_multi,0,0.1,random,1000000,2,1,170000,7564.84,1321.9
T2,mixed,fd_multi,0,0.1,random,1000000,2,1,180000,7787.72,1284.07
T2,mixed,fd_multi,0,0.1,random,1000000,2,1,190000,7322.06,1365.74
T2,mixed,fd_multi,0,0.1,random,1000000,2,1,200000,7359.11,1358.86
T2,mixed,fd_multi,0,0.1,random,1000000,2,1,210000,7542.02,1325.91
T2,mixed,fd_multi,0,0.1,random,1000000,2,1,220000,7671.89,1303.46
T2,mixed,fd_multi,0,0.1,random,1000000,2,1,230000,7540.67,1326.14
T2,mixed,fd_multi,0,0.1,random,1000000,2,1,240000,7732.42,1293.26
T2,mixed,fd_multi,0,0.1,random,1000000,2,1,250000,7775.55,1286.08
T2,mixed,fd_multi,0,0.1,random,1000000,2,1,260000,7580.54,1319.17
T2,mixed,fd_multi,0,0.1,random,1000000,2,1,270000,7627.6,1311.03
T2,mixed,fd_multi,0,0.1,random,1000000,2,1,280000,7707.91,1297.37
T2,mixed,fd_multi,0,0.1,random,1000000,2,1,290000,7780.43,1285.28
T2,mixed,fd_multi,0,0.1,random,1000000,2,1,300000,7958.18,1256.57
T2,mixed,fd_multi,0,0.1,random,1000000,2,1,310000,8068.31,1239.42
T2,mixed,fd_multi,0,0.1,random,1000000,2,1,320000,7496.25,1334
T2,mixed,fd_multi,0,0.1,random,1000000,2,1,330000,7732.98,1293.16
T2,mixed,fd_multi,0,0.1,random,1000000,2,1,340000,7901.54,1265.58
T2,mixed,fd_multi,0,0.1,random,1000000,2,1,350000,7804.66,1281.29
T2,mixed,fd_multi,0,0.1,random,1000000,2,1,360000,7805.49,1281.15
T2,mixed,fd_multi,0,0.1,random,1000000,2,1,370000,8072.1,1238.83
T2,mixed,fd_multi,0,0.1,random,1000000,2,1,380000,7883.58,1268.46
T2,mixed,fd_multi,0,0.1,random,1000000,2,1,390000,7785.85,1284.38
T2,mixed,fd_multi,0,0.1,random,1000000,2,1,400000,7923.57,1262.06
T2,mixed,fd_multi,0,0.1,random,1000000,2,1,410000,7952.45,1257.47
T2,mixed,fd_multi,0,0.1,random,1000000,2,1,420000,8075.99,1238.24
T2,mixed,fd_multi,0,0.1,random,1000000,2,1,430000,8083.47,1237.09
T2,mixed,fd_multi,0,0.1,random,1000000,2,1,440000,8139.04,1228.65
T2,mixed,fd_multi,0,0.1,random,1000000,2,1,450000,7935.29,1260.19
T2,mixed,fd_multi,0,0.1,random,1000000,2,1,460000,7940.52,1259.36
T2,mixed,fd_multi,0,0.1,random,1000000,2,1,470000,8107.45,1233.43
T2,mixed,fd_multi,0,0.1,random,1000000,2,1,480000,8150.34,1226.94
T2,mixed,fd_multi,0,0.1,random,1000000,2,1,490000,8218.42,1216.78
T2,mixed,fd_multi,0,0.1,random,1000000,2,1,500000,8337.09,1199.46
T2,mixed,fd_multi,0,0.1,random,1000000,2,1,510000,8178.11,1222.78
T2,mixed,fd_multi,0,0.1,random,1000000,2,1,520000,7871.41,1270.42
T2,mixed,fd_multi,0,0.1,random,1000000,2,1,530000,8115.39,1232.23
T2,mixed,fd_multi,0,0.1,random,1000000,2,1,540000,8265.46,1209.85
T2,mixed,fd_multi,0,0.1,random,1000000,2,1,550000,8292.71,1205.88
T2,mixed,fd_multi,0,0.1,random,1000000,2,1,560000,8434.81,1185.56
T2,mixed,fd_multi,0,0.1,random,1000000,2,1,570000,8578.52,1165.7
T2,mixed,fd_multi,0,0.1,random,1000000,2,1,580000,8144.11,1227.88
T2,mixed,fd_multi,0,0.1,random,1000000,2,1,590000,8176.28,1223.05
T2,mixed,fd_multi,0,0.1,random,1000000,2,1,600000,8398.24,1190.73
T2,mixed,fd_multi,0,0.1,random,1000000,2,1,610000,8511.3,1174.91
T2,mixed,fd_multi,0,0.1,random,1000000,2,1,620000,8480.76,1179.14
T2,mixed,fd_multi,0,0.1,random,1000000,2,1,630000,8664.32,1154.16
T2,mixed,fd_multi,0,0.1,random,1000000,2,1,640000,8630.89,1158.63
T2,mixed,fd_multi,0,0.1,random,1000000,2,1,650000,8317.87,1202.23
T2,mixed,fd_multi,0,0.1,random,1000000,2,1,660000,8297.42,1205.19
T2,mixed,fd_multi,0,0.1,random,1000000,2,1,670000,8484.71,1178.59
T2,mixed,fd_multi,0,0.1,random,1000000,2,1,680000,8495.39,1177.11
T2,mixed,fd_multi,0,0.1,random,1000000,2,1,690000,8698.16,1149.67
T2,mixed,fd_multi,0,0.1,random,1000000,2,1,700000,8704.46,1148.84
T2,mixed,fd_multi,0,0.1,random,1000000,2,1,710000,8463.41,1181.56
T2,mixed,fd_multi,0,0.1,random,1000000,2,1,720000,8470.88,1180.51
T2,mixed,fd_multi,0,0.1,random,1000000,2,1,730000,8521.38,1173.52
T2,mixed,fd_multi,0,0.1,random,1000000,2,1,740000,8546.85,1170.02
T2,mixed,fd_multi,0,0.1,random,1000000,2,1,750000,8761.98,1141.29
T2,mixed,fd_multi,0,0.1,random,1000000,2,1,760000,8806.78,1135.49
T2,mixed,fd_multi,0,0.1,random,1000000,2,1,770000,9013.21,1109.48
T2,mixed,fd_multi,0,0.1,random,1000000,2,1,780000,8482.72,1178.87
T2,mixed,fd_multi,0,0.1,random,1000000,2,1,790000,8602.82,1162.41
T2,mixed,fd_multi,0,0.1,random,1000000,2,1,800000,8610.48,1161.38
T2,mixed,fd_multi,0,0.1,random,1000000,2,1,810000,8772.71,1139.9
T2,mixed,fd_multi,0,0.1,random,1000000,2,1,820000,8917.48,1121.39
T2,mixed,fd_multi,0,0.1,random,1000000,2,1,830000,9014.04,1109.38
T2,mixed,fd_multi,0,0.1,random,1000000,2,1,840000,8813.35,1134.64
T2,mixed,fd_multi,0,0.1,random,1000000,2,1,850000,8675.66,1152.65
T2,mixed,fd_multi,0,0.1,random,1000000,2,1,860000,8704.35,1148.85
T2,mixed,fd_multi,0,0.1,random,1000000,2,1,870000,8924.69,1120.49
T2,mixed,fd_multi,0,0.1,random,1000000,2,1,880000,8853.11,1129.55
T2,mixed,fd_multi,0,0.1,random,1000000,2,1,890000,9075.19,1101.91
T2,mixed,fd_multi,0,0.1,random,1000000,2,1,900000,9079.89,1101.33
T2,mixed,fd_multi,0,0.1,random,1000000,2,1,910000,8836.64,1131.65
T2,mixed,fd_multi,0,0.1,random,1000000,2,1,920000,8908.6,1122.51
T2,mixed,fd_multi,0,0.1,random,1000000,2,1,930000,8997.07,1111.47
T2,mixed,fd_multi,0,0.1,random,1000000,2,1,940000,9073.72,1102.08
T2,mixed,fd_multi,0,0.1,random,1000000,2,1,950000,9164.61,1091.15
T2,mixed,fd_multi,0,0.1,random,1000000,2,1,960000,9272.89,1078.41
T2,mixed,fd_multi,0,0.1,random,1000000,2,1,970000,9177.3,1089.65
T2,mixed,fd_multi,0,0.1,random,1000000,2,1,980000,8892.51,1124.54
T2,mixed,fd_multi,0,0.1,random,1000000,2,1,990000,8942.99,1118.19
T2,mixed,fd_multi,0,0.1,random,1000000,2,1,1000000,9037.01,1106.56
T2,mixed,fd_multi,0,0.1,random,1000000,2,2,10000,6471.55,1545.23
T2,mixed,fd_multi,0,0.1,random,1000000,2,2,20000,6747.64,1482
T2,mixed,fd_multi,0,0.1,random,1000000,2,2,30000,6753.91,1480.62
T2,mixed,fd_multi,0,0.1,random,1000000,2,2,40000,6918.7,1445.36
T2,mixed,fd_multi,0,0.1,random,1000000,2,2,50000,6930.81,1442.83
T2,mixed,fd_multi,0,0.1,random,1000000,2,2,60000,7137.83,1400.99
T2,mixed,fd_multi,0,0.1,random,1000000,2,2,70000,7304.42,1369.03
T2,mixed,fd_multi,0,0.1,random,1000000,2,2,80000,7303.3,1369.24
T2,mixed,fd_multi,0,0.1,random,1000000,2,2,90000,7488.46,1335.39
T2,mixed,fd_multi,0,0.1,random,1000000,2,2,100000,7486,1335.83
T2,mixed,fd_multi,0,0.1,random,1000000,2,2,110000,7646.57,1307.78
T2,mixed,fd_multi,0,0.1,random,1000000,2,2,120000,7268.1,1375.88
T2,mixed,fd_multi,0,0.1,random,1000000,2,2,130000,7247.59,1379.77
T2,mixed,fd_multi,0,0.1,random,1000000,2,2,140000,7376.41,1355.67
T2,mixed,fd_multi,0,0.1,random,1000000,2,2,150000,7447.63,1342.71
T2,mixed,fd_multi,0,0.1,random,1000000,2,2,160000,7621.73,1312.04
T2,mixed,fd_multi,0,0.1,random,1000000,2,2,170000,7702.84,1298.22
T2,mixed,fd_multi,0,0.1,random,1000000,2,2,180000,7728.82,1293.86
T2,mixed,fd_multi,0,0.1,random,1000000,2,2,190000,7286.29,1372.44
T2,mixed,fd_multi,0,0.1,random,1000000,2,2,200000,7405.38,1350.37
T2,mixed,fd_multi,0,0.1,random,1000000,2,2,210000,7516.13,1330.47
T2,mixed,fd_multi,0,0.1,random,1000000,2,2,220000,7662.47,1305.06
T2,mixed,fd_multi,0,0.1,random,1000000,2,2,230000,7805.06,1281.22
T2,mixed,fd_multi,0,0.1,random,1000000,2,2,240000,7804.29,1281.35
T2,mixed,fd_multi,0,0.1,random,1000000,2,2,250000,7655.27,1306.29
T2,mixed,fd_multi,0,0.1,random,1000000,2,2,260000,7550.05,1324.5
T2,mixed,fd_multi,0,0.1,random,1000000,2,2,270000,7502.16,1332.95
T2,mixed,fd_multi,0,0.1,random,1000000,2,2,280000,7658.38,1305.76
T2,mixed,fd_multi,0,0.1,random,1000000,2,2,290000,7834.56,1276.4
T2,mixed,fd_multi,0,0.1,random,1000000,2,2,300000,7847.07,1274.36
T2,mixed,fd_multi,0,0.1,random,1000000,2,2,310000,7995.85,1250.65
T2,mixed,fd_multi,0,0.1,random,1000000,2,2,320000,7672.11,1303.42
T2,mixed,fd_multi,0,0.1,random,1000000,2,2,330000,7667.82,1304.15
T2,mixed,fd_multi,0,0.1,random,1000000,2,2,340000,7800.73,1281.93
T2,mixed,fd_multi,0,0.1,random,1000000,2,2,350000,7859.55,1272.34
T2,mixed,fd_multi,0,0.1,random,1000000,2,2,360000,7992.33,1251.2
T2,mixed,fd_multi,0,0.1,random,1000000,2,2,370000,8031.04,1245.17
T2,mixed,fd_multi,0,0.1,random,1000000,2,2,380000,8014.87,1247.68
T2,mixed,fd_multi,0,0.1,random,1000000,2,2,390000,7811.47,1280.17
T2,mixed,fd_multi,0,0.1,random,1000000,2,2,400000,7835.49,1276.25
T2,mixed,fd_multi,0,0.1,random,1000000,2,2,410000,7903.28,1265.3
T2,mixed,fd_multi,0,0.1,random,1000000,2,2,420000,8102.02,1234.26
T2,mixed,fd_multi,0,0.1,random,1000000,2,2,430000,8055.67,1241.36
T2,mixed,fd_multi,0,0.1,random,1000000,2,2,440000,8214.66,1217.34
T2,mixed,fd_multi,0,0.1,random,1000000,2,2,450000,7866.43,1271.23
T2,mixed,fd_multi,0,0.1,random,1000000,2,2,460000,7864.04,1271.61
T2,mixed,fd_multi,0,0.1,random,1000000,2,2,470000,8039.39,1243.88
T2,mixed,fd_multi,0,0.1,random,1000000,2,2,480000,8145.14,1227.73
T2,mixed,fd_multi,0,0.1,random,1000000,2,2,490000,8276.55,1208.23
T2,mixed,fd_multi,0,0.1,random,1000000,2,2,500000,8326.72,1200.95
T2,mixed,fd_multi,0,0.1,random,1000000,2,2,510000,8426.33,1186.76
T2,mixed,fd_multi,0,0.1,random,1000000,2,2,520000,7959.54,1256.35
T2,mixed,fd_multi,0,0.1,random,1000000,2,2,530000,8087.9,1236.41
T2,mixed,fd_multi,0,0.1,random,1000000,2,2,540000,8180.5,1222.42
T2,mixed,fd_multi,0,0.1,random,1000000,2,2,550000,8322.26,1201.6
T2,mixed,fd_multi,0,0.1,random,1000000,2,2,560000,8246.91,1212.57
T2,mixed,fd_multi,0,0.1,random,1000000,2,2,570000,8480.37,1179.19
T2,mixed,fd_multi,0,0.1,random,1000000,2,2,580000,8155.5,1226.17
T2,mixed,fd_multi,0,0.1,random,1000000,2,2,590000,8207.79,1218.36
T2,mixed,fd_multi,0,0.1,random,1000000,2,2,600000,8344.09,1198.45
T2,mixed,fd_multi,0,0.1,random,1000000,2,2,610000,8356.72,1196.64
T2,mixed,fd_multi,0,0.1,random,1000000,2,2,620000,8386.84,1192.34
T2,mixed,fd_multi,0,0.1,random,1000000,2,2,630000,8503.54,1175.98
T2,mixed,fd_multi,0,0.1,random,1000000,2,2,640000,8484.08,1178.68
T2,mixed,fd_multi,0,0.1,random,1000000,2,2,650000,8152.48,1226.62
T2,mixed,fd_multi,0,0.1,random,1000000,2,2,660000,8356.74,1196.64
T2,mixed,fd_multi,0,0.1,random,1000000,2,2,670000,8393.12,1191.45
T2,mixed,fd_multi,0,0.1,random,1000000,2,2,680000,8491.14,1177.7
T2,mixed,fd_multi,0,0.1,random,1000000,2,2,690000,8609.59,1161.5
T2,mixed,fd_multi,0,0.1,random,1000000,2,2,700000,8726.92,1145.88
T2,mixed,fd_multi,0,0.1,random,1000000,2,2,710000,8333.4,1199.99
T2,mixed,fd_multi,0,0.1,random,1000000,2,2,720000,8540.11,1170.94
T2,mixed,fd_multi,0,0.1,random,1000000,2,2,730000,8417.42,1188.01
T2,mixed,fd_multi,0,0.1,random,1000000,2,2,740000,8668.1,1153.66
T2,mixed,fd_multi,0,0.1,random,1000000,2,2,750000,8712.88,1147.73
T2,mixed,fd_multi,0,0.1,random,1000000,2,2,760000,8842.37,1130.92
T2,mixed,fd_multi,0,0.1,random,1000000,2,2,770000,8880.2,1126.1
T2,mixed,fd_multi,0,0.1,random,1000000,2,2,780000,8565.27,1167.51
T2,mixed,fd_multi,0,0.1,random,1000000,2,2,790000,8634.05,1158.2
T2,mixed,fd_multi,0,0.1,random,1000000,2,2,800000,8769.8,1140.28
T2,mixed,fd_multi,0,0.1,random,1000000,2,2,810000,8796.68,1136.79
T2,mixed,fd_multi,0,0.1,random,1000000,2,2,820000,8985.34,1112.92
T2,mixed,fd_multi,0,0.1,random,1000000,2,2,830000,8946.78,1117.72
T2,mixed,fd_multi,0,0.1,random,1000000,2,2,840000,8729.88,1145.49
T2,mixed,fd_multi,0,0.1,random,1000000,2,2,850000,8637.92,1157.69
T2,mixed,fd_multi,0,0.1,random,1000000,2,2,860000,8786.77,1138.07
T2,mixed,fd_multi,0,0.1,random,1000000,2,2,870000,8917.81,1121.35
T2,mixed,fd_multi,0,0.1,random,1000000,2,2,880000,9185.91,1088.62
T2,mixed,fd_multi,0,0.1,random,1000000,2,2,890000,9310.27,1074.08
T2,mixed,fd_multi,0,0.1,random,1000000,2,2,900000,9179.26,1089.41
T2,mixed,fd_multi,0,0.1,random,1000000,2,2,910000,8741.75,1143.94
T2,mixed,fd_multi,0,0.1,random,1000000,2,2,920000,8720.15,1146.77
T2,mixed,fd_multi,0,0.1,random,1000000,2,2,930000,8908.3,1122.55
T2,mixed,fd_multi,0,0.1,random,1000000,2,2,940000,9037.48,1106.5
T2,mixed,fd_multi,0,0.1,random,1000000,2,2,950000,9088.49,1100.29
T2,mixed,fd_multi,0,0.1,random,1000000,2,2,960000,9226.66,1083.82
T2,mixed,fd_multi,0,0.1,random,1000000,2,2,970000,8989.31,1112.43
T2,mixed,fd_multi,0,0.1,random,1000000,2,2,980000,8794.84,1137.03
T2,mixed,fd_multi,0,0.1,random,1000000,2,2,990000,9054.19,1104.46
T2,mixed,fd_multi,0,0.1,random,1000000,2,2,1000000,9180.31,1089.29
T2,mixed,fd_multi,0,0.1,random,1000000,2,3,10000,6586.33,1518.3
T2,mixed,fd_multi,0,0.1,random,1000000,2,3,20000,6751.32,1481.19
T2,mixed,fd_multi,0,0.1,random,1000000,2,3,30000,6748.19,1481.88
T2,mixed,fd_multi,0,0.1,random,1000000,2,3,40000,6856.3,1458.51
T2,mixed,fd_multi,0,0.1,random,1000000,2,3,50000,6989.51,1430.72
T2,mixed,fd_multi,0,0.1,random,1000000,2,3,60000,7152.8,1398.05
T2,mixed,fd_multi,0,0.1,random,1000000,2,3,70000,7199.38,1389.01
T2,mixed,fd_multi,0,0.1,random,1000000,2,3,80000,7357.18,1359.22
T2,mixed,fd_multi,0,0.1,random,1000000,2,3,90000,7347.35,1361.03
T2,mixed,fd_multi,0,0.1,random,1000000,2,3,100000,7450.66,1342.16
T2,mixed,fd_multi,0,0.1,random,1000000,2,3,110000,7618.74,1312.55
T2,mixed,fd_multi,0,0.1,random,1000000,2,3,120000,7291.02,1371.55
T2,mixed,fd_multi,0,0.1,random,1000000,2,3,130000,7276.05,1374.37
T2,mixed,fd_multi,0,0.1,random,1000000,2,3,140000,7262.28,1376.98
T2,mixed,fd_multi,0,0.1,random,1000000,2,3,150000,7498.93,1333.52
T2,mixed,fd_multi,0,0.1,random,1000000,2,3,160000,7411.35,1349.28
T2,mixed,fd_multi,0,0.1,random,1000000,2,3,170000,7611.35,1313.83
T2,mixed,fd_multi,0,0.1,random,1000000,2,3,180000,7684.67,1301.29
T2,mixed,fd_multi,0,0.1,random,1000000,2,3,190000,7354.93,1359.63
T2,mixed,fd_multi,0,0.1,random,1000000,2,3,200000,7432.87,1345.38
T2,mixed,fd_multi,0,0.1,random,1000000,2,3,210000,7453.03,1341.74
T2,mixed,fd_multi,0,0.1,random,1000000,2,3,220000,7450.61,1342.17
T2,mixed,fd_multi,0,0.1,random,1000000,2,3,230000,7670.26,1303.74
T2,mixed,fd_multi,0,0.1,random,1000000,2,3,240000,7776.82,1285.87
T2,mixed,fd_multi,0,0.1,random,1000000,2,3,250000,7674.85,1302.96
T2,mixed,fd_multi,0,0.1,random,1000000,2,3,260000,7502.2,1332.94
T2,mixed,fd_multi,0,0.1,random,1000000,2,3,270000,7643.35,1308.33
T2,mixed,fd_multi,0,0.1,random,1000000,2,3,280000,7768.12,1287.31
T2,mixed,fd_multi,0,0.1,random,1000000,2,3,290000,7801.66,1281.78
T2,mixed,fd_multi,0,0.1,random,1000000,2,3,300000,7824.26,1278.08
T2,mixed,fd_multi,0,0.1,random,1000000,2,3,310000,7924.72,1261.87
T2,mixed,fd_multi,0,0.1,random,1000000,2,3,320000,7627.24,1311.09
T2,mixed,fd_multi,0,0.1,random,1000000,2,3,330000,7636.7,1309.47
T2,mixed,fd_multi,0,0.1,random,1000000,2,3,340000,7824.79,1277.99
T2,mixed,fd_multi,0,0.1,random,1000000,2,3,350000,7815.3,1279.54
T2,mixed,fd_multi,0,0.1,random,1000000,2,3,360000,8015.36,1247.61
T2,mixed,fd_multi,0,0.1,random,1000000,2,3,370000,8110.67,1232.94
T2,mixed,fd_multi,0,0.1,random,1000000,2,3,380000,7843.87,1274.88
T2,mixed,fd_multi,0,0.1,random,1000000,2,3,390000,7846.88,1274.39
T2,mixed,fd_multi,0,0.1,random,1000000,2,3,400000,7781.65,1285.07
T2,mixed,fd_multi,0,0.1,random,1000000,2,3,410000,7813.19,1279.89
T2,mixed,fd_multi,0,0.1,random,1000000,2,3,420000,8083.28,1237.12
T2,mixed,fd_multi,0,0.1,random,1000000,2,3,430000,8198.1,1219.79
T2,mixed,fd_multi,0,0.1,random,1000000,2,3,440000,8207.02,1218.47
T2,mixed,fd_multi,0,0.1,random,1000000,2,3,450000,7952.46,1257.47
T2,mixed,fd_multi,0,0.1,random,1000000,2,3,460000,7950.36,1257.8
T2,mixed,fd_multi,0,0.1,random,1000000,2,3,470000,8106.67,1233.55
T2,mixed,fd_multi,0,0.1,random,1000000,2,3,480000,8106.63,1233.56
T2,mixed,fd_multi,0,0.1,random,1000000,2,3,490000,7944.85,1258.68
T2,mixed,fd_multi,0,0.1,random,1000000,2,3,500000,8292.03,1205.98
T2,mixed,fd_multi,0,0.1,random,1000000,2,3,510000,8355.85,1196.77
T2,mixed,fd_multi,0,0.1,random,1000000,2,3,520000,8122.61,1231.13
T2,mixed,fd_multi,0,0.1,random,1000000,2,3,530000,8174.11,1223.37
T2,mixed,fd_multi,0,0.1,random,1000000,2,3,540000,8226.04,1215.65
T2,mixed,fd_multi,0,0.1,random,1000000,2,3,550000,8304.02,1204.24
T2,mixed,fd_multi,0,0.1,random,1000000,2,3,560000,8507.21,1175.47
T2,mixed,fd_multi,0,0.1,random,1000000,2,3,570000,8527.89,1172.62
T2,mixed,fd_multi,0,0.1,random,1000000,2,3,580000,8050.85,1242.1
T2,mixed,fd_multi,0,0.1,random,1000000,2,3,590000,8085.59,1236.77
T2,mixed,fd_multi,0,0.1,random,1000000,2,3,600000,8184.07,1221.89
T2,mixed,fd_multi,0,0.1,random,1000000,2,3,610000,8438.85,1185
T2,mixed,fd_multi,0,0.1,random,1000000,2,3,620000,8489.56,1177.92
T2,mixed,fd_multi,0,0.1,random,1000000,2,3,630000,8448.35,1183.66
T2,mixed,fd_multi,0,0.1,random,1000000,2,3,640000,8553.87,1169.06
T2,mixed,fd_multi,0,0.1,random,1000000,2,3,650000,8266.07,1209.76
T2,mixed,fd_multi,0,0.1,random,1000000,2,3,660000,8169.57,1224.05
T2,mixed,fd_multi,0,0.1,random,1000000,2,3,670000,8487.69,1178.18
T2,mixed,fd_multi,0,0.1,random,1000000,2,3,680000,8592.78,1163.77
T2,mixed,fd_multi,0,0.1,random,1000000,2,3,690000,8610.77,1161.34
T2,mixed,fd_multi,0,0.1,random,1000000,2,3,700000,8704.36,1148.85
T2,mixed,fd_multi,0,0.1,random,1000000,2,3,710000,8574.69,1166.22
T2,mixed,fd_multi,0,0.1,random,1000000,2,3,720000,8544.22,1170.38
T2,mixed,fd_multi,0,0.1,random,1000000,2,3,730000,8564.53,1167.61
T2,mixed,fd_multi,0,0.1,random,1000000,2,3,740000,8525.65,1172.93
T2,mixed,fd_multi,0,0.1,random,1000000,2,3,750000,8745.03,1143.51
T2,mixed,fd_multi,0,0.1,random,1000000,2,3,760000,8746.24,1143.35
T2,mixed,fd_multi,0,0.1,random,1000000,2,3,770000,8802.52,1136.04
T2,mixed,fd_multi,0,0.1,random,1000000,2,3,780000,8509.22,1175.2
T2,mixed,fd_multi,0,0.1,random,1000000,2,3,790000,8588.15,1164.4
T2,mixed,fd_multi,0,0.1,random,1000000,2,3,800000,8585.92,1164.7
T2,mixed,fd_multi,0,0.1,random,1000000,2,3,810000,8773.1,1139.85
T2,mixed,fd_multi,0,0.1,random,1000000,2,3,820000,8914.03,1121.83
T2,mixed,fd_multi,0,0.1,random,1000000,2,3,830000,9006.45,1110.32
T2,mixed,fd_multi,0,0.1,random,1000000,2,3,840000,8815.8,1134.33
T2,mixed,fd_multi,0,0.1,random,1000000,2,3,850000,8507.36,1175.45
T2,mixed,fd_multi,0,0.1,random,1000000,2,3,860000,8782.01,1138.69
T2,mixed,fd_multi,0,0.1,random,1000000,2,3,870000,8855.31,1129.27
T2,mixed,fd_multi,0,0.1,random,1000000,2,3,880000,8799.29,1136.46
T2,mixed,fd_multi,0,0.1,random,1000000,2,3,890000,9015.29,1109.23
T2,mixed,fd_multi,0,0.1,random,1000000,2,3,900000,9026.96,1107.79
T2,mixed,fd_multi,0,0.1,random,1000000,2,3,910000,8674.61,1152.79
T2,mixed,fd_multi,0,0.1,random,1000000,2,3,920000,8776.35,1139.43
T2,mixed,fd_multi,0,0.1,random,1000000,2,3,930000,8907.22,1122.68
T2,mixed,fd_multi,0,0.1,random,1000000,2,3,940000,8934.62,1119.24
T2,mixed,fd_multi,0,0.1,random,1000000,2,3,950000,9086.14,1100.58
T2,mixed,fd_multi,0,0.1,random,1000000,2,3,960000,9285.76,1076.92
T2,mixed,fd_multi,0,0.1,random,1000000,2,3,970000,8945.5,1117.88
T2,mixed,fd_multi,0,0.1,random,1000000,2,3,980000,8862.39,1128.36
T2,mixed,fd_multi,0,0.1,random,1000000,2,3,990000,9037.9,1106.45
T2,mixed,fd_multi,0,0.1,random,1000000,2,3,1000000,9087.42,1100.42
T2,mixed,od_single,0,0.1,random,1000000,2,1,10000,6753.92,1480.62
T2,mixed,od_single,0,0.1,random,1000000,2,1,20000,6925.29,1443.98
T2,mixed,od_single,0,0.1,random,1000000,2,1,30000,6901.72,1448.91
T2,mixed,od_single,0,0.1,random,1000000,2,1,40000,7060.96,1416.24
T2,mixed,od_single,0,0.1,random,1000000,2,1,50000,7110.35,1406.4
T2,mixed,od_single,0,0.1,random,1000000,2,1,60000,7369.24,1356.99
T2,mixed,od_single,0,0.1,random,1000000,2,1,70000,7370.31,1356.8
T2,mixed,od_single,0,0.1,random,1000000,2,1,80000,7534.15,1327.29
T2,mixed,od_single,0,0.1,random,1000000,2,1,90000,7630.83,1310.47
T2,mixed,od_single,0,0.1,random,1000000,2,1,100000,7807.51,1280.82
T2,mixed,od_single,0,0.1,random,1000000,2,1,110000,7782.8,1284.89
T2,mixed,od_single,0,0.1,random,1000000,2,1,120000,7596.68,1316.36
T2,mixed,od_single,0,0.1,random,1000000,2,1,130000,7505.47,1332.36
T2,mixed,od_single,0,0.1,random,1000000,2,1,140000,7661.82,1305.17
T2,mixed,od_single,0,0.1,random,1000000,2,1,150000,7677.88,1302.44
T2,mixed,od_single,0,0.1,random,1000000,2,1,160000,7847.91,1274.22
T2,mixed,od_single,0,0.1,random,1000000,2,1,170000,7840.45,1275.44
T2,mixed,od_single,0,0.1,random,1000000,2,1,180000,8010.8,1248.31
T2,mixed,od_single,0,0.1,random,1000000,2,1,190000,7633.51,1310.01
T2,mixed,od_single,0,0.1,random,1000000,2,1,200000,7636.95,1309.42
T2,mixed,od_single,0,0.1,random,1000000,2,1,210000,7762.23,1288.29
T2,mixed,od_single,0,0.1,random,1000000,2,1,220000,7763.26,1288.12
T2,mixed,od_single,0,0.1,random,1000000,2,1,230000,7845.69,1274.58
T2,mixed,od_single,0,0.1,random,1000000,2,1,240000,7951.22,1257.67
T2,mixed,od_single,0,0.1,random,1000000,2,1,250000,7959.46,1256.37
T2,mixed,od_single,0,0.1,random,1000000,2,1,260000,7702.52,1298.28
T2,mixed,od_single,0,0.1,random,1000000,2,1,270000,7854.06,1273.23
T2,mixed,od_single,0,0.1,random,1000000,2,1,280000,7953.79,1257.26
T2,mixed,od_single,0,0.1,random,1000000,2,1,290000,8073.31,1238.65
T2,mixed,od_single,0,0.1,random,1000000,2,1,300000,8132.18,1229.68
T2,mixed,od_single,0,0.1,random,1000000,2,1,310000,8185.71,1221.64
T2,mixed,od_single,0,0.1,random,1000000,2,1,320000,7740.59,1291.89
T2,mixed,od_single,0,0.1,random,1000000,2,1,330000,7890.69,1267.32
T2,mixed,od_single,0,0.1,random,1000000,2,1,340000,7885.74,1268.11
T2,mixed,od_single,0,0.1,random,1000000,2,1,350000,8103.32,1234.06
T2,mixed,od_single,0,0.1,random,1000000,2,1,360000,8171.15,1223.82
T2,mixed,od_single,0,0.1,random,1000000,2,1,370000,8202.13,1219.2
T2,mixed,od_single,0,0.1,random,1000000,2,1,380000,8164.37,1224.83
T2,mixed,od_single,0,0.1,random,1000000,2,1,390000,7974.71,1253.96
T2,mixed,od_single,0,0.1,random,1000000,2,1,400000,7950.43,1257.79
T2,mixed,od_single,0,0.1,random,1000000,2,1,410000,8047.63,1242.6
T2,mixed,od_single,0,0.1,random,1000000,2,1,420000,8109.25,1233.16
T2,mixed,od_single,0,0.1,random,1000000,2,1,430000,8329.67,1200.53
T2,mixed,od_single,0,0.1,random,1000000,2,1,440000,8441.87,1184.57
T2,mixed,od_single,0,0.1,random,1000000,2,1,450000,8038.75,1243.98
T2,mixed,od_single,0,0.1,random,1000000,2,1,460000,8001.89,1249.71
T2,mixed,od_single,0,0.1,random,1000000,2,1,470000,8167.16,1224.42
T2,mixed,od_single,0,0.1,random,1000000,2,1,480000,8256.87,1211.11
T2,mixed,od_single,0,0.1,random,1000000,2,1,490000,8445.31,1184.09
T2,mixed,od_single,0,0.1,random,1000000,2,1,500000,8492.83,1177.46
T2,mixed,od_single,0,0.1,random,1000000,2,1,510000,8548.87,1169.75
T2,mixed,od_single,0,0.1,random,1000000,2,1,520000,8197.21,1219.93
T2,mixed,od_single,0,0.1,random,1000000,2,1,530000,8290.81,1206.15
T2,mixed,od_single,0,0.1,random,1000000,2,1,540000,8378.13,1193.58
T2,mixed,od_single,0,0.1,random,1000000,2,1,550000,8540.21,1170.93
T2,mixed,od_single,0,0.1,random,1000000,2,1,560000,8648.08,1156.33
T2,mixed,od_single,0,0.1,random,1000000,2,1,570000,8566.6,1167.32
T2,mixed,od_single,0,0.1,random,1000000,2,1,580000,8311.62,1203.13
T2,mixed,od_single,0,0.1,random,1000000,2,1,590000,8416.82,1188.1
T2,mixed,od_single,0,0.1,random,1000000,2,1,600000,8375.55,1193.95
T2,mixed,od_single,0,0.1,random,1000000,2,1,610000,8630.51,1158.68
T2,mixed,od_single,0,0.1,random,1000000,2,1,620000,8648.83,1156.23
T2,mixed,od_single,0,0.1,random,1000000,2,1,630000,8705.23,1148.73
T2,mixed,od_single,0,0.1,random,1000000,2,1,640000,8893.3,1124.44
T2,mixed,od_single,0,0.1,random,1000000,2,1,650000,8406.88,1189.5
T2,mixed,od_single,0,0.1,random,1000000,2,1,660000,8641.35,1157.23
T2,mixed,od_single,0,0.1,random,1000000,2,1,670000,8655,1155.4
T2,mixed,od_single,0,0.1,random,1000000,2,1,680000,8614.52,1160.83
T2,mixed,od_single,0,0.1,random,1000000,2,1,690000,8790.35,1137.61
T2,mixed,od_single,0,0.1,random,1000000,2,1,700000,8916.89,1121.47
T2,mixed,od_single,0,0.1,random,1000000,2,1,710000,8700.78,1149.32
T2,mixed,od_single,0,0.1,random,1000000,2,1,720000,8732.81,1145.11
T2,mixed,od_single,0,0.1,random,1000000,2,1,730000,8706.89,1148.52
T2,mixed,od_single,0,0.1,random,1000000,2,1,740000,8899.04,1123.72
T2,mixed,od_single,0,0.1,random,1000000,2,1,750000,8877.45,1126.45
T2,mixed,od_single,0,0.1,random,1000000,2,1,760000,8958.79,1116.22
T2,mixed,od_single,0,0.1,random,1000000,2,1,770000,9150.91,1092.79
T2,mixed,od_single,0,0.1,random,1000000,2,1,780000,8682.38,1151.76
T2,mixed,od_single,0,0.1,random,1000000,2,1,790000,8700.55,1149.35
T2,mixed,od_single,0,0.1,random,1000000,2,1,800000,8977.3,1113.92
T2,mixed,od_single,0,0.1,random,1000000,2,1,810000,9024.48,1108.1
T2,mixed,od_single,0,0.1,random,1000000,2,1,820000,9044.13,1105.69
T2,mixed,od_single,0,0.1,random,1000000,2,1,830000,9214.5,1085.25
T2,mixed,od_single,0,0.1,random,1000000,2,1,840000,9001.32,1110.95
T2,mixed,od_single,0,0.1,random,1000000,2,1,850000,8850.75,1129.85
T2,mixed,od_single,0,0.1,random,1000000,2,1,860000,9015.71,1109.18
T2,mixed,od_single,0,0.1,random,1000000,2,1,870000,8927.9,1120.08
T2,mixed,od_single,0,0.1,random,1000000,2,1,880000,9192.51,1087.84
T2,mixed,od_single,0,0.1,random,1000000,2,1,890000,9175.23,1089.89
T2,mixed,od_single,0,0.1,random,1000000,2,1,900000,9394.55,1064.45
T2,mixed,od_single,0,0.1,random,1000000,2,1,910000,8868.38,1127.6
T2,mixed,od_single,0,0.1,random,1000000,2,1,920000,8887.81,1125.14
T2,mixed,od_single,0,0.1,random,1000000,2,1,930000,9107.11,1098.04
T2,mixed,od_single,0,0.1,random,1000000,2,1,940000,9255.84,1080.4
T2,mixed,od_single,0,0.1,random,1000000,2,1,950000,9225.3,1083.98
T2,mixed,od_single,0,0.1,random,1000000,2,1,960000,9405.22,1063.24
T2,mixed,od_single,0,0.1,random,1000000,2,1,970000,9355.49,1068.89
T2,mixed,od_single,0,0.1,random,1000000,2,1,980000,8979.51,1113.65
T2,mixed,od_single,0,0.1,random,1000000,2,1,990000,9140.28,1094.06
T2,mixed,od_single,0,0.1,random,1000000,2,1,1000000,9262.07,1079.67
T2,mixed,od_single,0,0.1,random,1000000,2,2,10000,6765.48,1478.09
T2,mixed,od_single,0,0.1,random,1000000,2,2,20000,6837.87,1462.44
T2,mixed,od_single,0,0.1,random,1000000,2,2,30000,7110.57,1406.36
T2,mixed,od_single,0,0.1,random,1000000,2,2,40000,7071.16,1414.19
T2,mixed,od_single,0,0.1,random,1000000,2,2,50000,7149.08,1398.78
T2,mixed,od_single,0,0.1,random,1000000,2,2,60000,7315.58,1366.95
T2,mixed,od_single,0,0.1,random,1000000,2,2,70000,7426.65,1346.5
T2,mixed,od_single,0,0.1,random,1000000,2,2,80000,7447.01,1342.82
T2,mixed,od_single,0,0.1,random,1000000,2,2,90000,7548,1324.85
T2,mixed,od_single,0,0.1,random,1000000,2,2,100000,7709.56,1297.09
T2,mixed,od_single,0,0.1,random,1000000,2,2,110000,7816.16,1279.4
T2,mixed,od_single,0,0.1,random,1000000,2,2,120000,7557.72,1323.15
T2,mixed,od_single,0,0.1,random,1000000,2,2,130000,7542.95,1325.74
T2,mixed,od_single,0,0.1,random,1000000,2,2,140000,7572.5,1320.57
T2,mixed,od_single,0,0.1,random,1000000,2,2,150000,7712.23,1296.64
T2,mixed,od_single,0,0.1,random,1000000,2,2,160000,7707.61,1297.42
T2,mixed,od_single,0,0.1,random,1000000,2,2,170000,7857.23,1272.71
T2,mixed,od_single,0,0.1,random,1000000,2,2,180000,7885.98,1268.07
T2,mixed,od_single,0,0.1,random,1000000,2,2,190000,7531.48,1327.76
T2,mixed,od_single,0,0.1,random,1000000,2,2,200000,7685.57,1301.14
T2,mixed,od_single,0,0.1,random,1000000,2,2,210000,7702.62,1298.26
T2,mixed,od_single,0,0.1,random,1000000,2,2,220000,7853.56,1273.31
T2,mixed,od_single,0,0.1,random,1000000,2,2,230000,8056.32,1241.26
T2,mixed,od_single,0,0.1,random,1000000,2,2,240000,8054.77,1241.5
T2,mixed,od_single,0,0.1,random,1000000,2,2,250000,7825.42,1277.89
T2,mixed,od_single,0,0.1,random,1000000,2,2,260000,7735.6,1292.72
T2,mixed,od_single,0,0.1,random,1000000,2,2,270000,7843.99,1274.86
T2,mixed,od_single,0,0.1,random,1000000,2,2,280000,7945.11,1258.64
T2,mixed,od_single,0,0.1,random,1000000,2,2,290000,7867.57,1271.04
T2,mixed,od_single,0,0.1,random,1000000,2,2,300000,8079.54,1237.69
T2,mixed,od_single,0,0.1,random,1000000,2,2,310000,8211.71,1217.77
T2,mixed,od_single,0,0.1,random,1000000,2,2,320000,7845.71,1274.58
T2,mixed,od_single,0,0.1,random,1000000,2,2,330000,7616.71,1312.9
T2,mixed,od_single,0,0.1,random,1000000,2,2,340000,8001.24,1249.81
T2,mixed,od_single,0,0.1,random,1000000,2,2,350000,8145.72,1227.64
T2,mixed,od_single,0,0.1,random,1000000,2,2,360000,8293.51,1205.76
T2,mixed,od_single,0,0.1,random,1000000,2,2,370000,8376.8,1193.77
T2,mixed,od_single,0,0.1,random,1000000,2,2,380000,8226.2,1215.63
T2,mixed,od_single,0,0.1,random,1000000,2,2,390000,7992.12,1251.23
T2,mixed,od_single,0,0.1,random,1000000,2,2,400000,8089.91,1236.11
T2,mixed,od_single,0,0.1,random,1000000,2,2,410000,8095.31,1235.28
T2,mixed,od_single,0,0.1,random,1000000,2,2,420000,8321.23,1201.75
T2,mixed,od_single,0,0.1,random,1000000,2,2,430000,8397.67,1190.81
T2,mixed,od_single,0,0.1,random,1000000,2,2,440000,8348.02,1197.89
T2,mixed,od_single,0,0.1,random,1000000,2,2,450000,8127.47,1230.4
T2,mixed,od_single,0,0.1,random,1000000,2,2,460000,8111.67,1232.79
T2,mixed,od_single,0,0.1,random,1000000,2,2,470000,8245.22,1212.82
T2,mixed,od_single,0,0.1,random,1000000,2,2,480000,8322.88,1201.51
T2,mixed,od_single,0,0.1,random,1000000,2,2,490000,8477.58,1179.58
T2,mixed,od_single,0,0.1,random,1000000,2,2,500000,8499.96,1176.48
T2,mixed,od_single,0,0.1,random,1000000,2,2,510000,8496.23,1176.99
T2,mixed,od_single,0,0.1,random,1000000,2,2,520000,8189.98,1221
T2,mixed,od_single,0,0.1,random,1000000,2,2,530000,8182.21,1222.16
T2,mixed,od_single,0,0.1,random,1000000,2,2,540000,8467.03,1181.05
T2,mixed,od_single,0,0.1,random,1000000,2,2,550000,8460.83,1181.92
T2,mixed,od_single,0,0.1,random,1000000,2,2,560000,8628.08,1159.01
T2,mixed,od_single,0,0.1,random,1000000,2,2,570000,8705.25,1148.73
T2,mixed,od_single,0,0.1,random,1000000,2,2,580000,8403.66,1189.96
T2,mixed,od_single,0,0.1,random,1000000,2,2,590000,8399.78,1190.51
T2,mixed,od_single,0,0.1,random,1000000,2,2,600000,8340.38,1198.99
T2,mixed,od_single,0,0.1,random,1000000,2,2,610000,8562.42,1167.89
T2,mixed,od_single,0,0.1,random,1000000,2,2,620000,8651.16,1155.91
T2,mixed,od_single,0,0.1,random,1000000,2,2,630000,8802.49,1136.04
T2,mixed,od_single,0,0.1,random,1000000,2,2,640000,8836.29,1131.7
T2,mixed,od_single,0,0.1,random,1000000,2,2,650000,8362.77,1195.78
T2,mixed,od_single,0,0.1,random,1000000,2,2,660000,8538.88,1171.11
T2,mixed,od_single,0,0.1,random,1000000,2,2,670000,8726.74,1145.9
T2,mixed,od_single,0,0.1,random,1000000,2,2,680000,8790.87,1137.54
T2,mixed,od_single,0,0.1,random,1000000,2,2,690000,8752.71,1142.5
T2,mixed,od_single,0,0.1,random,1000000,2,2,700000,8798.06,1136.61
T2,mixed,od_single,0,0.1,random,1000000,2,2,710000,8707,1148.5
T2,mixed,od_single,0,0.1,random,1000000,2,2,720000,8666.93,1153.81
T2,mixed,od_single,0,0.1,random,1000000,2,2,730000,8666.04,1153.93
T2,mixed,od_single,0,0.1,random,1000000,2,2,740000,8811.51,1134.88
T2,mixed,od_single,0,0.1,random,1000000,2,2,750000,8897.77,1123.88
T2,mixed,od_single,0,0.1,random,1000000,2,2,760000,8964.94,1115.46
T2,mixed,od_single,0,0.1,random,1000000,2,2,770000,9095.57,1099.44
T2,mixed,od_single,0,0.1,random,1000000,2,2,780000,8618.31,1160.32
T2,mixed,od_single,0,0.1,random,1000000,2,2,790000,8790.06,1137.65
T2,mixed,od_single,0,0.1,random,1000000,2,2,800000,8850.74,1129.85
T2,mixed,od_single,0,0.1,random,1000000,2,2,810000,9040.3,1106.16
T2,mixed,od_single,0,0.1,random,1000000,2,2,820000,9314.54,1073.59
T2,mixed,od_single,0,0.1,random,1000000,2,2,830000,9322.55,1072.67
T2,mixed,od_single,0,0.1,random,1000000,2,2,840000,8778.43,1139.16
T2,mixed,od_single,0,0.1,random,1000000,2,2,850000,8903.88,1123.11
T2,mixed,od_single,0,0.1,random,1000000,2,2,860000,8991.23,1112.19
T2,mixed,od_single,0,0.1,random,1000000,2,2,870000,9048.81,1105.12
T2,mixed,od_single,0,0.1,random,1000000,2,2,880000,9138.99,1094.21
T2,mixed,od_single,0,0.1,random,1000000,2,2,890000,9272.01,1078.51
T2,mixed,od_single,0,0.1,random,1000000,2,2,900000,9301.45,1075.1
T2,mixed,od_single,0,0.1,random,1000000,2,2,910000,8914.56,1121.76
T2,mixed,od_single,0,0.1,random,1000000,2,2,920000,9029.29,1107.51
T2,mixed,od_single,0,0.1,random,1000000,2,2,930000,9120.33,1096.45
T2,mixed,od_single,0,0.1,random,1000000,2,2,940000,9291.6,1076.24
T2,mixed,od_single,0,0.1,random,1000000,2,2,950000,9391.27,1064.82
T2,mixed,od_single,0,0.1,random,1000000,2,2,960000,9349.8,1069.54
T2,mixed,od_single,0,0.1,random,1000000,2,2,970000,9349.93,1069.53
T2,mixed,od_single,0,0.1,random,1000000,2,2,980000,9170.92,1090.4
T2,mixed,od_single,0,0.1,random,1000000,2,2,990000,9304.81,1074.71
T2,mixed,od_single,0,0.1,random,1000000,2,2,1000000,9220.68,1084.52
T2,mixed,od_single,0,0.1,random,1000000,2,3,10000,6746.9,1482.16
T2,mixed,od_single,0,0.1,random,1000000,2,3,20000,6970.46,1434.62
T2,mixed,od_single,0,0.1,random,1000000,2,3,30000,7086.26,1411.18
T2,mixed,od_single,0,0.1,random,1000000,2,3,40000,7057.79,1416.87
T2,mixed,od_single,0,0.1,random,1000000,2,3,50000,7274.31,1374.7
T2,mixed,od_single,0,0.1,random,1000000,2,3,60000,7246.9,1379.9
T2,mixed,od_single,0,0.1,random,1000000,2,3,70000,7447,1342.82
T2,mixed,od_single,0,0.1,random,1000000,2,3,80000,7506.06,1332.26
T2,mixed,od_single,0,0.1,random,1000000,2,3,90000,7611.78,1313.75
T2,mixed,od_single,0,0.1,random,1000000,2,3,100000,7744.94,1291.17
T2,mixed,od_single,0,0.1,random,1000000,2,3,110000,7814.37,1279.69
T2,mixed,od_single,0,0.1,random,1000000,2,3,120000,7598.53,1316.04
T2,mixed,od_single,0,0.1,random,1000000,2,3,130000,7513.96,1330.86
T2,mixed,od_single,0,0.1,random,1000000,2,3,140000,7635.59,1309.66
T2,mixed,od_single,0,0.1,random,1000000,2,3,150000,7724.73,1294.54
T2,mixed,od_single,0,0.1,random,1000000,2,3,160000,7821.4,1278.54
T2,mixed,od_single,0,0.1,random,1000000,2,3,170000,7872.03,1270.32
T2,mixed,od_single,0,0.1,random,1000000,2,3,180000,7933.63,1260.46
T2,mixed,od_single,0,0.1,random,1000000,2,3,190000,7578.08,1319.59
T2,mixed,od_single,0,0.1,random,1000000,2,3,200000,7728.62,1293.89
T2,mixed,od_single,0,0.1,random,1000000,2,3,210000,7717.05,1295.83
T2,mixed,od_single,0,0.1,random,1000000,2,3,220000,7890.78,1267.3
T2,mixed,od_single,0,0.1,random,1000000,2,3,230000,7880.04,1269.03
T2,mixed,od_single,0,0.1,random,1000000,2,3,240000,8132.58,1229.62
T2,mixed,od_single,0,0.1,random,1000000,2,3,250000,7821.73,1278.49
T2,mixed,od_single,0,0.1,random,1000000,2,3,260000,7692.21,1300.02
T2,mixed,od_single,0,0.1,random,1000000,2,3,270000,7834.3,1276.44
T2,mixed,od_single,0,0.1,random,1000000,2,3,280000,7913.61,1263.65
T2,mixed,od_single,0,0.1,random,1000000,2,3,290000,8011.64,1248.18
T2,mixed,od_single,0,0.1,random,1000000,2,3,300000,8010.85,1248.31
T2,mixed,od_single,0,0.1,random,1000000,2,3,310000,8243.95,1213.01
T2,mixed,od_single,0,0.1,random,1000000,2,3,320000,7711.16,1296.82
T2,mixed,od_single,0,0.1,random,1000000,2,3,330000,7788.39,1283.96
T2,mixed,od_single,0,0.1,random,1000000,2,3,340000,7990.36,1251.51
T2,mixed,od_single,0,0.1,random,1000000,2,3,350000,8066.23,1239.74
T2,mixed,od_single,0,0.1,random,1000000,2,3,360000,8202.26,1219.18
T2,mixed,od_single,0,0.1,random,1000000,2,3,370000,8282.58,1207.35
T2,mixed,od_single,0,0.1,random,1000000,2,3,380000,8003.87,1249.4
T2,mixed,od_single,0,0.1,random,1000000,2,3,390000,8013.48,1247.9
T2,mixed,od_single,0,0.1,random,1000000,2,3,400000,8129.5,1230.09
T2,mixed,od_single,0,0.1,random,1000000,2,3,410000,8159.76,1225.53
T2,mixed,od_single,0,0.1,random,1000000,2,3,420000,8266.04,1209.77
T2,mixed,od_single,0,0.1,random,1000000,2,3,430000,8336.89,1199.49
T2,mixed,od_single,0,0.1,random,1000000,2,3,440000,8550.74,1169.49
T2,mixed,od_single,0,0.1,random,1000000,2,3,450000,8113.96,1232.44
T2,mixed,od_single,0,0.1,random,1000000,2,3,460000,8070.78,1239.04
T2,mixed,od_single,0,0.1,random,1000000,2,3,470000,8255.98,1211.24
T2,mixed,od_single,0,0.1,random,1000000,2,3,480000,8352.83,1197.2
T2,mixed,od_single,0,0.1,random,1000000,2,3,490000,8411.83,1188.8
T2,mixed,od_single,0,0.1,random,1000000,2,3,500000,8552.95,1169.19
T2,mixed,od_single,0,0.1,random,1000000,2,3,510000,8378.93,1193.47
T2,mixed,od_single,0,0.1,random,1000000,2,3,520000,8208.2,1218.29
T2,mixed,od_single,0,0.1,random,1000000,2,3,530000,8302.5,1204.46
T2,mixed,od_single,0,0.1,random,1000000,2,3,540000,8378,1193.6
T2,mixed,od_single,0,0.1,random,1000000,2,3,550000,8441.81,1184.58
T2,mixed,od_single,0,0.1,random,1000000,2,3,560000,8644.95,1156.75
T2,mixed,od_single,0,0.1,random,1000000,2,3,570000,8647.19,1156.45
T2,mixed,od_single,0,0.1,random,1000000,2,3,580000,8365.7,1195.36
T2,mixed,od_single,0,0.1,random,1000000,2,3,590000,8345.23,1198.29
T2,mixed,od_single,0,0.1,random,1000000,2,3,600000,8494.42,1177.24
T2,mixed,od_single,0,0.1,random,1000000,2,3,610000,8586.29,1164.65
T2,mixed,od_single,0,0.1,random,1000000,2,3,620000,8677.13,1152.45
T2,mixed,od_single,0,0.1,random,1000000,2,3,630000,8706.09,1148.62
T2,mixed,od_single,0,0.1,random,1000000,2,3,640000,8818.56,1133.97
T2,mixed,od_single,0,0.1,random,1000000,2,3,650000,8507.71,1175.4
T2,mixed,od_single,0,0.1,random,1000000,2,3,660000,8503.86,1175.94
T2,mixed,od_single,0,0.1,random,1000000,2,3,670000,8612.98,1161.04
T2,mixed,od_single,0,0.1,random,1000000,2,3,680000,8717.62,1147.1
T2,mixed,od_single,0,0.1,random,1000000,2,3,690000,8865.33,1127.99
T2,mixed,od_single,0,0.1,random,1000000,2,3,700000,8777.59,1139.26
T2,mixed,od_single,0,0.1,random,1000000,2,3,710000,8746.16,1143.36
T2,mixed,od_single,0,0.1,random,1000000,2,3,720000,8614.28,1160.86
T2,mixed,od_single,0,0.1,random,1000000,2,3,730000,8753.22,1142.44
T2,mixed,od_single,0,0.1,random,1000000,2,3,740000,8836.98,1131.61
T2,mixed,od_single,0,0.1,random,1000000,2,3,750000,8907.32,1122.67
T2,mixed,od_single,0,0.1,random,1000000,2,3,760000,9029.74,1107.45
T2,mixed,od_single,0,0.1,random,1000000,2,3,770000,9085.16,1100.7
T2,mixed,od_single,0,0.1,random,1000000,2,3,780000,8727.38,1145.82
T2,mixed,od_single,0,0.1,random,1000000,2,3,790000,8763.82,1141.06
T2,mixed,od_single,0,0.1,random,1000000,2,3,800000,8932.64,1119.49
T2,mixed,od_single,0,0.1,random,1000000,2,3,810000,9034.45,1106.87
T2,mixed,od_single,0,0.1,random,1000000,2,3,820000,9083.76,1100.87
T2,mixed,od_single,0,0.1,random,1000000,2,3,830000,9216.77,1084.98
T2,mixed,od_single,0,0.1,random,1000000,2,3,840000,9077.13,1101.67
T2,mixed,od_single,0,0.1,random,1000000,2,3,850000,8890.84,1124.75
T2,mixed,od_single,0,0.1,random,1000000,2,3,860000,9023.17,1108.26
T2,mixed,od_single,0,0.1,random,1000000,2,3,870000,9118.53,1096.67
T2,mixed,od_single,0,0.1,random,1000000,2,3,880000,9149.9,1092.91
T2,mixed,od_single,0,0.1,random,1000000,2,3,890000,9335.04,1071.23
T2,mixed,od_single,0,0.1,random,1000000,2,3,900000,9271.85,1078.53
T2,mixed,od_single,0,0.1,random,1000000,2,3,910000,8990.25,1112.32
T2,mixed,od_single,0,0.1,random,1000000,2,3,920000,8964.39,1115.52
T2,mixed,od_single,0,0.1,random,1000000,2,3,930000,9163.63,1091.27
T2,mixed,od_single,0,0.1,random,1000000,2,3,940000,9342.25,1070.41
T2,mixed,od_single,0,0.1,random,1000000,2,3,950000,9353.95,1069.07
T2,mixed,od_single,0,0.1,random,1000000,2,3,960000,9523.79,1050
T2,mixed,od_single,0,0.1,random,1000000,2,3,970000,9318.95,1073.08
T2,mixed,od_single,0,0.1,random,1000000,2,3,980000,9206.69,1086.17
T2,mixed,od_single,0,0.1,random,1000000,2,3,990000,9136.23,1094.54
T2,mixed,od_single,0,0.1,random,1000000,2,3,1000000,9263.17,1079.54
T2,mixed,od_multi,0,0.1,random,1000000,2,1,10000,6627.46,1508.87
T2,mixed,od_multi,0,0.1,random,1000000,2,1,20000,6692.65,1494.18
T2,mixed,od_multi,0,0.1,random,1000000,2,1,30000,6860.55,1457.61
T2,mixed,od_multi,0,0.1,random,1000000,2,1,40000,6900.47,1449.18
T2,mixed,od_multi,0,0.1,random,1000000,2,1,50000,6930.9,1442.82
T2,mixed,od_multi,0,0.1,random,1000000,2,1,60000,7090.97,1410.24
T2,mixed,od_multi,0,0.1,random,1000000,2,1,70000,7199.51,1388.98
T2,mixed,od_multi,0,0.1,random,1000000,2,1,80000,7246.64,1379.95
T2,mixed,od_multi,0,0.1,random,1000000,2,1,90000,7340.58,1362.29
T2,mixed,od_multi,0,0.1,random,1000000,2,1,100000,7462.03,1340.12
T2,mixed,od_multi,0,0.1,random,1000000,2,1,110000,7630.16,1310.59
T2,mixed,od_multi,0,0.1,random,1000000,2,1,120000,7299.55,1369.95
T2,mixed,od_multi,0,0.1,random,1000000,2,1,130000,7181.45,1392.48
T2,mixed,od_multi,0,0.1,random,1000000,2,1,140000,7232.75,1382.6
T2,mixed,od_multi,0,0.1,random,1000000,2,1,150000,7442.3,1343.67
T2,mixed,od_multi,0,0.1,random,1000000,2,1,160000,7509.17,1331.71
T2,mixed,od_multi,0,0.1,random,1000000,2,1,170000,7643.07,1308.38
T2,mixed,od_multi,0,0.1,random,1000000,2,1,180000,7715.55,1296.08
T2,mixed,od_multi,0,0.1,random,1000000,2,1,190000,7284.12,1372.85
T2,mixed,od_multi,0,0.1,random,1000000,2,1,200000,7523.88,1329.1
T2,mixed,od_multi,0,0.1,random,1000000,2,1,210000,7478.19,1337.22
T2,mixed,od_multi,0,0.1,random,1000000,2,1,220000,7664.52,1304.71
T2,mixed,od_multi,0,0.1,random,1000000,2,1,230000,7698.25,1299
T2,mixed,od_multi,0,0.1,random,1000000,2,1,240000,7772.65,1286.56
T2,mixed,od_multi,0,0.1,random,1000000,2,1,250000,7607.66,1314.47
T2,mixed,od_multi,0,0.1,random,1000000,2,1,260000,7520.46,1329.71
T2,mixed,od_multi,0,0.1,random,1000000,2,1,270000,7587.34,1317.99
T2,mixed,od_multi,0,0.1,random,1000000,2,1,280000,7709.49,1297.1
T2,mixed,od_multi,0,0.1,random,1000000,2,1,290000,7898.67,1266.04
T2,mixed,od_multi,0,0.1,random,1000000,2,1,300000,7788.62,1283.93
T2,mixed,od_multi,0,0.1,random,1000000,2,1,310000,7894.09,1266.77
T2,mixed,od_multi,0,0.1,random,1000000,2,1,320000,7625.35,1311.41
T2,mixed,od_multi,0,0.1,random,1000000,2,1,330000,7651.42,1306.95
T2,mixed,od_multi,0,0.1,random,1000000,2,1,340000,7761.41,1288.43
T2,mixed,od_multi,0,0.1,random,1000000,2,1,350000,7891.51,1267.18
T2,mixed,od_multi,0,0.1,random,1000000,2,1,360000,7970.43,1254.64
T2,mixed,od_multi,0,0.1,random,1000000,2,1,370000,8072.98,1238.7
T2,mixed,od_multi,0,0.1,random,1000000,2,1,380000,7990.52,1251.48
T2,mixed,od_multi,0,0.1,random,1000000,2,1,390000,7758.68,1288.88
T2,mixed,od_multi,0,0.1,random,1000000,2,1,400000,7908.61,1264.44
T2,mixed,od_multi,0,0.1,random,1000000,2,1,410000,7906.23,1264.83
T2,mixed,od_multi,0,0.1,random,1000000,2,1,420000,8021.57,1246.64
T2,mixed,od_multi,0,0.1,random,1000000,2,1,430000,8208.05,1218.32
T2,mixed,od_multi,0,0.1,random,1000000,2,1,440000,8295.79,1205.43
T2,mixed,od_multi,0,0.1,random,1000000,2,1,450000,7852.73,1273.44
T2,mixed,od_multi,0,0.1,random,1000000,2,1,460000,7910.77,1264.1
T2,mixed,od_multi,0,0.1,random,1000000,2,1,470000,7911.33,1264.01
T2,mixed,od_multi,0,0.1,random,1000000,2,1,480000,8153.69,1226.44
T2,mixed,od_multi,0,0.1,random,1000000,2,1,490000,8222.51,1216.17
T2,mixed,od_multi,0,0.1,random,1000000,2,1,500000,8317.55,1202.28
T2,mixed,od_multi,0,0.1,random,1000000,2,1,510000,8258.34,1210.9
T2,mixed,od_multi,0,0.1,random,1000000,2,1,520000,7974.06,1254.07
T2,mixed,od_multi,0,0.1,random,1000000,2,1,530000,8052.09,1241.91
T2,mixed,od_multi,0,0.1,random,1000000,2,1,540000,8129.19,1230.13
T2,mixed,od_multi,0,0.1,random,1000000,2,1,550000,8362.9,1195.76
T2,mixed,od_multi,0,0.1,random,1000000,2,1,560000,8420.5,1187.58
T2,mixed,od_multi,0,0.1,random,1000000,2,1,570000,8412.82,1188.66
T2,mixed,od_multi,0,0.1,random,1000000,2,1,580000,8161.03,1225.33
T2,mixed,od_multi,0,0.1,random,1000000,2,1,590000,8199.64,1219.57
T2,mixed,od_multi,0,0.1,random,1000000,2,1,600000,8231.15,1214.9
T2,mixed,od_multi,0,0.1,random,1000000,2,1,610000,8395.04,1191.18
T2,mixed,od_multi,0,0.1,random,1000000,2,1,620000,8311.55,1203.15
T2,mixed,od_multi,0,0.1,random,1000000,2,1,630000,8441.32,1184.65
T2,mixed,od_multi,0,0.1,random,1000000,2,1,640000,8610.71,1161.34
T2,mixed,od_multi,0,0.1,random,1000000,2,1,650000,8190.52,1220.92
T2,mixed,od_multi,0,0.1,random,1000000,2,1,660000,8362.63,1195.8
T2,mixed,od_multi,0,0.1,random,1000000,2,1,670000,8425.85,1186.82
T2,mixed,od_multi,0,0.1,random,1000000,2,1,680000,8390.12,1191.88
T2,mixed,od_multi,0,0.1,random,1000000,2,1,690000,8501.43,1176.27
T2,mixed,od_multi,0,0.1,random,1000000,2,1,700000,8639.82,1157.43
T2,mixed,od_multi,0,0.1,random,1000000,2,1,710000,8494.91,1177.18
T2,mixed,od_multi,0,0.1,random,1000000,2,1,720000,8234.92,1214.34
T2,mixed,od_multi,0,0.1,random,1000000,2,1,730000,8358.77,1196.35
T2,mixed,od_multi,0,0.1,random,1000000,2,1,740000,8651.95,1155.81
T2,mixed,od_multi,0,0.1,random,1000000,2,1,750000,8777.9,1139.22
T2,mixed,od_multi,0,0.1,random,1000000,2,1,760000,8923.82,1120.6
T2,mixed,od_multi,0,0.1,random,1000000,2,1,770000,8951.83,1117.09
T2,mixed,od_multi,0,0.1,random,1000000,2,1,780000,8387.98,1192.18
T2,mixed,od_multi,0,0.1,random,1000000,2,1,790000,8472.2,1180.33
T2,mixed,od_multi,0,0.1,random,1000000,2,1,800000,8686.03,1151.27
T2,mixed,od_multi,0,0.1,random,1000000,2,1,810000,8879.64,1126.17
T2,mixed,od_multi,0,0.1,random,1000000,2,1,820000,8814.3,1134.52
T2,mixed,od_multi,0,0.1,random,1000000,2,1,830000,9010.9,1109.77
T2,mixed,od_multi,0,0.1,random,1000000,2,1,840000,8837.36,1131.56
T2,mixed,od_multi,0,0.1,random,1000000,2,1,850000,8595.8,1163.36
T2,mixed,od_multi,0,0.1,random,1000000,2,1,860000,8802.12,1136.09
T2,mixed,od_multi,0,0.1,random,1000000,2,1,870000,8747.85,1143.14
T2,mixed,od_multi,0,0.1,random,1000000,2,1,880000,8956.3,1116.53
T2,mixed,od_multi,0,0.1,random,1000000,2,1,890000,8963.62,1115.62
T2,mixed,od_multi,0,0.1,random,1000000,2,1,900000,9151.29,1092.74
T2,mixed,od_multi,0,0.1,random,1000000,2,1,910000,8737.37,1144.51
T2,mixed,od_multi,0,0.1,random,1000000,2,1,920000,8893.37,1124.43
T2,mixed,od_multi,0,0.1,random,1000000,2,1,930000,8962.03,1115.82
T2,mixed,od_multi,0,0.1,random,1000000,2,1,940000,9048.8,1105.12
T2,mixed,od_multi,0,0.1,random,1000000,2,1,950000,9180.16,1089.31
T2,mixed,od_multi,0,0.1,random,1000000,2,1,960000,9055.42,1104.31
T2,mixed,od_multi,0,0.1,random,1000000,2,1,970000,9064.11,1103.25
T2,mixed,od_multi,0,0.1,random,1000000,2,1,980000,8822.87,1133.42
T2,mixed,od_multi,0,0.1,random,1000000,2,1,990000,8959.02,1116.19
T2,mixed,od_multi,0,0.1,random,1000000,2,1,1000000,9026.62,1107.83
T2,mixed,od_multi,0,0.1,random,1000000,2,2,10000,6608.83,1513.13
T2,mixed,od_multi,0,0.1,random,1000000,2,2,20000,6768.8,1477.37
T2,mixed,od_multi,0,0.1,random,1000000,2,2,30000,6882.87,1452.88
T2,mixed,od_multi,0,0.1,random,1000000,2,2,40000,6930.97,1442.8
T2,mixed,od_multi,0,0.1,random,1000000,2,2,50000,6987.52,1431.12
T2,mixed,od_multi,0,0.1,random,1000000,2,2,60000,7144.66,1399.65
T2,mixed,od_multi,0,0.1,random,1000000,2,2,70000,7231.94,1382.76
T2,mixed,od_multi,0,0.1,random,1000000,2,2,80000,7246.97,1379.89
T2,mixed,od_multi,0,0.1,random,1000000,2,2,90000,7351.35,1360.29
T2,mixed,od_multi,0,0.1,random,1000000,2,2,100000,7396.6,1351.97
T2,mixed,od_multi,0,0.1,random,1000000,2,2,110000,7480.99,1336.72
T2,mixed,od_multi,0,0.1,random,1000000,2,2,120000,7347.97,1360.92
T2,mixed,od_multi,0,0.1,random,1000000,2,2,130000,7273.12,1374.93
T2,mixed,od_multi,0,0.1,random,1000000,2,2,140000,7453.76,1341.6
T2,mixed,od_multi,0,0.1,random,1000000,2,2,150000,7400.13,1351.33
T2,mixed,od_multi,0,0.1,random,1000000,2,2,160000,7550.83,1324.36
T2,mixed,od_multi,0,0.1,random,1000000,2,2,170000,7670.39,1303.72
T2,mixed,od_multi,0,0.1,random,1000000,2,2,180000,7790.6,1283.6
T2,mixed,od_multi,0,0.1,random,1000000,2,2,190000,7254.4,1378.47
T2,mixed,od_multi,0,0.1,random,1000000,2,2,200000,7456.24,1341.16
T2,mixed,od_multi,0,0.1,random,1000000,2,2,210000,7521.91,1329.45
T2,mixed,od_multi,0,0.1,random,1000000,2,2,220000,7672.24,1303.4
T2,mixed,od_multi,0,0.1,random,1000000,2,2,230000,7681.52,1301.83
T2,mixed,od_multi,0,0.1,random,1000000,2,2,240000,7829.47,1277.23
T2,mixed,od_multi,0,0.1,random,1000000,2,2,250000,7658.59,1305.72
T2,mixed,od_multi,0,0.1,random,1000000,2,2,260000,7568.06,1321.34
T2,mixed,od_multi,0,0.1,random,1000000,2,2,270000,7624.65,1311.54
T2,mixed,od_multi,0,0.1,random,1000000,2,2,280000,7737.3,1292.44
T2,mixed,od_multi,0,0.1,random,1000000,2,2,290000,7783.11,1284.83
T2,mixed,od_multi,0,0.1,random,1000000,2,2,300000,7846.18,1274.51
T2,mixed,od_multi,0,0.1,random,1000000,2,2,310000,7957.95,1256.6
T2,mixed,od_multi,0,0.1,random,1000000,2,2,320000,7641.76,1308.6
T2,mixed,od_multi,0,0.1,random,1000000,2,2,330000,7726.84,1294.19
T2,mixed,od_multi,0,0.1,random,1000000,2,2,340000,7859.73,1272.31
T2,mixed,od_multi,0,0.1,random,1000000,2,2,350000,7873.95,1270.01
T2,mixed,od_multi,0,0.1,random,1000000,2,2,360000,8013.68,1247.87
T2,mixed,od_multi,0,0.1,random,1000000,2,2,370000,7960,1256.28
T2,mixed,od_multi,0,0.1,random,1000000,2,2,380000,7988.97,1251.73
T2,mixed,od_multi,0,0.1,random,1000000,2,2,390000,7725.94,1294.34
T2,mixed,od_multi,0,0.1,random,1000000,2,2,400000,7917.72,1262.99
T2,mixed,od_multi,0,0.1,random,1000000,2,2,410000,8057.35,1241.1
T2,mixed,od_multi,0,0.1,random,1000000,2,2,420000,7958.29,1256.55
T2,mixed,od_multi,0,0.1,random,1000000,2,2,430000,8128.28,1230.27
T2,mixed,od_multi,0,0.1,random,1000000,2,2,440000,8232.78,1214.66
T2,mixed,od_multi,0,0.1,random,1000000,2,2,450000,7884.8,1268.26
T2,mixed,od_multi,0,0.1,random,1000000,2,2,460000,7980.71,1253.02
T2,mixed,od_multi,0,0.1,random,1000000,2,2,470000,7905.54,1264.94
T2,mixed,od_multi,0,0.1,random,1000000,2,2,480000,8066.8,1239.65
T2,mixed,od_multi,0,0.1,random,1000000,2,2,490000,8239.77,1213.63
T2,mixed,od_multi,0,0.1,random,1000000,2,2,500000,8358.21,1196.43
T2,mixed,od_multi,0,0.1,random,1000000,2,2,510000,8188.6,1221.21
T2,mixed,od_multi,0,0.1,random,1000000,2,2,520000,8016.86,1247.37
T2,mixed,od_multi,0,0.1,random,1000000,2,2,530000,7846.08,1274.52
T2,mixed,od_multi,0,0.1,random,1000000,2,2,540000,8169.79,1224.02
T2,mixed,od_multi,0,0.1,random,1000000,2,2,550000,8187.83,1221.32
T2,mixed,od_multi,0,0.1,random,1000000,2,2,560000,8315.39,1202.59
T2,mixed,od_multi,0,0.1,random,1000000,2,2,570000,8426.45,1186.74
T2,mixed,od_multi,0,0.1,random,1000000,2,2,580000,8244.08,1212.99
T2,mixed,od_multi,0,0.1,random,1000000,2,2,590000,8114.28,1232.4
T2,mixed,od_multi,0,0.1,random,1000000,2,2,600000,8254.62,1211.44
T2,mixed,od_multi,0,0.1,random,1000000,2,2,610000,8268.68,1209.38
T2,mixed,od_multi,0,0.1,random,1000000,2,2,620000,8328.15,1200.75
T2,mixed,od_multi,0,0.1,random,1000000,2,2,630000,8532.54,1171.98
T2,mixed,od_multi,0,0.1,random,1000000,2,2,640000,8320.67,1201.83
T2,mixed,od_multi,0,0.1,random,1000000,2,2,650000,8127.8,1230.35
T2,mixed,od_multi,0,0.1,random,1000000,2,2,660000,8296.19,1205.37
T2,mixed,od_multi,0,0.1,random,1000000,2,2,670000,8486.66,1178.32
T2,mixed,od_multi,0,0.1,random,1000000,2,2,680000,8357.79,1196.49
T2,mixed,od_multi,0,0.1,random,1000000,2,2,690000,8551.25,1169.42
T2,mixed,od_multi,0,0.1,random,1000000,2,2,700000,8654.59,1155.46
T2,mixed,od_multi,0,0.1,random,1000000,2,2,710000,8497.91,1176.76
T2,mixed,od_multi,0,0.1,random,1000000,2,2,720000,8345.15,1198.3
T2,mixed,od_multi,0,0.1,random,1000000,2,2,730000,8377.05,1193.74
T2,mixed,od_multi,0,0.1,random,1000000,2,2,740000,8558.82,1168.39
T2,mixed,od_multi,0,0.1,random,1000000,2,2,750000,8733.4,1145.03
T2,mixed,od_multi,0,0.1,random,1000000,2,2,760000,8754.15,1142.32
T2,mixed,od_multi,0,0.1,random,1000000,2,2,770000,8853.71,1129.47
T2,mixed,od_multi,0,0.1,random,1000000,2,2,780000,8382.71,1192.93
T2,mixed,od_multi,0,0.1,random,1000000,2,2,790000,8539.5,1171.03
T2,mixed,od_multi,0,0.1,random,1000000,2,2,800000,8640.8,1157.3
T2,mixed,od_multi,0,0.1,random,1000000,2,2,810000,8720.33,1146.75
T2,mixed,od_multi,0,0.1,random,1000000,2,2,820000,8818.35,1134
T2,mixed,od_multi,0,0.1,random,1000000,2,2,830000,8952.25,1117.04
T2,mixed,od_multi,0,0.1,random,1000000,2,2,840000,8820.74,1133.69
T2,mixed,od_multi,0,0.1,random,1000000,2,2,850000,8616.57,1160.55
T2,mixed,od_multi,0,0.1,random,1000000,2,2,860000,8693.02,1150.35
T2,mixed,od_multi,0,0.1,random,1000000,2,2,870000,8772.37,1139.94
T2,mixed,od_multi,0,0.1,random,1000000,2,2,880000,8892.68,1124.52
T2,mixed,od_multi,0,0.1,random,1000000,2,2,890000,9142.83,1093.75
T2,mixed,od_multi,0,0.1,random,1000000,2,2,900000,9116.96,1096.86
T2,mixed,od_multi,0,0.1,random,1000000,2,2,910000,8876.53,1126.57
T2,mixed,od_multi,0,0.1,random,1000000,2,2,920000,8777.58,1139.27
T2,mixed,od_multi,0,0.1,random,1000000,2,2,930000,8961.31,1115.91
T2,mixed,od_multi,0,0.1,random,1000000,2,2,940000,9068.81,1102.68
T2,mixed,od_multi,0,0.1,random,1000000,2,2,950000,9001.44,1110.93
T2,mixed,od_multi,0,0.1,random,1000000,2,2,960000,9126.89,1095.66
T2,mixed,od_multi,0,0.1,random,1000000,2,2,970000,9115.08,1097.08
T2,mixed,od_multi,0,0.1,random,1000000,2,2,980000,8823.84,1133.29
T2,mixed,od_multi,0,0.1,random,1000000,2,2,990000,9031.18,1107.27
T2,mixed,od_multi,0,0.1,random,1000000,2,2,1000000,9038.75,1106.35
T2,mixed,od_multi,0,0.1,random,1000000,2,3,10000,6550.75,1526.54
T2,mixed,od_multi,0,0.1,random,1000000,2,3,20000,6782.78,1474.32
T2,mixed,od_multi,0,0.1,random,1000000,2,3,30000,6861.59,1457.39
T2,mixed,od_multi,0,0.1,random,1000000,2,3,40000,6843.75,1461.19
T2,mixed,od_multi,0,0.1,random,1000000,2,3,50000,7050.05,1418.43
T2,mixed,od_multi,0,0.1,random,1000000,2,3,60000,7106.84,1407.1
T2,mixed,od_multi,0,0.1,random,1000000,2,3,70000,7190.13,1390.79
T2,mixed,od_multi,0,0.1,random,1000000,2,3,80000,7287.26,1372.26
T2,mixed,od_multi,0,0.1,random,1000000,2,3,90000,7311.28,1367.75
T2,mixed,od_multi,0,0.1,random,1000000,2,3,100000,7416.79,1348.29
T2,mixed,od_multi,0,0.1,random,1000000,2,3,110000,7457.77,1340.88
T2,mixed,od_multi,0,0.1,random,1000000,2,3,120000,7265.2,1376.42
T2,mixed,od_multi,0,0.1,random,1000000,2,3,130000,7309.53,1368.08
T2,mixed,od_multi,0,0.1,random,1000000,2,3,140000,7234.29,1382.31
T2,mixed,od_multi,0,0.1,random,1000000,2,3,150000,7482.03,1336.54
T2,mixed,od_multi,0,0.1,random,1000000,2,3,160000,7513.15,1331
T2,mixed,od_multi,0,0.1,random,1000000,2,3,170000,7663.51,1304.88
T2,mixed,od_multi,0,0.1,random,1000000,2,3,180000,7710.53,1296.93
T2,mixed,od_multi,0,0.1,random,1000000,2,3,190000,7317.47,1366.59
T2,mixed,od_multi,0,0.1,random,1000000,2,3,200000,7420.91,1347.54
T2,mixed,od_multi,0,0.1,random,1000000,2,3,210000,7475.28,1337.74
T2,mixed,od_multi,0,0.1,random,1000000,2,3,220000,7620.17,1312.31
T2,mixed,od_multi,0,0.1,random,1000000,2,3,230000,7751.62,1290.05
T2,mixed,od_multi,0,0.1,random,1000000,2,3,240000,7826.7,1277.68
T2,mixed,od_multi,0,0.1,random,1000000,2,3,250000,7774.05,1286.33
T2,mixed,od_multi,0,0.1,random,1000000,2,3,260000,7557.64,1323.16
T2,mixed,od_multi,0,0.1,random,1000000,2,3,270000,7565.05,1321.87
T2,mixed,od_multi,0,0.1,random,1000000,2,3,280000,7707.89,1297.37
T2,mixed,od_multi,0,0.1,random,1000000,2,3,290000,7759.74,1288.7
T2,mixed,od_multi,0,0.1,random,1000000,2,3,300000,7769.76,1287.04
T2,mixed,od_multi,0,0.1,random,1000000,2,3,310000,7935.82,1260.11
T2,mixed,od_multi,0,0.1,random,1000000,2,3,320000,7561.06,1322.57
T2,mixed,od_multi,0,0.1,random,1000000,2,3,330000,7731.99,1293.33
T2,mixed,od_multi,0,0.1,random,1000000,2,3,340000,7611.41,1313.82
T2,mixed,od_multi,0,0.1,random,1000000,2,3,350000,7816.42,1279.36
T2,mixed,od_multi,0,0.1,random,1000000,2,3,360000,7945.65,1258.55
T2,mixed,od_multi,0,0.1,random,1000000,2,3,370000,7973.41,1254.17
T2,mixed,od_multi,0,0.1,random,1000000,2,3,380000,7986.36,1252.13
T2,mixed,od_multi,0,0.1,random,1000000,2,3,390000,7684.9,1301.25
T2,mixed,od_multi,0,0.1,random,1000000,2,3,400000,7946.52,1258.41
T2,mixed,od_multi,0,0.1,random,1000000,2,3,410000,7908.07,1264.53
T2,mixed,od_multi,0,0.1,random,1000000,2,3,420000,8069.11,1239.29
T2,mixed,od_multi,0,0.1,random,1000000,2,3,430000,8122.85,1231.09
T2,mixed,od_multi,0,0.1,random,1000000,2,3,440000,8163.33,1224.99
T2,mixed,od_multi,0,0.1,random,1000000,2,3,450000,7950.83,1257.73
T2,mixed,od_multi,0,0.1,random,1000000,2,3,460000,7873.32,1270.11
T2,mixed,od_multi,0,0.1,random,1000000,2,3,470000,8102.5,1234.19
T2,mixed,od_multi,0,0.1,random,1000000,2,3,480000,8010.81,1248.31
T2,mixed,od_multi,0,0.1,random,1000000,2,3,490000,8122.91,1231.09
T2,mixed,od_multi,0,0.1,random,1000000,2,3,500000,8186.72,1221.49
T2,mixed,od_multi,0,0.1,random,1000000,2,3,510000,8291.61,1206.04
T2,mixed,od_multi,0,0.1,random,1000000,2,3,520000,8101.65,1234.32
T2,mixed,od_multi,0,0.1,random,1000000,2,3,530000,8128.82,1230.19
T2,mixed,od_multi,0,0.1,random,1000000,2,3,540000,8191.57,1220.77
T2,mixed,od_multi,0,0.1,random,1000000,2,3,550000,8285.02,1207
T2,mixed,od_multi,0,0.1,random,1000000,2,3,560000,8370.8,1194.63
T2,mixed,od_multi,0,0.1,random,1000000,2,3,570000,8402.32,1190.15
T2,mixed,od_multi,0,0.1,random,1000000,2,3,580000,8191.38,1220.8
T2,mixed,od_multi,0,0.1,random,1000000,2,3,590000,8200.88,1219.38
T2,mixed,od_multi,0,0.1,random,1000000,2,3,600000,8162.96,1225.05
T2,mixed,od_multi,0,0.1,random,1000000,2,3,610000,8319.01,1202.07
T2,mixed,od_multi,0,0.1,random,1000000,2,3,620000,8441.71,1184.59
T2,mixed,od_multi,0,0.1,random,1000000,2,3,630000,8562.53,1167.88
T2,mixed,od_multi,0,0.1,random,1000000,2,3,640000,8628.09,1159
T2,mixed,od_multi,0,0.1,random,1000000,2,3,650000,8333.65,1199.95
T2,mixed,od_multi,0,0.1,random,1000000,2,3,660000,8357.98,1196.46
T2,mixed,od_multi,0,0.1,random,1000000,2,3,670000,8447.63,1183.76
T2,mixed,od_multi,0,0.1,random,1000000,2,3,680000,8493.46,1177.38
T2,mixed,od_multi,0,0.1,random,1000000,2,3,690000,8665.49,1154
T2,mixed,od_multi,0,0.1,random,1000000,2,3,700000,8674.24,1152.84
T2,mixed,od_multi,0,0.1,random,1000000,2,3,710000,8442.59,1184.47
T2,mixed,od_multi,0,0.1,random,1000000,2,3,720000,8395.45,1191.12
T2,mixed,od_multi,0,0.1,random,1000000,2,3,730000,8547.29,1169.96
T2,mixed,od_multi,0,0.1,random,1000000,2,3,740000,8579.58,1165.56
T2,mixed,od_multi,0,0.1,random,1000000,2,3,750000,8682.74,1151.71
T2,mixed,od_multi,0,0.1,random,1000000,2,3,760000,8751.29,1142.69
T2,mixed,od_multi,0,0.1,random,1000000,2,3,770000,8963.8,1115.6
T2,mixed,od_multi,0,0.1,random,1000000,2,3,780000,8511.53,1174.88
T2,mixed,od_multi,0,0.1,random,1000000,2,3,790000,8623.82,1159.58
T2,mixed,od_multi,0,0.1,random,1000000,2,3,800000,8609.2,1161.55
T2,mixed,od_multi,0,0.1,random,1000000,2,3,810000,8808.98,1135.21
T2,mixed,od_multi,0,0.1,random,1000000,2,3,820000,8804.49,1135.78
T2,mixed,od_multi,0,0.1,random,1000000,2,3,830000,8849.53,1130
T2,mixed,od_multi,0,0.1,random,1000000,2,3,840000,8805.6,1135.64
T2,mixed,od_multi,0,0.1,random,1000000,2,3,850000,8731.49,1145.28
T2,mixed,od_multi,0,0.1,random,1000000,2,3,860000,8726.27,1145.96
T2,mixed,od_multi,0,0.1,random,1000000,2,3,870000,8822,1133.53
T2,mixed,od_multi,0,0.1,random,1000000,2,3,880000,8920.45,1121.02
T2,mixed,od_multi,0,0.1,random,1000000,2,3,890000,9023.63,1108.2
T2,mixed,od_multi,0,0.1,random,1000000,2,3,900000,9127.76,1095.56
T2,mixed,od_multi,0,0.1,random,1000000,2,3,910000,8739.77,1144.19
T2,mixed,od_multi,0,0.1,random,1000000,2,3,920000,8826.21,1132.99
T2,mixed,od_multi,0,0.1,random,1000000,2,3,930000,8951.94,1117.08
T2,mixed,od_multi,0,0.1,random,1000000,2,3,940000,8883.19,1125.72
T2,mixed,od_multi,0,0.1,random,1000000,2,3,950000,9012.58,1109.56
T2,mixed,od_multi,0,0.1,random,1000000,2,3,960000,9132,1095.05
T2,mixed,od_multi,0,0.1,random,1000000,2,3,970000,9205.53,1086.3
T2,mixed,od_multi,0,0.1,random,1000000,2,3,980000,8863.62,1128.21
T2,mixed,od_multi,0,0.1,random,1000000,2,3,990000,9002.01,1110.86
T2,mixed,od_multi,0,0.1,random,1000000,2,3,1000000,9147.61,1093.18
T3,mixed,od_multi,0,0.1,random,1000000,2,1,10000,6666.57,1500.02
T3,mixed,od_multi,0,0.1,random,1000000,2,1,20000,6681.39,1496.69
T3,mixed,od_multi,0,0.1,random,1000000,2,1,30000,6869.86,1455.63
T3,mixed,od_multi,0,0.1,random,1000000,2,1,40000,6939.36,1441.05
T3,mixed,od_multi,0,0.1,random,1000000,2,1,50000,6996.29,1429.33
T3,mixed,od_multi,0,0.1,random,1000000,2,1,60000,7085.38,1411.36
T3,mixed,od_multi,0,0.1,random,1000000,2,1,70000,7199.95,1388.9
T3,mixed,od_multi,0,0.1,random,1000000,2,1,80000,7325.99,1365
T3,mixed,od_multi,0,0.1,random,1000000,2,1,90000,7327.18,1364.78
T3,mixed,od_multi,0,0.1,random,1000000,2,1,100000,7553.83,1323.83
T3,mixed,od_multi,0,0.1,random,1000000,2,1,110000,7606.72,1314.63
T3,mixed,od_multi,0,0.1,random,1000000,2,1,120000,7382.59,1354.54
T3,mixed,od_multi,0,0.1,random,1000000,2,1,130000,7352.66,1360.05
T3,mixed,od_multi,0,0.1,random,1000000,2,1,140000,7391.52,1352.9
T3,mixed,od_multi,0,0.1,random,1000000,2,1,150000,7387.42,1353.65
T3,mixed,od_multi,0,0.1,random,1000000,2,1,160000,7479.24,1337.03
T3,mixed,od_multi,0,0.1,random,1000000,2,1,170000,7642.7,1308.44
T3,mixed,od_multi,0,0.1,random,1000000,2,1,180000,7396.3,1352.03
T3,mixed,od_multi,0,0.1,random,1000000,2,1,190000,7298.83,1370.08
T3,mixed,od_multi,0,0.1,random,1000000,2,1,200000,7367.19,1357.37
T3,mixed,od_multi,0,0.1,random,1000000,2,1,210000,7559.98,1322.75
T3,mixed,od_multi,0,0.1,random,1000000,2,1,220000,7579.19,1319.4
T3,mixed,od_multi,0,0.1,random,1000000,2,1,230000,7653.06,1306.67
T3,mixed,od_multi,0,0.1,random,1000000,2,1,240000,7858.94,1272.44
T3,mixed,od_multi,0,0.1,random,1000000,2,1,250000,7459.81,1340.52
T3,mixed,od_multi,0,0.1,random,1000000,2,1,260000,7623.94,1311.66
T3,mixed,od_multi,0,0.1,random,1000000,2,1,270000,7755.17,1289.46
T3,mixed,od_multi,0,0.1,random,1000000,2,1,280000,7678.52,1302.33
T3,mixed,od_multi,0,0.1,random,1000000,2,1,290000,7903.51,1265.26
T3,mixed,od_multi,0,0.1,random,1000000,2,1,300000,7897.43,1266.23
T3,mixed,od_multi,0,0.1,random,1000000,2,1,310000,8011.87,1248.15
T3,mixed,od_multi,0,0.1,random,1000000,2,1,320000,7607.98,1314.41
T3,mixed,od_multi,0,0.1,random,1000000,2,1,330000,7678.23,1302.38
T3,mixed,od_multi,0,0.1,random,1000000,2,1,340000,7759.1,1288.81
T3,mixed,od_multi,0,0.1,random,1000000,2,1,350000,7962.26,1255.92
T3,mixed,od_multi,0,0.1,random,1000000,2,1,360000,7945.98,1258.5
T3,mixed,od_multi,0,0.1,random,1000000,2,1,370000,8187.54,1221.37
T3,mixed,od_multi,0,0.1,random,1000000,2,1,380000,8076.39,1238.18
T3,mixed,od_multi,0,0.1,random,1000000,2,1,390000,7805.13,1281.21
T3,mixed,od_multi,0,0.1,random,1000000,2,1,400000,7762.11,1288.31
T3,mixed,od_multi,0,0.1,random,1000000,2,1,410000,8047.04,1242.69
T3,mixed,od_multi,0,0.1,random,1000000,2,1,420000,7995.51,1250.7
T3,mixed,od_multi,0,0.1,random,1000000,2,1,430000,8166.94,1224.45
T3,mixed,od_multi,0,0.1,random,1000000,2,1,440000,8217.7,1216.89
T3,mixed,od_multi,0,0.1,random,1000000,2,1,450000,7968.88,1254.88
T3,mixed,od_multi,0,0.1,random,1000000,2,1,460000,7919.76,1262.66
T3,mixed,od_multi,0,0.1,random,1000000,2,1,470000,8003.14,1249.51
T3,mixed,od_multi,0,0.1,random,1000000,2,1,480000,8059.78,1240.73
T3,mixed,od_multi,0,0.1,random,1000000,2,1,490000,8205.9,1218.64
T3,mixed,od_multi,0,0.1,random,1000000,2,1,500000,8269.14,1209.32
T3,mixed,od_multi,0,0.1,random,1000000,2,1,510000,8264.26,1210.03
T3,mixed,od_multi,0,0.1,random,1000000,2,1,520000,8082.9,1237.18
T3,mixed,od_multi,0,0.1,random,1000000,2,1,530000,8189.3,1221.11
T3,mixed,od_multi,0,0.1,random,1000000,2,1,540000,8340.12,1199.02
T3,mixed,od_multi,0,0.1,random,1000000,2,1,550000,8278.92,1207.89
T3,mixed,od_multi,0,0.1,random,1000000,2,1,560000,8444.17,1184.25
T3,mixed,od_multi,0,0.1,random,1000000,2,1,570000,8580.74,1165.4
T3,mixed,od_multi,0,0.1,random,1000000,2,1,580000,8216.63,1217.04
T3,mixed,od_multi,0,0.1,random,1000000,2,1,590000,8246.06,1212.7
T3,mixed,od_multi,0,0.1,random,1000000,2,1,600000,8385.93,1192.47
T3,mixed,od_multi,0,0.1,random,1000000,2,1,610000,8441.28,1184.65
T3,mixed,od_multi,0,0.1,random,1000000,2,1,620000,8554.73,1168.94
T3,mixed,od_multi,0,0.1,random,1000000,2,1,630000,8580.81,1165.39
T3,mixed,od_multi,0,0.1,random,1000000,2,1,640000,8675.26,1152.7
T3,mixed,od_multi,0,0.1,random,1000000,2,1,650000,8296.91,1205.27
T3,mixed,od_multi,0,0.1,random,1000000,2,1,660000,8466.3,1181.15
T3,mixed,od_multi,0,0.1,random,1000000,2,1,670000,8345.32,1198.28
T3,mixed,od_multi,0,0.1,random,1000000,2,1,680000,8484.91,1178.56
T3,mixed,od_multi,0,0.1,random,1000000,2,1,690000,8663.78,1154.23
T3,mixed,od_multi,0,0.1,random,1000000,2,1,700000,8707.6,1148.42
T3,mixed,od_multi,0,0.1,random,1000000,2,1,710000,8418.29,1187.89
T3,mixed,od_multi,0,0.1,random,1000000,2,1,720000,8411.9,1188.79
T3,mixed,od_multi,0,0.1,random,1000000,2,1,730000,8457.47,1182.39
T3,mixed,od_multi,0,0.1,random,1000000,2,1,740000,8592.94,1163.75
T3,mixed,od_multi,0,0.1,random,1000000,2,1,750000,8788.14,1137.9
T3,mixed,od_multi,0,0.1,random,1000000,2,1,760000,8831.27,1132.34
T3,mixed,od_multi,0,0.1,random,1000000,2,1,770000,8967.87,1115.09
T3,mixed,od_multi,0,0.1,random,1000000,2,1,780000,8444.32,1184.23
T3,mixed,od_multi,0,0.1,random,1000000,2,1,790000,8684.34,1151.5
T3,mixed,od_multi,0,0.1,random,1000000,2,1,800000,8669.78,1153.43
T3,mixed,od_multi,0,0.1,random,1000000,2,1,810000,8823.18,1133.38
T3,mixed,od_multi,0,0.1,random,1000000,2,1,820000,8837.72,1131.51
T3,mixed,od_multi,0,0.1,random,1000000,2,1,830000,9064.8,1103.17
T3,mixed,od_multi,0,0.1,random,1000000,2,1,840000,8798.55,1136.55
T3,mixed,od_multi,0,0.1,random,1000000,2,1,850000,8522.28,1173.4
T3,mixed,od_multi,0,0.1,random,1000000,2,1,860000,8817.03,1134.17
T3,mixed,od_multi,0,0.1,random,1000000,2,1,870000,8846.97,1130.33
T3,mixed,od_multi,0,0.1,random,1000000,2,1,880000,9017.51,1108.95
T3,mixed,od_multi,0,0.1,random,1000000,2,1,890000,9098.69,1099.06
T3,mixed,od_multi,0,0.1,random,1000000,2,1,900000,9267.7,1079.02
T3,mixed,od_multi,0,0.1,random,1000000,2,1,910000,8766.33,1140.73
T3,mixed,od_multi,0,0.1,random,1000000,2,1,920000,8762.69,1141.2
T3,mixed,od_multi,0,0.1,random,1000000,2,1,930000,8955.79,1116.6
T3,mixed,od_multi,0,0.1,random,1000000,2,1,940000,9016.09,1109.13
T3,mixed,od_multi,0,0.1,random,1000000,2,1,950000,9087.08,1100.46
T3,mixed,od_multi,0,0.1,random,1000000,2,1,960000,9262.54,1079.62
T3,mixed,od_multi,0,0.1,random,1000000,2,1,970000,8994.02,1111.85
T3,mixed,od_multi,0,0.1,random,1000000,2,1,980000,9007.77,1110.15
T3,mixed,od_multi,0,0.1,random,1000000,2,1,990000,8976.64,1114
T3,mixed,od_multi,0,0.1,random,1000000,2,1,1000000,9153.87,1092.43
T3,mixed,od_multi,0,0.1,random,1000000,2,2,10000,6600.26,1515.09
T3,mixed,od_multi,0,0.1,random,1000000,2,2,20000,6729.99,1485.89
T3,mixed,od_multi,0,0.1,random,1000000,2,2,30000,6851.76,1459.48
T3,mixed,od_multi,0,0.1,random,1000000,2,2,40000,6897.45,1449.81
T3,mixed,od_multi,0,0.1,random,1000000,2,2,50000,6959.76,1436.83
T3,mixed,od_multi,0,0.1,random,1000000,2,2,60000,7123.04,1403.89
T3,mixed,od_multi,0,0.1,random,1000000,2,2,70000,7192.82,1390.27
T3,mixed,od_multi,0,0.1,random,1000000,2,2,80000,7154.22,1397.78
T3,mixed,od_multi,0,0.1,random,1000000,2,2,90000,7350.68,1360.42
T3,mixed,od_multi,0,0.1,random,1000000,2,2,100000,7445.51,1343.09
T3,mixed,od_multi,0,0.1,random,1000000,2,2,110000,7565.08,1321.86
T3,mixed,od_multi,0,0.1,random,1000000,2,2,120000,7208.23,1387.3
T3,mixed,od_multi,0,0.1,random,1000000,2,2,130000,7316.34,1366.8
T3,mixed,od_multi,0,0.1,random,1000000,2,2,140000,7334.24,1363.47
T3,mixed,od_multi,0,0.1,random,1000000,2,2,150000,7415.46,1348.53
T3,mixed,od_multi,0,0.1,random,1000000,2,2,160000,7539.47,1326.35
T3,mixed,od_multi,0,0.1,random,1000000,2,2,170000,7576.18,1319.93
T3,mixed,od_multi,0,0.1,random,1000000,2,2,180000,7682.97,1301.58
T3,mixed,od_multi,0,0.1,random,1000000,2,2,190000,7280.29,1373.57
T3,mixed,od_multi,0,0.1,random,1000000,2,2,200000,7360.46,1358.61
T3,mixed,od_multi,0,0.1,random,1000000,2,2,210000,7496.42,1333.97
T3,mixed,od_multi,0,0.1,random,1000000,2,2,220000,7415.99,1348.44
T3,mixed,od_multi,0,0.1,random,1000000,2,2,230000,7780.41,1285.28
T3,mixed,od_multi,0,0.1,random,1000000,2,2,240000,7824.63,1278.02
T3,mixed,od_multi,0,0.1,random,1000000,2,2,250000,7732.78,1293.2
T3,mixed,od_multi,0,0.1,random,1000000,2,2,260000,7536.38,1326.9
T3,mixed,od_multi,0,0.1,random,1000000,2,2,270000,7629.28,1310.74
T3,mixed,od_multi,0,0.1,random,1000000,2,2,280000,7807.33,1280.85
T3,mixed,od_multi,0,0.1,random,1000000,2,2,290000,7894.48,1266.71
T3,mixed,od_multi,0,0.1,random,1000000,2,2,300000,7909.73,1264.26
T3,mixed,od_multi,0,0.1,random,1000000,2,2,310000,7920.1,1262.61
T3,mixed,od_multi,0,0.1,random,1000000,2,2,320000,7515.03,1330.67
T3,mixed,od_multi,0,0.1,random,1000000,2,2,330000,7724.59,1294.57
T3,mixed,od_multi,0,0.1,random,1000000,2,2,340000,7822.17,1278.42
T3,mixed,od_multi,0,0.1,random,1000000,2,2,350000,7913.96,1263.59
T3,mixed,od_multi,0,0.1,random,1000000,2,2,360000,7955.54,1256.99
T3,mixed,od_multi,0,0.1,random,1000000,2,2,370000,8066.7,1239.66
T3,mixed,od_multi,0,0.1,random,1000000,2,2,380000,8008.6,1248.66
T3,mixed,od_multi,0,0.1,random,1000000,2,2,390000,7794.68,1282.93
T3,mixed,od_multi,0,0.1,random,1000000,2,2,400000,7898.79,1266.02
T3,mixed,od_multi,0,0.1,random,1000000,2,2,410000,7953.14,1257.37
T3,mixed,od_multi,0,0.1,random,1000000,2,2,420000,7868.35,1270.92
T3,mixed,od_multi,0,0.1,random,1000000,2,2,430000,8092.19,1235.76
T3,mixed,od_multi,0,0.1,random,1000000,2,2,440000,8150.82,1226.87
T3,mixed,od_multi,0,0.1,random,1000000,2,2,450000,7789.36,1283.8
T3,mixed,od_multi,0,0.1,random,1000000,2,2,460000,7807.49,1280.82
T3,mixed,od_multi,0,0.1,random,1000000,2,2,470000,8017.95,1247.2
T3,mixed,od_multi,0,0.1,random,1000000,2,2,480000,8100.42,1234.5
T3,mixed,od_multi,0,0.1,random,1000000,2,2,490000,8211.3,1217.83
T3,mixed,od_multi,0,0.1,random,1000000,2,2,500000,8229.46,1215.15
T3,mixed,od_multi,0,0.1,random,1000000,2,2,510000,8298.1,1205.1
T3,mixed,od_multi,0,0.1,random,1000000,2,2,520000,7985.46,1252.28
T3,mixed,od_multi,0,0.1,random,1000000,2,2,530000,8129.19,1230.13
T3,mixed,od_multi,0,0.1,random,1000000,2,2,540000,8155.35,1226.19
T3,mixed,od_multi,0,0.1,random,1000000,2,2,550000,8063.67,1240.13
T3,mixed,od_multi,0,0.1,random,1000000,2,2,560000,8341.72,1198.79
T3,mixed,od_multi,0,0.1,random,1000000,2,2,570000,8457.29,1182.41
T3,mixed,od_multi,0,0.1,random,1000000,2,2,580000,8062.38,1240.33
T3,mixed,od_multi,0,0.1,random,1000000,2,2,590000,8067.14,1239.6
T3,mixed,od_multi,0,0.1,random,1000000,2,2,600000,8239.25,1213.7
T3,mixed,od_multi,0,0.1,random,1000000,2,2,610000,8295.05,1205.54
T3,mixed,od_multi,0,0.1,random,1000000,2,2,620000,8404.71,1189.81
T3,mixed,od_multi,0,0.1,random,1000000,2,2,630000,8529.29,1172.43
T3,mixed,od_multi,0,0.1,random,1000000,2,2,640000,8559.73,1168.26
T3,mixed,od_multi,0,0.1,random,1000000,2,2,650000,8057.68,1241.05
T3,mixed,od_multi,0,0.1,random,1000000,2,2,660000,8309.34,1203.47
T3,mixed,od_multi,0,0.1,random,1000000,2,2,670000,8432.3,1185.92
T3,mixed,od_multi,0,0.1,random,1000000,2,2,680000,8441.36,1184.64
T3,mixed,od_multi,0,0.1,random,1000000,2,2,690000,8621.41,1159.9
T3,mixed,od_multi,0,0.1,random,1000000,2,2,700000,8707.01,1148.5
T3,mixed,od_multi,0,0.1,random,1000000,2,2,710000,8491.82,1177.6
T3,mixed,od_multi,0,0.1,random,1000000,2,2,720000,8211.51,1217.8
T3,mixed,od_multi,0,0.1,random,1000000,2,2,730000,8457.41,1182.39
T3,mixed,od_multi,0,0.1,random,1000000,2,2,740000,8581.1,1165.35
T3,mixed,od_multi,0,0.1,random,1000000,2,2,750000,8643.51,1156.94
T3,mixed,od_multi,0,0.1,random,1000000,2,2,760000,8828.67,1132.67
T3,mixed,od_multi,0,0.1,random,1000000,2,2,770000,8881.69,1125.91
T3,mixed,od_multi,0,0.1,random,1000000,2,2,780000,8416.69,1188.12
T3,mixed,od_multi,0,0.1,random,1000000,2,2,790000,8641.24,1157.24
T3,mixed,od_multi,0,0.1,random,1000000,2,2,800000,8666.09,1153.92
T3,mixed,od_multi,0,0.1,random,1000000,2,2,810000,8881.36,1125.95
T3,mixed,od_multi,0,0.1,random,1000000,2,2,820000,8812.43,1134.76
T3,mixed,od_multi,0,0.1,random,1000000,2,2,830000,9004.28,1110.58
T3,mixed,od_multi,0,0.1,random,1000000,2,2,840000,8765.52,1140.83
T3,mixed,od_multi,0,0.1,random,1000000,2,2,850000,8727.84,1145.76
T3,mixed,od_multi,0,0.1,random,1000000,2,2,860000,8702.4,1149.11
T3,mixed,od_multi,0,0.1,random,1000000,2,2,870000,8951.83,1117.09
T3,mixed,od_multi,0,0.1,random,1000000,2,2,880000,8991.99,1112.1
T3,mixed,od_multi,0,0.1,random,1000000,2,2,890000,9011.55,1109.69
T3,mixed,od_multi,0,0.1,random,1000000,2,2,900000,9194.66,1087.59
T3,mixed,od_multi,0,0.1,random,1000000,2,2,910000,8814.91,1134.44
T3,mixed,od_multi,0,0.1,random,1000000,2,2,920000,8902.94,1123.22
T3,mixed,od_multi,0,0.1,random,1000000,2,2,930000,8736.67,1144.6
T3,mixed,od_multi,0,0.1,random,1000000,2,2,940000,9129.62,1095.34
T3,mixed,od_multi,0,0.1,random,1000000,2,2,950000,9123.6,1096.06
T3,mixed,od_multi,0,0.1,random,1000000,2,2,960000,9156.66,1092.1
T3,mixed,od_multi,0,0.1,random,1000000,2,2,970000,9060.71,1103.67
T3,mixed,od_multi,0,0.1,random,1000000,2,2,980000,8890.3,1124.82
T3,mixed,od_multi,0,0.1,random,1000000,2,2,990000,9110.8,1097.6
T3,mixed,od_multi,0,0.1,random,1000000,2,2,1000000,9124.5,1095.95
T3,mixed,od_multi,0,0.1,random,1000000,2,3,10000,6583.97,1518.84
T3,mixed,od_multi,0,0.1,random,1000000,2,3,20000,6624.21,1509.61
T3,mixed,od_multi,0,0.1,random,1000000,2,3,30000,6795.51,1471.56
T3,mixed,od_multi,0,0.1,random,1000000,2,3,40000,6897.03,1449.9
T3,mixed,od_multi,0,0.1,random,1000000,2,3,50000,6861.56,1457.4
T3,mixed,od_multi,0,0.1,random,1000000,2,3,60000,7127.97,1402.92
T3,mixed,od_multi,0,0.1,random,1000000,2,3,70000,7326.24,1364.96
T3,mixed,od_multi,0,0.1,random,1000000,2,3,80000,7288.51,1372.02
T3,mixed,od_multi,0,0.1,random,1000000,2,3,90000,7197.9,1389.29
T3,mixed,od_multi,0,0.1,random,1000000,2,3,100000,7330.46,1364.17
T3,mixed,od_multi,0,0.1,random,1000000,2,3,110000,7698.07,1299.03
T3,mixed,od_multi,0,0.1,random,1000000,2,3,120000,7338.83,1362.62
T3,mixed,od_multi,0,0.1,random,1000000,2,3,130000,7171.06,1394.49
T3,mixed,od_multi,0,0.1,random,1000000,2,3,140000,7395.58,1352.16
T3,mixed,od_multi,0,0.1,random,1000000,2,3,150000,7479.96,1336.91
T3,mixed,od_multi,0,0.1,random,1000000,2,3,160000,7680,1302.08
T3,mixed,od_multi,0,0.1,random,1000000,2,3,170000,7564.75,1321.92
T3,mixed,od_multi,0,0.1,random,1000000,2,3,180000,7845.78,1274.57
T3,mixed,od_multi,0,0.1,random,1000000,2,3,190000,7381.47,1354.74
T3,mixed,od_multi,0,0.1,random,1000000,2,3,200000,7489.21,1335.25
T3,mixed,od_multi,0,0.1,random,1000000,2,3,210000,7486.75,1335.69
T3,mixed,od_multi,0,0.1,random,1000000,2,3,220000,7546.2,1325.17
T3,mixed,od_multi,0,0.1,random,1000000,2,3,230000,7750.59,1290.23
T3,mixed,od_multi,0,0.1,random,1000000,2,3,240000,7876.65,1269.57
T3,mixed,od_multi,0,0.1,random,1000000,2,3,250000,7628.03,1310.95
T3,mixed,od_multi,0,0.1,random,1000000,2,3,260000,7537.73,1326.66
T3,mixed,od_multi,0,0.1,random,1000000,2,3,270000,7652.37,1306.78
T3,mixed,od_multi,0,0.1,random,1000000,2,3,280000,7693.93,1299.73
T3,mixed,od_multi,0,0.1,random,1000000,2,3,290000,7736.38,1292.59
T3,mixed,od_multi,0,0.1,random,1000000,2,3,300000,7931.5,1260.8
T3,mixed,od_multi,0,0.1,random,1000000,2,3,310000,8003.39,1249.47
T3,mixed,od_multi,0,0.1,random,1000000,2,3,320000,7589.32,1317.64
T3,mixed,od_multi,0,0.1,random,1000000,2,3,330000,7532.98,1327.5
T3,mixed,od_multi,0,0.1,random,1000000,2,3,340000,7807,1280.9
T3,mixed,od_multi,0,0.1,random,1000000,2,3,350000,7799.45,1282.14
T3,mixed,od_multi,0,0.1,random,1000000,2,3,360000,7991.64,1251.31
T3,mixed,od_multi,0,0.1,random,1000000,2,3,370000,8139.55,1228.57
T3,mixed,od_multi,0,0.1,random,1000000,2,3,380000,7959.69,1256.33
T3,mixed,od_multi,0,0.1,random,1000000,2,3,390000,7797.44,1282.47
T3,mixed,od_multi,0,0.1,random,1000000,2,3,400000,7915.58,1263.33
T3,mixed,od_multi,0,0.1,random,1000000,2,3,410000,8041.64,1243.53
T3,mixed,od_multi,0,0.1,random,1000000,2,3,420000,8026.84,1245.82
T3,mixed,od_multi,0,0.1,random,1000000,2,3,430000,8107.27,1233.46
T3,mixed,od_multi,0,0.1,random,1000000,2,3,440000,8192.37,1220.65
T3,mixed,od_multi,0,0.1,random,1000000,2,3,450000,7890.39,1267.36
T3,mixed,od_multi,0,0.1,random,1000000,2,3,460000,7985.55,1252.26
T3,mixed,od_multi,0,0.1,random,1000000,2,3,470000,8075.74,1238.28
T3,mixed,od_multi,0,0.1,random,1000000,2,3,480000,8097.95,1234.88
T3,mixed,od_multi,0,0.1,random,1000000,2,3,490000,8260.72,1210.55
T3,mixed,od_multi,0,0.1,random,1000000,2,3,500000,8276.02,1208.31
T3,mixed,od_multi,0,0.1,random,1000000,2,3,510000,8245.26,1212.82
T3,mixed,od_multi,0,0.1,random,1000000,2,3,520000,7936.19,1260.05
T3,mixed,od_multi,0,0.1,random,1000000,2,3,530000,8218.52,1216.76
T3,mixed,od_multi,0,0.1,random,1000000,2,3,540000,8193.61,1220.46
T3,mixed,od_multi,0,0.1,random,1000000,2,3,550000,8299.36,1204.91
T3,mixed,od_multi,0,0.1,random,1000000,2,3,560000,8489.03,1177.99
T3,mixed,od_multi,0,0.1,random,1000000,2,3,570000,8612.58,1161.09
T3,mixed,od_multi,0,0.1,random,1000000,2,3,580000,8259.7,1210.7
T3,mixed,od_multi,0,0.1,random,1000000,2,3,590000,8176.26,1223.05
T3,mixed,od_multi,0,0.1,random,1000000,2,3,600000,8377.9,1193.62
T3,mixed,od_multi,0,0.1,random,1000000,2,3,610000,8473,1180.22
T3,mixed,od_multi,0,0.1,random,1000000,2,3,620000,8539.33,1171.05
T3,mixed,od_multi,0,0.1,random,1000000,2,3,630000,8598.66,1162.97
T3,mixed,od_multi,0,0.1,random,1000000,2,3,640000,8600.4,1162.74
T3,mixed,od_multi,0,0.1,random,1000000,2,3,650000,8208.42,1218.26
T3,mixed,od_multi,0,0.1,random,1000000,2,3,660000,8351.74,1197.35
T3,mixed,od_multi,0,0.1,random,1000000,2,3,670000,8521.07,1173.56
T3,mixed,od_multi,0,0.1,random,1000000,2,3,680000,8561.64,1168
T3,mixed,od_multi,0,0.1,random,1000000,2,3,690000,8544.55,1170.34
T3,mixed,od_multi,0,0.1,random,1000000,2,3,700000,8795.17,1136.99
T3,mixed,od_multi,0,0.1,random,1000000,2,3,710000,8503.03,1176.05
T3,mixed,od_multi,0,0.1,random,1000000,2,3,720000,8519.25,1173.81
T3,mixed,od_multi,0,0.1,random,1000000,2,3,730000,8502.93,1176.07
T3,mixed,od_multi,0,0.1,random,1000000,2,3,740000,8688.6,1150.93
T3,mixed,od_multi,0,0.1,random,1000000,2,3,750000,8665.69,1153.98
T3,mixed,od_multi,0,0.1,random,1000000,2,3,760000,8788.61,1137.84
T3,mixed,od_multi,0,0.1,random,1000000,2,3,770000,8813.28,1134.65
T3,mixed,od_multi,0,0.1,random,1000000,2,3,780000,8414.65,1188.4
T3,mixed,od_multi,0,0.1,random,1000000,2,3,790000,8735.95,1144.69
T3,mixed,od_multi,0,0.1,random,1000000,2,3,800000,8713.12,1147.69
T3,mixed,od_multi,0,0.1,random,1000000,2,3,810000,8850.79,1129.84
T3,mixed,od_multi,0,0.1,random,1000000,2,3,820000,8834.89,1131.88
T3,mixed,od_multi,0,0.1,random,1000000,2,3,830000,8909.48,1122.4
T3,mixed,od_multi,0,0.1,random,1000000,2,3,840000,8786.17,1138.15
T3,mixed,od_multi,0,0.1,random,1000000,2,3,850000,8565.17,1167.52
T3,mixed,od_multi,0,0.1,random,1000000,2,3,860000,8750.51,1142.79
T3,mixed,od_multi,0,0.1,random,1000000,2,3,870000,8850.69,1129.86
T3,mixed,od_multi,0,0.1,random,1000000,2,3,880000,8996.58,1111.53
T3,mixed,od_multi,0,0.1,random,1000000,2,3,890000,9127.58,1095.58
T3,mixed,od_multi,0,0.1,random,1000000,2,3,900000,8916.32,1121.54
T3,mixed,od_multi,0,0.1,random,1000000,2,3,910000,8596.82,1163.22
T3,mixed,od_multi,0,0.1,random,1000000,2,3,920000,8857.04,1129.05
T3,mixed,od_multi,0,0.1,random,1000000,2,3,930000,8898.1,1123.84
T3,mixed,od_multi,0,0.1,random,1000000,2,3,940000,9080.45,1101.27
T3,mixed,od_multi,0,0.1,random,1000000,2,3,950000,9146.64,1093.3
T3,mixed,od_multi,0,0.1,random,1000000,2,3,960000,9246.79,1081.46
T3,mixed,od_multi,0,0.1,random,1000000,2,3,970000,9173.5,1090.1
T3,mixed,od_multi,0,0.1,random,1000000,2,3,980000,8860.98,1128.54
T3,mixed,od_multi,0,0.1,random,1000000,2,3,990000,8994.82,1111.75
T3,mixed,od_multi,0,0.1,random,1000000,2,3,1000000,9059.24,1103.85
T3,mixed,od_multi,0.1,0.1,random,1000000,2,1,10000,6457.86,1548.5
T3,mixed,od_multi,0.1,0.1,random,1000000,2,1,20000,6652.95,1503.09
T3,mixed,od_multi,0.1,0.1,random,1000000,2,1,30000,6795.58,1471.54
T3,mixed,od_multi,0.1,0.1,random,1000000,2,1,40000,6885.05,1452.42
T3,mixed,od_multi,0.1,0.1,random,1000000,2,1,50000,7015.97,1425.32
T3,mixed,od_multi,0.1,0.1,random,1000000,2,1,60000,7103.93,1407.67
T3,mixed,od_multi,0.1,0.1,random,1000000,2,1,70000,7132.92,1401.95
T3,mixed,od_multi,0.1,0.1,random,1000000,2,1,80000,7244.94,1380.27
T3,mixed,od_multi,0.1,0.1,random,1000000,2,1,90000,7414.59,1348.69
T3,mixed,od_multi,0.1,0.1,random,1000000,2,1,100000,7339.39,1362.51
T3,mixed,od_multi,0.1,0.1,random,1000000,2,1,110000,7389.19,1353.33
T3,mixed,od_multi,0.1,0.1,random,1000000,2,1,120000,7279.26,1373.77
T3,mixed,od_multi,0.1,0.1,random,1000000,2,1,130000,7248.11,1379.67
T3,mixed,od_multi,0.1,0.1,random,1000000,2,1,140000,7299.61,1369.94
T3,mixed,od_multi,0.1,0.1,random,1000000,2,1,150000,7379.87,1355.04
T3,mixed,od_multi,0.1,0.1,random,1000000,2,1,160000,7468.14,1339.02
T3,mixed,od_multi,0.1,0.1,random,1000000,2,1,170000,7665.66,1304.52
T3,mixed,od_multi,0.1,0.1,random,1000000,2,1,180000,7717.83,1295.7
T3,mixed,od_multi,0.1,0.1,random,1000000,2,1,190000,7329.14,1364.42
T3,mixed,od_multi,0.1,0.1,random,1000000,2,1,200000,7491.38,1334.87
T3,mixed,od_multi,0.1,0.1,random,1000000,2,1,210000,7486.01,1335.83
T3,mixed,od_multi,0.1,0.1,random,1000000,2,1,220000,7718.4,1295.6
T3,mixed,od_multi,0.1,0.1,random,1000000,2,1,230000,7752.71,1289.87
T3,mixed,od_multi,0.1,0.1,random,1000000,2,1,240000,7756.97,1289.16
T3,mixed,od_multi,0.1,0.1,random,1000000,2,1,250000,7645.93,1307.89
T3,mixed,od_multi,0.1,0.1,random,1000000,2,1,260000,7512.91,1331.04
T3,mixed,od_multi,0.1,0.1,random,1000000,2,1,270000,7549.63,1324.57
T3,mixed,od_multi,0.1,0.1,random,1000000,2,1,280000,7673.28,1303.22
T3,mixed,od_multi,0.1,0.1,random,1000000,2,1,290000,7789.05,1283.85
T3,mixed,od_multi,0.1,0.1,random,1000000,2,1,300000,7814.75,1279.63
T3,mixed,od_multi,0.1,0.1,random,1000000,2,1,310000,7997.25,1250.43
T3,mixed,od_multi,0.1,0.1,random,1000000,2,1,320000,7651.35,1306.96
T3,mixed,od_multi,0.1,0.1,random,1000000,2,1,330000,7741.87,1291.68
T3,mixed,od_multi,0.1,0.1,random,1000000,2,1,340000,7807.72,1280.78
T3,mixed,od_multi,0.1,0.1,random,1000000,2,1,350000,7768.09,1287.32
T3,mixed,od_multi,0.1,0.1,random,1000000,2,1,360000,7952.7,1257.44
T3,mixed,od_multi,0.1,0.1,random,1000000,2,1,370000,7916.3,1263.22
T3,mixed,od_multi,0.1,0.1,random,1000000,2,1,380000,7972.49,1254.31
T3,mixed,od_multi,0.1,0.1,random,1000000,2,1,390000,7729.37,1293.77
T3,mixed,od_multi,0.1,0.1,random,1000000,2,1,400000,7844.51,1274.78
T3,mixed,od_multi,0.1,0.1,random,1000000,2,1,410000,8030.03,1245.32
T3,mixed,od_multi,0.1,0.1,random,1000000,2,1,420000,8008.43,1248.68
T3,mixed,od_multi,0.1,0.1,random,1000000,2,1,430000,8140.25,1228.46
T3,mixed,od_multi,0.1,0.1,random,1000000,2,1,440000,8204.43,1218.85
T3,mixed,od_multi,0.1,0.1,random,1000000,2,1,450000,7891.42,1267.2
T3,mixed,od_multi,0.1,0.1,random,1000000,2,1,460000,8014.89,1247.68
T3,mixed,od_multi,0.1,0.1,random,1000000,2,1,470000,8036.34,1244.35
T3,mixed,od_multi,0.1,0.1,random,1000000,2,1,480000,8024.14,1246.24
T3,mixed,od_multi,0.1,0.1,random,1000000,2,1,490000,8251.88,1211.84
T3,mixed,od_multi,0.1,0.1,random,1000000,2,1,500000,8273.74,1208.64
T3,mixed,od_multi,0.1,0.1,random,1000000,2,1,510000,8210.79,1217.91
T3,mixed,od_multi,0.1,0.1,random,1000000,2,1,520000,8019.33,1246.99
T3,mixed,od_multi,0.1,0.1,random,1000000,2,1,530000,8153.3,1226.5
T3,mixed,od_multi,0.1,0.1,random,1000000,2,1,540000,8199.05,1219.65
T3,mixed,od_multi,0.1,0.1,random,1000000,2,1,550000,8260.46,1210.59
T3,mixed,od_multi,0.1,0.1,random,1000000,2,1,560000,8431.06,1186.09
T3,mixed,od_multi,0.1,0.1,random,1000000,2,1,570000,8512.59,1174.73
T3,mixed,od_multi,0.1,0.1,random,1000000,2,1,580000,8228.71,1215.26
T3,mixed,od_multi,0.1,0.1,random,1000000,2,1,590000,8159.71,1225.53
T3,mixed,od_multi,0.1,0.1,random,1000000,2,1,600000,8136.29,1229.06
T3,mixed,od_multi,0.1,0.1,random,1000000,2,1,610000,8361.87,1195.9
T3,mixed,od_multi,0.1,0.1,random,1000000,2,1,620000,8427.97,1186.53
T3,mixed,od_multi,0.1,0.1,random,1000000,2,1,630000,8476.45,1179.74
T3,mixed,od_multi,0.1,0.1,random,1000000,2,1,640000,8591.32,1163.96
T3,mixed,od_multi,0.1,0.1,random,1000000,2,1,650000,8209.19,1218.15
T3,mixed,od_multi,0.1,0.1,random,1000000,2,1,660000,8304.25,1204.2
T3,mixed,od_multi,0.1,0.1,random,1000000,2,1,670000,8445.97,1184
T3,mixed,od_multi,0.1,0.1,random,1000000,2,1,680000,8463.12,1181.6
T3,mixed,od_multi,0.1,0.1,random,1000000,2,1,690000,8671.78,1153.17
T3,mixed,od_multi,0.1,0.1,random,1000000,2,1,700000,8683.94,1151.55
T3,mixed,od_multi,0.1,0.1,random,1000000,2,1,710000,8514.5,1174.47
T3,mixed,od_multi,0.1,0.1,random,1000000,2,1,720000,8399.15,1190.6
T3,mixed,od_multi,0.1,0.1,random,1000000,2,1,730000,8446.08,1183.98
T3,mixed,od_multi,0.1,0.1,random,1000000,2,1,740000,8681.29,1151.9
T3,mixed,od_multi,0.1,0.1,random,1000000,2,1,750000,8736.27,1144.65
T3,mixed,od_multi,0.1,0.1,random,1000000,2,1,760000,8827.63,1132.81
T3,mixed,od_multi,0.1,0.1,random,1000000,2,1,770000,8929.03,1119.94
T3,mixed,od_multi,0.1,0.1,random,1000000,2,1,780000,8463.85,1181.5
T3,mixed,od_multi,0.1,0.1,random,1000000,2,1,790000,8695.75,1149.99
T3,mixed,od_multi,0.1,0.1,random,1000000,2,1,800000,8739.27,1144.26
T3,mixed,od_multi,0.1,0.1,random,1000000,2,1,810000,8806.95,1135.47
T3,mixed,od_multi,0.1,0.1,random,1000000,2,1,820000,8691.5,1150.55
T3,mixed,od_multi,0.1,0.1,random,1000000,2,1,830000,8885.25,1125.46
T3,mixed,od_multi,0.1,0.1,random,1000000,2,1,840000,8737.74,1144.46
T3,mixed,od_multi,0.1,0.1,random,1000000,2,1,850000,8641.92,1157.15
T3,mixed,od_multi,0.1,0.1,random,1000000,2,1,860000,8671.7,1153.18
T3,mixed,od_multi,0.1,0.1,random,1000000,2,1,870000,8899.64,1123.64
T3,mixed,od_multi,0.1,0.1,random,1000000,2,1,880000,8954.06,1116.81
T3,mixed,od_multi,0.1,0.1,random,1000000,2,1,890000,9042.36,1105.91
T3,mixed,od_multi,0.1,0.1,random,1000000,2,1,900000,9175.62,1089.84
T3,mixed,od_multi,0.1,0.1,random,1000000,2,1,910000,8912.9,1121.97
T3,mixed,od_multi,0.1,0.1,random,1000000,2,1,920000,8699.77,1149.46
T3,mixed,od_multi,0.1,0.1,random,1000000,2,1,930000,8773.7,1139.77
T3,mixed,od_multi,0.1,0.1,random,1000000,2,1,940000,9030.52,1107.36
T3,mixed,od_multi,0.1,0.1,random,1000000,2,1,950000,9115.66,1097.01
T3,mixed,od_multi,0.1,0.1,random,1000000,2,1,960000,9104.29,1098.38
T3,mixed,od_multi,0.1,0.1,random,1000000,2,1,970000,9054.98,1104.36
T3,mixed,od_multi,0.1,0.1,random,1000000,2,1,980000,8886.8,1125.26
T3,mixed,od_multi,0.1,0.1,random,1000000,2,1,990000,9041.85,1105.97
T3,mixed,od_multi,0.1,0.1,random,1000000,2,1,1000000,9000.56,1111.04
T3,mixed,od_multi,0.1,0.1,random,1000000,2,2,10000,6573.68,1521.22
T3,mixed,od_multi,0.1,0.1,random,1000000,2,2,20000,6748.93,1481.72
T3,mixed,od_multi,0.1,0.1,random,1000000,2,2,30000,6836.49,1462.74
T3,mixed,od_multi,0.1,0.1,random,1000000,2,2,40000,6978.33,1433.01
T3,mixed,od_multi,0.1,0.1,random,1000000,2,2,50000,7102.34,1407.99
T3,mixed,od_multi,0.1,0.1,random,1000000,2,2,60000,7138.97,1400.76
T3,mixed,od_multi,0.1,0.1,random,1000000,2,2,70000,7295.24,1370.76
T3,mixed,od_multi,0.1,0.1,random,1000000,2,2,80000,7326.48,1364.91
T3,mixed,od_multi,0.1,0.1,random,1000000,2,2,90000,7320.01,1366.12
T3,mixed,od_multi,0.1,0.1,random,1000000,2,2,100000,7540.95,1326.09
T3,mixed,od_multi,0.1,0.1,random,1000000,2,2,110000,7553.51,1323.89
T3,mixed,od_multi,0.1,0.1,random,1000000,2,2,120000,7317.21,1366.64
T3,mixed,od_multi,0.1,0.1,random,1000000,2,2,130000,7368.76,1357.08
T3,mixed,od_multi,0.1,0.1,random,1000000,2,2,140000,7350.2,1360.51
T3,mixed,od_multi,0.1,0.1,random,1000000,2,2,150000,7503.16,1332.77
T3,mixed,od_multi,0.1,0.1,random,1000000,2,2,160000,7605.56,1314.83
T3,mixed,od_multi,0.1,0.1,random,1000000,2,2,170000,7692.48,1299.97
T3,mixed,od_multi,0.1,0.1,random,1000000,2,2,180000,7771.88,1286.69
T3,mixed,od_multi,0.1,0.1,random,1000000,2,2,190000,7333.4,1363.62
T3,mixed,od_multi,0.1,0.1,random,1000000,2,2,200000,7488.72,1335.34
T3,mixed,od_multi,0.1,0.1,random,1000000,2,2,210000,7457.3,1340.97
T3,mixed,od_multi,0.1,0.1,random,1000000,2,2,220000,7601.46,1315.54
T3,mixed,od_multi,0.1,0.1,random,1000000,2,2,230000,7585.45,1318.31
T3,mixed,od_multi,0.1,0.1,random,1000000,2,2,240000,7737.5,1292.41
T3,mixed,od_multi,0.1,0.1,random,1000000,2,2,250000,7684.18,1301.38
T3,mixed,od_multi,0.1,0.1,random,1000000,2,2,260000,7543.08,1325.72
T3,mixed,od_multi,0.1,0.1,random,1000000,2,2,270000,7628.51,1310.87
T3,mixed,od_multi,0.1,0.1,random,1000000,2,2,280000,7736.11,1292.64
T3,mixed,od_multi,0.1,0.1,random,1000000,2,2,290000,7752.97,1289.83
T3,mixed,od_multi,0.1,0.1,random,1000000,2,2,300000,7925.55,1261.74
T3,mixed,od_multi,0.1,0.1,random,1000000,2,2,310000,7956.05,1256.9
T3,mixed,od_multi,0.1,0.1,random,1000000,2,2,320000,7612.89,1313.56
T3,mixed,od_multi,0.1,0.1,random,1000000,2,2,330000,7658.71,1305.7
T3,mixed,od_multi,0.1,0.1,random,1000000,2,2,340000,7810.81,1280.28
T3,mixed,od_multi,0.1,0.1,random,1000000,2,2,350000,7875.96,1269.69
T3,mixed,od_multi,0.1,0.1,random,1000000,2,2,360000,8064.9,1239.94
T3,mixed,od_multi,0.1,0.1,random,1000000,2,2,370000,8027.18,1245.77
T3,mixed,od_multi,0.1,0.1,random,1000000,2,2,380000,7859.07,1272.42
T3,mixed,od_multi,0.1,0.1,random,1000000,2,2,390000,7737.06,1292.48
T3,mixed,od_multi,0.1,0.1,random,1000000,2,2,400000,7862.19,1271.91
T3,mixed,od_multi,0.1,0.1,random,1000000,2,2,410000,7961.43,1256.06
T3,mixed,od_multi,0.1,0.1,random,1000000,2,2,420000,8054.57,1241.53
T3,mixed,od_multi,0.1,0.1,random,1000000,2,2,430000,8121.44,1231.31
T3,mixed,od_multi,0.1,0.1,random,1000000,2,2,440000,8304.11,1204.22
T3,mixed,od_multi,0.1,0.1,random,1000000,2,2,450000,7966.64,1255.23
T3,mixed,od_multi,0.1,0.1,random,1000000,2,2,460000,7808.43,1280.67
T3,mixed,od_multi,0.1,0.1,random,1000000,2,2,470000,8087.38,1236.49
T3,mixed,od_multi,0.1,0.1,random,1000000,2,2,480000,8138.85,1228.68
T3,mixed,od_multi,0.1,0.1,random,1000000,2,2,490000,8177.55,1222.86
T3,mixed,od_multi,0.1,0.1,random,1000000,2,2,500000,8305.81,1203.98
T3,mixed,od_multi,0.1,0.1,random,1000000,2,2,510000,8297.4,1205.2
T3,mixed,od_multi,0.1,0.1,random,1000000,2,2,520000,8072.56,1238.76
T3,mixed,od_multi,0.1,0.1,random,1000000,2,2,530000,8187.21,1221.42
T3,mixed,od_multi,0.1,0.1,random,1000000,2,2,540000,8221.58,1216.31
T3,mixed,od_multi,0.1,0.1,random,1000000,2,2,550000,8311.54,1203.15
T3,mixed,od_multi,0.1,0.1,random,1000000,2,2,560000,8369.22,1194.85
T3,mixed,od_multi,0.1,0.1,random,1000000,2,2,570000,8528.71,1172.51
T3,mixed,od_multi,0.1,0.1,random,1000000,2,2,580000,8140.26,1228.46
T3,mixed,od_multi,0.1,0.1,random,1000000,2,2,590000,8230.99,1214.92
T3,mixed,od_multi,0.1,0.1,random,1000000,2,2,600000,8303.39,1204.33
T3,mixed,od_multi,0.1,0.1,random,1000000,2,2,610000,8265.3,1209.88
T3,mixed,od_multi,0.1,0.1,random,1000000,2,2,620000,8469,1180.78
T3,mixed,od_multi,0.1,0.1,random,1000000,2,2,630000,8661.7,1154.51
T3,mixed,od_multi,0.1,0.1,random,1000000,2,2,640000,8623.54,1159.62
T3,mixed,od_multi,0.1,0.1,random,1000000,2,2,650000,8280.34,1207.68
T3,mixed,od_multi,0.1,0.1,random,1000000,2,2,660000,8268.69,1209.38
T3,mixed,od_multi,0.1,0.1,random,1000000,2,2,670000,8536.54,1171.43
T3,mixed,od_multi,0.1,0.1,random,1000000,2,2,680000,8698,1149.69
T3,mixed,od_multi,0.1,0.1,random,1000000,2,2,690000,8705.1,1148.75
T3,mixed,od_multi,0.1,0.1,random,1000000,2,2,700000,8732.47,1145.15
T3,mixed,od_multi,0.1,0.1,random,1000000,2,2,710000,8524.36,1173.11
T3,mixed,od_multi,0.1,0.1,random,1000000,2,2,720000,8501.07,1176.32
T3,mixed,od_multi,0.1,0.1,random,1000000,2,2,730000,8465.6,1181.25
T3,mixed,od_multi,0.1,0.1,random,1000000,2,2,740000,8678.12,1152.32
T3,mixed,od_multi,0.1,0.1,random,1000000,2,2,750000,8735.09,1144.81
T3,mixed,od_multi,0.1,0.1,random,1000000,2,2,760000,8593.2,1163.71
T3,mixed,od_multi,0.1,0.1,random,1000000,2,2,770000,8924.35,1120.53
T3,mixed,od_multi,0.1,0.1,random,1000000,2,2,780000,8475.86,1179.82
T3,mixed,od_multi,0.1,0.1,random,1000000,2,2,790000,8621,1159.96
T3,mixed,od_multi,0.1,0.1,random,1000000,2,2,800000,8659.57,1154.79
T3,mixed,od_multi,0.1,0.1,random,1000000,2,2,810000,8670.49,1153.34
T3,mixed,od_multi,0.1,0.1,random,1000000,2,2,820000,8865.55,1127.96
T3,mixed,od_multi,0.1,0.1,random,1000000,2,2,830000,9004.59,1110.54
T3,mixed,od_multi,0.1,0.1,random,1000000,2,2,840000,8661.83,1154.49
T3,mixed,od_multi,0.1,0.1,random,1000000,2,2,850000,8755.51,1142.14
T3,mixed,od_multi,0.1,0.1,random,1000000,2,2,860000,8833.3,1132.08
T3,mixed,od_multi,0.1,0.1,random,1000000,2,2,870000,8776.45,1139.41
T3,mixed,od_multi,0.1,0.1,random,1000000,2,2,880000,8934.07,1119.31
T3,mixed,od_multi,0.1,0.1,random,1000000,2,2,890000,8963.29,1115.66
T3,mixed,od_multi,0.1,0.1,random,1000000,2,2,900000,9057.7,1104.03
T3,mixed,od_multi,0.1,0.1,random,1000000,2,2,910000,8641.51,1157.21
T3,mixed,od_multi,0.1,0.1,random,1000000,2,2,920000,8835.38,1131.81
T3,mixed,od_multi,0.1,0.1,random,1000000,2,2,930000,9035.37,1106.76
T3,mixed,od_multi,0.1,0.1,random,1000000,2,2,940000,8964.9,1115.46
T3,mixed,od_multi,0.1,0.1,random,1000000,2,2,950000,9147.69,1093.17
T3,mixed,od_multi,0.1,0.1,random,1000000,2,2,960000,9204.83,1086.39
T3,mixed,od_multi,0.1,0.1,random,1000000,2,2,970000,9192.02,1087.9
T3,mixed,od_multi,0.1,0.1,random,1000000,2,2,980000,8970.82,1114.73
T3,mixed,od_multi,0.1,0.1,random,1000000,2,2,990000,9100.11,1098.89
T3,mixed,od_multi,0.1,0.1,random,1000000,2,2,1000000,9165.63,1091.03
T3,mixed,od_multi,0.1,0.1,random,1000000,2,3,10000,6521.6,1533.37
T3,mixed,od_multi,0.1,0.1,random,1000000,2,3,20000,6772.97,1476.46
T3,mixed,od_multi,0.1,0.1,random,1000000,2,3,30000,6828.96,1464.35
T3,mixed,od_multi,0.1,0.1,random,1000000,2,3,40000,6805.74,1469.35
T3,mixed,od_multi,0.1,0.1,random,1000000,2,3,50000,7086.69,1411.1
T3,mixed,od_multi,0.1,0.1,random,1000000,2,3,60000,7183.2,1392.14
T3,mixed,od_multi,0.1,0.1,random,1000000,2,3,70000,7152.13,1398.19
T3,mixed,od_multi,0.1,0.1,random,1000000,2,3,80000,7221.52,1384.75
T3,mixed,od_multi,0.1,0.1,random,1000000,2,3,90000,7440.98,1343.91
T3,mixed,od_multi,0.1,0.1,random,1000000,2,3,100000,7237.11,1381.77
T3,mixed,od_multi,0.1,0.1,random,1000000,2,3,110000,7631.77,1310.31
T3,mixed,od_multi,0.1,0.1,random,1000000,2,3,120000,7280.55,1373.52
T3,mixed,od_multi,0.1,0.1,random,1000000,2,3,130000,7283.86,1372.9
T3,mixed,od_multi,0.1,0.1,random,1000000,2,3,140000,7332.12,1363.86
T3,mixed,od_multi,0.1,0.1,random,1000000,2,3,150000,7514.22,1330.81
T3,mixed,od_multi,0.1,0.1,random,1000000,2,3,160000,7512.34,1331.14
T3,mixed,od_multi,0.1,0.1,random,1000000,2,3,170000,7671.34,1303.55
T3,mixed,od_multi,0.1,0.1,random,1000000,2,3,180000,7769.3,1287.12
T3,mixed,od_multi,0.1,0.1,random,1000000,2,3,190000,7386.63,1353.8
T3,mixed,od_multi,0.1,0.1,random,1000000,2,3,200000,7439.34,1344.2
T3,mixed,od_multi,0.1,0.1,random,1000000,2,3,210000,7563.44,1322.15
T3,mixed,od_multi,0.1,0.1,random,1000000,2,3,220000,7559.17,1322.9
T3,mixed,od_multi,0.1,0.1,random,1000000,2,3,230000,7710.73,1296.89
T3,mixed,od_multi,0.1,0.1,random,1000000,2,3,240000,7766.47,1287.59
T3,mixed,od_multi,0.1,0.1,random,1000000,2,3,250000,7683.72,1301.45
T3,mixed,od_multi,0.1,0.1,random,1000000,2,3,260000,7565.55,1321.78
T3,mixed,od_multi,0.1,0.1,random,1000000,2,3,270000,7471.12,1338.49
T3,mixed,od_multi,0.1,0.1,random,1000000,2,3,280000,7691.47,1300.14
T3,mixed,od_multi,0.1,0.1,random,1000000,2,3,290000,7696.83,1299.24
T3,mixed,od_multi,0.1,0.1,random,1000000,2,3,300000,7812.65,1279.98
T3,mixed,od_multi,0.1,0.1,random,1000000,2,3,310000,7936.33,1260.03
T3,mixed,od_multi,0.1,0.1,random,1000000,2,3,320000,7659.52,1305.56
T3,mixed,od_multi,0.1,0.1,random,1000000,2,3,330000,7694.62,1299.61
T3,mixed,od_multi,0.1,0.1,random,1000000,2,3,340000,7691.91,1300.07
T3,mixed,od_multi,0.1,0.1,random,1000000,2,3,350000,7908.27,1264.5
T3,mixed,od_multi,0.1,0.1,random,1000000,2,3,360000,7933.87,1260.42
T3,mixed,od_multi,0.1,0.1,random,1000000,2,3,370000,8092.66,1235.69
T3,mixed,od_multi,0.1,0.1,random,1000000,2,3,380000,8023.48,1246.34
T3,mixed,od_multi,0.1,0.1,random,1000000,2,3,390000,7817.72,1279.15
T3,mixed,od_multi,0.1,0.1,random,1000000,2,3,400000,7646.42,1307.8
T3,mixed,od_multi,0.1,0.1,random,1000000,2,3,410000,7945.92,1258.51
T3,mixed,od_multi,0.1,0.1,random,1000000,2,3,420000,8075.75,1238.28
T3,mixed,od_multi,0.1,0.1,random,1000000,2,3,430000,8104.49,1233.88
T3,mixed,od_multi,0.1,0.1,random,1000000,2,3,440000,8242.75,1213.19
T3,mixed,od_multi,0.1,0.1,random,1000000,2,3,450000,7938.89,1259.62
T3,mixed,od_multi,0.1,0.1,random,1000000,2,3,460000,7863.53,1271.69
T3,mixed,od_multi,0.1,0.1,random,1000000,2,3,470000,8008.05,1248.74
T3,mixed,od_multi,0.1,0.1,random,1000000,2,3,480000,8204.61,1218.83
T3,mixed,od_multi,0.1,0.1,random,1000000,2,3,490000,8262.24,1210.33
T3,mixed,od_multi,0.1,0.1,random,1000000,2,3,500000,8301.25,1204.64
T3,mixed,od_multi,0.1,0.1,random,1000000,2,3,510000,8294.55,1205.61
T3,mixed,od_multi,0.1,0.1,random,1000000,2,3,520000,8060.63,1240.6
T3,mixed,od_multi,0.1,0.1,random,1000000,2,3,530000,8092.85,1235.66
T3,mixed,od_multi,0.1,0.1,random,1000000,2,3,540000,8192.6,1220.61
T3,mixed,od_multi,0.1,0.1,random,1000000,2,3,550000,8355.84,1196.77
T3,mixed,od_multi,0.1,0.1,random,1000000,2,3,560000,8444.18,1184.25
T3,mixed,od_multi,0.1,0.1,random,1000000,2,3,570000,8558.05,1168.49
T3,mixed,od_multi,0.1,0.1,random,1000000,2,3,580000,8165.51,1224.66
T3,mixed,od_multi,0.1,0.1,random,1000000,2,3,590000,8131.45,1229.79
T3,mixed,od_multi,0.1,0.1,random,1000000,2,3,600000,8284.22,1207.11
T3,mixed,od_multi,0.1,0.1,random,1000000,2,3,610000,8361.63,1195.94
T3,mixed,od_multi,0.1,0.1,random,1000000,2,3,620000,8517.55,1174.05
T3,mixed,od_multi,0.1,0.1,random,1000000,2,3,630000,8495.47,1177.1
T3,mixed,od_multi,0.1,0.1,random,1000000,2,3,640000,8625.38,1159.37
T3,mixed,od_multi,0.1,0.1,random,1000000,2,3,650000,8234.52,1214.4
T3,mixed,od_multi,0.1,0.1,random,1000000,2,3,660000,8268.08,1209.47
T3,mixed,od_multi,0.1,0.1,random,1000000,2,3,670000,8537.9,1171.25
T3,mixed,od_multi,0.1,0.1,random,1000000,2,3,680000,8589.84,1164.17
T3,mixed,od_multi,0.1,0.1,random,1000000,2,3,690000,8583.06,1165.09
T3,mixed,od_multi,0.1,0.1,random,1000000,2,3,700000,8669.44,1153.48
T3,mixed,od_multi,0.1,0.1,random,1000000,2,3,710000,8544.28,1170.37
T3,mixed,od_multi,0.1,0.1,random,1000000,2,3,720000,8426.69,1186.71
T3,mixed,od_multi,0.1,0.1,random,1000000,2,3,730000,8542.82,1170.57
T3,mixed,od_multi,0.1,0.1,random,1000000,2,3,740000,8653.3,1155.63
T3,mixed,od_multi,0.1,0.1,random,1000000,2,3,750000,8684.76,1151.44
T3,mixed,od_multi,0.1,0.1,random,1000000,2,3,760000,8785.7,1138.21
T3,mixed,od_multi,0.1,0.1,random,1000000,2,3,770000,8984.22,1113.06
T3,mixed,od_multi,0.1,0.1,random,1000000,2,3,780000,8486.88,1178.29
T3,mixed,od_multi,0.1,0.1,random,1000000,2,3,790000,8679.96,1152.08
T3,mixed,od_multi,0.1,0.1,random,1000000,2,3,800000,8602.28,1162.48
T3,mixed,od_multi,0.1,0.1,random,1000000,2,3,810000,8855.22,1129.28
T3,mixed,od_multi,0.1,0.1,random,1000000,2,3,820000,8783.59,1138.49
T3,mixed,od_multi,0.1,0.1,random,1000000,2,3,830000,9039.53,1106.25
T3,mixed,od_multi,0.1,0.1,random,1000000,2,3,840000,8790.16,1137.64
T3,mixed,od_multi,0.1,0.1,random,1000000,2,3,850000,8678.66,1152.25
T3,mixed,od_multi,0.1,0.1,random,1000000,2,3,860000,8763.98,1141.03
T3,mixed,od_multi,0.1,0.1,random,1000000,2,3,870000,8795.31,1136.97
T3,mixed,od_multi,0.1,0.1,random,1000000,2,3,880000,8935.8,1119.09
T3,mixed,od_multi,0.1,0.1,random,1000000,2,3,890000,8981.41,1113.41
T3,mixed,od_multi,0.1,0.1,random,1000000,2,3,900000,9120.89,1096.38
T3,mixed,od_multi,0.1,0.1,random,1000000,2,3,910000,8757.02,1141.94
T3,mixed,od_multi,0.1,0.1,random,1000000,2,3,920000,8842.01,1130.96
T3,mixed,od_multi,0.1,0.1,random,1000000,2,3,930000,8934.46,1119.26
T3,mixed,od_multi,0.1,0.1,random,1000000,2,3,940000,9067.21,1102.87
T3,mixed,od_multi,0.1,0.1,random,1000000,2,3,950000,9111.63,1097.5
T3,mixed,od_multi,0.1,0.1,random,1000000,2,3,960000,9209.69,1085.81
T3,mixed,od_multi,0.1,0.1,random,1000000,2,3,970000,8998.04,1111.35
T3,mixed,od_multi,0.1,0.1,random,1000000,2,3,980000,9011.42,1109.7
T3,mixed,od_multi,0.1,0.1,random,1000000,2,3,990000,9040.85,1106.09
T3,mixed,od_multi,0.1,0.1,random,1000000,2,3,1000000,9114.77,1097.12
T3,mixed,od_multi,0.2,0.1,random,1000000,2,1,10000,6608.91,1513.11
T3,mixed,od_multi,0.2,0.1,random,1000000,2,1,20000,6684.47,1496
T3,mixed,od_multi,0.2,0.1,random,1000000,2,1,30000,6728.01,1486.32
T3,mixed,od_multi,0.2,0.1,random,1000000,2,1,40000,6921.03,1444.87
T3,mixed,od_multi,0.2,0.1,random,1000000,2,1,50000,7039.67,1420.52
T3,mixed,od_multi,0.2,0.1,random,1000000,2,1,60000,7142.79,1400.01
T3,mixed,od_multi,0.2,0.1,random,1000000,2,1,70000,7182.24,1392.32
T3,mixed,od_multi,0.2,0.1,random,1000000,2,1,80000,7328.64,1364.51
T3,mixed,od_multi,0.2,0.1,random,1000000,2,1,90000,7386.55,1353.81
T3,mixed,od_multi,0.2,0.1,random,1000000,2,1,100000,7567.23,1321.49
T3,mixed,od_multi,0.2,0.1,random,1000000,2,1,110000,7641.3,1308.68
T3,mixed,od_multi,0.2,0.1,random,1000000,2,1,120000,7259.79,1377.45
T3,mixed,od_multi,0.2,0.1,random,1000000,2,1,130000,7186.1,1391.58
T3,mixed,od_multi,0.2,0.1,random,1000000,2,1,140000,7314.39,1367.17
T3,mixed,od_multi,0.2,0.1,random,1000000,2,1,150000,7418.56,1347.97
T3,mixed,od_multi,0.2,0.1,random,1000000,2,1,160000,7538.49,1326.53
T3,mixed,od_multi,0.2,0.1,random,1000000,2,1,170000,7704.2,1297.99
T3,mixed,od_multi,0.2,0.1,random,1000000,2,1,180000,7717.58,1295.74
T3,mixed,od_multi,0.2,0.1,random,1000000,2,1,190000,7372.11,1356.46
T3,mixed,od_multi,0.2,0.1,random,1000000,2,1,200000,7429.07,1346.06
T3,mixed,od_multi,0.2,0.1,random,1000000,2,1,210000,7418.64,1347.96
T3,mixed,od_multi,0.2,0.1,random,1000000,2,1,220000,7666.78,1304.33
T3,mixed,od_multi,0.2,0.1,random,1000000,2,1,230000,7677.99,1302.42
T3,mixed,od_multi,0.2,0.1,random,1000000,2,1,240000,7905.32,1264.97
T3,mixed,od_multi,0.2,0.1,random,1000000,2,1,250000,7632.58,1310.17
T3,mixed,od_multi,0.2,0.1,random,1000000,2,1,260000,7582.22,1318.88
T3,mixed,od_multi,0.2,0.1,random,1000000,2,1,270000,7655.52,1306.25
T3,mixed,od_multi,0.2,0.1,random,1000000,2,1,280000,7845.21,1274.66
T3,mixed,od_multi,0.2,0.1,random,1000000,2,1,290000,7828.4,1277.4
T3,mixed,od_multi,0.2,0.1,random,1000000,2,1,300000,7901.67,1265.56
T3,mixed,od_multi,0.2,0.1,random,1000000,2,1,310000,8039.14,1243.91
T3,mixed,od_multi,0.2,0.1,random,1000000,2,1,320000,7704.63,1297.92
T3,mixed,od_multi,0.2,0.1,random,1000000,2,1,330000,7676.5,1302.68
T3,mixed,od_multi,0.2,0.1,random,1000000,2,1,340000,7875.93,1269.69
T3,mixed,od_multi,0.2,0.1,random,1000000,2,1,350000,7978.13,1253.43
T3,mixed,od_multi,0.2,0.1,random,1000000,2,1,360000,7800.69,1281.94
T3,mixed,od_multi,0.2,0.1,random,1000000,2,1,370000,7944.13,1258.79
T3,mixed,od_multi,0.2,0.1,random,1000000,2,1,380000,7726.56,1294.24
T3,mixed,od_multi,0.2,0.1,random,1000000,2,1,390000,7658.58,1305.72
T3,mixed,od_multi,0.2,0.1,random,1000000,2,1,400000,7847.04,1274.37
T3,mixed,od_multi,0.2,0.1,random,1000000,2,1,410000,8035.67,1244.45
T3,mixed,od_multi,0.2,0.1,random,1000000,2,1,420000,8071.69,1238.9
T3,mixed,od_multi,0.2,0.1,random,1000000,2,1,430000,8223.61,1216.01
T3,mixed,od_multi,0.2,0.1,random,1000000,2,1,440000,8268.3,1209.44
T3,mixed,od_multi,0.2,0.1,random,1000000,2,1,450000,7795.56,1282.78
T3,mixed,od_multi,0.2,0.1,random,1000000,2,1,460000,7859.57,1272.33
T3,mixed,od_multi,0.2,0.1,random,1000000,2,1,470000,7956.04,1256.91
T3,mixed,od_multi,0.2,0.1,random,1000000,2,1,480000,7979.75,1253.17
T3,mixed,od_multi,0.2,0.1,random,1000000,2,1,490000,8214.88,1217.3
T3,mixed,od_multi,0.2,0.1,random,1000000,2,1,500000,8348.5,1197.82
T3,mixed,od_multi,0.2,0.1,random,1000000,2,1,510000,8324.22,1201.31
T3,mixed,od_multi,0.2,0.1,random,1000000,2,1,520000,7937.43,1259.85
T3,mixed,od_multi,0.2,0.1,random,1000000,2,1,530000,8073.9,1238.56
T3,mixed,od_multi,0.2,0.1,random,1000000,2,1,540000,8110.8,1232.92
T3,mixed,od_multi,0.2,0.1,random,1000000,2,1,550000,8278.84,1207.9
T3,mixed,od_multi,0.2,0.1,random,1000000,2,1,560000,8457.62,1182.37
T3,mixed,od_multi,0.2,0.1,random,1000000,2,1,570000,8438.47,1185.05
T3,mixed,od_multi,0.2,0.1,random,1000000,2,1,580000,8158.12,1225.77
T3,mixed,od_multi,0.2,0.1,random,1000000,2,1,590000,8099.29,1234.68
T3,mixed,od_multi,0.2,0.1,random,1000000,2,1,600000,8296.19,1205.37
T3,mixed,od_multi,0.2,0.1,random,1000000,2,1,610000,8384.71,1192.65
T3,mixed,od_multi,0.2,0.1,random,1000000,2,1,620000,8317.02,1202.35
T3,mixed,od_multi,0.2,0.1,random,1000000,2,1,630000,8702.11,1149.15
T3,mixed,od_multi,0.2,0.1,random,1000000,2,1,640000,8436.84,1185.28
T3,mixed,od_multi,0.2,0.1,random,1000000,2,1,650000,8238.79,1213.77
T3,mixed,od_multi,0.2,0.1,random,1000000,2,1,660000,8209.1,1218.16
T3,mixed,od_multi,0.2,0.1,random,1000000,2,1,670000,8512.96,1174.68
T3,mixed,od_multi,0.2,0.1,random,1000000,2,1,680000,8430.4,1186.18
T3,mixed,od_multi,0.2,0.1,random,1000000,2,1,690000,8663.3,1154.29
T3,mixed,od_multi,0.2,0.1,random,1000000,2,1,700000,8766.04,1140.77
T3,mixed,od_multi,0.2,0.1,random,1000000,2,1,710000,8590.08,1164.13
T3,mixed,od_multi,0.2,0.1,random,1000000,2,1,720000,8470.97,1180.5
T3,mixed,od_multi,0.2,0.1,random,1000000,2,1,730000,8331.32,1200.29
T3,mixed,od_multi,0.2,0.1,random,1000000,2,1,740000,8646.51,1156.54
T3,mixed,od_multi,0.2,0.1,random,1000000,2,1,750000,8785.35,1138.26
T3,mixed,od_multi,0.2,0.1,random,1000000,2,1,760000,8723.16,1146.37
T3,mixed,od_multi,0.2,0.1,random,1000000,2,1,770000,8859.67,1128.71
T3,mixed,od_multi,0.2,0.1,random,1000000,2,1,780000,8452.24,1183.12
T3,mixed,od_multi,0.2,0.1,random,1000000,2,1,790000,8683.75,1151.58
T3,mixed,od_multi,0.2,0.1,random,1000000,2,1,800000,8736.44,1144.63
T3,mixed,od_multi,0.2,0.1,random,1000000,2,1,810000,8640.03,1157.4
T3,mixed,od_multi,0.2,0.1,random,1000000,2,1,820000,8708.64,1148.29
T3,mixed,od_multi,0.2,0.1,random,1000000,2,1,830000,9106.14,1098.16
T3,mixed,od_multi,0.2,0.1,random,1000000,2,1,840000,8788.05,1137.91
T3,mixed,od_multi,0.2,0.1,random,1000000,2,1,850000,8769.51,1140.31
T3,mixed,od_multi,0.2,0.1,random,1000000,2,1,860000,8804.74,1135.75
T3,mixed,od_multi,0.2,0.1,random,1000000,2,1,870000,8884.59,1125.54
T3,mixed,od_multi,0.2,0.1,random,1000000,2,1,880000,8866.74,1127.81
T3,mixed,od_multi,0.2,0.1,random,1000000,2,1,890000,9042.11,1105.94
T3,mixed,od_multi,0.2,0.1,random,1000000,2,1,900000,9126.91,1095.66
T3,mixed,od_multi,0.2,0.1,random,1000000,2,1,910000,8623.98,1159.56
T3,mixed,od_multi,0.2,0.1,random,1000000,2,1,920000,8833.31,1132.08
T3,mixed,od_multi,0.2,0.1,random,1000000,2,1,930000,8948.13,1117.55
T3,mixed,od_multi,0.2,0.1,random,1000000,2,1,940000,8974.58,1114.26
T3,mixed,od_multi,0.2,0.1,random,1000000,2,1,950000,9063.71,1103.3
T3,mixed,od_multi,0.2,0.1,random,1000000,2,1,960000,9190.06,1088.13
T3,mixed,od_multi,0.2,0.1,random,1000000,2,1,970000,9257.97,1080.15
T3,mixed,od_multi,0.2,0.1,random,1000000,2,1,980000,9002.23,1110.84
T3,mixed,od_multi,0.2,0.1,random,1000000,2,1,990000,9143.17,1093.71
T3,mixed,od_multi,0.2,0.1,random,1000000,2,1,1000000,9004.94,1110.5
T3,mixed,od_multi,0.2,0.1,random,1000000,2,2,10000,6501.71,1538.06
T3,mixed,od_multi,0.2,0.1,random,1000000,2,2,20000,6660.94,1501.29
T3,mixed,od_multi,0.2,0.1,random,1000000,2,2,30000,6866.47,1456.35
T3,mixed,od_multi,0.2,0.1,random,1000000,2,2,40000,6908.97,1447.39
T3,mixed,od_multi,0.2,0.1,random,1000000,2,2,50000,6948.43,1439.17
T3,mixed,od_multi,0.2,0.1,random,1000000,2,2,60000,7122.87,1403.93
T3,mixed,od_multi,0.2,0.1,random,1000000,2,2,70000,7190.84,1390.66
T3,mixed,od_multi,0.2,0.1,random,1000000,2,2,80000,7291.65,1371.43
T3,mixed,od_multi,0.2,0.1,random,1000000,2,2,90000,7412.15,1349.14
T3,mixed,od_multi,0.2,0.1,random,1000000,2,2,100000,7431.17,1345.68
T3,mixed,od_multi,0.2,0.1,random,1000000,2,2,110000,7589.7,1317.58
T3,mixed,od_multi,0.2,0.1,random,1000000,2,2,120000,7347.02,1361.1
T3,mixed,od_multi,0.2,0.1,random,1000000,2,2,130000,7320.24,1366.08
T3,mixed,od_multi,0.2,0.1,random,1000000,2,2,140000,7412.83,1349.01
T3,mixed,od_multi,0.2,0.1,random,1000000,2,2,150000,7491.19,1334.9
T3,mixed,od_multi,0.2,0.1,random,1000000,2,2,160000,7449.77,1342.32
T3,mixed,od_multi,0.2,0.1,random,1000000,2,2,170000,7660.55,1305.39
T3,mixed,od_multi,0.2,0.1,random,1000000,2,2,180000,7777.15,1285.82
T3,mixed,od_multi,0.2,0.1,random,1000000,2,2,190000,7329.85,1364.28
T3,mixed,od_multi,0.2,0.1,random,1000000,2,2,200000,7450.18,1342.25
T3,mixed,od_multi,0.2,0.1,random,1000000,2,2,210000,7515.01,1330.67
T3,mixed,od_multi,0.2,0.1,random,1000000,2,2,220000,7503.19,1332.77
T3,mixed,od_multi,0.2,0.1,random,1000000,2,2,230000,7647.11,1307.68
T3,mixed,od_multi,0.2,0.1,random,1000000,2,2,240000,7894.24,1266.75
T3,mixed,od_multi,0.2,0.1,random,1000000,2,2,250000,7704.71,1297.91
T3,mixed,od_multi,0.2,0.1,random,1000000,2,2,260000,7466.08,1339.39
T3,mixed,od_multi,0.2,0.1,random,1000000,2,2,270000,7604.46,1315.02
T3,mixed,od_multi,0.2,0.1,random,1000000,2,2,280000,7814.75,1279.63
T3,mixed,od_multi,0.2,0.1,random,1000000,2,2,290000,7637.03,1309.41
T3,mixed,od_multi,0.2,0.1,random,1000000,2,2,300000,7924.74,1261.87
T3,mixed,od_multi,0.2,0.1,random,1000000,2,2,310000,7969.24,1254.83
T3,mixed,od_multi,0.2,0.1,random,1000000,2,2,320000,7566.69,1321.58
T3,mixed,od_multi,0.2,0.1,random,1000000,2,2,330000,7751.89,1290.01
T3,mixed,od_multi,0.2,0.1,random,1000000,2,2,340000,7859.36,1272.37
T3,mixed,od_multi,0.2,0.1,random,1000000,2,2,350000,7947.67,1258.23
T3,mixed,od_multi,0.2,0.1,random,1000000,2,2,360000,8006.22,1249.03
T3,mixed,od_multi,0.2,0.1,random,1000000,2,2,370000,8044.63,1243.06
T3,mixed,od_multi,0.2,0.1,random,1000000,2,2,380000,7992.15,1251.23
T3,mixed,od_multi,0.2,0.1,random,1000000,2,2,390000,7758.98,1288.83
T3,mixed,od_multi,0.2,0.1,random,1000000,2,2,400000,7881.06,1268.86
T3,mixed,od_multi,0.2,0.1,random,1000000,2,2,410000,7946.11,1258.48
T3,mixed,od_multi,0.2,0.1,random,1000000,2,2,420000,8011.85,1248.15
T3,mixed,od_multi,0.2,0.1,random,1000000,2,2,430000,8210.1,1218.01
T3,mixed,od_multi,0.2,0.1,random,1000000,2,2,440000,8292.29,1205.94
T3,mixed,od_multi,0.2,0.1,random,1000000,2,2,450000,7883.45,1268.48
T3,mixed,od_multi,0.2,0.1,random,1000000,2,2,460000,8058.94,1240.86
T3,mixed,od_multi,0.2,0.1,random,1000000,2,2,470000,8009.35,1248.54
T3,mixed,od_multi,0.2,0.1,random,1000000,2,2,480000,8078.69,1237.82
T3,mixed,od_multi,0.2,0.1,random,1000000,2,2,490000,8208.73,1218.21
T3,mixed,od_multi,0.2,0.1,random,1000000,2,2,500000,8395.02,1191.18
T3,mixed,od_multi,0.2,0.1,random,1000000,2,2,510000,8321.44,1201.71
T3,mixed,od_multi,0.2,0.1,random,1000000,2,2,520000,8037.31,1244.2
T3,mixed,od_multi,0.2,0.1,random,1000000,2,2,530000,8054.37,1241.56
T3,mixed,od_multi,0.2,0.1,random,1000000,2,2,540000,8313,1202.93
T3,mixed,od_multi,0.2,0.1,random,1000000,2,2,550000,8280.47,1207.66
T3,mixed,od_multi,0.2,0.1,random,1000000,2,2,560000,8366.11,1195.3
T3,mixed,od_multi,0.2,0.1,random,1000000,2,2,570000,8542.09,1170.67
T3,mixed,od_multi,0.2,0.1,random,1000000,2,2,580000,8177.95,1222.8
T3,mixed,od_multi,0.2,0.1,random,1000000,2,2,590000,8254.46,1211.47
T3,mixed,od_multi,0.2,0.1,random,1000000,2,2,600000,8296.85,1205.28
T3,mixed,od_multi,0.2,0.1,random,1000000,2,2,610000,8398.44,1190.7
T3,mixed,od_multi,0.2,0.1,random,1000000,2,2,620000,8505.34,1175.73
T3,mixed,od_multi,0.2,0.1,random,1000000,2,2,630000,8596.44,1163.27
T3,mixed,od_multi,0.2,0.1,random,1000000,2,2,640000,8540.37,1170.91
T3,mixed,od_multi,0.2,0.1,random,1000000,2,2,650000,8170.94,1223.85
T3,mixed,od_multi,0.2,0.1,random,1000000,2,2,660000,8422.15,1187.34
T3,mixed,od_multi,0.2,0.1,random,1000000,2,2,670000,8488.01,1178.13
T3,mixed,od_multi,0.2,0.1,random,1000000,2,2,680000,8561.91,1167.96
T3,mixed,od_multi,0.2,0.1,random,1000000,2,2,690000,8657.07,1155.13
T3,mixed,od_multi,0.2,0.1,random,1000000,2,2,700000,8776.35,1139.43
T3,mixed,od_multi,0.2,0.1,random,1000000,2,2,710000,8623.04,1159.68
T3,mixed,od_multi,0.2,0.1,random,1000000,2,2,720000,8494.56,1177.22
T3,mixed,od_multi,0.2,0.1,random,1000000,2,2,730000,8621.07,1159.95
T3,mixed,od_multi,0.2,0.1,random,1000000,2,2,740000,8691.57,1150.54
T3,mixed,od_multi,0.2,0.1,random,1000000,2,2,750000,8777.19,1139.32
T3,mixed,od_multi,0.2,0.1,random,1000000,2,2,760000,8772.84,1139.88
T3,mixed,od_multi,0.2,0.1,random,1000000,2,2,770000,8941.94,1118.33
T3,mixed,od_multi,0.2,0.1,random,1000000,2,2,780000,8499.88,1176.49
T3,mixed,od_multi,0.2,0.1,random,1000000,2,2,790000,8611.95,1161.18
T3,mixed,od_multi,0.2,0.1,random,1000000,2,2,800000,8737.88,1144.44
T3,mixed,od_multi,0.2,0.1,random,1000000,2,2,810000,8632.03,1158.48
T3,mixed,od_multi,0.2,0.1,random,1000000,2,2,820000,8912.67,1122
T3,mixed,od_multi,0.2,0.1,random,1000000,2,2,830000,9088.3,1100.32
T3,mixed,od_multi,0.2,0.1,random,1000000,2,2,840000,8719.43,1146.86
T3,mixed,od_multi,0.2,0.1,random,1000000,2,2,850000,8704.77,1148.8
T3,mixed,od_multi,0.2,0.1,random,1000000,2,2,860000,8735.37,1144.77
T3,mixed,od_multi,0.2,0.1,random,1000000,2,2,870000,8921.17,1120.93
T3,mixed,od_multi,0.2,0.1,random,1000000,2,2,880000,9040.85,1106.09
T3,mixed,od_multi,0.2,0.1,random,1000000,2,2,890000,9158.88,1091.84
T3,mixed,od_multi,0.2,0.1,random,1000000,2,2,900000,9209.47,1085.84
T3,mixed,od_multi,0.2,0.1,random,1000000,2,2,910000,8649.25,1156.17
T3,mixed,od_multi,0.2,0.1,random,1000000,2,2,920000,8887.69,1125.15
T3,mixed,od_multi,0.2,0.1,random,1000000,2,2,930000,8953.61,1116.87
T3,mixed,od_multi,0.2,0.1,random,1000000,2,2,940000,8888.73,1125.02
T3,mixed,od_multi,0.2,0.1,random,1000000,2,2,950000,9147.83,1093.15
T3,mixed,od_multi,0.2,0.1,random,1000000,2,2,960000,9086.08,1100.58
T3,mixed,od_multi,0.2,0.1,random,1000000,2,2,970000,9153.94,1092.43
T3,mixed,od_multi,0.2,0.1,random,1000000,2,2,980000,8708.96,1148.24
T3,mixed,od_multi,0.2,0.1,random,1000000,2,2,990000,9120.38,1096.45
T3,mixed,od_multi,0.2,0.1,random,1000000,2,2,1000000,9232.44,1083.14
T3,mixed,od_multi,0.2,0.1,random,1000000,2,3,10000,6502.75,1537.81
T3,mixed,od_multi,0.2,0.1,random,1000000,2,3,20000,6750.7,1481.33
T3,mixed,od_multi,0.2,0.1,random,1000000,2,3,30000,6826.37,1464.91
T3,mixed,od_multi,0.2,0.1,random,1000000,2,3,40000,6886.22,1452.17
T3,mixed,od_multi,0.2,0.1,random,1000000,2,3,50000,6984.38,1431.77
T3,mixed,od_multi,0.2,0.1,random,1000000,2,3,60000,7084.61,1411.51
T3,mixed,od_multi,0.2,0.1,random,1000000,2,3,70000,7239.98,1381.22
T3,mixed,od_multi,0.2,0.1,random,1000000,2,3,80000,7282.6,1373.14
T3,mixed,od_multi,0.2,0.1,random,1000000,2,3,90000,7350.41,1360.47
T3,mixed,od_multi,0.2,0.1,random,1000000,2,3,100000,7389.81,1353.21
T3,mixed,od_multi,0.2,0.1,random,1000000,2,3,110000,7597.32,1316.25
T3,mixed,od_multi,0.2,0.1,random,1000000,2,3,120000,7281.77,1373.29
T3,mixed,od_multi,0.2,0.1,random,1000000,2,3,130000,7242.02,1380.83
T3,mixed,od_multi,0.2,0.1,random,1000000,2,3,140000,7274.25,1374.71
T3,mixed,od_multi,0.2,0.1,random,1000000,2,3,150000,7474.47,1337.89
T3,mixed,od_multi,0.2,0.1,random,1000000,2,3,160000,7574.08,1320.29
T3,mixed,od_multi,0.2,0.1,random,1000000,2,3,170000,7596.77,1316.35
T3,mixed,od_multi,0.2,0.1,random,1000000,2,3,180000,7676.42,1302.69
T3,mixed,od_multi,0.2,0.1,random,1000000,2,3,190000,7318.77,1366.35
T3,mixed,od_multi,0.2,0.1,random,1000000,2,3,200000,7541.83,1325.94
T3,mixed,od_multi,0.2,0.1,random,1000000,2,3,210000,7538.27,1326.56
T3,mixed,od_multi,0.2,0.1,random,1000000,2,3,220000,7528.14,1328.35
T3,mixed,od_multi,0.2,0.1,random,1000000,2,3,230000,7622.61,1311.89
T3,mixed,od_multi,0.2,0.1,random,1000000,2,3,240000,7638.28,1309.2
T3,mixed,od_multi,0.2,0.1,random,1000000,2,3,250000,7692.36,1299.99
T3,mixed,od_multi,0.2,0.1,random,1000000,2,3,260000,7524.53,1328.99
T3,mixed,od_multi,0.2,0.1,random,1000000,2,3,270000,7507.53,1332
T3,mixed,od_multi,0.2,0.1,random,1000000,2,3,280000,7679.68,1302.14
T3,mixed,od_multi,0.2,0.1,random,1000000,2,3,290000,7807.93,1280.75
T3,mixed,od_multi,0.2,0.1,random,1000000,2,3,300000,7865.05,1271.45
T3,mixed,od_multi,0.2,0.1,random,1000000,2,3,310000,7958.51,1256.52
T3,mixed,od_multi,0.2,0.1,random,1000000,2,3,320000,7528.21,1328.34
T3,mixed,od_multi,0.2,0.1,random,1000000,2,3,330000,7639.41,1309
T3,mixed,od_multi,0.2,0.1,random,1000000,2,3,340000,7874.18,1269.97
T3,mixed,od_multi,0.2,0.1,random,1000000,2,3,350000,7706.76,1297.56
T3,mixed,od_multi,0.2,0.1,random,1000000,2,3,360000,7913.1,1263.73
T3,mixed,od_multi,0.2,0.1,random,1000000,2,3,370000,8011.14,1248.26
T3,mixed,od_multi,0.2,0.1,random,1000000,2,3,380000,7989.83,1251.59
T3,mixed,od_multi,0.2,0.1,random,1000000,2,3,390000,7678.95,1302.26
T3,mixed,od_multi,0.2,0.1,random,1000000,2,3,400000,7806.56,1280.97
T3,mixed,od_multi,0.2,0.1,random,1000000,2,3,410000,7965.8,1255.37
T3,mixed,od_multi,0.2,0.1,random,1000000,2,3,420000,7999.16,1250.13
T3,mixed,od_multi,0.2,0.1,random,1000000,2,3,430000,8163.75,1224.93
T3,mixed,od_multi,0.2,0.1,random,1000000,2,3,440000,8213.32,1217.53
T3,mixed,od_multi,0.2,0.1,random,1000000,2,3,450000,7906.62,1264.76
T3,mixed,od_multi,0.2,0.1,random,1000000,2,3,460000,7905.85,1264.89
T3,mixed,od_multi,0.2,0.1,random,1000000,2,3,470000,8034.57,1244.62
T3,mixed,od_multi,0.2,0.1,random,1000000,2,3,480000,8139.4,1228.59
T3,mixed,od_multi,0.2,0.1,random,1000000,2,3,490000,8313.73,1202.83
T3,mixed,od_multi,0.2,0.1,random,1000000,2,3,500000,8321.57,1201.7
T3,mixed,od_multi,0.2,0.1,random,1000000,2,3,510000,8367.82,1195.05
T3,mixed,od_multi,0.2,0.1,random,1000000,2,3,520000,8034.08,1244.7
T3,mixed,od_multi,0.2,0.1,random,1000000,2,3,530000,8157.34,1225.89
T3,mixed,od_multi,0.2,0.1,random,1000000,2,3,540000,8238.9,1213.75
T3,mixed,od_multi,0.2,0.1,random,1000000,2,3,550000,8248.39,1212.36
T3,mixed,od_multi,0.2,0.1,random,1000000,2,3,560000,8390.22,1191.86
T3,mixed,od_multi,0.2,0.1,random,1000000,2,3,570000,8604.63,1162.17
T3,mixed,od_multi,0.2,0.1,random,1000000,2,3,580000,8235.33,1214.28
T3,mixed,od_multi,0.2,0.1,random,1000000,2,3,590000,8175.31,1223.19
T3,mixed,od_multi,0.2,0.1,random,1000000,2,3,600000,8188.85,1221.17
T3,mixed,od_multi,0.2,0.1,random,1000000,2,3,610000,8139.87,1228.52
T3,mixed,od_multi,0.2,0.1,random,1000000,2,3,620000,8377.74,1193.64
T3,mixed,od_multi,0.2,0.1,random,1000000,2,3,630000,8539.21,1171.07
T3,mixed,od_multi,0.2,0.1,random,1000000,2,3,640000,8646.49,1156.54
T3,mixed,od_multi,0.2,0.1,random,1000000,2,3,650000,8243,1213.15
T3,mixed,od_multi,0.2,0.1,random,1000000,2,3,660000,8350.32,1197.56
T3,mixed,od_multi,0.2,0.1,random,1000000,2,3,670000,8439.92,1184.85
T3,mixed,od_multi,0.2,0.1,random,1000000,2,3,680000,8513.01,1174.67
T3,mixed,od_multi,0.2,0.1,random,1000000,2,3,690000,8704.13,1148.88
T3,mixed,od_multi,0.2,0.1,random,1000000,2,3,700000,8746.23,1143.35
T3,mixed,od_multi,0.2,0.1,random,1000000,2,3,710000,8614.36,1160.85
T3,mixed,od_multi,0.2,0.1,random,1000000,2,3,720000,8480.26,1179.21
T3,mixed,od_multi,0.2,0.1,random,1000000,2,3,730000,8579.98,1165.5
T3,mixed,od_multi,0.2,0.1,random,1000000,2,3,740000,8586.71,1164.59
T3,mixed,od_multi,0.2,0.1,random,1000000,2,3,750000,8764.01,1141.03
T3,mixed,od_multi,0.2,0.1,random,1000000,2,3,760000,8902.36,1123.3
T3,mixed,od_multi,0.2,0.1,random,1000000,2,3,770000,8985.07,1112.96
T3,mixed,od_multi,0.2,0.1,random,1000000,2,3,780000,8570.71,1166.76
T3,mixed,od_multi,0.2,0.1,random,1000000,2,3,790000,8680.51,1152.01
T3,mixed,od_multi,0.2,0.1,random,1000000,2,3,800000,8761.62,1141.34
T3,mixed,od_multi,0.2,0.1,random,1000000,2,3,810000,8655.12,1155.39
T3,mixed,od_multi,0.2,0.1,random,1000000,2,3,820000,8903.4,1123.17
T3,mixed,od_multi,0.2,0.1,random,1000000,2,3,830000,9058.14,1103.98
T3,mixed,od_multi,0.2,0.1,random,1000000,2,3,840000,8651.72,1155.84
T3,mixed,od_multi,0.2,0.1,random,1000000,2,3,850000,8565,1167.54
T3,mixed,od_multi,0.2,0.1,random,1000000,2,3,860000,8598.76,1162.96
T3,mixed,od_multi,0.2,0.1,random,1000000,2,3,870000,8900.04,1123.59
T3,mixed,od_multi,0.2,0.1,random,1000000,2,3,880000,9006.75,1110.28
T3,mixed,od_multi,0.2,0.1,random,1000000,2,3,890000,8837.26,1131.57
T3,mixed,od_multi,0.2,0.1,random,1000000,2,3,900000,9136.78,1094.48
T3,mixed,od_multi,0.2,0.1,random,1000000,2,3,910000,8660.45,1154.67
T3,mixed,od_multi,0.2,0.1,random,1000000,2,3,920000,8814.9,1134.44
T3,mixed,od_multi,0.2,0.1,random,1000000,2,3,930000,8857.55,1128.98
T3,mixed,od_multi,0.2,0.1,random,1000000,2,3,940000,9091.42,1099.94
T3,mixed,od_multi,0.2,0.1,random,1000000,2,3,950000,9074.2,1102.03
T3,mixed,od_multi,0.2,0.1,random,1000000,2,3,960000,9215.92,1085.08
T3,mixed,od_multi,0.2,0.1,random,1000000,2,3,970000,9188.02,1088.37
T3,mixed,od_multi,0.2,0.1,random,1000000,2,3,980000,8860.7,1128.58
T3,mixed,od_multi,0.2,0.1,random,1000000,2,3,990000,8919.61,1121.12
T3,mixed,od_multi,0.2,0.1,random,1000000,2,3,1000000,9222.24,1084.34
T3,mixed,od_multi,1,0.1,random,1000000,2,1,10000,6539.85,1529.09
T3,mixed,od_multi,1,0.1,random,1000000,2,1,20000,6719.1,1488.29
T3,mixed,od_multi,1,0.1,random,1000000,2,1,30000,6810.15,1468.4
T3,mixed,od_multi,1,0.1,random,1000000,2,1,40000,6936.82,1441.58
T3,mixed,od_multi,1,0.1,random,1000000,2,1,50000,6857.85,1458.18
T3,mixed,od_multi,1,0.1,random,1000000,2,1,60000,7077.52,1412.92
T3,mixed,od_multi,1,0.1,random,1000000,2,1,70000,7134.43,1401.65
T3,mixed,od_multi,1,0.1,random,1000000,2,1,80000,7272.5,1375.04
T3,mixed,od_multi,1,0.1,random,1000000,2,1,90000,7466.9,1339.24
T3,mixed,od_multi,1,0.1,random,1000000,2,1,100000,7387.21,1353.69
T3,mixed,od_multi,1,0.1,random,1000000,2,1,110000,7667.72,1304.17
T3,mixed,od_multi,1,0.1,random,1000000,2,1,120000,7335.72,1363.19
T3,mixed,od_multi,1,0.1,random,1000000,2,1,130000,7309.6,1368.06
T3,mixed,od_multi,1,0.1,random,1000000,2,1,140000,7411.46,1349.26
T3,mixed,od_multi,1,0.1,random,1000000,2,1,150000,7480.04,1336.89
T3,mixed,od_multi,1,0.1,random,1000000,2,1,160000,7589.05,1317.69
T3,mixed,od_multi,1,0.1,random,1000000,2,1,170000,7563.93,1322.06
T3,mixed,od_multi,1,0.1,random,1000000,2,1,180000,7774.36,1286.28
T3,mixed,od_multi,1,0.1,random,1000000,2,1,190000,7392.65,1352.7
T3,mixed,od_multi,1,0.1,random,1000000,2,1,200000,7507.24,1332.05
T3,mixed,od_multi,1,0.1,random,1000000,2,1,210000,7613.78,1313.41
T3,mixed,od_multi,1,0.1,random,1000000,2,1,220000,7685.2,1301.2
T3,mixed,od_multi,1,0.1,random,1000000,2,1,230000,7545.87,1325.23
T3,mixed,od_multi,1,0.1,random,1000000,2,1,240000,7810.07,1280.4
T3,mixed,od_multi,1,0.1,random,1000000,2,1,250000,7695.23,1299.51
T3,mixed,od_multi,1,0.1,random,1000000,2,1,260000,7518.26,1330.09
T3,mixed,od_multi,1,0.1,random,1000000,2,1,270000,7583.59,1318.64
T3,mixed,od_multi,1,0.1,random,1000000,2,1,280000,7776.52,1285.92
T3,mixed,od_multi,1,0.1,random,1000000,2,1,290000,7782.4,1284.95
T3,mixed,od_multi,1,0.1,random,1000000,2,1,300000,7922.36,1262.25
T3,mixed,od_multi,1,0.1,random,1000000,2,1,310000,8014.39,1247.75
T3,mixed,od_multi,1,0.1,random,1000000,2,1,320000,7701.63,1298.43
T3,mixed,od_multi,1,0.1,random,1000000,2,1,330000,7689.66,1300.45
T3,mixed,od_multi,1,0.1,random,1000000,2,1,340000,7809.13,1280.55
T3,mixed,od_multi,1,0.1,random,1000000,2,1,350000,7883.36,1268.49
T3,mixed,od_multi,1,0.1,random,1000000,2,1,360000,7939.58,1259.51
T3,mixed,od_multi,1,0.1,random,1000000,2,1,370000,8193.63,1220.46
T3,mixed,od_multi,1,0.1,random,1000000,2,1,380000,8023.13,1246.4
T3,mixed,od_multi,1,0.1,random,1000000,2,1,390000,7679.99,1302.08
T3,mixed,od_multi,1,0.1,random,1000000,2,1,400000,7867.52,1271.05
T3,mixed,od_multi,1,0.1,random,1000000,2,1,410000,8002.69,1249.58
T3,mixed,od_multi,1,0.1,random,1000000,2,1,420000,8030.65,1245.23
T3,mixed,od_multi,1,0.1,random,1000000,2,1,430000,8259.66,1210.7
T3,mixed,od_multi,1,0.1,random,1000000,2,1,440000,8252.31,1211.78
T3,mixed,od_multi,1,0.1,random,1000000,2,1,450000,7976.24,1253.72
T3,mixed,od_multi,1,0.1,random,1000000,2,1,460000,8080.4,1237.56
T3,mixed,od_multi,1,0.1,random,1000000,2,1,470000,7935.91,1260.09
T3,mixed,od_multi,1,0.1,random,1000000,2,1,480000,7996.21,1250.59
T3,mixed,od_multi,1,0.1,random,1000000,2,1,490000,8218.68,1216.74
T3,mixed,od_multi,1,0.1,random,1000000,2,1,500000,8330.14,1200.46
T3,mixed,od_multi,1,0.1,random,1000000,2,1,510000,8212.75,1217.62
T3,mixed,od_multi,1,0.1,random,1000000,2,1,520000,8057.04,1241.15
T3,mixed,od_multi,1,0.1,random,1000000,2,1,530000,8086.19,1236.68
T3,mixed,od_multi,1,0.1,random,1000000,2,1,540000,8251.66,1211.88
T3,mixed,od_multi,1,0.1,random,1000000,2,1,550000,8274.07,1208.59
T3,mixed,od_multi,1,0.1,random,1000000,2,1,560000,8372.89,1194.33
T3,mixed,od_multi,1,0.1,random,1000000,2,1,570000,8432.51,1185.89
T3,mixed,od_multi,1,0.1,random,1000000,2,1,580000,8228.02,1215.36
T3,mixed,od_multi,1,0.1,random,1000000,2,1,590000,8212.25,1217.69
T3,mixed,od_multi,1,0.1,random,1000000,2,1,600000,8290.43,1206.21
T3,mixed,od_multi,1,0.1,random,1000000,2,1,610000,8382.01,1193.03
T3,mixed,od_multi,1,0.1,random,1000000,2,1,620000,8465.84,1181.22
T3,mixed,od_multi,1,0.1,random,1000000,2,1,630000,8616.44,1160.57
T3,mixed,od_multi,1,0.1,random,1000000,2,1,640000,8628.53,1158.95
T3,mixed,od_multi,1,0.1,random,1000000,2,1,650000,8226.57,1215.57
T3,mixed,od_multi,1,0.1,random,1000000,2,1,660000,8298.3,1205.07
T3,mixed,od_multi,1,0.1,random,1000000,2,1,670000,8484.11,1178.67
T3,mixed,od_multi,1,0.1,random,1000000,2,1,680000,8509.58,1175.15
T3,mixed,od_multi,1,0.1,random,1000000,2,1,690000,8686.82,1151.17
T3,mixed,od_multi,1,0.1,random,1000000,2,1,700000,8793.59,1137.19
T3,mixed,od_multi,1,0.1,random,1000000,2,1,710000,8483.31,1178.79
T3,mixed,od_multi,1,0.1,random,1000000,2,1,720000,8401.55,1190.26
T3,mixed,od_multi,1,0.1,random,1000000,2,1,730000,8523.3,1173.25
T3,mixed,od_multi,1,0.1,random,1000000,2,1,740000,8671.82,1153.16
T3,mixed,od_multi,1,0.1,random,1000000,2,1,750000,8805.48,1135.66
T3,mixed,od_multi,1,0.1,random,1000000,2,1,760000,8654.3,1155.49
T3,mixed,od_multi,1,0.1,random,1000000,2,1,770000,8883.71,1125.66
T3,mixed,od_multi,1,0.1,random,1000000,2,1,780000,8458.66,1182.22
T3,mixed,od_multi,1,0.1,random,1000000,2,1,790000,8562.07,1167.94
T3,mixed,od_multi,1,0.1,random,1000000,2,1,800000,8573.84,1166.34
T3,mixed,od_multi,1,0.1,random,1000000,2,1,810000,8689.15,1150.86
T3,mixed,od_multi,1,0.1,random,1000000,2,1,820000,8819.55,1133.84
T3,mixed,od_multi,1,0.1,random,1000000,2,1,830000,8681.08,1151.93
T3,mixed,od_multi,1,0.1,random,1000000,2,1,840000,8593.62,1163.65
T3,mixed,od_multi,1,0.1,random,1000000,2,1,850000,8684.32,1151.5
T3,mixed,od_multi,1,0.1,random,1000000,2,1,860000,8611.2,1161.28
T3,mixed,od_multi,1,0.1,random,1000000,2,1,870000,8895.79,1124.13
T3,mixed,od_multi,1,0.1,random,1000000,2,1,880000,8837.91,1131.49
T3,mixed,od_multi,1,0.1,random,1000000,2,1,890000,8873.79,1126.91
T3,mixed,od_multi,1,0.1,random,1000000,2,1,900000,9243.55,1081.84
T3,mixed,od_multi,1,0.1,random,1000000,2,1,910000,8741.65,1143.95
T3,mixed,od_multi,1,0.1,random,1000000,2,1,920000,8948.32,1117.53
T3,mixed,od_multi,1,0.1,random,1000000,2,1,930000,8855.68,1129.22
T3,mixed,od_multi,1,0.1,random,1000000,2,1,940000,9096.06,1099.38
T3,mixed,od_multi,1,0.1,random,1000000,2,1,950000,9016.58,1109.07
T3,mixed,od_multi,1,0.1,random,1000000,2,1,960000,9006.7,1110.28
T3,mixed,od_multi,1,0.1,random,1000000,2,1,970000,8982.49,1113.28
T3,mixed,od_multi,1,0.1,random,1000000,2,1,980000,8953.2,1116.92
T3,mixed,od_multi,1,0.1,random,1000000,2,1,990000,8858.53,1128.86
T3,mixed,od_multi,1,0.1,random,1000000,2,1,1000000,9049.62,1105.02
T3,mixed,od_multi,1,0.1,random,1000000,2,2,10000,6630.97,1508.08
T3,mixed,od_multi,1,0.1,random,1000000,2,2,20000,6655.01,1502.63
T3,mixed,od_multi,1,0.1,random,1000000,2,2,30000,6743.87,1482.83
T3,mixed,od_multi,1,0.1,random,1000000,2,2,40000,6782.08,1474.47
T3,mixed,od_multi,1,0.1,random,1000000,2,2,50000,7022.68,1423.96
T3,mixed,od_multi,1,0.1,random,1000000,2,2,60000,7049.23,1418.59
T3,mixed,od_multi,1,0.1,random,1000000,2,2,70000,7261.35,1377.16
T3,mixed,od_multi,1,0.1,random,1000000,2,2,80000,7409.84,1349.56
T3,mixed,od_multi,1,0.1,random,1000000,2,2,90000,7400.57,1351.25
T3,mixed,od_multi,1,0.1,random,1000000,2,2,100000,7443.2,1343.51
T3,mixed,od_multi,1,0.1,random,1000000,2,2,110000,7559.62,1322.82
T3,mixed,od_multi,1,0.1,random,1000000,2,2,120000,7344.37,1361.59
T3,mixed,od_multi,1,0.1,random,1000000,2,2,130000,7280.39,1373.55
T3,mixed,od_multi,1,0.1,random,1000000,2,2,140000,7309.67,1368.05
T3,mixed,od_multi,1,0.1,random,1000000,2,2,150000,7421.62,1347.42
T3,mixed,od_multi,1,0.1,random,1000000,2,2,160000,7525.82,1328.76
T3,mixed,od_multi,1,0.1,random,1000000,2,2,170000,7704.03,1298.02
T3,mixed,od_multi,1,0.1,random,1000000,2,2,180000,7802.44,1281.65
T3,mixed,od_multi,1,0.1,random,1000000,2,2,190000,7201.7,1388.56
T3,mixed,od_multi,1,0.1,random,1000000,2,2,200000,7483.71,1336.24
T3,mixed,od_multi,1,0.1,random,1000000,2,2,210000,7461.4,1340.23
T3,mixed,od_multi,1,0.1,random,1000000,2,2,220000,7557.51,1323.19
T3,mixed,od_multi,1,0.1,random,1000000,2,2,230000,7746.26,1290.94
T3,mixed,od_multi,1,0.1,random,1000000,2,2,240000,7693.37,1299.82
T3,mixed,od_multi,1,0.1,random,1000000,2,2,250000,7557.41,1323.21
T3,mixed,od_multi,1,0.1,random,1000000,2,2,260000,7507.93,1331.92
T3,mixed,od_multi,1,0.1,random,1000000,2,2,270000,7610.98,1313.89
T3,mixed,od_multi,1,0.1,random,1000000,2,2,280000,7687.19,1300.87
T3,mixed,od_multi,1,0.1,random,1000000,2,2,290000,7833.48,1276.57
T3,mixed,od_multi,1,0.1,random,1000000,2,2,300000,7917.72,1262.99
T3,mixed,od_multi,1,0.1,random,1000000,2,2,310000,7997.3,1250.42
T3,mixed,od_multi,1,0.1,random,1000000,2,2,320000,7567.39,1321.46
T3,mixed,od_multi,1,0.1,random,1000000,2,2,330000,7747.45,1290.75
T3,mixed,od_multi,1,0.1,random,1000000,2,2,340000,7634.2,1309.9
T3,mixed,od_multi,1,0.1,random,1000000,2,2,350000,7846.88,1274.39
T3,mixed,od_multi,1,0.1,random,1000000,2,2,360000,7767.28,1287.45
T3,mixed,od_multi,1,0.1,random,1000000,2,2,370000,8041.9,1243.49
T3,mixed,od_multi,1,0.1,random,1000000,2,2,380000,7962.34,1255.91
T3,mixed,od_multi,1,0.1,random,1000000,2,2,390000,7855.22,1273.04
T3,mixed,od_multi,1,0.1,random,1000000,2,2,400000,7811.06,1280.24
T3,mixed,od_multi,1,0.1,random,1000000,2,2,410000,7908.15,1264.52
T3,mixed,od_multi,1,0.1,random,1000000,2,2,420000,8043.1,1243.3
T3,mixed,od_multi,1,0.1,random,1000000,2,2,430000,8159.77,1225.52
T3,mixed,od_multi,1,0.1,random,1000000,2,2,440000,8184.58,1221.81
T3,mixed,od_multi,1,0.1,random,1000000,2,2,450000,7845.25,1274.66
T3,mixed,od_multi,1,0.1,random,1000000,2,2,460000,8000.05,1249.99
T3,mixed,od_multi,1,0.1,random,1000000,2,2,470000,8011.74,1248.17
T3,mixed,od_multi,1,0.1,random,1000000,2,2,480000,8119.84,1231.55
T3,mixed,od_multi,1,0.1,random,1000000,2,2,490000,8225.4,1215.75
T3,mixed,od_multi,1,0.1,random,1000000,2,2,500000,8281.33,1207.54
T3,mixed,od_multi,1,0.1,random,1000000,2,2,510000,8235.76,1214.22
T3,mixed,od_multi,1,0.1,random,1000000,2,2,520000,7878.72,1269.24
T3,mixed,od_multi,1,0.1,random,1000000,2,2,530000,8039.89,1243.8
T3,mixed,od_multi,1,0.1,random,1000000,2,2,540000,8201.7,1219.26
T3,mixed,od_multi,1,0.1,random,1000000,2,2,550000,8343.01,1198.61
T3,mixed,od_multi,1,0.1,random,1000000,2,2,560000,8316.64,1202.41
T3,mixed,od_multi,1,0.1,random,1000000,2,2,570000,8475.69,1179.84
T3,mixed,od_multi,1,0.1,random,1000000,2,2,580000,8100.68,1234.46
T3,mixed,od_multi,1,0.1,random,1000000,2,2,590000,8114.07,1232.43
T3,mixed,od_multi,1,0.1,random,1000000,2,2,600000,8293.04,1205.83
T3,mixed,od_multi,1,0.1,random,1000000,2,2,610000,8166.78,1224.47
T3,mixed,od_multi,1,0.1,random,1000000,2,2,620000,8394.16,1191.3
T3,mixed,od_multi,1,0.1,random,1000000,2,2,630000,8629.8,1158.78
T3,mixed,od_multi,1,0.1,random,1000000,2,2,640000,8673.15,1152.98
T3,mixed,od_multi,1,0.1,random,1000000,2,2,650000,8280.62,1207.64
T3,mixed,od_multi,1,0.1,random,1000000,2,2,660000,8346.2,1198.15
T3,mixed,od_multi,1,0.1,random,1000000,2,2,670000,8395.35,1191.14
T3,mixed,od_multi,1,0.1,random,1000000,2,2,680000,8530.97,1172.2
T3,mixed,od_multi,1,0.1,random,1000000,2,2,690000,8642,1157.14
T3,mixed,od_multi,1,0.1,random,1000000,2,2,700000,8768.47,1140.45
T3,mixed,od_multi,1,0.1,random,1000000,2,2,710000,8400.17,1190.45
T3,mixed,od_multi,1,0.1,random,1000000,2,2,720000,8372.42,1194.4
T3,mixed,od_multi,1,0.1,random,1000000,2,2,730000,8326.94,1200.92
T3,mixed,od_multi,1,0.1,random,1000000,2,2,740000,8473.09,1180.21
T3,mixed,od_multi,1,0.1,random,1000000,2,2,750000,8611.67,1161.21
T3,mixed,od_multi,1,0.1,random,1000000,2,2,760000,8770.88,1140.14
T3,mixed,od_multi,1,0.1,random,1000000,2,2,770000,8830.29,1132.47
T3,mixed,od_multi,1,0.1,random,1000000,2,2,780000,8474.5,1180.01
T3,mixed,od_multi,1,0.1,random,1000000,2,2,790000,8451.77,1183.18
T3,mixed,od_multi,1,0.1,random,1000000,2,2,800000,8532.14,1172.04
T3,mixed,od_multi,1,0.1,random,1000000,2,2,810000,8665.06,1154.06
T3,mixed,od_multi,1,0.1,random,1000000,2,2,820000,8835.11,1131.85
T3,mixed,od_multi,1,0.1,random,1000000,2,2,830000,8996.23,1111.58
T3,mixed,od_multi,1,0.1,random,1000000,2,2,840000,8732.68,1145.12
T3,mixed,od_multi,1,0.1,random,1000000,2,2,850000,8597.76,1163.09
T3,mixed,od_multi,1,0.1,random,1000000,2,2,860000,8773.25,1139.83
T3,mixed,od_multi,1,0.1,random,1000000,2,2,870000,8776.34,1139.43
T3,mixed,od_multi,1,0.1,random,1000000,2,2,880000,8846.09,1130.44
T3,mixed,od_multi,1,0.1,random,1000000,2,2,890000,9093.71,1099.66
T3,mixed,od_multi,1,0.1,random,1000000,2,2,900000,9138.7,1094.25
T3,mixed,od_multi,1,0.1,random,1000000,2,2,910000,8626.96,1159.16
T3,mixed,od_multi,1,0.1,random,1000000,2,2,920000,8851.32,1129.77
T3,mixed,od_multi,1,0.1,random,1000000,2,2,930000,8791.26,1137.49
T3,mixed,od_multi,1,0.1,random,1000000,2,2,940000,9023.09,1108.27
T3,mixed,od_multi,1,0.1,random,1000000,2,2,950000,9038.4,1106.39
T3,mixed,od_multi,1,0.1,random,1000000,2,2,960000,9207.5,1086.07
T3,mixed,od_multi,1,0.1,random,1000000,2,2,970000,8902.38,1123.3
T3,mixed,od_multi,1,0.1,random,1000000,2,2,980000,8930.14,1119.8
T3,mixed,od_multi,1,0.1,random,1000000,2,2,990000,9019.27,1108.74
T3,mixed,od_multi,1,0.1,random,1000000,2,2,1000000,9077.07,1101.68
T3,mixed,od_multi,1,0.1,random,1000000,2,3,10000,6640.03,1506.02
T3,mixed,od_multi,1,0.1,random,1000000,2,3,20000,6718.49,1488.43
T3,mixed,od_multi,1,0.1,random,1000000,2,3,30000,6797.55,1471.12
T3,mixed,od_multi,1,0.1,random,1000000,2,3,40000,6936.25,1441.7
T3,mixed,od_multi,1,0.1,random,1000000,2,3,50000,7027.08,1423.07
T3,mixed,od_multi,1,0.1,random,1000000,2,3,60000,7119.35,1404.62
T3,mixed,od_multi,1,0.1,random,1000000,2,3,70000,7137.3,1401.09
T3,mixed,od_multi,1,0.1,random,1000000,2,3,80000,7302.85,1369.33
T3,mixed,od_multi,1,0.1,random,1000000,2,3,90000,7466.33,1339.35
T3,mixed,od_multi,1,0.1,random,1000000,2,3,100000,7521.71,1329.49
T3,mixed,od_multi,1,0.1,random,1000000,2,3,110000,7570.02,1321
T3,mixed,od_multi,1,0.1,random,1000000,2,3,120000,7288.03,1372.11
T3,mixed,od_multi,1,0.1,random,1000000,2,3,130000,7310.27,1367.94
T3,mixed,od_multi,1,0.1,random,1000000,2,3,140000,7287.61,1372.19
T3,mixed,od_multi,1,0.1,random,1000000,2,3,150000,7493.85,1334.43
T3,mixed,od_multi,1,0.1,random,1000000,2,3,160000,7588.17,1317.84
T3,mixed,od_multi,1,0.1,random,1000000,2,3,170000,7624.03,1311.64
T3,mixed,od_multi,1,0.1,random,1000000,2,3,180000,7584.5,1318.48
T3,mixed,od_multi,1,0.1,random,1000000,2,3,190000,7417.03,1348.25
T3,mixed,od_multi,1,0.1,random,1000000,2,3,200000,7450.8,1342.14
T3,mixed,od_multi,1,0.1,random,1000000,2,3,210000,7569.79,1321.04
T3,mixed,od_multi,1,0.1,random,1000000,2,3,220000,7660.65,1305.37
T3,mixed,od_multi,1,0.1,random,1000000,2,3,230000,7718.97,1295.51
T3,mixed,od_multi,1,0.1,random,1000000,2,3,240000,7862.64,1271.84
T3,mixed,od_multi,1,0.1,random,1000000,2,3,250000,7616.12,1313
T3,mixed,od_multi,1,0.1,random,1000000,2,3,260000,7512.93,1331.04
T3,mixed,od_multi,1,0.1,random,1000000,2,3,270000,7561.89,1322.42
T3,mixed,od_multi,1,0.1,random,1000000,2,3,280000,7636.01,1309.58
T3,mixed,od_multi,1,0.1,random,1000000,2,3,290000,7635.24,1309.72
T3,mixed,od_multi,1,0.1,random,1000000,2,3,300000,7943.24,1258.93
T3,mixed,od_multi,1,0.1,random,1000000,2,3,310000,7917.35,1263.05
T3,mixed,od_multi,1,0.1,random,1000000,2,3,320000,7633.94,1309.94
T3,mixed,od_multi,1,0.1,random,1000000,2,3,330000,7651.51,1306.93
T3,mixed,od_multi,1,0.1,random,1000000,2,3,340000,7647.34,1307.64
T3,mixed,od_multi,1,0.1,random,1000000,2,3,350000,7749.49,1290.41
T3,mixed,od_multi,1,0.1,random,1000000,2,3,360000,7963.14,1255.79
T3,mixed,od_multi,1,0.1,random,1000000,2,3,370000,8082.82,1237.19
T3,mixed,od_multi,1,0.1,random,1000000,2,3,380000,7957.42,1256.69
T3,mixed,od_multi,1,0.1,random,1000000,2,3,390000,7803.36,1281.5
T3,mixed,od_multi,1,0.1,random,1000000,2,3,400000,7964.67,1255.55
T3,mixed,od_multi,1,0.1,random,1000000,2,3,410000,7910.98,1264.07
T3,mixed,od_multi,1,0.1,random,1000000,2,3,420000,8072.98,1238.7
T3,mixed,od_multi,1,0.1,random,1000000,2,3,430000,8201.13,1219.34
T3,mixed,od_multi,1,0.1,random,1000000,2,3,440000,8353.93,1197.04
T3,mixed,od_multi,1,0.1,random,1000000,2,3,450000,7953.36,1257.33
T3,mixed,od_multi,1,0.1,random,1000000,2,3,460000,7968.95,1254.87
T3,mixed,od_multi,1,0.1,random,1000000,2,3,470000,8013.55,1247.89
T3,mixed,od_multi,1,0.1,random,1000000,2,3,480000,8077.23,1238.05
T3,mixed,od_multi,1,0.1,random,1000000,2,3,490000,8098.2,1234.84
T3,mixed,od_multi,1,0.1,random,1000000,2,3,500000,8313.44,1202.87
T3,mixed,od_multi,1,0.1,random,1000000,2,3,510000,8305,1204.09
T3,mixed,od_multi,1,0.1,random,1000000,2,3,520000,8004.98,1249.22
T3,mixed,od_multi,1,0.1,random,1000000,2,3,530000,8071.32,1238.96
T3,mixed,od_multi,1,0.1,random,1000000,2,3,540000,8218.21,1216.81
T3,mixed,od_multi,1,0.1,random,1000000,2,3,550000,8204.18,1218.89
T3,mixed,od_multi,1,0.1,random,1000000,2,3,560000,8415,1188.35
T3,mixed,od_multi,1,0.1,random,1000000,2,3,570000,8503.42,1176
T3,mixed,od_multi,1,0.1,random,1000000,2,3,580000,8245.12,1212.84
T3,mixed,od_multi,1,0.1,random,1000000,2,3,590000,8149.36,1227.09
T3,mixed,od_multi,1,0.1,random,1000000,2,3,600000,8391.72,1191.65
T3,mixed,od_multi,1,0.1,random,1000000,2,3,610000,8460.25,1182
T3,mixed,od_multi,1,0.1,random,1000000,2,3,620000,8456.37,1182.54
T3,mixed,od_multi,1,0.1,random,1000000,2,3,630000,8551.11,1169.44
T3,mixed,od_multi,1,0.1,random,1000000,2,3,640000,8612.96,1161.04
T3,mixed,od_multi,1,0.1,random,1000000,2,3,650000,8147.5,1227.37
T3,mixed,od_multi,1,0.1,random,1000000,2,3,660000,8470.8,1180.53
T3,mixed,od_multi,1,0.1,random,1000000,2,3,670000,8428.54,1186.45
T3,mixed,od_multi,1,0.1,random,1000000,2,3,680000,8518.97,1173.85
T3,mixed,od_multi,1,0.1,random,1000000,2,3,690000,8655.78,1155.3
T3,mixed,od_multi,1,0.1,random,1000000,2,3,700000,8699.22,1149.53
T3,mixed,od_multi,1,0.1,random,1000000,2,3,710000,8345.56,1198.24
T3,mixed,od_multi,1,0.1,random,1000000,2,3,720000,8381.58,1193.09
T3,mixed,od_multi,1,0.1,random,1000000,2,3,730000,8442.78,1184.44
T3,mixed,od_multi,1,0.1,random,1000000,2,3,740000,8635.27,1158.04
T3,mixed,od_multi,1,0.1,random,1000000,2,3,750000,8595.58,1163.39
T3,mixed,od_multi,1,0.1,random,1000000,2,3,760000,8827.7,1132.8
T3,mixed,od_multi,1,0.1,random,1000000,2,3,770000,8908.76,1122.49
T3,mixed,od_multi,1,0.1,random,1000000,2,3,780000,8543.11,1170.53
T3,mixed,od_multi,1,0.1,random,1000000,2,3,790000,8675.09,1152.73
T3,mixed,od_multi,1,0.1,random,1000000,2,3,800000,8729.34,1145.56
T3,mixed,od_multi,1,0.1,random,1000000,2,3,810000,8844.3,1130.67
T3,mixed,od_multi,1,0.1,random,1000000,2,3,820000,8885.81,1125.39
T3,mixed,od_multi,1,0.1,random,1000000,2,3,830000,9115.82,1096.99
T3,mixed,od_multi,1,0.1,random,1000000,2,3,840000,8860.17,1128.65
T3,mixed,od_multi,1,0.1,random,1000000,2,3,850000,8802.28,1136.07
T3,mixed,od_multi,1,0.1,random,1000000,2,3,860000,8835.3,1131.82
T3,mixed,od_multi,1,0.1,random,1000000,2,3,870000,8790.99,1137.53
T3,mixed,od_multi,1,0.1,random,1000000,2,3,880000,8963.01,1115.7
T3,mixed,od_multi,1,0.1,random,1000000,2,3,890000,9158.56,1091.87
T3,mixed,od_multi,1,0.1,random,1000000,2,3,900000,9168.88,1090.65
T3,mixed,od_multi,1,0.1,random,1000000,2,3,910000,8724.57,1146.19
T3,mixed,od_multi,1,0.1,random,1000000,2,3,920000,8757,1141.94
T3,mixed,od_multi,1,0.1,random,1000000,2,3,930000,8925.62,1120.37
T3,mixed,od_multi,1,0.1,random,1000000,2,3,940000,9004.7,1110.53
T3,mixed,od_multi,1,0.1,random,1000000,2,3,950000,9150.65,1092.82
T3,mixed,od_multi,1,0.1,random,1000000,2,3,960000,9133.48,1094.87
T3,mixed,od_multi,1,0.1,random,1000000,2,3,970000,9095.97,1099.39
T3,mixed,od_multi,1,0.1,random,1000000,2,3,980000,8992.68,1112.02
T3,mixed,od_multi,1,0.1,random,1000000,2,3,990000,9029.82,1107.44
T3,mixed,od_multi,1,0.1,random,1000000,2,3,1000000,9097.25,1099.23
T4,mixed,od_multi,0,0.1,random,1000000,2,1,10000,6536.66,1529.83
T4,mixed,od_multi,0,0.1,random,1000000,2,1,20000,6731.91,1485.46
T4,mixed,od_multi,0,0.1,random,1000000,2,1,30000,6861.41,1457.43
T4,mixed,od_multi,0,0.1,random,1000000,2,1,40000,6915.51,1446.03
T4,mixed,od_multi,0,0.1,random,1000000,2,1,50000,6992.86,1430.03
T4,mixed,od_multi,0,0.1,random,1000000,2,1,60000,7074.85,1413.46
T4,mixed,od_multi,0,0.1,random,1000000,2,1,70000,7217.12,1385.59
T4,mixed,od_multi,0,0.1,random,1000000,2,1,80000,7355.04,1359.61
T4,mixed,od_multi,0,0.1,random,1000000,2,1,90000,7343.24,1361.8
T4,mixed,od_multi,0,0.1,random,1000000,2,1,100000,7425.85,1346.65
T4,mixed,od_multi,0,0.1,random,1000000,2,1,110000,7535.63,1327.03
T4,mixed,od_multi,0,0.1,random,1000000,2,1,120000,7360.46,1358.61
T4,mixed,od_multi,0,0.1,random,1000000,2,1,130000,7281.93,1373.26
T4,mixed,od_multi,0,0.1,random,1000000,2,1,140000,7461.78,1340.16
T4,mixed,od_multi,0,0.1,random,1000000,2,1,150000,7463.87,1339.79
T4,mixed,od_multi,0,0.1,random,1000000,2,1,160000,7541.67,1325.97
T4,mixed,od_multi,0,0.1,random,1000000,2,1,170000,7709.64,1297.08
T4,mixed,od_multi,0,0.1,random,1000000,2,1,180000,7782.75,1284.89
T4,mixed,od_multi,0,0.1,random,1000000,2,1,190000,7290.98,1371.56
T4,mixed,od_multi,0,0.1,random,1000000,2,1,200000,7418.44,1347.99
T4,mixed,od_multi,0,0.1,random,1000000,2,1,210000,7522.01,1329.43
T4,mixed,od_multi,0,0.1,random,1000000,2,1,220000,7560.43,1322.68
T4,mixed,od_multi,0,0.1,random,1000000,2,1,230000,7719.32,1295.45
T4,mixed,od_multi,0,0.1,random,1000000,2,1,240000,7731.61,1293.39
T4,mixed,od_multi,0,0.1,random,1000000,2,1,250000,7601.84,1315.47
T4,mixed,od_multi,0,0.1,random,1000000,2,1,260000,7502.62,1332.87
T4,mixed,od_multi,0,0.1,random,1000000,2,1,270000,7530.92,1327.86
T4,mixed,od_multi,0,0.1,random,1000000,2,1,280000,7646.77,1307.74
T4,mixed,od_multi,0,0.1,random,1000000,2,1,290000,7652.06,1306.84
T4,mixed,od_multi,0,0.1,random,1000000,2,1,300000,7880.95,1268.88
T4,mixed,od_multi,0,0.1,random,1000000,2,1,310000,7894.3,1266.74
T4,mixed,od_multi,0,0.1,random,1000000,2,1,320000,7525.17,1328.87
T4,mixed,od_multi,0,0.1,random,1000000,2,1,330000,7685.93,1301.08
T4,mixed,od_multi,0,0.1,random,1000000,2,1,340000,7799.97,1282.06
T4,mixed,od_multi,0,0.1,random,1000000,2,1,350000,7902.87,1265.36
T4,mixed,od_multi,0,0.1,random,1000000,2,1,360000,8030.96,1245.18
T4,mixed,od_multi,0,0.1,random,1000000,2,1,370000,7989.93,1251.57
T4,mixed,od_multi,0,0.1,random,1000000,2,1,380000,7887.97,1267.75
T4,mixed,od_multi,0,0.1,random,1000000,2,1,390000,7786.28,1284.31
T4,mixed,od_multi,0,0.1,random,1000000,2,1,400000,7914.47,1263.51
T4,mixed,od_multi,0,0.1,random,1000000,2,1,410000,7977.93,1253.46
T4,mixed,od_multi,0,0.1,random,1000000,2,1,420000,8080.59,1237.53
T4,mixed,od_multi,0,0.1,random,1000000,2,1,430000,8103.03,1234.11
T4,mixed,od_multi,0,0.1,random,1000000,2,1,440000,8127.19,1230.44
T4,mixed,od_multi,0,0.1,random,1000000,2,1,450000,7829.95,1277.15
T4,mixed,od_multi,0,0.1,random,1000000,2,1,460000,7929.79,1261.07
T4,mixed,od_multi,0,0.1,random,1000000,2,1,470000,7957.6,1256.66
T4,mixed,od_multi,0,0.1,random,1000000,2,1,480000,8014.7,1247.71
T4,mixed,od_multi,0,0.1,random,1000000,2,1,490000,8143.13,1228.03
T4,mixed,od_multi,0,0.1,random,1000000,2,1,500000,8274.86,1208.48
T4,mixed,od_multi,0,0.1,random,1000000,2,1,510000,8267.15,1209.61
T4,mixed,od_multi,0,0.1,random,1000000,2,1,520000,7944.78,1258.69
T4,mixed,od_multi,0,0.1,random,1000000,2,1,530000,8025.55,1246.02
T4,mixed,od_multi,0,0.1,random,1000000,2,1,540000,8172.61,1223.6
T4,mixed,od_multi,0,0.1,random,1000000,2,1,550000,8276.32,1208.27
T4,mixed,od_multi,0,0.1,random,1000000,2,1,560000,8422.93,1187.24
T4,mixed,od_multi,0,0.1,random,1000000,2,1,570000,8283.74,1207.18
T4,mixed,od_multi,0,0.1,random,1000000,2,1,580000,8209.42,1218.11
T4,mixed,od_multi,0,0.1,random,1000000,2,1,590000,8195.54,1220.18
T4,mixed,od_multi,0,0.1,random,1000000,2,1,600000,8180.99,1222.35
T4,mixed,od_multi,0,0.1,random,1000000,2,1,610000,8381.39,1193.12
T4,mixed,od_multi,0,0.1,random,1000000,2,1,620000,8425.87,1186.82
T4,mixed,od_multi,0,0.1,random,1000000,2,1,630000,8542.98,1170.55
T4,mixed,od_multi,0,0.1,random,1000000,2,1,640000,8506.22,1175.61
T4,mixed,od_multi,0,0.1,random,1000000,2,1,650000,8275.31,1208.41
T4,mixed,od_multi,0,0.1,random,1000000,2,1,660000,8386.88,1192.34
T4,mixed,od_multi,0,0.1,random,1000000,2,1,670000,8346.83,1198.06
T4,mixed,od_multi,0,0.1,random,1000000,2,1,680000,8407.93,1189.35
T4,mixed,od_multi,0,0.1,random,1000000,2,1,690000,8564.63,1167.59
T4,mixed,od_multi,0,0.1,random,1000000,2,1,700000,8684.89,1151.43
T4,mixed,od_multi,0,0.1,random,1000000,2,1,710000,8571.67,1166.63
T4,mixed,od_multi,0,0.1,random,1000000,2,1,720000,8469.55,1180.7
T4,mixed,od_multi,0,0.1,random,1000000,2,1,730000,8588.55,1164.34
T4,mixed,od_multi,0,0.1,random,1000000,2,1,740000,8483.9,1178.7
T4,mixed,od_multi,0,0.1,random,1000000,2,1,750000,8704.39,1148.85
T4,mixed,od_multi,0,0.1,random,1000000,2,1,760000,8781.65,1138.74
T4,mixed,od_multi,0,0.1,random,1000000,2,1,770000,8897.35,1123.93
T4,mixed,od_multi,0,0.1,random,1000000,2,1,780000,8340.69,1198.94
T4,mixed,od_multi,0,0.1,random,1000000,2,1,790000,8530.55,1172.26
T4,mixed,od_multi,0,0.1,random,1000000,2,1,800000,8726.76,1145.9
T4,mixed,od_multi,0,0.1,random,1000000,2,1,810000,8654.24,1155.5
T4,mixed,od_multi,0,0.1,random,1000000,2,1,820000,8899.7,1123.63
T4,mixed,od_multi,0,0.1,random,1000000,2,1,830000,8933.78,1119.35
T4,mixed,od_multi,0,0.1,random,1000000,2,1,840000,8792.93,1137.28
T4,mixed,od_multi,0,0.1,random,1000000,2,1,850000,8615.32,1160.72
T4,mixed,od_multi,0,0.1,random,1000000,2,1,860000,8797.79,1136.65
T4,mixed,od_multi,0,0.1,random,1000000,2,1,870000,8900.27,1123.56
T4,mixed,od_multi,0,0.1,random,1000000,2,1,880000,8920.18,1121.05
T4,mixed,od_multi,0,0.1,random,1000000,2,1,890000,9058.04,1103.99
T4,mixed,od_multi,0,0.1,random,1000000,2,1,900000,9153.67,1092.46
T4,mixed,od_multi,0,0.1,random,1000000,2,1,910000,8826.22,1132.99
T4,mixed,od_multi,0,0.1,random,1000000,2,1,920000,8853.01,1129.56
T4,mixed,od_multi,0,0.1,random,1000000,2,1,930000,8905.55,1122.9
T4,mixed,od_multi,0,0.1,random,1000000,2,1,940000,9110.85,1097.59
T4,mixed,od_multi,0,0.1,random,1000000,2,1,950000,9111.06,1097.57
T4,mixed,od_multi,0,0.1,random,1000000,2,1,960000,9233.43,1083.02
T4,mixed,od_multi,0,0.1,random,1000000,2,1,970000,9167.35,1090.83
T4,mixed,od_multi,0,0.1,random,1000000,2,1,980000,8709.68,1148.15
T4,mixed,od_multi,0,0.1,random,1000000,2,1,990000,9040.11,1106.18
T4,mixed,od_multi,0,0.1,random,1000000,2,1,1000000,9150.47,1092.84
T4,mixed,od_multi,0,0.1,random,1000000,2,2,10000,6560.79,1524.21
T4,mixed,od_multi,0,0.1,random,1000000,2,2,20000,6752.43,1480.95
T4,mixed,od_multi,0,0.1,random,1000000,2,2,30000,6764.91,1478.22
T4,mixed,od_multi,0,0.1,random,1000000,2,2,40000,6957.59,1437.28
T4,mixed,od_multi,0,0.1,random,1000000,2,2,50000,6976.04,1433.48
T4,mixed,od_multi,0,0.1,random,1000000,2,2,60000,7065.23,1415.38
T4,mixed,od_multi,0,0.1,random,1000000,2,2,70000,7168.02,1395.08
T4,mixed,od_multi,0,0.1,random,1000000,2,2,80000,7265.16,1376.43
T4,mixed,od_multi,0,0.1,random,1000000,2,2,90000,7402.13,1350.96
T4,mixed,od_multi,0,0.1,random,1000000,2,2,100000,7575.13,1320.11
T4,mixed,od_multi,0,0.1,random,1000000,2,2,110000,7515.55,1330.57
T4,mixed,od_multi,0,0.1,random,1000000,2,2,120000,7398.29,1351.66
T4,mixed,od_multi,0,0.1,random,1000000,2,2,130000,7284.32,1372.81
T4,mixed,od_multi,0,0.1,random,1000000,2,2,140000,7366.75,1357.45
T4,mixed,od_multi,0,0.1,random,1000000,2,2,150000,7429.21,1346.04
T4,mixed,od_multi,0,0.1,random,1000000,2,2,160000,7530.94,1327.86
T4,mixed,od_multi,0,0.1,random,1000000,2,2,170000,7675.02,1302.93
T4,mixed,od_multi,0,0.1,random,1000000,2,2,180000,7773.22,1286.47
T4,mixed,od_multi,0,0.1,random,1000000,2,2,190000,7405.37,1350.37
T4,mixed,od_multi,0,0.1,random,1000000,2,2,200000,7525.76,1328.77
T4,mixed,od_multi,0,0.1,random,1000000,2,2,210000,7626.11,1311.28
T4,mixed,od_multi,0,0.1,random,1000000,2,2,220000,7652.89,1306.7
T4,mixed,od_multi,0,0.1,random,1000000,2,2,230000,7723.22,1294.8
T4,mixed,od_multi,0,0.1,random,1000000,2,2,240000,7841.74,1275.23
T4,mixed,od_multi,0,0.1,random,1000000,2,2,250000,7731.18,1293.46
T4,mixed,od_multi,0,0.1,random,1000000,2,2,260000,7452.55,1341.82
T4,mixed,od_multi,0,0.1,random,1000000,2,2,270000,7640.73,1308.78
T4,mixed,od_multi,0,0.1,random,1000000,2,2,280000,7708.63,1297.25
T4,mixed,od_multi,0,0.1,random,1000000,2,2,290000,7720.6,1295.24
T4,mixed,od_multi,0,0.1,random,1000000,2,2,300000,7860.06,1272.25
T4,mixed,od_multi,0,0.1,random,1000000,2,2,310000,8044.35,1243.11
T4,mixed,od_multi,0,0.1,random,1000000,2,2,320000,7712.05,1296.67
T4,mixed,od_multi,0,0.1,random,1000000,2,2,330000,7668.92,1303.96
T4,mixed,od_multi,0,0.1,random,1000000,2,2,340000,7802.05,1281.71
T4,mixed,od_multi,0,0.1,random,1000000,2,2,350000,7778.21,1285.64
T4,mixed,od_multi,0,0.1,random,1000000,2,2,360000,7948.47,1258.1
T4,mixed,od_multi,0,0.1,random,1000000,2,2,370000,8051.77,1241.96
T4,mixed,od_multi,0,0.1,random,1000000,2,2,380000,8037.83,1244.12
T4,mixed,od_multi,0,0.1,random,1000000,2,2,390000,7762.67,1288.22
T4,mixed,od_multi,0,0.1,random,1000000,2,2,400000,7916.69,1263.15
T4,mixed,od_multi,0,0.1,random,1000000,2,2,410000,7900.09,1265.81
T4,mixed,od_multi,0,0.1,random,1000000,2,2,420000,8059.22,1240.82
T4,mixed,od_multi,0,0.1,random,1000000,2,2,430000,8096.29,1235.13
T4,mixed,od_multi,0,0.1,random,1000000,2,2,440000,8319.42,1202.01
T4,mixed,od_multi,0,0.1,random,1000000,2,2,450000,7872.06,1270.32
T4,mixed,od_multi,0,0.1,random,1000000,2,2,460000,7987.56,1251.95
T4,mixed,od_multi,0,0.1,random,1000000,2,2,470000,8058.39,1240.94
T4,mixed,od_multi,0,0.1,random,1000000,2,2,480000,8155.01,1226.24
T4,mixed,od_multi,0,0.1,random,1000000,2,2,490000,8172.99,1223.54
T4,mixed,od_multi,0,0.1,random,1000000,2,2,500000,8340.97,1198.9
T4,mixed,od_multi,0,0.1,random,1000000,2,2,510000,8313.85,1202.81
T4,mixed,od_multi,0,0.1,random,1000000,2,2,520000,7988.29,1251.83
T4,mixed,od_multi,0,0.1,random,1000000,2,2,530000,8147.2,1227.42
T4,mixed,od_multi,0,0.1,random,1000000,2,2,540000,8240.38,1213.54
T4,mixed,od_multi,0,0.1,random,1000000,2,2,550000,8223.71,1216
T4,mixed,od_multi,0,0.1,random,1000000,2,2,560000,8395.28,1191.14
T4,mixed,od_multi,0,0.1,random,1000000,2,2,570000,8441.42,1184.64
T4,mixed,od_multi,0,0.1,random,1000000,2,2,580000,8243.09,1213.14
T4,mixed,od_multi,0,0.1,random,1000000,2,2,590000,8200.56,1219.43
T4,mixed,od_multi,0,0.1,random,1000000,2,2,600000,8237.54,1213.96
T4,mixed,od_multi,0,0.1,random,1000000,2,2,610000,8351.34,1197.41
T4,mixed,od_multi,0,0.1,random,1000000,2,2,620000,8549.78,1169.62
T4,mixed,od_multi,0,0.1,random,1000000,2,2,630000,8544.72,1170.31
T4,mixed,od_multi,0,0.1,random,1000000,2,2,640000,8618.46,1160.3
T4,mixed,od_multi,0,0.1,random,1000000,2,2,650000,8351.37,1197.41
T4,mixed,od_multi,0,0.1,random,1000000,2,2,660000,8319.62,1201.98
T4,mixed,od_multi,0,0.1,random,1000000,2,2,670000,8518.18,1173.96
T4,mixed,od_multi,0,0.1,random,1000000,2,2,680000,8529.86,1172.35
T4,mixed,od_multi,0,0.1,random,1000000,2,2,690000,8683.86,1151.56
T4,mixed,od_multi,0,0.1,random,1000000,2,2,700000,8744.92,1143.52
T4,mixed,od_multi,0,0.1,random,1000000,2,2,710000,8558.56,1168.42
T4,mixed,od_multi,0,0.1,random,1000000,2,2,720000,8444.71,1184.17
T4,mixed,od_multi,0,0.1,random,1000000,2,2,730000,8514.05,1174.53
T4,mixed,od_multi,0,0.1,random,1000000,2,2,740000,8555.46,1168.84
T4,mixed,od_multi,0,0.1,random,1000000,2,2,750000,8762.27,1141.26
T4,mixed,od_multi,0,0.1,random,1000000,2,2,760000,8868.48,1127.59
T4,mixed,od_multi,0,0.1,random,1000000,2,2,770000,8939.09,1118.68
T4,mixed,od_multi,0,0.1,random,1000000,2,2,780000,8542.02,1170.68
T4,mixed,od_multi,0,0.1,random,1000000,2,2,790000,8593.64,1163.65
T4,mixed,od_multi,0,0.1,random,1000000,2,2,800000,8741.43,1143.98
T4,mixed,od_multi,0,0.1,random,1000000,2,2,810000,8828.12,1132.74
T4,mixed,od_multi,0,0.1,random,1000000,2,2,820000,8975.51,1114.14
T4,mixed,od_multi,0,0.1,random,1000000,2,2,830000,9007.4,1110.2
T4,mixed,od_multi,0,0.1,random,1000000,2,2,840000,8722.86,1146.41
T4,mixed,od_multi,0,0.1,random,1000000,2,2,850000,8652.98,1155.67
T4,mixed,od_multi,0,0.1,random,1000000,2,2,860000,8729.28,1145.57
T4,mixed,od_multi,0,0.1,random,1000000,2,2,870000,8962.44,1115.77
T4,mixed,od_multi,0,0.1,random,1000000,2,2,880000,8972.43,1114.52
T4,mixed,od_multi,0,0.1,random,1000000,2,2,890000,9078.09,1101.55
T4,mixed,od_multi,0,0.1,random,1000000,2,2,900000,9119.52,1096.55
T4,mixed,od_multi,0,0.1,random,1000000,2,2,910000,8718.32,1147.01
T4,mixed,od_multi,0,0.1,random,1000000,2,2,920000,8860.39,1128.62
T4,mixed,od_multi,0,0.1,random,1000000,2,2,930000,8893.27,1124.45
T4,mixed,od_multi,0,0.1,random,1000000,2,2,940000,9073.57,1102.1
T4,mixed,od_multi,0,0.1,random,1000000,2,2,950000,9088.21,1100.33
T4,mixed,od_multi,0,0.1,random,1000000,2,2,960000,9278.32,1077.78
T4,mixed,od_multi,0,0.1,random,1000000,2,2,970000,8993.72,1111.89
T4,mixed,od_multi,0,0.1,random,1000000,2,2,980000,9012.05,1109.63
T4,mixed,od_multi,0,0.1,random,1000000,2,2,990000,9064.14,1103.25
T4,mixed,od_multi,0,0.1,random,1000000,2,2,1000000,9177.35,1089.64
T4,mixed,od_multi,0,0.1,random,1000000,2,3,10000,6529.63,1531.48
T4,mixed,od_multi,0,0.1,random,1000000,2,3,20000,6746.92,1482.16
T4,mixed,od_multi,0,0.1,random,1000000,2,3,30000,6782.84,1474.31
T4,mixed,od_multi,0,0.1,random,1000000,2,3,40000,6871.61,1455.26
T4,mixed,od_multi,0,0.1,random,1000000,2,3,50000,7007.24,1427.1
T4,mixed,od_multi,0,0.1,random,1000000,2,3,60000,7138.61,1400.83
T4,mixed,od_multi,0,0.1,random,1000000,2,3,70000,7209.33,1387.09
T4,mixed,od_multi,0,0.1,random,1000000,2,3,80000,7257.46,1377.89
T4,mixed,od_multi,0,0.1,random,1000000,2,3,90000,7429.37,1346.01
T4,mixed,od_multi,0,0.1,random,1000000,2,3,100000,7424.75,1346.85
T4,mixed,od_multi,0,0.1,random,1000000,2,3,110000,7581.19,1319.05
T4,mixed,od_multi,0,0.1,random,1000000,2,3,120000,7470.72,1338.56
T4,mixed,od_multi,0,0.1,random,1000000,2,3,130000,7332.41,1363.81
T4,mixed,od_multi,0,0.1,random,1000000,2,3,140000,7457.54,1340.92
T4,mixed,od_multi,0,0.1,random,1000000,2,3,150000,7455.13,1341.36
T4,mixed,od_multi,0,0.1,random,1000000,2,3,160000,7591.76,1317.22
T4,mixed,od_multi,0,0.1,random,1000000,2,3,170000,7619.5,1312.42
T4,mixed,od_multi,0,0.1,random,1000000,2,3,180000,7735.36,1292.76
T4,mixed,od_multi,0,0.1,random,1000000,2,3,190000,7408.87,1349.73
T4,mixed,od_multi,0,0.1,random,1000000,2,3,200000,7488.93,1335.3
T4,mixed,od_multi,0,0.1,random,1000000,2,3,210000,7366.84,1357.43
T4,mixed,od_multi,0,0.1,random,1000000,2,3,220000,7707.07,1297.51
T4,mixed,od_multi,0,0.1,random,1000000,2,3,230000,7759.72,1288.71
T4,mixed,od_multi,0,0.1,random,1000000,2,3,240000,7823.65,1278.18
T4,mixed,od_multi,0,0.1,random,1000000,2,3,250000,7586.83,1318.07
T4,mixed,od_multi,0,0.1,random,1000000,2,3,260000,7627.17,1311.1
T4,mixed,od_multi,0,0.1,random,1000000,2,3,270000,7755.42,1289.42
T4,mixed,od_multi,0,0.1,random,1000000,2,3,280000,7703.47,1298.12
T4,mixed,od_multi,0,0.1,random,1000000,2,3,290000,7734.69,1292.88
T4,mixed,od_multi,0,0.1,random,1000000,2,3,300000,7902.39,1265.44
T4,mixed,od_multi,0,0.1,random,1000000,2,3,310000,8025.77,1245.99
T4,mixed,od_multi,0,0.1,random,1000000,2,3,320000,7632.59,1310.17
T4,mixed,od_multi,0,0.1,random,1000000,2,3,330000,7629.86,1310.64
T4,mixed,od_multi,0,0.1,random,1000000,2,3,340000,7723.66,1294.72
T4,mixed,od_multi,0,0.1,random,1000000,2,3,350000,7918.55,1262.86
T4,mixed,od_multi,0,0.1,random,1000000,2,3,360000,7981.78,1252.85
T4,mixed,od_multi,0,0.1,random,1000000,2,3,370000,8219.09,1216.68
T4,mixed,od_multi,0,0.1,random,1000000,2,3,380000,8024.55,1246.18
T4,mixed,od_multi,0,0.1,random,1000000,2,3,390000,7798.8,1282.25
T4,mixed,od_multi,0,0.1,random,1000000,2,3,400000,7819.48,1278.86
T4,mixed,od_multi,0,0.1,random,1000000,2,3,410000,7947.44,1258.27
T4,mixed,od_multi,0,0.1,random,1000000,2,3,420000,7950.36,1257.81
T4,mixed,od_multi,0,0.1,random,1000000,2,3,430000,8177.24,1222.91
T4,mixed,od_multi,0,0.1,random,1000000,2,3,440000,8236.29,1214.14
T4,mixed,od_multi,0,0.1,random,1000000,2,3,450000,7909.25,1264.34
T4,mixed,od_multi,0,0.1,random,1000000,2,3,460000,7985.62,1252.25
T4,mixed,od_multi,0,0.1,random,1000000,2,3,470000,7908.17,1264.52
T4,mixed,od_multi,0,0.1,random,1000000,2,3,480000,8198.97,1219.67
T4,mixed,od_multi,0,0.1,random,1000000,2,3,490000,8317.69,1202.26
T4,mixed,od_multi,0,0.1,random,1000000,2,3,500000,8347.04,1198.03
T4,mixed,od_multi,0,0.1,random,1000000,2,3,510000,8414.37,1188.44
T4,mixed,od_multi,0,0.1,random,1000000,2,3,520000,8041.93,1243.48
T4,mixed,od_multi,0,0.1,random,1000000,2,3,530000,8178.72,1222.69
T4,mixed,od_multi,0,0.1,random,1000000,2,3,540000,8167.55,1224.36
T4,mixed,od_multi,0,0.1,random,1000000,2,3,550000,8248.21,1212.38
T4,mixed,od_multi,0,0.1,random,1000000,2,3,560000,8447.63,1183.76
T4,mixed,od_multi,0,0.1,random,1000000,2,3,570000,8482.06,1178.96
T4,mixed,od_multi,0,0.1,random,1000000,2,3,580000,8254.63,1211.44
T4,mixed,od_multi,0,0.1,random,1000000,2,3,590000,8297.6,1205.17
T4,mixed,od_multi,0,0.1,random,1000000,2,3,600000,8342.68,1198.66
T4,mixed,od_multi,0,0.1,random,1000000,2,3,610000,8409.57,1189.12
T4,mixed,od_multi,0,0.1,random,1000000,2,3,620000,8490.59,1177.77
T4,mixed,od_multi,0,0.1,random,1000000,2,3,630000,8512.3,1174.77
T4,mixed,od_multi,0,0.1,random,1000000,2,3,640000,8548.38,1169.81
T4,mixed,od_multi,0,0.1,random,1000000,2,3,650000,8257.59,1211.01
T4,mixed,od_multi,0,0.1,random,1000000,2,3,660000,8467.96,1180.92
T4,mixed,od_multi,0,0.1,random,1000000,2,3,670000,8414.29,1188.45
T4,mixed,od_multi,0,0.1,random,1000000,2,3,680000,8570.36,1166.81
T4,mixed,od_multi,0,0.1,random,1000000,2,3,690000,8620.52,1160.02
T4,mixed,od_multi,0,0.1,random,1000000,2,3,700000,8713.78,1147.61
T4,mixed,od_multi,0,0.1,random,1000000,2,3,710000,8504.63,1175.83
T4,mixed,od_multi,0,0.1,random,1000000,2,3,720000,8431.45,1186.04
T4,mixed,od_multi,0,0.1,random,1000000,2,3,730000,8566.05,1167.4
T4,mixed,od_multi,0,0.1,random,1000000,2,3,740000,8567.96,1167.14
T4,mixed,od_multi,0,0.1,random,1000000,2,3,750000,8468.05,1180.91
T4,mixed,od_multi,0,0.1,random,1000000,2,3,760000,8757.71,1141.85
T4,mixed,od_multi,0,0.1,random,1000000,2,3,770000,8895.04,1124.22
T4,mixed,od_multi,0,0.1,random,1000000,2,3,780000,8400.23,1190.44
T4,mixed,od_multi,0,0.1,random,1000000,2,3,790000,8737.31,1144.52
T4,mixed,od_multi,0,0.1,random,1000000,2,3,800000,8717.36,1147.14
T4,mixed,od_multi,0,0.1,random,1000000,2,3,810000,8775.13,1139.58
T4,mixed,od_multi,0,0.1,random,1000000,2,3,820000,8901.53,1123.4
T4,mixed,od_multi,0,0.1,random,1000000,2,3,830000,9004.73,1110.53
T4,mixed,od_multi,0,0.1,random,1000000,2,3,840000,8760.92,1141.43
T4,mixed,od_multi,0,0.1,random,1000000,2,3,850000,8694.21,1150.19
T4,mixed,od_multi,0,0.1,random,1000000,2,3,860000,8915.38,1121.66
T4,mixed,od_multi,0,0.1,random,1000000,2,3,870000,8935.4,1119.14
T4,mixed,od_multi,0,0.1,random,1000000,2,3,880000,9105.41,1098.25
T4,mixed,od_multi,0,0.1,random,1000000,2,3,890000,9091.33,1099.95
T4,mixed,od_multi,0,0.1,random,1000000,2,3,900000,9089.9,1100.12
T4,mixed,od_multi,0,0.1,random,1000000,2,3,910000,8809.06,1135.2
T4,mixed,od_multi,0,0.1,random,1000000,2,3,920000,8823.42,1133.35
T4,mixed,od_multi,0,0.1,random,1000000,2,3,930000,8946.53,1117.75
T4,mixed,od_multi,0,0.1,random,1000000,2,3,940000,9069.57,1102.59
T4,mixed,od_multi,0,0.1,random,1000000,2,3,950000,9143.38,1093.69
T4,mixed,od_multi,0,0.1,random,1000000,2,3,960000,9302.45,1074.99
T4,mixed,od_multi,0,0.1,random,1000000,2,3,970000,8997.32,1111.44
T4,mixed,od_multi,0,0.1,random,1000000,2,3,980000,8960.28,1116.04
T4,mixed,od_multi,0,0.1,random,1000000,2,3,990000,9051.37,1104.8
T4,mixed,od_multi,0,0.1,random,1000000,2,3,1000000,9120.42,1096.44
T4,mixed,od_multi,0,0,random,1000000,2,1,10000,6668.1,1499.68
T4,mixed,od_multi,0,0,random,1000000,2,1,20000,6644.89,1504.92
T4,mixed,od_multi,0,0,random,1000000,2,1,30000,6775.19,1475.97
T4,mixed,od_multi,0,0,random,1000000,2,1,40000,6762.19,1478.81
T4,mixed,od_multi,0,0,random,1000000,2,1,50000,7002.02,1428.16
T4,mixed,od_multi,0,0,random,1000000,2,1,60000,7178.04,1393.14
T4,mixed,od_multi,0,0,random,1000000,2,1,70000,7181.64,1392.44
T4,mixed,od_multi,0,0,random,1000000,2,1,80000,7355.03,1359.61
T4,mixed,od_multi,0,0,random,1000000,2,1,90000,7434.1,1345.15
T4,mixed,od_multi,0,0,random,1000000,2,1,100000,7457.37,1340.96
T4,mixed,od_multi,0,0,random,1000000,2,1,110000,7557.66,1323.16
T4,mixed,od_multi,0,0,random,1000000,2,1,120000,7407.36,1350.01
T4,mixed,od_multi,0,0,random,1000000,2,1,130000,7191.09,1390.61
T4,mixed,od_multi,0,0,random,1000000,2,1,140000,7355.2,1359.58
T4,mixed,od_multi,0,0,random,1000000,2,1,150000,7502.19,1332.94
T4,mixed,od_multi,0,0,random,1000000,2,1,160000,7522.08,1329.42
T4,mixed,od_multi,0,0,random,1000000,2,1,170000,7615.45,1313.12
T4,mixed,od_multi,0,0,random,1000000,2,1,180000,7810.02,1280.41
T4,mixed,od_multi,0,0,random,1000000,2,1,190000,7354.72,1359.67
T4,mixed,od_multi,0,0,random,1000000,2,1,200000,7551.29,1324.28
T4,mixed,od_multi,0,0,random,1000000,2,1,210000,7591.78,1317.21
T4,mixed,od_multi,0,0,random,1000000,2,1,220000,7521.43,1329.53
T4,mixed,od_multi,0,0,random,1000000,2,1,230000,7602.55,1315.35
T4,mixed,od_multi,0,0,random,1000000,2,1,240000,7931,1260.87
T4,mixed,od_multi,0,0,random,1000000,2,1,250000,7737.59,1292.39
T4,mixed,od_multi,0,0,random,1000000,2,1,260000,7602.95,1315.28
T4,mixed,od_multi,0,0,random,1000000,2,1,270000,7674.32,1303.05
T4,mixed,od_multi,0,0,random,1000000,2,1,280000,7745.5,1291.07
T4,mixed,od_multi,0,0,random,1000000,2,1,290000,7861.42,1272.03
T4,mixed,od_multi,0,0,random,1000000,2,1,300000,7907.57,1264.61
T4,mixed,od_multi,0,0,random,1000000,2,1,310000,7997.67,1250.36
T4,mixed,od_multi,0,0,random,1000000,2,1,320000,7580.17,1319.23
T4,mixed,od_multi,0,0,random,1000000,2,1,330000,7794.49,1282.96
T4,mixed,od_multi,0,0,random,1000000,2,1,340000,7775.41,1286.11
T4,mixed,od_multi,0,0,random,1000000,2,1,350000,7867.4,1271.07
T4,mixed,od_multi,0,0,random,1000000,2,1,360000,7961.87,1255.99
T4,mixed,od_multi,0,0,random,1000000,2,1,370000,8024.6,1246.17
T4,mixed,od_multi,0,0,random,1000000,2,1,380000,8013.21,1247.94
T4,mixed,od_multi,0,0,random,1000000,2,1,390000,7785.49,1284.44
T4,mixed,od_multi,0,0,random,1000000,2,1,400000,7855.25,1273.03
T4,mixed,od_multi,0,0,random,1000000,2,1,410000,7956.37,1256.85
T4,mixed,od_multi,0,0,random,1000000,2,1,420000,8132.21,1229.68
T4,mixed,od_multi,0,0,random,1000000,2,1,430000,8128.51,1230.24
T4,mixed,od_multi,0,0,random,1000000,2,1,440000,8238.02,1213.88
T4,mixed,od_multi,0,0,random,1000000,2,1,450000,7926.07,1261.66
T4,mixed,od_multi,0,0,random,1000000,2,1,460000,8008.82,1248.62
T4,mixed,od_multi,0,0,random,1000000,2,1,470000,7926.9,1261.53
T4,mixed,od_multi,0,0,random,1000000,2,1,480000,8065.1,1239.91
T4,mixed,od_multi,0,0,random,1000000,2,1,490000,8254.33,1211.48
T4,mixed,od_multi,0,0,random,1000000,2,1,500000,8314.95,1202.65
T4,mixed,od_multi,0,0,random,1000000,2,1,510000,8248.32,1212.37
T4,mixed,od_multi,0,0,random,1000000,2,1,520000,8018.35,1247.14
T4,mixed,od_multi,0,0,random,1000000,2,1,530000,8097.91,1234.89
T4,mixed,od_multi,0,0,random,1000000,2,1,540000,8201.63,1219.27
T4,mixed,od_multi,0,0,random,1000000,2,1,550000,8052.23,1241.89
T4,mixed,od_multi,0,0,random,1000000,2,1,560000,8420.9,1187.52
T4,mixed,od_multi,0,0,random,1000000,2,1,570000,8451.55,1183.22
T4,mixed,od_multi,0,0,random,1000000,2,1,580000,8228.1,1215.35
T4,mixed,od_multi,0,0,random,1000000,2,1,590000,8199.46,1219.59
T4,mixed,od_multi,0,0,random,1000000,2,1,600000,8269.47,1209.27
T4,mixed,od_multi,0,0,random,1000000,2,1,610000,8318.89,1202.08
T4,mixed,od_multi,0,0,random,1000000,2,1,620000,8344.26,1198.43
T4,mixed,od_multi,0,0,random,1000000,2,1,630000,8559.23,1168.33
T4,mixed,od_multi,0,0,random,1000000,2,1,640000,8612.42,1161.11
T4,mixed,od_multi,0,0,random,1000000,2,1,650000,8264.83,1209.95
T4,mixed,od_multi,0,0,random,1000000,2,1,660000,8276.43,1208.25
T4,mixed,od_multi,0,0,random,1000000,2,1,670000,8430.39,1186.19
T4,mixed,od_multi,0,0,random,1000000,2,1,680000,8433.54,1185.74
T4,mixed,od_multi,0,0,random,1000000,2,1,690000,8677.15,1152.45
T4,mixed,od_multi,0,0,random,1000000,2,1,700000,8704.85,1148.79
T4,mixed,od_multi,0,0,random,1000000,2,1,710000,8495.06,1177.15
T4,mixed,od_multi,0,0,random,1000000,2,1,720000,8365.8,1195.34
T4,mixed,od_multi,0,0,random,1000000,2,1,730000,8565.45,1167.48
T4,mixed,od_multi,0,0,random,1000000,2,1,740000,8306.15,1203.93
T4,mixed,od_multi,0,0,random,1000000,2,1,750000,8778.72,1139.12
T4,mixed,od_multi,0,0,random,1000000,2,1,760000,8836.71,1131.64
T4,mixed,od_multi,0,0,random,1000000,2,1,770000,8799.11,1136.48
T4,mixed,od_multi,0,0,random,1000000,2,1,780000,8424.28,1187.04
T4,mixed,od_multi,0,0,random,1000000,2,1,790000,8563.69,1167.72
T4,mixed,od_multi,0,0,random,1000000,2,1,800000,8723.95,1146.27
T4,mixed,od_multi,0,0,random,1000000,2,1,810000,8809.86,1135.09
T4,mixed,od_multi,0,0,random,1000000,2,1,820000,8967.03,1115.2
T4,mixed,od_multi,0,0,random,1000000,2,1,830000,8999.53,1111.17
T4,mixed,od_multi,0,0,random,1000000,2,1,840000,8911.23,1122.18
T4,mixed,od_multi,0,0,random,1000000,2,1,850000,8602.98,1162.39
T4,mixed,od_multi,0,0,random,1000000,2,1,860000,8624.1,1159.54
T4,mixed,od_multi,0,0,random,1000000,2,1,870000,8732.82,1145.11
T4,mixed,od_multi,0,0,random,1000000,2,1,880000,8922.7,1120.74
T4,mixed,od_multi,0,0,random,1000000,2,1,890000,9093.22,1099.72
T4,mixed,od_multi,0,0,random,1000000,2,1,900000,9052.4,1104.68
T4,mixed,od_multi,0,0,random,1000000,2,1,910000,8823.35,1133.36
T4,mixed,od_multi,0,0,random,1000000,2,1,920000,8868.58,1127.58
T4,mixed,od_multi,0,0,random,1000000,2,1,930000,8755.98,1142.08
T4,mixed,od_multi,0,0,random,1000000,2,1,940000,8994.63,1111.77
T4,mixed,od_multi,0,0,random,1000000,2,1,950000,9232.63,1083.11
T4,mixed,od_multi,0,0,random,1000000,2,1,960000,9185.3,1088.7
T4,mixed,od_multi,0,0,random,1000000,2,1,970000,9141.12,1093.96
T4,mixed,od_multi,0,0,random,1000000,2,1,980000,8861.06,1128.53
T4,mixed,od_multi,0,0,random,1000000,2,1,990000,9078.62,1101.49
T4,mixed,od_multi,0,0,random,1000000,2,1,1000000,9108.97,1097.82
T4,mixed,od_multi,0,0,random,1000000,2,2,10000,6510.09,1536.08
T4,mixed,od_multi,0,0,random,1000000,2,2,20000,6644.85,1504.92
T4,mixed,od_multi,0,0,random,1000000,2,2,30000,6786.61,1473.49
T4,mixed,od_multi,0,0,random,1000000,2,2,40000,6807.62,1468.94
T4,mixed,od_multi,0,0,random,1000000,2,2,50000,7054.29,1417.58
T4,mixed,od_multi,0,0,random,1000000,2,2,60000,7072.6,1413.91
T4,mixed,od_multi,0,0,random,1000000,2,2,70000,7222.21,1384.62
T4,mixed,od_multi,0,0,random,1000000,2,2,80000,7241.32,1380.96
T4,mixed,od_multi,0,0,random,1000000,2,2,90000,7353.65,1359.87
T4,mixed,od_multi,0,0,random,1000000,2,2,100000,7477.3,1337.38
T4,mixed,od_multi,0,0,random,1000000,2,2,110000,7509.83,1331.59
T4,mixed,od_multi,0,0,random,1000000,2,2,120000,7312.95,1367.44
T4,mixed,od_multi,0,0,random,1000000,2,2,130000,7245.84,1380.1
T4,mixed,od_multi,0,0,random,1000000,2,2,140000,7357.3,1359.19
T4,mixed,od_multi,0,0,random,1000000,2,2,150000,7473.39,1338.08
T4,mixed,od_multi,0,0,random,1000000,2,2,160000,7579.05,1319.43
T4,mixed,od_multi,0,0,random,1000000,2,2,170000,7688.44,1300.65
T4,mixed,od_multi,0,0,random,1000000,2,2,180000,7776.93,1285.86
T4,mixed,od_multi,0,0,random,1000000,2,2,190000,7157.67,1397.1
T4,mixed,od_multi,0,0,random,1000000,2,2,200000,7413.61,1348.87
T4,mixed,od_multi,0,0,random,1000000,2,2,210000,7496.72,1333.92
T4,mixed,od_multi,0,0,random,1000000,2,2,220000,7679.25,1302.21
T4,mixed,od_multi,0,0,random,1000000,2,2,230000,7672.94,1303.28
T4,mixed,od_multi,0,0,random,1000000,2,2,240000,7829.34,1277.25
T4,mixed,od_multi,0,0,random,1000000,2,2,250000,7689.37,1300.5
T4,mixed,od_multi,0,0,random,1000000,2,2,260000,7542.29,1325.86
T4,mixed,od_multi,0,0,random,1000000,2,2,270000,7629.85,1310.64
T4,mixed,od_multi,0,0,random,1000000,2,2,280000,7723.99,1294.67
T4,mixed,od_multi,0,0,random,1000000,2,2,290000,7698.34,1298.98
T4,mixed,od_multi,0,0,random,1000000,2,2,300000,7852.25,1273.52
T4,mixed,od_multi,0,0,random,1000000,2,2,310000,7977.99,1253.45
T4,mixed,od_multi,0,0,random,1000000,2,2,320000,7553.05,1323.97
T4,mixed,od_multi,0,0,random,1000000,2,2,330000,7675.6,1302.83
T4,mixed,od_multi,0,0,random,1000000,2,2,340000,7723.17,1294.81
T4,mixed,od_multi,0,0,random,1000000,2,2,350000,7809.55,1280.48
T4,mixed,od_multi,0,0,random,1000000,2,2,360000,7994.51,1250.86
T4,mixed,od_multi,0,0,random,1000000,2,2,370000,8081.61,1237.38
T4,mixed,od_multi,0,0,random,1000000,2,2,380000,7934.06,1260.39
T4,mixed,od_multi,0,0,random,1000000,2,2,390000,7849.65,1273.94
T4,mixed,od_multi,0,0,random,1000000,2,2,400000,7792.22,1283.33
T4,mixed,od_multi,0,0,random,1000000,2,2,410000,7809.33,1280.52
T4,mixed,od_multi,0,0,random,1000000,2,2,420000,7878.73,1269.24
T4,mixed,od_multi,0,0,random,1000000,2,2,430000,8069.24,1239.27
T4,mixed,od_multi,0,0,random,1000000,2,2,440000,8149.14,1227.12
T4,mixed,od_multi,0,0,random,1000000,2,2,450000,7932.73,1260.6
T4,mixed,od_multi,0,0,random,1000000,2,2,460000,7847.52,1274.29
T4,mixed,od_multi,0,0,random,1000000,2,2,470000,8010.07,1248.43
T4,mixed,od_multi,0,0,random,1000000,2,2,480000,8057.37,1241.1
T4,mixed,od_multi,0,0,random,1000000,2,2,490000,8172.26,1223.65
T4,mixed,od_multi,0,0,random,1000000,2,2,500000,8077.68,1237.98
T4,mixed,od_multi,0,0,random,1000000,2,2,510000,8301.21,1204.64
T4,mixed,od_multi,0,0,random,1000000,2,2,520000,7939.94,1259.45
T4,mixed,od_multi,0,0,random,1000000,2,2,530000,8064.78,1239.96
T4,mixed,od_multi,0,0,random,1000000,2,2,540000,8195.22,1220.22
T4,mixed,od_multi,0,0,random,1000000,2,2,550000,8270.22,1209.16
T4,mixed,od_multi,0,0,random,1000000,2,2,560000,8397.49,1190.83
T4,mixed,od_multi,0,0,random,1000000,2,2,570000,8550.05,1169.58
T4,mixed,od_multi,0,0,random,1000000,2,2,580000,8243.1,1213.14
T4,mixed,od_multi,0,0,random,1000000,2,2,590000,8302.26,1204.49
T4,mixed,od_multi,0,0,random,1000000,2,2,600000,8230.63,1214.97
T4,mixed,od_multi,0,0,random,1000000,2,2,610000,8418.29,1187.89
T4,mixed,od_multi,0,0,random,1000000,2,2,620000,8398.45,1190.7
T4,mixed,od_multi,0,0,random,1000000,2,2,630000,8597.76,1163.09
T4,mixed,od_multi,0,0,random,1000000,2,2,640000,8739.16,1144.27
T4,mixed,od_multi,0,0,random,1000000,2,2,650000,8210.98,1217.88
T4,mixed,od_multi,0,0,random,1000000,2,2,660000,8285.97,1206.86
T4,mixed,od_multi,0,0,random,1000000,2,2,670000,8511.88,1174.83
T4,mixed,od_multi,0,0,random,1000000,2,2,680000,8568.63,1167.05
T4,mixed,od_multi,0,0,random,1000000,2,2,690000,8585.56,1164.75
T4,mixed,od_multi,0,0,random,1000000,2,2,700000,8642.35,1157.09
T4,mixed,od_multi,0,0,random,1000000,2,2,710000,8539.6,1171.01
T4,mixed,od_multi,0,0,random,1000000,2,2,720000,8369.77,1194.78
T4,mixed,od_multi,0,0,random,1000000,2,2,730000,8491.13,1177.7
T4,mixed,od_multi,0,0,random,1000000,2,2,740000,8601.61,1162.57
T4,mixed,od_multi,0,0,random,1000000,2,2,750000,8723.39,1146.34
T4,mixed,od_multi,0,0,random,1000000,2,2,760000,8843.33,1130.8
T4,mixed,od_multi,0,0,random,1000000,2,2,770000,8895.22,1124.2
T4,mixed,od_multi,0,0,random,1000000,2,2,780000,8437.58,1185.17
T4,mixed,od_multi,0,0,random,1000000,2,2,790000,8662.4,1154.41
T4,mixed,od_multi,0,0,random,1000000,2,2,800000,8760.25,1141.52
T4,mixed,od_multi,0,0,random,1000000,2,2,810000,8671.92,1153.15
T4,mixed,od_multi,0,0,random,1000000,2,2,820000,8870.7,1127.31
T4,mixed,od_multi,0,0,random,1000000,2,2,830000,8827.91,1132.77
T4,mixed,od_multi,0,0,random,1000000,2,2,840000,8708.68,1148.28
T4,mixed,od_multi,0,0,random,1000000,2,2,850000,8645.13,1156.72
T4,mixed,od_multi,0,0,random,1000000,2,2,860000,8726.64,1145.92
T4,mixed,od_multi,0,0,random,1000000,2,2,870000,8828.14,1132.74
T4,mixed,od_multi,0,0,random,1000000,2,2,880000,8955.54,1116.63
T4,mixed,od_multi,0,0,random,1000000,2,2,890000,9051.89,1104.74
T4,mixed,od_multi,0,0,random,1000000,2,2,900000,9138.32,1094.29
T4,mixed,od_multi,0,0,random,1000000,2,2,910000,8725.38,1146.08
T4,mixed,od_multi,0,0,random,1000000,2,2,920000,8762.2,1141.27
T4,mixed,od_multi,0,0,random,1000000,2,2,930000,8943.98,1118.07
T4,mixed,od_multi,0,0,random,1000000,2,2,940000,8949.6,1117.37
T4,mixed,od_multi,0,0,random,1000000,2,2,950000,9101.61,1098.71
T4,mixed,od_multi,0,0,random,1000000,2,2,960000,9196.49,1087.37
T4,mixed,od_multi,0,0,random,1000000,2,2,970000,9131.71,1095.08
T4,mixed,od_multi,0,0,random,1000000,2,2,980000,8748.97,1142.99
T4,mixed,od_multi,0,0,random,1000000,2,2,990000,9002.37,1110.82
T4,mixed,od_multi,0,0,random,1000000,2,2,1000000,9030.62,1107.34
T4,mixed,od_multi,0,0,random,1000000,2,3,10000,6489.35,1540.99
T4,mixed,od_multi,0,0,random,1000000,2,3,20000,6726.98,1486.55
T4,mixed,od_multi,0,0,random,1000000,2,3,30000,6833.64,1463.35
T4,mixed,od_multi,0,0,random,1000000,2,3,40000,6866.42,1456.36
T4,mixed,od_multi,0,0,random,1000000,2,3,50000,6994.71,1429.65
T4,mixed,od_multi,0,0,random,1000000,2,3,60000,7124.34,1403.64
T4,mixed,od_multi,0,0,random,1000000,2,3,70000,7256.64,1378.05
T4,mixed,od_multi,0,0,random,1000000,2,3,80000,7297.28,1370.37
T4,mixed,od_multi,0,0,random,1000000,2,3,90000,7286.93,1372.32
T4,mixed,od_multi,0,0,random,1000000,2,3,100000,7390.49,1353.09
T4,mixed,od_multi,0,0,random,1000000,2,3,110000,7645.84,1307.9
T4,mixed,od_multi,0,0,random,1000000,2,3,120000,7456.82,1341.05
T4,mixed,od_multi,0,0,random,1000000,2,3,130000,7290.09,1371.73
T4,mixed,od_multi,0,0,random,1000000,2,3,140000,7429.77,1345.94
T4,mixed,od_multi,0,0,random,1000000,2,3,150000,7500.71,1333.21
T4,mixed,od_multi,0,0,random,1000000,2,3,160000,7613.24,1313.5
T4,mixed,od_multi,0,0,random,1000000,2,3,170000,7699.42,1298.8
T4,mixed,od_multi,0,0,random,1000000,2,3,180000,7780.28,1285.3
T4,mixed,od_multi,0,0,random,1000000,2,3,190000,7385.65,1353.98
T4,mixed,od_multi,0,0,random,1000000,2,3,200000,7455.23,1341.34
T4,mixed,od_multi,0,0,random,1000000,2,3,210000,7638.79,1309.11
T4,mixed,od_multi,0,0,random,1000000,2,3,220000,7681.54,1301.82
T4,mixed,od_multi,0,0,random,1000000,2,3,230000,7730.99,1293.5
T4,mixed,od_multi,0,0,random,1000000,2,3,240000,7806.08,1281.05
T4,mixed,od_multi,0,0,random,1000000,2,3,250000,7595.1,1316.64
T4,mixed,od_multi,0,0,random,1000000,2,3,260000,7405.5,1350.35
T4,mixed,od_multi,0,0,random,1000000,2,3,270000,7640.09,1308.88
T4,mixed,od_multi,0,0,random,1000000,2,3,280000,7739.52,1292.07
T4,mixed,od_multi,0,0,random,1000000,2,3,290000,7795.89,1282.73
T4,mixed,od_multi,0,0,random,1000000,2,3,300000,7876.61,1269.58
T4,mixed,od_multi,0,0,random,1000000,2,3,310000,8074.05,1238.54
T4,mixed,od_multi,0,0,random,1000000,2,3,320000,7764.44,1287.92
T4,mixed,od_multi,0,0,random,1000000,2,3,330000,7729.08,1293.82
T4,mixed,od_multi,0,0,random,1000000,2,3,340000,7824.91,1277.97
T4,mixed,od_multi,0,0,random,1000000,2,3,350000,7895.15,1266.6
T4,mixed,od_multi,0,0,random,1000000,2,3,360000,7965.78,1255.37
T4,mixed,od_multi,0,0,random,1000000,2,3,370000,8115.65,1232.19
T4,mixed,od_multi,0,0,random,1000000,2,3,380000,7931.65,1260.77
T4,mixed,od_multi,0,0,random,1000000,2,3,390000,7814.94,1279.6
T4,mixed,od_multi,0,0,random,1000000,2,3,400000,7810.21,1280.38
T4,mixed,od_multi,0,0,random,1000000,2,3,410000,7941.29,1259.24
T4,mixed,od_multi,0,0,random,1000000,2,3,420000,8003.72,1249.42
T4,mixed,od_multi,0,0,random,1000000,2,3,430000,8167.95,1224.3
T4,mixed,od_multi,0,0,random,1000000,2,3,440000,8357.22,1196.57
T4,mixed,od_multi,0,0,random,1000000,2,3,450000,7816.54,1279.34
T4,mixed,od_multi,0,0,random,1000000,2,3,460000,7839.95,1275.52
T4,mixed,od_multi,0,0,random,1000000,2,3,470000,8115.7,1232.18
T4,mixed,od_multi,0,0,random,1000000,2,3,480000,8114.84,1232.31
T4,mixed,od_multi,0,0,random,1000000,2,3,490000,8291.67,1206.03
T4,mixed,od_multi,0,0,random,1000000,2,3,500000,8381.48,1193.11
T4,mixed,od_multi,0,0,random,1000000,2,3,510000,8374.64,1194.08
T4,mixed,od_multi,0,0,random,1000000,2,3,520000,8074.2,1238.51
T4,mixed,od_multi,0,0,random,1000000,2,3,530000,8161.74,1225.23
T4,mixed,od_multi,0,0,random,1000000,2,3,540000,8307.94,1203.67
T4,mixed,od_multi,0,0,random,1000000,2,3,550000,8391.89,1191.63
T4,mixed,od_multi,0,0,random,1000000,2,3,560000,8331.07,1200.33
T4,mixed,od_multi,0,0,random,1000000,2,3,570000,8469.52,1180.7
T4,mixed,od_multi,0,0,random,1000000,2,3,580000,8122.72,1231.11
T4,mixed,od_multi,0,0,random,1000000,2,3,590000,8345.18,1198.3
T4,mixed,od_multi,0,0,random,1000000,2,3,600000,8292.84,1205.86
T4,mixed,od_multi,0,0,random,1000000,2,3,610000,8392.03,1191.61
T4,mixed,od_multi,0,0,random,1000000,2,3,620000,8395.48,1191.12
T4,mixed,od_multi,0,0,random,1000000,2,3,630000,8619.21,1160.2
T4,mixed,od_multi,0,0,random,1000000,2,3,640000,8457.2,1182.42
T4,mixed,od_multi,0,0,random,1000000,2,3,650000,8231.31,1214.87
T4,mixed,od_multi,0,0,random,1000000,2,3,660000,8425.33,1186.9
T4,mixed,od_multi,0,0,random,1000000,2,3,670000,8415.59,1188.27
T4,mixed,od_multi,0,0,random,1000000,2,3,680000,8538.83,1171.12
T4,mixed,od_multi,0,0,random,1000000,2,3,690000,8627.33,1159.11
T4,mixed,od_multi,0,0,random,1000000,2,3,700000,8779.21,1139.05
T4,mixed,od_multi,0,0,random,1000000,2,3,710000,8505.19,1175.75
T4,mixed,od_multi,0,0,random,1000000,2,3,720000,8394.24,1191.29
T4,mixed,od_multi,0,0,random,1000000,2,3,730000,8405.48,1189.7
T4,mixed,od_multi,0,0,random,1000000,2,3,740000,8580.37,1165.45
T4,mixed,od_multi,0,0,random,1000000,2,3,750000,8718.85,1146.94
T4,mixed,od_multi,0,0,random,1000000,2,3,760000,8871.93,1127.15
T4,mixed,od_multi,0,0,random,1000000,2,3,770000,8772.56,1139.92
T4,mixed,od_multi,0,0,random,1000000,2,3,780000,8444.22,1184.24
T4,mixed,od_multi,0,0,random,1000000,2,3,790000,8545.81,1170.16
T4,mixed,od_multi,0,0,random,1000000,2,3,800000,8730.94,1145.35
T4,mixed,od_multi,0,0,random,1000000,2,3,810000,8648.3,1156.3
T4,mixed,od_multi,0,0,random,1000000,2,3,820000,8864.92,1128.04
T4,mixed,od_multi,0,0,random,1000000,2,3,830000,9007.23,1110.22
T4,mixed,od_multi,0,0,random,1000000,2,3,840000,8773.1,1139.85
T4,mixed,od_multi,0,0,random,1000000,2,3,850000,8691.32,1150.57
T4,mixed,od_multi,0,0,random,1000000,2,3,860000,8918.12,1121.31
T4,mixed,od_multi,0,0,random,1000000,2,3,870000,8748.5,1143.05
T4,mixed,od_multi,0,0,random,1000000,2,3,880000,8992.6,1112.03
T4,mixed,od_multi,0,0,random,1000000,2,3,890000,9124.5,1095.95
T4,mixed,od_multi,0,0,random,1000000,2,3,900000,9265.45,1079.28
T4,mixed,od_multi,0,0,random,1000000,2,3,910000,8494.75,1177.2
T4,mixed,od_multi,0,0,random,1000000,2,3,920000,8779.6,1139
T4,mixed,od_multi,0,0,random,1000000,2,3,930000,9093.16,1099.73
T4,mixed,od_multi,0,0,random,1000000,2,3,940000,9040.76,1106.1
T4,mixed,od_multi,0,0,random,1000000,2,3,950000,9152.99,1092.54
T4,mixed,od_multi,0,0,random,1000000,2,3,960000,9317.97,1073.2
T4,mixed,od_multi,0,0,random,1000000,2,3,970000,9021.35,1108.48
T4,mixed,od_multi,0,0,random,1000000,2,3,980000,8907.4,1122.66
T4,mixed,od_multi,0,0,random,1000000,2,3,990000,9096.47,1099.33
T4,mixed,od_multi,0,0,random,1000000,2,3,1000000,9154.35,1092.38
T5,mixed,od_multi,0,0.1,random,1000000,1,1,10000,11345,881.443
T5,mixed,od_multi,0,0.1,random,1000000,1,1,20000,11597.5,862.254
T5,mixed,od_multi,0,0.1,random,1000000,1,1,30000,11615.4,860.923
T5,mixed,od_multi,0,0.1,random,1000000,1,1,40000,11773.2,849.389
T5,mixed,od_multi,0,0.1,random,1000000,1,1,50000,11904.9,839.991
T5,mixed,od_multi,0,0.1,random,1000000,1,1,60000,12090.1,827.124
T5,mixed,od_multi,0,0.1,random,1000000,1,1,70000,12271.5,814.897
T5,mixed,od_multi,0,0.1,random,1000000,1,1,80000,12441.9,803.736
T5,mixed,od_multi,0,0.1,random,1000000,1,1,90000,12544,797.197
T5,mixed,od_multi,0,0.1,random,1000000,1,1,100000,12618.2,792.509
T5,mixed,od_multi,0,0.1,random,1000000,1,1,110000,12686.8,788.218
T5,mixed,od_multi,0,0.1,random,1000000,1,1,120000,12539.2,797.498
T5,mixed,od_multi,0,0.1,random,1000000,1,1,130000,12325.4,811.331
T5,mixed,od_multi,0,0.1,random,1000000,1,1,140000,12459.1,802.629
T5,mixed,od_multi,0,0.1,random,1000000,1,1,150000,12589.8,794.296
T5,mixed,od_multi,0,0.1,random,1000000,1,1,160000,12693.8,787.785
T5,mixed,od_multi,0,0.1,random,1000000,1,1,170000,12801.3,781.172
T5,mixed,od_multi,0,0.1,random,1000000,1,1,180000,12911.3,774.515
T5,mixed,od_multi,0,0.1,random,1000000,1,1,190000,12480.4,801.255
T5,mixed,od_multi,0,0.1,random,1000000,1,1,200000,12622.9,792.209
T5,mixed,od_multi,0,0.1,random,1000000,1,1,210000,12706.9,786.972
T5,mixed,od_multi,0,0.1,random,1000000,1,1,220000,12790,781.862
T5,mixed,od_multi,0,0.1,random,1000000,1,1,230000,12995.7,769.484
T5,mixed,od_multi,0,0.1,random,1000000,1,1,240000,13175.5,758.985
T5,mixed,od_multi,0,0.1,random,1000000,1,1,250000,12967,771.187
T5,mixed,od_multi,0,0.1,random,1000000,1,1,260000,12764.8,783.403
T5,mixed,od_multi,0,0.1,random,1000000,1,1,270000,12841.5,778.724
T5,mixed,od_multi,0,0.1,random,1000000,1,1,280000,12941.5,772.708
T5,mixed,od_multi,0,0.1,random,1000000,1,1,290000,13051.2,766.211
T5,mixed,od_multi,0,0.1,random,1000000,1,1,300000,13219.8,756.44
T5,mixed,od_multi,0,0.1,random,1000000,1,1,310000,13487.5,741.425
T5,mixed,od_multi,0,0.1,random,1000000,1,1,320000,13029.1,767.511
T5,mixed,od_multi,0,0.1,random,1000000,1,1,330000,13113.9,762.552
T5,mixed,od_multi,0,0.1,random,1000000,1,1,340000,13130,761.615
T5,mixed,od_multi,0,0.1,random,1000000,1,1,350000,13360.5,748.474
T5,mixed,od_multi,0,0.1,random,1000000,1,1,360000,13560.1,737.458
T5,mixed,od_multi,0,0.1,random,1000000,1,1,370000,13587.4,735.977
T5,mixed,od_multi,0,0.1,random,1000000,1,1,380000,13442.8,743.892
T5,mixed,od_multi,0,0.1,random,1000000,1,1,390000,13212.7,756.848
T5,mixed,od_multi,0,0.1,random,1000000,1,1,400000,13296.2,752.094
T5,mixed,od_multi,0,0.1,random,1000000,1,1,410000,13468.5,742.474
T5,mixed,od_multi,0,0.1,random,1000000,1,1,420000,13482,741.727
T5,mixed,od_multi,0,0.1,random,1000000,1,1,430000,13572.2,736.802
T5,mixed,od_multi,0,0.1,random,1000000,1,1,440000,13880,720.461
T5,mixed,od_multi,0,0.1,random,1000000,1,1,450000,13475.8,742.071
T5,mixed,od_multi,0,0.1,random,1000000,1,1,460000,13518.7,739.718
T5,mixed,od_multi,0,0.1,random,1000000,1,1,470000,13570.7,736.883
T5,mixed,od_multi,0,0.1,random,1000000,1,1,480000,13717.5,728.994
T5,mixed,od_multi,0,0.1,random,1000000,1,1,490000,13808.7,724.18
T5,mixed,od_multi,0,0.1,random,1000000,1,1,500000,13993.6,714.612
T5,mixed,od_multi,0,0.1,random,1000000,1,1,510000,13990.5,714.773
T5,mixed,od_multi,0,0.1,random,1000000,1,1,520000,13543.5,738.359
T5,mixed,od_multi,0,0.1,random,1000000,1,1,530000,13690.4,730.441
T5,mixed,od_multi,0,0.1,random,1000000,1,1,540000,13834.5,722.832
T5,mixed,od_multi,0,0.1,random,1000000,1,1,550000,13902.9,719.274
T5,mixed,od_multi,0,0.1,random,1000000,1,1,560000,14390.4,694.91
T5,mixed,od_multi,0,0.1,random,1000000,1,1,570000,14239.6,702.268
T5,mixed,od_multi,0,0.1,random,1000000,1,1,580000,13955,716.587
T5,mixed,od_multi,0,0.1,random,1000000,1,1,590000,13793.7,724.971
T5,mixed,od_multi,0,0.1,random,1000000,1,1,600000,13983.6,715.125
T5,mixed,od_multi,0,0.1,random,1000000,1,1,610000,14165.5,705.939
T5,mixed,od_multi,0,0.1,random,1000000,1,1,620000,14280.3,700.266
T5,mixed,od_multi,0,0.1,random,1000000,1,1,630000,14426.3,693.178
T5,mixed,od_multi,0,0.1,random,1000000,1,1,640000,14459.1,691.608
T5,mixed,od_multi,0,0.1,random,1000000,1,1,650000,14008.1,713.874
T5,mixed,od_multi,0,0.1,random,1000000,1,1,660000,14101.2,709.161
T5,mixed,od_multi,0,0.1,random,1000000,1,1,670000,14243.3,702.085
T5,mixed,od_multi,0,0.1,random,1000000,1,1,680000,14499.7,689.669
T5,mixed,od_multi,0,0.1,random,1000000,1,1,690000,14561.9,686.722
T5,mixed,od_multi,0,0.1,random,1000000,1,1,700000,14743.2,678.278
T5,mixed,od_multi,0,0.1,random,1000000,1,1,710000,14413.6,693.791
T5,mixed,od_multi,0,0.1,random,1000000,1,1,720000,14333.3,697.676
T5,mixed,od_multi,0,0.1,random,1000000,1,1,730000,14482.8,690.473
T5,mixed,od_multi,0,0.1,random,1000000,1,1,740000,14563.9,686.631
T5,mixed,od_multi,0,0.1,random,1000000,1,1,750000,14564.5,686.601
T5,mixed,od_multi,0,0.1,random,1000000,1,1,760000,14796.4,675.838
T5,mixed,od_multi,0,0.1,random,1000000,1,1,770000,14856.4,673.112
T5,mixed,od_multi,0,0.1,random,1000000,1,1,780000,14437.5,692.642
T5,mixed,od_multi,0,0.1,random,1000000,1,1,790000,14582.3,685.763
T5,mixed,od_multi,0,0.1,random,1000000,1,1,800000,14714,679.627
T5,mixed,od_multi,0,0.1,random,1000000,1,1,810000,14817.1,674.894
T5,mixed,od_multi,0,0.1,random,1000000,1,1,820000,14971.5,667.938
T5,mixed,od_multi,0,0.1,random,1000000,1,1,830000,15137.4,660.617
T5,mixed,od_multi,0,0.1,random,1000000,1,1,840000,14954.4,668.699
T5,mixed,od_multi,0,0.1,random,1000000,1,1,850000,14641.3,682.999
T5,mixed,od_multi,0,0.1,random,1000000,1,1,860000,14852.2,673.3
T5,mixed,od_multi,0,0.1,random,1000000,1,1,870000,14860.5,672.924
T5,mixed,od_multi,0,0.1,random,1000000,1,1,880000,14990.7,667.081
T5,mixed,od_multi,0,0.1,random,1000000,1,1,890000,15240,656.166
T5,mixed,od_multi,0,0.1,random,1000000,1,1,900000,15427.4,648.197
T5,mixed,od_multi,0,0.1,random,1000000,1,1,910000,14989.8,667.12
T5,mixed,od_multi,0,0.1,random,1000000,1,1,920000,14962.5,668.339
T5,mixed,od_multi,0,0.1,random,1000000,1,1,930000,15125.4,661.142
T5,mixed,od_multi,0,0.1,random,1000000,1,1,940000,15226.1,656.768
T5,mixed,od_multi,0,0.1,random,1000000,1,1,950000,15417.7,648.607
T5,mixed,od_multi,0,0.1,random,1000000,1,1,960000,15482.2,645.903
T5,mixed,od_multi,0,0.1,random,1000000,1,1,970000,15348.5,651.532
T5,mixed,od_multi,0,0.1,random,1000000,1,1,980000,15086.8,662.83
T5,mixed,od_multi,0,0.1,random,1000000,1,1,990000,15270.2,654.869
T5,mixed,od_multi,0,0.1,random,1000000,1,1,1000000,15358.1,651.123
T5,mixed,od_multi,0,0.1,random,1000000,1,2,10000,11331.6,882.484
T5,mixed,od_multi,0,0.1,random,1000000,1,2,20000,11546.4,866.072
T5,mixed,od_multi,0,0.1,random,1000000,1,2,30000,11658.7,857.732
T5,mixed,od_multi,0,0.1,random,1000000,1,2,40000,11768.5,849.728
T5,mixed,od_multi,0,0.1,random,1000000,1,2,50000,11903.4,840.098
T5,mixed,od_multi,0,0.1,random,1000000,1,2,60000,12141.3,823.637
T5,mixed,od_multi,0,0.1,random,1000000,1,2,70000,12186.5,820.582
T5,mixed,od_multi,0,0.1,random,1000000,1,2,80000,12347.4,809.886
T5,mixed,od_multi,0,0.1,random,1000000,1,2,90000,12508.1,799.484
T5,mixed,od_multi,0,0.1,random,1000000,1,2,100000,12571.3,795.462
T5,mixed,od_multi,0,0.1,random,1000000,1,2,110000,12761.4,783.616
T5,mixed,od_multi,0,0.1,random,1000000,1,2,120000,12469.5,801.955
T5,mixed,od_multi,0,0.1,random,1000000,1,2,130000,12396.4,806.686
T5,mixed,od_multi,0,0.1,random,1000000,1,2,140000,12420.8,805.101
T5,mixed,od_multi,0,0.1,random,1000000,1,2,150000,12533.7,797.849
T5,mixed,od_multi,0,0.1,random,1000000,1,2,160000,12638.2,791.251
T5,mixed,od_multi,0,0.1,random,1000000,1,2,170000,12797.4,781.407
T5,mixed,od_multi,0,0.1,random,1000000,1,2,180000,12961,771.545
T5,mixed,od_multi,0,0.1,random,1000000,1,2,190000,12507,799.552
T5,mixed,od_multi,0,0.1,random,1000000,1,2,200000,12605.2,793.324
T5,mixed,od_multi,0,0.1,random,1000000,1,2,210000,12746.3,784.541
T5,mixed,od_multi,0,0.1,random,1000000,1,2,220000,12799.8,781.259
T5,mixed,od_multi,0,0.1,random,1000000,1,2,230000,12924.8,773.707
T5,mixed,od_multi,0,0.1,random,1000000,1,2,240000,13066.8,765.298
T5,mixed,od_multi,0,0.1,random,1000000,1,2,250000,12969.8,771.02
T5,mixed,od_multi,0,0.1,random,1000000,1,2,260000,12725.2,785.841
T5,mixed,od_multi,0,0.1,random,1000000,1,2,270000,12884,776.154
T5,mixed,od_multi,0,0.1,random,1000000,1,2,280000,12984.6,770.143
T5,mixed,od_multi,0,0.1,random,1000000,1,2,290000,13069.5,765.141
T5,mixed,od_multi,0,0.1,random,1000000,1,2,300000,13219.5,756.457
T5,mixed,od_multi,0,0.1,random,1000000,1,2,310000,13332.9,750.025
T5,mixed,od_multi,0,0.1,random,1000000,1,2,320000,12961.4,771.521
T5,mixed,od_multi,0,0.1,random,1000000,1,2,330000,12999.9,769.236
T5,mixed,od_multi,0,0.1,random,1000000,1,2,340000,13128.9,761.676
T5,mixed,od_multi,0,0.1,random,1000000,1,2,350000,13267.2,753.739
T5,mixed,od_multi,0,0.1,random,1000000,1,2,360000,13346.7,749.25
T5,mixed,od_multi,0,0.1,random,1000000,1,2,370000,13453.9,743.28
T5,mixed,od_multi,0,0.1,random,1000000,1,2,380000,13407.3,745.865
T5,mixed,od_multi,0,0.1,random,1000000,1,2,390000,13075.7,764.778
T5,mixed,od_multi,0,0.1,random,1000000,1,2,400000,13259.2,754.192
T5,mixed,od_multi,0,0.1,random,1000000,1,2,410000,13365.5,748.197
T5,mixed,od_multi,0,0.1,random,1000000,1,2,420000,13488.9,741.348
T5,mixed,od_multi,0,0.1,random,1000000,1,2,430000,13597.7,735.42
T5,mixed,od_multi,0,0.1,random,1000000,1,2,440000,13698.4,730.011
T5,mixed,od_multi,0,0.1,random,1000000,1,2,450000,13448.4,743.58
T5,mixed,od_multi,0,0.1,random,1000000,1,2,460000,13413.1,745.54
T5,mixed,od_multi,0,0.1,random,1000000,1,2,470000,13551.2,737.945
T5,mixed,od_multi,0,0.1,random,1000000,1,2,480000,13614.9,734.491
T5,mixed,od_multi,0,0.1,random,1000000,1,2,490000,13732,728.227
T5,mixed,od_multi,0,0.1,random,1000000,1,2,500000,13885.1,720.194
T5,mixed,od_multi,0,0.1,random,1000000,1,2,510000,13902.3,719.308
T5,mixed,od_multi,0,0.1,random,1000000,1,2,520000,13579.4,736.408
T5,mixed,od_multi,0,0.1,random,1000000,1,2,530000,13683.3,730.816
T5,mixed,od_multi,0,0.1,random,1000000,1,2,540000,13777.5,725.819
T5,mixed,od_multi,0,0.1,random,1000000,1,2,550000,13912.3,718.79
T5,mixed,od_multi,0,0.1,random,1000000,1,2,560000,14137.9,707.319
T5,mixed,od_multi,0,0.1,random,1000000,1,2,570000,14272.8,700.634
T5,mixed,od_multi,0,0.1,random,1000000,1,2,580000,13976.8,715.469
T5,mixed,od_multi,0,0.1,random,1000000,1,2,590000,13837.8,722.656
T5,mixed,od_multi,0,0.1,random,1000000,1,2,600000,13943.5,717.182
T5,mixed,od_multi,0,0.1,random,1000000,1,2,610000,14126.5,707.888
T5,mixed,od_multi,0,0.1,random,1000000,1,2,620000,14283.5,700.107
T5,mixed,od_multi,0,0.1,random,1000000,1,2,630000,14447.7,692.151
T5,mixed,od_multi,0,0.1,random,1000000,1,2,640000,14463,691.421
T5,mixed,od_multi,0,0.1,random,1000000,1,2,650000,14019.8,713.279
T5,mixed,od_multi,0,0.1,random,1000000,1,2,660000,14179.8,705.231
T5,mixed,od_multi,0,0.1,random,1000000,1,2,670000,14387.2,695.062
T5,mixed,od_multi,0,0.1,random,1000000,1,2,680000,14361.8,696.292
T5,mixed,od_multi,0,0.1,random,1000000,1,2,690000,14467.5,691.205
T5,mixed,od_multi,0,0.1,random,1000000,1,2,700000,14709.6,679.827
T5,mixed,od_multi,0,0.1,random,1000000,1,2,710000,14417.5,693.6
T5,mixed,od_multi,0,0.1,random,1000000,1,2,720000,14258,701.363
T5,mixed,od_multi,0,0.1,random,1000000,1,2,730000,14355.8,696.584
T5,mixed,od_multi,0,0.1,random,1000000,1,2,740000,14525.1,688.464
T5,mixed,od_multi,0,0.1,random,1000000,1,2,750000,14680.9,681.158
T5,mixed,od_multi,0,0.1,random,1000000,1,2,760000,14798.5,675.746
T5,mixed,od_multi,0,0.1,random,1000000,1,2,770000,14955.8,668.636
T5,mixed,od_multi,0,0.1,random,1000000,1,2,780000,14490,690.129
T5,mixed,od_multi,0,0.1,random,1000000,1,2,790000,14544.6,687.539
T5,mixed,od_multi,0,0.1,random,1000000,1,2,800000,14726.3,679.057
T5,mixed,od_multi,0,0.1,random,1000000,1,2,810000,14894.4,671.392
T5,mixed,od_multi,0,0.1,random,1000000,1,2,820000,14941.4,669.28
T5,mixed,od_multi,0,0.1,random,1000000,1,2,830000,15167,659.327
T5,mixed,od_multi,0,0.1,random,1000000,1,2,840000,14935.3,669.555
T5,mixed,od_multi,0,0.1,random,1000000,1,2,850000,14714.7,679.592
T5,mixed,od_multi,0,0.1,random,1000000,1,2,860000,14792.9,676.001
T5,mixed,od_multi,0,0.1,random,1000000,1,2,870000,15038.2,664.975
T5,mixed,od_multi,0,0.1,random,1000000,1,2,880000,15122.5,661.265
T5,mixed,od_multi,0,0.1,random,1000000,1,2,890000,15185,658.543
T5,mixed,od_multi,0,0.1,random,1000000,1,2,900000,15244.1,655.992
T5,mixed,od_multi,0,0.1,random,1000000,1,2,910000,14910.3,670.678
T5,mixed,od_multi,0,0.1,random,1000000,1,2,920000,14914.2,670.503
T5,mixed,od_multi,0,0.1,random,1000000,1,2,930000,15086.7,662.834
T5,mixed,od_multi,0,0.1,random,1000000,1,2,940000,15213.4,657.315
T5,mixed,od_multi,0,0.1,random,1000000,1,2,950000,15290.7,653.991
T5,mixed,od_multi,0,0.1,random,1000000,1,2,960000,15461.7,646.759
T5,mixed,od_multi,0,0.1,random,1000000,1,2,970000,15411.3,648.873
T5,mixed,od_multi,0,0.1,random,1000000,1,2,980000,15137.3,660.619
T5,mixed,od_multi,0,0.1,random,1000000,1,2,990000,15163.7,659.471
T5,mixed,od_multi,0,0.1,random,1000000,1,2,1000000,15343.3,651.752
T5,mixed,od_multi,0,0.1,random,1000000,1,3,10000,11348.8,881.15
T5,mixed,od_multi,0,0.1,random,1000000,1,3,20000,11512.5,868.622
T5,mixed,od_multi,0,0.1,random,1000000,1,3,30000,11643.9,858.819
T5,mixed,od_multi,0,0.1,random,1000000,1,3,40000,11855.9,843.459
T5,mixed,od_multi,0,0.1,random,1000000,1,3,50000,12014.1,832.353
T5,mixed,od_multi,0,0.1,random,1000000,1,3,60000,12043.5,830.325
T5,mixed,od_multi,0,0.1,random,1000000,1,3,70000,12158.3,822.48
T5,mixed,od_multi,0,0.1,random,1000000,1,3,80000,12304.2,812.729
T5,mixed,od_multi,0,0.1,random,1000000,1,3,90000,12424.3,804.876
T5,mixed,od_multi,0,0.1,random,1000000,1,3,100000,12589.6,794.305
T5,mixed,od_multi,0,0.1,random,1000000,1,3,110000,12683.5,788.429
T5,mixed,od_multi,0,0.1,random,1000000,1,3,120000,12475.3,801.586
T5,mixed,od_multi,0,0.1,random,1000000,1,3,130000,12360.9,809.003
T5,mixed,od_multi,0,0.1,random,1000000,1,3,140000,12486.8,800.845
T5,mixed,od_multi,0,0.1,random,1000000,1,3,150000,12588,794.406
T5,mixed,od_multi,0,0.1,random,1000000,1,3,160000,12696.1,787.642
T5,mixed,od_multi,0,0.1,random,1000000,1,3,170000,12741.2,784.854
T5,mixed,od_multi,0,0.1,random,1000000,1,3,180000,12895.9,775.441
T5,mixed,od_multi,0,0.1,random,1000000,1,3,190000,12467.4,802.091
T5,mixed,od_multi,0,0.1,random,1000000,1,3,200000,12586,794.534
T5,mixed,od_multi,0,0.1,random,1000000,1,3,210000,12731.8,785.433
T5,mixed,od_multi,0,0.1,random,1000000,1,3,220000,12826.3,779.645
T5,mixed,od_multi,0,0.1,random,1000000,1,3,230000,12948.9,772.264
T5,mixed,od_multi,0,0.1,random,1000000,1,3,240000,13169.6,759.324
T5,mixed,od_multi,0,0.1,random,1000000,1,3,250000,13018.4,768.145
T5,mixed,od_multi,0,0.1,random,1000000,1,3,260000,12767.6,783.233
T5,mixed,od_multi,0,0.1,random,1000000,1,3,270000,12866.2,777.233
T5,mixed,od_multi,0,0.1,random,1000000,1,3,280000,13000.8,769.184
T5,mixed,od_multi,0,0.1,random,1000000,1,3,290000,13187.3,758.308
T5,mixed,od_multi,0,0.1,random,1000000,1,3,300000,13347.8,749.19
T5,mixed,od_multi,0,0.1,random,1000000,1,3,310000,13426.9,744.772
T5,mixed,od_multi,0,0.1,random,1000000,1,3,320000,12951.6,772.108
T5,mixed,od_multi,0,0.1,random,1000000,1,3,330000,12982.1,770.292
T5,mixed,od_multi,0,0.1,random,1000000,1,3,340000,13145.5,760.716
T5,mixed,od_multi,0,0.1,random,1000000,1,3,350000,13215.1,756.711
T5,mixed,od_multi,0,0.1,random,1000000,1,3,360000,13347.6,749.2
T5,mixed,od_multi,0,0.1,random,1000000,1,3,370000,13440.9,743.998
T5,mixed,od_multi,0,0.1,random,1000000,1,3,380000,13416.5,745.352
T5,mixed,od_multi,0,0.1,random,1000000,1,3,390000,13126.6,761.812
T5,mixed,od_multi,0,0.1,random,1000000,1,3,400000,13262.7,753.992
T5,mixed,od_multi,0,0.1,random,1000000,1,3,410000,13351.7,748.967
T5,mixed,od_multi,0,0.1,random,1000000,1,3,420000,13490.6,741.259
T5,mixed,od_multi,0,0.1,random,1000000,1,3,430000,13574.8,736.659
T5,mixed,od_multi,0,0.1,random,1000000,1,3,440000,13702.3,729.805
T5,mixed,od_multi,0,0.1,random,1000000,1,3,450000,13423.9,744.941
T5,mixed,od_multi,0,0.1,random,1000000,1,3,460000,13444.2,743.812
T5,mixed,od_multi,0,0.1,random,1000000,1,3,470000,13485.3,741.55
T5,mixed,od_multi,0,0.1,random,1000000,1,3,480000,13631.8,733.579
T5,mixed,od_multi,0,0.1,random,1000000,1,3,490000,13730.9,728.282
T5,mixed,od_multi,0,0.1,random,1000000,1,3,500000,13835.3,722.791
T5,mixed,od_multi,0,0.1,random,1000000,1,3,510000,13839.8,722.554
T5,mixed,od_multi,0,0.1,random,1000000,1,3,520000,13537,738.718
T5,mixed,od_multi,0,0.1,random,1000000,1,3,530000,13667.7,731.654
T5,mixed,od_multi,0,0.1,random,1000000,1,3,540000,13772.1,726.107
T5,mixed,od_multi,0,0.1,random,1000000,1,3,550000,13889.3,719.98
T5,mixed,od_multi,0,0.1,random,1000000,1,3,560000,14000.9,714.239
T5,mixed,od_multi,0,0.1,random,1000000,1,3,570000,14100.2,709.208
T5,mixed,od_multi,0,0.1,random,1000000,1,3,580000,13911.3,718.838
T5,mixed,od_multi,0,0.1,random,1000000,1,3,590000,13876.1,720.665
T5,mixed,od_multi,0,0.1,random,1000000,1,3,600000,14063.1,711.078
T5,mixed,od_multi,0,0.1,random,1000000,1,3,610000,14170.4,705.695
T5,mixed,od_multi,0,0.1,random,1000000,1,3,620000,14161,706.166
T5,mixed,od_multi,0,0.1,random,1000000,1,3,630000,14397.7,694.558
T5,mixed,od_multi,0,0.1,random,1000000,1,3,640000,14455.9,691.757
T5,mixed,od_multi,0,0.1,random,1000000,1,3,650000,14101.3,709.153
T5,mixed,od_multi,0,0.1,random,1000000,1,3,660000,14095,709.469
T5,mixed,od_multi,0,0.1,random,1000000,1,3,670000,14215.7,703.448
T5,mixed,od_multi,0,0.1,random,1000000,1,3,680000,14462,691.468
T5,mixed,od_multi,0,0.1,random,1000000,1,3,690000,14563,686.672
T5,mixed,od_multi,0,0.1,random,1000000,1,3,700000,14625.4,683.744
T5,mixed,od_multi,0,0.1,random,1000000,1,3,710000,14405.2,694.193
T5,mixed,od_multi,0,0.1,random,1000000,1,3,720000,14280.8,700.241
T5,mixed,od_multi,0,0.1,random,1000000,1,3,730000,14353.1,696.711
T5,mixed,od_multi,0,0.1,random,1000000,1,3,740000,14656.2,682.307
T5,mixed,od_multi,0,0.1,random,1000000,1,3,750000,14753.7,677.797
T5,mixed,od_multi,0,0.1,random,1000000,1,3,760000,14901.2,671.086
T5,mixed,od_multi,0,0.1,random,1000000,1,3,770000,14992.4,667.004
T5,mixed,od_multi,0,0.1,random,1000000,1,3,780000,14451.9,691.953
T5,mixed,od_multi,0,0.1,random,1000000,1,3,790000,14610.3,684.448
T5,mixed,od_multi,0,0.1,random,1000000,1,3,800000,14694.8,680.512
T5,mixed,od_multi,0,0.1,random,1000000,1,3,810000,14713.8,679.633
T5,mixed,od_multi,0,0.1,random,1000000,1,3,820000,14980,667.559
T5,mixed,od_multi,0,0.1,random,1000000,1,3,830000,15161.8,659.553
T5,mixed,od_multi,0,0.1,random,1000000,1,3,840000,14886.7,671.742
T5,mixed,od_multi,0,0.1,random,1000000,1,3,850000,14694,680.549
T5,mixed,od_multi,0,0.1,random,1000000,1,3,860000,14739.7,678.438
T5,mixed,od_multi,0,0.1,random,1000000,1,3,870000,14974.5,667.804
T5,mixed,od_multi,0,0.1,random,1000000,1,3,880000,14993.3,666.967
T5,mixed,od_multi,0,0.1,random,1000000,1,3,890000,15122.1,661.284
T5,mixed,od_multi,0,0.1,random,1000000,1,3,900000,15267.2,654.999
T5,mixed,od_multi,0,0.1,random,1000000,1,3,910000,14918.5,670.309
T5,mixed,od_multi,0,0.1,random,1000000,1,3,920000,14921.9,670.156
T5,mixed,od_multi,0,0.1,random,1000000,1,3,930000,15117.1,661.503
T5,mixed,od_multi,0,0.1,random,1000000,1,3,940000,15207.2,657.583
T5,mixed,od_multi,0,0.1,random,1000000,1,3,950000,15263.1,655.175
T5,mixed,od_multi,0,0.1,random,1000000,1,3,960000,15399.8,649.358
T5,mixed,od_multi,0,0.1,random,1000000,1,3,970000,15314.8,652.964
T5,mixed,od_multi,0,0.1,random,1000000,1,3,980000,15063.3,663.866
T5,mixed,od_multi,0,0.1,random,1000000,1,3,990000,15174.9,658.983
T5,mixed,od_multi,0,0.1,random,1000000,1,3,1000000,15289.9,654.028
T5,mixed,od_multi,0,0.1,random,1000000,2,1,10000,6599.87,1515.18
T5,mixed,od_multi,0,0.1,random,1000000,2,1,20000,6809.32,1468.58
T5,mixed,od_multi,0,0.1,random,1000000,2,1,30000,6801.05,1470.36
T5,mixed,od_multi,0,0.1,random,1000000,2,1,40000,6923.01,1444.46
T5,mixed,od_multi,0,0.1,random,1000000,2,1,50000,7069.36,1414.55
T5,mixed,od_multi,0,0.1,random,1000000,2,1,60000,7116.19,1405.25
T5,mixed,od_multi,0,0.1,random,1000000,2,1,70000,7166.51,1395.38
T5,mixed,od_multi,0,0.1,random,1000000,2,1,80000,7349.87,1360.57
T5,mixed,od_multi,0,0.1,random,1000000,2,1,90000,7351.33,1360.3
T5,mixed,od_multi,0,0.1,random,1000000,2,1,100000,7470.81,1338.54
T5,mixed,od_multi,0,0.1,random,1000000,2,1,110000,7704.49,1297.94
T5,mixed,od_multi,0,0.1,random,1000000,2,1,120000,7285.57,1372.58
T5,mixed,od_multi,0,0.1,random,1000000,2,1,130000,7353.25,1359.94
T5,mixed,od_multi,0,0.1,random,1000000,2,1,140000,7426.16,1346.59
T5,mixed,od_multi,0,0.1,random,1000000,2,1,150000,7480.31,1336.84
T5,mixed,od_multi,0,0.1,random,1000000,2,1,160000,7673.76,1303.14
T5,mixed,od_multi,0,0.1,random,1000000,2,1,170000,7762.54,1288.24
T5,mixed,od_multi,0,0.1,random,1000000,2,1,180000,7865.35,1271.4
T5,mixed,od_multi,0,0.1,random,1000000,2,1,190000,7398.92,1351.55
T5,mixed,od_multi,0,0.1,random,1000000,2,1,200000,7438.52,1344.35
T5,mixed,od_multi,0,0.1,random,1000000,2,1,210000,7590.92,1317.36
T5,mixed,od_multi,0,0.1,random,1000000,2,1,220000,7725.42,1294.43
T5,mixed,od_multi,0,0.1,random,1000000,2,1,230000,7589.15,1317.67
T5,mixed,od_multi,0,0.1,random,1000000,2,1,240000,7788.54,1283.94
T5,mixed,od_multi,0,0.1,random,1000000,2,1,250000,7629.14,1310.76
T5,mixed,od_multi,0,0.1,random,1000000,2,1,260000,7469.61,1338.76
T5,mixed,od_multi,0,0.1,random,1000000,2,1,270000,7654.42,1306.44
T5,mixed,od_multi,0,0.1,random,1000000,2,1,280000,7809.89,1280.43
T5,mixed,od_multi,0,0.1,random,1000000,2,1,290000,7866.42,1271.23
T5,mixed,od_multi,0,0.1,random,1000000,2,1,300000,7894.13,1266.76
T5,mixed,od_multi,0,0.1,random,1000000,2,1,310000,8066.36,1239.72
T5,mixed,od_multi,0,0.1,random,1000000,2,1,320000,7694.05,1299.71
T5,mixed,od_multi,0,0.1,random,1000000,2,1,330000,7684.6,1301.3
T5,mixed,od_multi,0,0.1,random,1000000,2,1,340000,7613.9,1313.39
T5,mixed,od_multi,0,0.1,random,1000000,2,1,350000,7827.24,1277.59
T5,mixed,od_multi,0,0.1,random,1000000,2,1,360000,7956.39,1256.85
T5,mixed,od_multi,0,0.1,random,1000000,2,1,370000,8045.59,1242.92
T5,mixed,od_multi,0,0.1,random,1000000,2,1,380000,8011.99,1248.13
T5,mixed,od_multi,0,0.1,random,1000000,2,1,390000,7902.6,1265.41
T5,mixed,od_multi,0,0.1,random,1000000,2,1,400000,7697.69,1299.09
T5,mixed,od_multi,0,0.1,random,1000000,2,1,410000,7909.01,1264.38
T5,mixed,od_multi,0,0.1,random,1000000,2,1,420000,7978.61,1253.35
T5,mixed,od_multi,0,0.1,random,1000000,2,1,430000,8098.21,1234.84
T5,mixed,od_multi,0,0.1,random,1000000,2,1,440000,8389.24,1192
T5,mixed,od_multi,0,0.1,random,1000000,2,1,450000,7689.08,1300.55
T5,mixed,od_multi,0,0.1,random,1000000,2,1,460000,7871.14,1270.46
T5,mixed,od_multi,0,0.1,random,1000000,2,1,470000,8112.11,1232.73
T5,mixed,od_multi,0,0.1,random,1000000,2,1,480000,8123.75,1230.96
T5,mixed,od_multi,0,0.1,random,1000000,2,1,490000,8181.4,1222.28
T5,mixed,od_multi,0,0.1,random,1000000,2,1,500000,8425.87,1186.82
T5,mixed,od_multi,0,0.1,random,1000000,2,1,510000,8292.3,1205.94
T5,mixed,od_multi,0,0.1,random,1000000,2,1,520000,8138.24,1228.77
T5,mixed,od_multi,0,0.1,random,1000000,2,1,530000,7998.45,1250.24
T5,mixed,od_multi,0,0.1,random,1000000,2,1,540000,8262.73,1210.25
T5,mixed,od_multi,0,0.1,random,1000000,2,1,550000,8341.95,1198.76
T5,mixed,od_multi,0,0.1,random,1000000,2,1,560000,8448.25,1183.68
T5,mixed,od_multi,0,0.1,random,1000000,2,1,570000,8494.62,1177.22
T5,mixed,od_multi,0,0.1,random,1000000,2,1,580000,8201.35,1219.31
T5,mixed,od_multi,0,0.1,random,1000000,2,1,590000,8239.81,1213.62
T5,mixed,od_multi,0,0.1,random,1000000,2,1,600000,8280.5,1207.66
T5,mixed,od_multi,0,0.1,random,1000000,2,1,610000,8366.17,1195.29
T5,mixed,od_multi,0,0.1,random,1000000,2,1,620000,8520.22,1173.68
T5,mixed,od_multi,0,0.1,random,1000000,2,1,630000,8590.97,1164.01
T5,mixed,od_multi,0,0.1,random,1000000,2,1,640000,8607.25,1161.81
T5,mixed,od_multi,0,0.1,random,1000000,2,1,650000,8263.21,1210.18
T5,mixed,od_multi,0,0.1,random,1000000,2,1,660000,8426.92,1186.67
T5,mixed,od_multi,0,0.1,random,1000000,2,1,670000,8506.3,1175.6
T5,mixed,od_multi,0,0.1,random,1000000,2,1,680000,8558.62,1168.41
T5,mixed,od_multi,0,0.1,random,1000000,2,1,690000,8703.06,1149.02
T5,mixed,od_multi,0,0.1,random,1000000,2,1,700000,8731.14,1145.33
T5,mixed,od_multi,0,0.1,random,1000000,2,1,710000,8440.94,1184.7
T5,mixed,od_multi,0,0.1,random,1000000,2,1,720000,8524.78,1173.05
T5,mixed,od_multi,0,0.1,random,1000000,2,1,730000,8511.73,1174.85
T5,mixed,od_multi,0,0.1,random,1000000,2,1,740000,8575,1166.18
T5,mixed,od_multi,0,0.1,random,1000000,2,1,750000,8765.33,1140.86
T5,mixed,od_multi,0,0.1,random,1000000,2,1,760000,8776.88,1139.36
T5,mixed,od_multi,0,0.1,random,1000000,2,1,770000,8902.53,1123.28
T5,mixed,od_multi,0,0.1,random,1000000,2,1,780000,8507.4,1175.45
T5,mixed,od_multi,0,0.1,random,1000000,2,1,790000,8639.27,1157.5
T5,mixed,od_multi,0,0.1,random,1000000,2,1,800000,8711.33,1147.93
T5,mixed,od_multi,0,0.1,random,1000000,2,1,810000,8798.16,1136.6
T5,mixed,od_multi,0,0.1,random,1000000,2,1,820000,8830.16,1132.48
T5,mixed,od_multi,0,0.1,random,1000000,2,1,830000,8999.98,1111.11
T5,mixed,od_multi,0,0.1,random,1000000,2,1,840000,8730.91,1145.36
T5,mixed,od_multi,0,0.1,random,1000000,2,1,850000,8632.21,1158.45
T5,mixed,od_multi,0,0.1,random,1000000,2,1,860000,8733.31,1145.04
T5,mixed,od_multi,0,0.1,random,1000000,2,1,870000,8976.83,1113.98
T5,mixed,od_multi,0,0.1,random,1000000,2,1,880000,9034.01,1106.93
T5,mixed,od_multi,0,0.1,random,1000000,2,1,890000,9169.1,1090.62
T5,mixed,od_multi,0,0.1,random,1000000,2,1,900000,9186.02,1088.61
T5,mixed,od_multi,0,0.1,random,1000000,2,1,910000,8725.99,1146
T5,mixed,od_multi,0,0.1,random,1000000,2,1,920000,8910.34,1122.29
T5,mixed,od_multi,0,0.1,random,1000000,2,1,930000,8976.34,1114.04
T5,mixed,od_multi,0,0.1,random,1000000,2,1,940000,8985.75,1112.87
T5,mixed,od_multi,0,0.1,random,1000000,2,1,950000,9245.87,1081.56
T5,mixed,od_multi,0,0.1,random,1000000,2,1,960000,9294.64,1075.89
T5,mixed,od_multi,0,0.1,random,1000000,2,1,970000,9175.01,1089.92
T5,mixed,od_multi,0,0.1,random,1000000,2,1,980000,8849.31,1130.03
T5,mixed,od_multi,0,0.1,random,1000000,2,1,990000,8978.32,1113.79
T5,mixed,od_multi,0,0.1,random,1000000,2,1,1000000,9154.88,1092.31
T5,mixed,od_multi,0,0.1,random,1000000,2,2,10000,6668.38,1499.62
T5,mixed,od_multi,0,0.1,random,1000000,2,2,20000,6752.12,1481.02
T5,mixed,od_multi,0,0.1,random,1000000,2,2,30000,6872.81,1455.01
T5,mixed,od_multi,0,0.1,random,1000000,2,2,40000,6795.27,1471.61
T5,mixed,od_multi,0,0.1,random,1000000,2,2,50000,6979.56,1432.75
T5,mixed,od_multi,0,0.1,random,1000000,2,2,60000,7049.62,1418.52
T5,mixed,od_multi,0,0.1,random,1000000,2,2,70000,7162.51,1396.16
T5,mixed,od_multi,0,0.1,random,1000000,2,2,80000,7309.14,1368.15
T5,mixed,od_multi,0,0.1,random,1000000,2,2,90000,7384.04,1354.27
T5,mixed,od_multi,0,0.1,random,1000000,2,2,100000,7423.34,1347.1
T5,mixed,od_multi,0,0.1,random,1000000,2,2,110000,7582.13,1318.89
T5,mixed,od_multi,0,0.1,random,1000000,2,2,120000,7352.58,1360.07
T5,mixed,od_multi,0,0.1,random,1000000,2,2,130000,7244.16,1380.42
T5,mixed,od_multi,0,0.1,random,1000000,2,2,140000,7434.8,1345.03
T5,mixed,od_multi,0,0.1,random,1000000,2,2,150000,7326.89,1364.83
T5,mixed,od_multi,0,0.1,random,1000000,2,2,160000,7568.91,1321.19
T5,mixed,od_multi,0,0.1,random,1000000,2,2,170000,7648.81,1307.39
T5,mixed,od_multi,0,0.1,random,1000000,2,2,180000,7736.11,1292.64
T5,mixed,od_multi,0,0.1,random,1000000,2,2,190000,7309.3,1368.12
T5,mixed,od_multi,0,0.1,random,1000000,2,2,200000,7471.08,1338.5
T5,mixed,od_multi,0,0.1,random,1000000,2,2,210000,7540.89,1326.1
T5,mixed,od_multi,0,0.1,random,1000000,2,2,220000,7773.26,1286.46
T5,mixed,od_multi,0,0.1,random,1000000,2,2,230000,7693.87,1299.74
T5,mixed,od_multi,0,0.1,random,1000000,2,2,240000,7766.68,1287.55
T5,mixed,od_multi,0,0.1,random,1000000,2,2,250000,7751.72,1290.04
T5,mixed,od_multi,0,0.1,random,1000000,2,2,260000,7555.2,1323.59
T5,mixed,od_multi,0,0.1,random,1000000,2,2,270000,7621.54,1312.07
T5,mixed,od_multi,0,0.1,random,1000000,2,2,280000,7748.4,1290.59
T5,mixed,od_multi,0,0.1,random,1000000,2,2,290000,7845.96,1274.54
T5,mixed,od_multi,0,0.1,random,1000000,2,2,300000,7870.86,1270.51
T5,mixed,od_multi,0,0.1,random,1000000,2,2,310000,8011.17,1248.26
T5,mixed,od_multi,0,0.1,random,1000000,2,2,320000,7643.45,1308.31
T5,mixed,od_multi,0,0.1,random,1000000,2,2,330000,7759.72,1288.71
T5,mixed,od_multi,0,0.1,random,1000000,2,2,340000,7746.7,1290.87
T5,mixed,od_multi,0,0.1,random,1000000,2,2,350000,7854.24,1273.2
T5,mixed,od_multi,0,0.1,random,1000000,2,2,360000,8005.2,1249.19
T5,mixed,od_multi,0,0.1,random,1000000,2,2,370000,8176.85,1222.96
T5,mixed,od_multi,0,0.1,random,1000000,2,2,380000,7889.2,1267.56
T5,mixed,od_multi,0,0.1,random,1000000,2,2,390000,7779.61,1285.41
T5,mixed,od_multi,0,0.1,random,1000000,2,2,400000,7897.38,1266.24
T5,mixed,od_multi,0,0.1,random,1000000,2,2,410000,7862.11,1271.92
T5,mixed,od_multi,0,0.1,random,1000000,2,2,420000,8043.7,1243.21
T5,mixed,od_multi,0,0.1,random,1000000,2,2,430000,8198.56,1219.73
T5,mixed,od_multi,0,0.1,random,1000000,2,2,440000,8175.14,1223.22
T5,mixed,od_multi,0,0.1,random,1000000,2,2,450000,7845.65,1274.59
T5,mixed,od_multi,0,0.1,random,1000000,2,2,460000,7868.05,1270.96
T5,mixed,od_multi,0,0.1,random,1000000,2,2,470000,7981.88,1252.84
T5,mixed,od_multi,0,0.1,random,1000000,2,2,480000,8048.55,1242.46
T5,mixed,od_multi,0,0.1,random,1000000,2,2,490000,8170.68,1223.89
T5,mixed,od_multi,0,0.1,random,1000000,2,2,500000,8220.27,1216.51
T5,mixed,od_multi,0,0.1,random,1000000,2,2,510000,8199.91,1219.53
T5,mixed,od_multi,0,0.1,random,1000000,2,2,520000,7937.39,1259.86
T5,mixed,od_multi,0,0.1,random,1000000,2,2,530000,8109.74,1233.09
T5,mixed,od_multi,0,0.1,random,1000000,2,2,540000,8142.5,1228.12
T5,mixed,od_multi,0,0.1,random,1000000,2,2,550000,8116.61,1232.04
T5,mixed,od_multi,0,0.1,random,1000000,2,2,560000,8264.9,1209.94
T5,mixed,od_multi,0,0.1,random,1000000,2,2,570000,8454.51,1182.8
T5,mixed,od_multi,0,0.1,random,1000000,2,2,580000,8252.33,1211.78
T5,mixed,od_multi,0,0.1,random,1000000,2,2,590000,8101.61,1234.32
T5,mixed,od_multi,0,0.1,random,1000000,2,2,600000,8383.85,1192.77
T5,mixed,od_multi,0,0.1,random,1000000,2,2,610000,8384.39,1192.69
T5,mixed,od_multi,0,0.1,random,1000000,2,2,620000,8446.73,1183.89
T5,mixed,od_multi,0,0.1,random,1000000,2,2,630000,8549.78,1169.62
T5,mixed,od_multi,0,0.1,random,1000000,2,2,640000,8693.89,1150.23
T5,mixed,od_multi,0,0.1,random,1000000,2,2,650000,8245.9,1212.72
T5,mixed,od_multi,0,0.1,random,1000000,2,2,660000,8407.11,1189.47
T5,mixed,od_multi,0,0.1,random,1000000,2,2,670000,8462.67,1181.66
T5,mixed,od_multi,0,0.1,random,1000000,2,2,680000,8558.92,1168.37
T5,mixed,od_multi,0,0.1,random,1000000,2,2,690000,8656.46,1155.21
T5,mixed,od_multi,0,0.1,random,1000000,2,2,700000,8753.45,1142.41
T5,mixed,od_multi,0,0.1,random,1000000,2,2,710000,8468.87,1180.8
T5,mixed,od_multi,0,0.1,random,1000000,2,2,720000,8421.69,1187.41
T5,mixed,od_multi,0,0.1,random,1000000,2,2,730000,8615.72,1160.67
T5,mixed,od_multi,0,0.1,random,1000000,2,2,740000,8444.08,1184.26
T5,mixed,od_multi,0,0.1,random,1000000,2,2,750000,8515.42,1174.34
T5,mixed,od_multi,0,0.1,random,1000000,2,2,760000,8850.48,1129.88
T5,mixed,od_multi,0,0.1,random,1000000,2,2,770000,8907.01,1122.71
T5,mixed,od_multi,0,0.1,random,1000000,2,2,780000,8436.09,1185.38
T5,mixed,od_multi,0,0.1,random,1000000,2,2,790000,8630.99,1158.62
T5,mixed,od_multi,0,0.1,random,1000000,2,2,800000,8681.78,1151.84
T5,mixed,od_multi,0,0.1,random,1000000,2,2,810000,8833.37,1132.07
T5,mixed,od_multi,0,0.1,random,1000000,2,2,820000,8898.93,1123.73
T5,mixed,od_multi,0,0.1,random,1000000,2,2,830000,8985.53,1112.9
T5,mixed,od_multi,0,0.1,random,1000000,2,2,840000,8803.19,1135.95
T5,mixed,od_multi,0,0.1,random,1000000,2,2,850000,8570.06,1166.85
T5,mixed,od_multi,0,0.1,random,1000000,2,2,860000,8751.34,1142.68
T5,mixed,od_multi,0,0.1,random,1000000,2,2,870000,8758.24,1141.78
T5,mixed,od_multi,0,0.1,random,1000000,2,2,880000,8994.89,1111.74
T5,mixed,od_multi,0,0.1,random,1000000,2,2,890000,9108.92,1097.82
T5,mixed,od_multi,0,0.1,random,1000000,2,2,900000,9196.99,1087.31
T5,mixed,od_multi,0,0.1,random,1000000,2,2,910000,8829.43,1132.58
T5,mixed,od_multi,0,0.1,random,1000000,2,2,920000,8803.78,1135.88
T5,mixed,od_multi,0,0.1,random,1000000,2,2,930000,8937.75,1118.85
T5,mixed,od_multi,0,0.1,random,1000000,2,2,940000,9022.85,1108.3
T5,mixed,od_multi,0,0.1,random,1000000,2,2,950000,9152.23,1092.63
T5,mixed,od_multi,0,0.1,random,1000000,2,2,960000,9299.53,1075.32
T5,mixed,od_multi,0,0.1,random,1000000,2,2,970000,9111.61,1097.5
T5,mixed,od_multi,0,0.1,random,1000000,2,2,980000,9014.64,1109.31
T5,mixed,od_multi,0,0.1,random,1000000,2,2,990000,8912.4,1122.03
T5,mixed,od_multi,0,0.1,random,1000000,2,2,1000000,9199.91,1086.97
T5,mixed,od_multi,0,0.1,random,1000000,2,3,10000,6536.84,1529.79
T5,mixed,od_multi,0,0.1,random,1000000,2,3,20000,6737.59,1484.21
T5,mixed,od_multi,0,0.1,random,1000000,2,3,30000,6817.45,1466.82
T5,mixed,od_multi,0,0.1,random,1000000,2,3,40000,6799.79,1470.63
T5,mixed,od_multi,0,0.1,random,1000000,2,3,50000,6964.74,1435.8
T5,mixed,od_multi,0,0.1,random,1000000,2,3,60000,7100.7,1408.31
T5,mixed,od_multi,0,0.1,random,1000000,2,3,70000,7238.16,1381.57
T5,mixed,od_multi,0,0.1,random,1000000,2,3,80000,7401.69,1351.04
T5,mixed,od_multi,0,0.1,random,1000000,2,3,90000,7376.41,1355.67
T5,mixed,od_multi,0,0.1,random,1000000,2,3,100000,7426.55,1346.52
T5,mixed,od_multi,0,0.1,random,1000000,2,3,110000,7582.27,1318.87
T5,mixed,od_multi,0,0.1,random,1000000,2,3,120000,7316.24,1366.82
T5,mixed,od_multi,0,0.1,random,1000000,2,3,130000,7342.43,1361.95
T5,mixed,od_multi,0,0.1,random,1000000,2,3,140000,7430.55,1345.79
T5,mixed,od_multi,0,0.1,random,1000000,2,3,150000,7459.99,1340.48
T5,mixed,od_multi,0,0.1,random,1000000,2,3,160000,7650.51,1307.1
T5,mixed,od_multi,0,0.1,random,1000000,2,3,170000,7672.71,1303.32
T5,mixed,od_multi,0,0.1,random,1000000,2,3,180000,7827.07,1277.62
T5,mixed,od_multi,0,0.1,random,1000000,2,3,190000,7300.04,1369.86
T5,mixed,od_multi,0,0.1,random,1000000,2,3,200000,7487.38,1335.58
T5,mixed,od_multi,0,0.1,random,1000000,2,3,210000,7577.99,1319.61
T5,mixed,od_multi,0,0.1,random,1000000,2,3,220000,7559.02,1322.92
T5,mixed,od_multi,0,0.1,random,1000000,2,3,230000,7699.91,1298.72
T5,mixed,od_multi,0,0.1,random,1000000,2,3,240000,7889.16,1267.56
T5,mixed,od_multi,0,0.1,random,1000000,2,3,250000,7637.48,1309.33
T5,mixed,od_multi,0,0.1,random,1000000,2,3,260000,7509.39,1331.67
T5,mixed,od_multi,0,0.1,random,1000000,2,3,270000,7707.58,1297.42
T5,mixed,od_multi,0,0.1,random,1000000,2,3,280000,7694.94,1299.55
T5,mixed,od_multi,0,0.1,random,1000000,2,3,290000,7871.82,1270.35
T5,mixed,od_multi,0,0.1,random,1000000,2,3,300000,7941.39,1259.22
T5,mixed,od_multi,0,0.1,random,1000000,2,3,310000,8021.55,1246.64
T5,mixed,od_multi,0,0.1,random,1000000,2,3,320000,7624.68,1311.53
T5,mixed,od_multi,0,0.1,random,1000000,2,3,330000,7637.43,1309.34
T5,mixed,od_multi,0,0.1,random,1000000,2,3,340000,7752.74,1289.87
T5,mixed,od_multi,0,0.1,random,1000000,2,3,350000,7951.33,1257.65
T5,mixed,od_multi,0,0.1,random,1000000,2,3,360000,7990.38,1251.5
T5,mixed,od_multi,0,0.1,random,1000000,2,3,370000,7909.38,1264.32
T5,mixed,od_multi,0,0.1,random,1000000,2,3,380000,7959.85,1256.31
T5,mixed,od_multi,0,0.1,random,1000000,2,3,390000,7830.24,1277.1
T5,mixed,od_multi,0,0.1,random,1000000,2,3,400000,7804.06,1281.39
T5,mixed,od_multi,0,0.1,random,1000000,2,3,410000,7994.8,1250.81
T5,mixed,od_multi,0,0.1,random,1000000,2,3,420000,8012.03,1248.12
T5,mixed,od_multi,0,0.1,random,1000000,2,3,430000,8157.1,1225.93
T5,mixed,od_multi,0,0.1,random,1000000,2,3,440000,8247.55,1212.48
T5,mixed,od_multi,0,0.1,random,1000000,2,3,450000,7872.38,1270.26
T5,mixed,od_multi,0,0.1,random,1000000,2,3,460000,7991.12,1251.39
T5,mixed,od_multi,0,0.1,random,1000000,2,3,470000,8027.52,1245.71
T5,mixed,od_multi,0,0.1,random,1000000,2,3,480000,8036.2,1244.37
T5,mixed,od_multi,0,0.1,random,1000000,2,3,490000,8157.88,1225.81
T5,mixed,od_multi,0,0.1,random,1000000,2,3,500000,8271.62,1208.95
T5,mixed,od_multi,0,0.1,random,1000000,2,3,510000,8296.73,1205.29
T5,mixed,od_multi,0,0.1,random,1000000,2,3,520000,7718.82,1295.53
T5,mixed,od_multi,0,0.1,random,1000000,2,3,530000,7998.52,1250.23
T5,mixed,od_multi,0,0.1,random,1000000,2,3,540000,8181.33,1222.3
T5,mixed,od_multi,0,0.1,random,1000000,2,3,550000,8243.64,1213.06
T5,mixed,od_multi,0,0.1,random,1000000,2,3,560000,8416.41,1188.15
T5,mixed,od_multi,0,0.1,random,1000000,2,3,570000,8447.82,1183.74
T5,mixed,od_multi,0,0.1,random,1000000,2,3,580000,8141,1228.35
T5,mixed,od_multi,0,0.1,random,1000000,2,3,590000,8199.57,1219.58
T5,mixed,od_multi,0,0.1,random,1000000,2,3,600000,8178.76,1222.68
T5,mixed,od_multi,0,0.1,random,1000000,2,3,610000,8289.65,1206.32
T5,mixed,od_multi,0,0.1,random,1000000,2,3,620000,8394.55,1191.25
T5,mixed,od_multi,0,0.1,random,1000000,2,3,630000,8578.48,1165.71
T5,mixed,od_multi,0,0.1,random,1000000,2,3,640000,8498.45,1176.69
T5,mixed,od_multi,0,0.1,random,1000000,2,3,650000,8323.93,1201.36
T5,mixed,od_multi,0,0.1,random,1000000,2,3,660000,8439.7,1184.88
T5,mixed,od_multi,0,0.1,random,1000000,2,3,670000,8481.56,1179.03
T5,mixed,od_multi,0,0.1,random,1000000,2,3,680000,8616.79,1160.52
T5,mixed,od_multi,0,0.1,random,1000000,2,3,690000,8670.78,1153.3
T5,mixed,od_multi,0,0.1,random,1000000,2,3,700000,8775.68,1139.51
T5,mixed,od_multi,0,0.1,random,1000000,2,3,710000,8557.44,1168.57
T5,mixed,od_multi,0,0.1,random,1000000,2,3,720000,8368.13,1195.01
T5,mixed,od_multi,0,0.1,random,1000000,2,3,730000,8387.6,1192.24
T5,mixed,od_multi,0,0.1,random,1000000,2,3,740000,8618.94,1160.24
T5,mixed,od_multi,0,0.1,random,1000000,2,3,750000,8666.39,1153.88
T5,mixed,od_multi,0,0.1,random,1000000,2,3,760000,8895.32,1124.19
T5,mixed,od_multi,0,0.1,random,1000000,2,3,770000,8864.98,1128.03
T5,mixed,od_multi,0,0.1,random,1000000,2,3,780000,8501.33,1176.29
T5,mixed,od_multi,0,0.1,random,1000000,2,3,790000,8627.46,1159.09
T5,mixed,od_multi,0,0.1,random,1000000,2,3,800000,8704.19,1148.87
T5,mixed,od_multi,0,0.1,random,1000000,2,3,810000,8738.55,1144.35
T5,mixed,od_multi,0,0.1,random,1000000,2,3,820000,8974.45,1114.27
T5,mixed,od_multi,0,0.1,random,1000000,2,3,830000,9028.74,1107.57
T5,mixed,od_multi,0,0.1,random,1000000,2,3,840000,8847.32,1130.29
T5,mixed,od_multi,0,0.1,random,1000000,2,3,850000,8827.42,1132.83
T5,mixed,od_multi,0,0.1,random,1000000,2,3,860000,8737.39,1144.51
T5,mixed,od_multi,0,0.1,random,1000000,2,3,870000,9002.93,1110.75
T5,mixed,od_multi,0,0.1,random,1000000,2,3,880000,9059.75,1103.78
T5,mixed,od_multi,0,0.1,random,1000000,2,3,890000,8884.42,1125.57
T5,mixed,od_multi,0,0.1,random,1000000,2,3,900000,9082.99,1100.96
T5,mixed,od_multi,0,0.1,random,1000000,2,3,910000,8769.08,1140.37
T5,mixed,od_multi,0,0.1,random,1000000,2,3,920000,8825.3,1133.11
T5,mixed,od_multi,0,0.1,random,1000000,2,3,930000,8850.45,1129.89
T5,mixed,od_multi,0,0.1,random,1000000,2,3,940000,9008.61,1110.05
T5,mixed,od_multi,0,0.1,random,1000000,2,3,950000,9290.4,1076.38
T5,mixed,od_multi,0,0.1,random,1000000,2,3,960000,9227.95,1083.66
T5,mixed,od_multi,0,0.1,random,1000000,2,3,970000,9222.81,1084.27
T5,mixed,od_multi,0,0.1,random,1000000,2,3,980000,8895.39,1124.18
T5,mixed,od_multi,0,0.1,random,1000000,2,3,990000,8991.6,1112.15
T5,mixed,od_multi,0,0.1,random,1000000,2,3,1000000,9225.22,1083.98
T5,mixed,od_multi,0,0.1,random,1000000,4,1,10000,4218.62,2370.44
T5,mixed,od_multi,0,0.1,random,1000000,4,1,20000,4282.25,2335.22
T5,mixed,od_multi,0,0.1,random,1000000,4,1,30000,4322.99,2313.21
T5,mixed,od_multi,0,0.1,random,1000000,4,1,40000,4398.34,2273.58
T5,mixed,od_multi,0,0.1,random,1000000,4,1,50000,4472.93,2235.67
T5,mixed,od_multi,0,0.1,random,1000000,4,1,60000,4532.42,2206.33
T5,mixed,od_multi,0,0.1,random,1000000,4,1,70000,4598.63,2174.56
T5,mixed,od_multi,0,0.1,random,1000000,4,1,80000,4672.51,2140.18
T5,mixed,od_multi,0,0.1,random,1000000,4,1,90000,4701.29,2127.08
T5,mixed,od_multi,0,0.1,random,1000000,4,1,100000,4760.2,2100.75
T5,mixed,od_multi,0,0.1,random,1000000,4,1,110000,4868.58,2053.99
T5,mixed,od_multi,0,0.1,random,1000000,4,1,120000,4663.73,2144.2
T5,mixed,od_multi,0,0.1,random,1000000,4,1,130000,4645.06,2152.82
T5,mixed,od_multi,0,0.1,random,1000000,4,1,140000,4684.62,2134.65
T5,mixed,od_multi,0,0.1,random,1000000,4,1,150000,4752.55,2104.14
T5,mixed,od_multi,0,0.1,random,1000000,4,1,160000,4822.68,2073.54
T5,mixed,od_multi,0,0.1,random,1000000,4,1,170000,4864.22,2055.83
T5,mixed,od_multi,0,0.1,random,1000000,4,1,180000,4953.39,2018.82
T5,mixed,od_multi,0,0.1,random,1000000,4,1,190000,4618.52,2165.2
T5,mixed,od_multi,0,0.1,random,1000000,4,1,200000,4742.08,2108.78
T5,mixed,od_multi,0,0.1,random,1000000,4,1,210000,4769.7,2096.57
T5,mixed,od_multi,0,0.1,random,1000000,4,1,220000,4832.91,2069.15
T5,mixed,od_multi,0,0.1,random,1000000,4,1,230000,4907.51,2037.69
T5,mixed,od_multi,0,0.1,random,1000000,4,1,240000,4986.65,2005.36
T5,mixed,od_multi,0,0.1,random,1000000,4,1,250000,4828.62,2070.99
T5,mixed,od_multi,0,0.1,random,1000000,4,1,260000,4679.71,2136.88
T5,mixed,od_multi,0,0.1,random,1000000,4,1,270000,4826.63,2071.84
T5,mixed,od_multi,0,0.1,random,1000000,4,1,280000,4867.99,2054.24
T5,mixed,od_multi,0,0.1,random,1000000,4,1,290000,4916.63,2033.91
T5,mixed,od_multi,0,0.1,random,1000000,4,1,300000,4955.29,2018.04
T5,mixed,od_multi,0,0.1,random,1000000,4,1,310000,5080.92,1968.15
T5,mixed,od_multi,0,0.1,random,1000000,4,1,320000,4842.46,2065.07
T5,mixed,od_multi,0,0.1,random,1000000,4,1,330000,4882.16,2048.27
T5,mixed,od_multi,0,0.1,random,1000000,4,1,340000,4884,2047.5
T5,mixed,od_multi,0,0.1,random,1000000,4,1,350000,4966.29,2013.57
T5,mixed,od_multi,0,0.1,random,1000000,4,1,360000,5031.06,1987.65
T5,mixed,od_multi,0,0.1,random,1000000,4,1,370000,5057.57,1977.23
T5,mixed,od_multi,0,0.1,random,1000000,4,1,380000,4981.45,2007.45
T5,mixed,od_multi,0,0.1,random,1000000,4,1,390000,4834,2068.68
T5,mixed,od_multi,0,0.1,random,1000000,4,1,400000,4964.19,2014.43
T5,mixed,od_multi,0,0.1,random,1000000,4,1,410000,4978.45,2008.66
T5,mixed,od_multi,0,0.1,random,1000000,4,1,420000,5092.84,1963.54
T5,mixed,od_multi,0,0.1,random,1000000,4,1,430000,5082.68,1967.47
T5,mixed,od_multi,0,0.1,random,1000000,4,1,440000,5178.94,1930.9
T5,mixed,od_multi,0,0.1,random,1000000,4,1,450000,4998.85,2000.46
T5,mixed,od_multi,0,0.1,random,1000000,4,1,460000,4975.5,2009.85
T5,mixed,od_multi,0,0.1,random,1000000,4,1,470000,5048.9,1980.63
T5,mixed,od_multi,0,0.1,random,1000000,4,1,480000,5073.35,1971.09
T5,mixed,od_multi,0,0.1,random,1000000,4,1,490000,5163.84,1936.54
T5,mixed,od_multi,0,0.1,random,1000000,4,1,500000,5235.2,1910.15
T5,mixed,od_multi,0,0.1,random,1000000,4,1,510000,5206,1920.86
T5,mixed,od_multi,0,0.1,random,1000000,4,1,520000,4957.25,2017.25
T5,mixed,od_multi,0,0.1,random,1000000,4,1,530000,5085.17,1966.5
T5,mixed,od_multi,0,0.1,random,1000000,4,1,540000,5146.04,1943.24
T5,mixed,od_multi,0,0.1,random,1000000,4,1,550000,5163.21,1936.78
T5,mixed,od_multi,0,0.1,random,1000000,4,1,560000,5247.67,1905.61
T5,mixed,od_multi,0,0.1,random,1000000,4,1,570000,5278.95,1894.32
T5,mixed,od_multi,0,0.1,random,1000000,4,1,580000,5151.22,1941.29
T5,mixed,od_multi,0,0.1,random,1000000,4,1,590000,5105.23,1958.78
T5,mixed,od_multi,0,0.1,random,1000000,4,1,600000,5150.6,1941.52
T5,mixed,od_multi,0,0.1,random,1000000,4,1,610000,5238.32,1909.01
T5,mixed,od_multi,0,0.1,random,1000000,4,1,620000,5280.17,1893.88
T5,mixed,od_multi,0,0.1,random,1000000,4,1,630000,5335.44,1874.26
T5,mixed,od_multi,0,0.1,random,1000000,4,1,640000,5381.04,1858.38
T5,mixed,od_multi,0,0.1,random,1000000,4,1,650000,5162.15,1937.18
T5,mixed,od_multi,0,0.1,random,1000000,4,1,660000,5191.31,1926.3
T5,mixed,od_multi,0,0.1,random,1000000,4,1,670000,5243.36,1907.17
T5,mixed,od_multi,0,0.1,random,1000000,4,1,680000,5207.57,1920.28
T5,mixed,od_multi,0,0.1,random,1000000,4,1,690000,5358.46,1866.21
T5,mixed,od_multi,0,0.1,random,1000000,4,1,700000,5433.23,1840.52
T5,mixed,od_multi,0,0.1,random,1000000,4,1,710000,5305.01,1885.01
T5,mixed,od_multi,0,0.1,random,1000000,4,1,720000,5273.14,1896.4
T5,mixed,od_multi,0,0.1,random,1000000,4,1,730000,5234.35,1910.46
T5,mixed,od_multi,0,0.1,random,1000000,4,1,740000,5349.54,1869.32
T5,mixed,od_multi,0,0.1,random,1000000,4,1,750000,5373.96,1860.82
T5,mixed,od_multi,0,0.1,random,1000000,4,1,760000,5469.54,1828.31
T5,mixed,od_multi,0,0.1,random,1000000,4,1,770000,5570.74,1795.09
T5,mixed,od_multi,0,0.1,random,1000000,4,1,780000,5207,1920.49
T5,mixed,od_multi,0,0.1,random,1000000,4,1,790000,5346.21,1870.49
T5,mixed,od_multi,0,0.1,random,1000000,4,1,800000,5430.89,1841.32
T5,mixed,od_multi,0,0.1,random,1000000,4,1,810000,5422.05,1844.32
T5,mixed,od_multi,0,0.1,random,1000000,4,1,820000,5502.55,1817.34
T5,mixed,od_multi,0,0.1,random,1000000,4,1,830000,5561.18,1798.18
T5,mixed,od_multi,0,0.1,random,1000000,4,1,840000,5483.7,1823.59
T5,mixed,od_multi,0,0.1,random,1000000,4,1,850000,5363.73,1864.37
T5,mixed,od_multi,0,0.1,random,1000000,4,1,860000,5417.56,1845.85
T5,mixed,od_multi,0,0.1,random,1000000,4,1,870000,5451.79,1834.26
T5,mixed,od_multi,0,0.1,random,1000000,4,1,880000,5441,1837.9
T5,mixed,od_multi,0,0.1,random,1000000,4,1,890000,5548.25,1802.37
T5,mixed,od_multi,0,0.1,random,1000000,4,1,900000,5546.66,1802.89
T5,mixed,od_multi,0,0.1,random,1000000,4,1,910000,5366.14,1863.54
T5,mixed,od_multi,0,0.1,random,1000000,4,1,920000,5401.99,1851.17
T5,mixed,od_multi,0,0.1,random,1000000,4,1,930000,5485.49,1822.99
T5,mixed,od_multi,0,0.1,random,1000000,4,1,940000,5522.91,1810.64
T5,mixed,od_multi,0,0.1,random,1000000,4,1,950000,5619.55,1779.5
T5,mixed,od_multi,0,0.1,random,1000000,4,1,960000,5619.36,1779.56
T5,mixed,od_multi,0,0.1,random,1000000,4,1,970000,5620.2,1779.3
T5,mixed,od_multi,0,0.1,random,1000000,4,1,980000,5455.13,1833.14
T5,mixed,od_multi,0,0.1,random,1000000,4,1,990000,5537.65,1805.82
T5,mixed,od_multi,0,0.1,random,1000000,4,1,1000000,5635.47,1774.48
T5,mixed,od_multi,0,0.1,random,1000000,4,2,10000,4191.71,2385.66
T5,mixed,od_multi,0,0.1,random,1000000,4,2,20000,4298.11,2326.6
T5,mixed,od_multi,0,0.1,random,1000000,4,2,30000,4326.8,2311.18
T5,mixed,od_multi,0,0.1,random,1000000,4,2,40000,4394.06,2275.8
T5,mixed,od_multi,0,0.1,random,1000000,4,2,50000,4504.72,2219.89
T5,mixed,od_multi,0,0.1,random,1000000,4,2,60000,4529.37,2207.81
T5,mixed,od_multi,0,0.1,random,1000000,4,2,70000,4622.53,2163.32
T5,mixed,od_multi,0,0.1,random,1000000,4,2,80000,4604.1,2171.98
T5,mixed,od_multi,0,0.1,random,1000000,4,2,90000,4674.03,2139.48
T5,mixed,od_multi,0,0.1,random,1000000,4,2,100000,4738.66,2110.3
T5,mixed,od_multi,0,0.1,random,1000000,4,2,110000,4775.23,2094.14
T5,mixed,od_multi,0,0.1,random,1000000,4,2,120000,4731.26,2113.6
T5,mixed,od_multi,0,0.1,random,1000000,4,2,130000,4601.82,2173.05
T5,mixed,od_multi,0,0.1,random,1000000,4,2,140000,4670.28,2141.2
T5,mixed,od_multi,0,0.1,random,1000000,4,2,150000,4779.2,2092.4
T5,mixed,od_multi,0,0.1,random,1000000,4,2,160000,4800.14,2083.27
T5,mixed,od_multi,0,0.1,random,1000000,4,2,170000,4838.07,2066.94
T5,mixed,od_multi,0,0.1,random,1000000,4,2,180000,4925.77,2030.14
T5,mixed,od_multi,0,0.1,random,1000000,4,2,190000,4674.21,2139.4
T5,mixed,od_multi,0,0.1,random,1000000,4,2,200000,4757.16,2102.09
T5,mixed,od_multi,0,0.1,random,1000000,4,2,210000,4781.46,2091.41
T5,mixed,od_multi,0,0.1,random,1000000,4,2,220000,4855.07,2059.7
T5,mixed,od_multi,0,0.1,random,1000000,4,2,230000,4882.63,2048.08
T5,mixed,od_multi,0,0.1,random,1000000,4,2,240000,4905.04,2038.72
T5,mixed,od_multi,0,0.1,random,1000000,4,2,250000,4852.86,2060.64
T5,mixed,od_multi,0,0.1,random,1000000,4,2,260000,4763.69,2099.21
T5,mixed,od_multi,0,0.1,random,1000000,4,2,270000,4812.39,2077.97
T5,mixed,od_multi,0,0.1,random,1000000,4,2,280000,4872.64,2052.27
T5,mixed,od_multi,0,0.1,random,1000000,4,2,290000,4968.8,2012.56
T5,mixed,od_multi,0,0.1,random,1000000,4,2,300000,4935.14,2026.29
T5,mixed,od_multi,0,0.1,random,1000000,4,2,310000,4998.7,2000.52
T5,mixed,od_multi,0,0.1,random,1000000,4,2,320000,4789.66,2087.83
T5,mixed,od_multi,0,0.1,random,1000000,4,2,330000,4857.54,2058.65
T5,mixed,od_multi,0,0.1,random,1000000,4,2,340000,4916.24,2034.07
T5,mixed,od_multi,0,0.1,random,1000000,4,2,350000,4962.02,2015.31
T5,mixed,od_multi,0,0.1,random,1000000,4,2,360000,5025.4,1989.89
T5,mixed,od_multi,0,0.1,random,1000000,4,2,370000,5107.84,1957.78
T5,mixed,od_multi,0,0.1,random,1000000,4,2,380000,5017.5,1993.02
T5,mixed,od_multi,0,0.1,random,1000000,4,2,390000,4875.31,2051.15
T5,mixed,od_multi,0,0.1,random,1000000,4,2,400000,4886.3,2046.54
T5,mixed,od_multi,0,0.1,random,1000000,4,2,410000,5000.05,1999.98
T5,mixed,od_multi,0,0.1,random,1000000,4,2,420000,5020.58,1991.8
T5,mixed,od_multi,0,0.1,random,1000000,4,2,430000,5076.41,1969.9
T5,mixed,od_multi,0,0.1,random,1000000,4,2,440000,5155.83,1939.55
T5,mixed,od_multi,0,0.1,random,1000000,4,2,450000,5024.92,1990.08
T5,mixed,od_multi,0,0.1,random,1000000,4,2,460000,4992.95,2002.82
T5,mixed,od_multi,0,0.1,random,1000000,4,2,470000,5030.47,1987.89
T5,mixed,od_multi,0,0.1,random,1000000,4,2,480000,5087.56,1965.58
T5,mixed,od_multi,0,0.1,random,1000000,4,2,490000,5163.7,1936.6
T5,mixed,od_multi,0,0.1,random,1000000,4,2,500000,5195.98,1924.56
T5,mixed,od_multi,0,0.1,random,1000000,4,2,510000,5204.12,1921.55
T5,mixed,od_multi,0,0.1,random,1000000,4,2,520000,5044.04,1982.54
T5,mixed,od_multi,0,0.1,random,1000000,4,2,530000,5061.92,1975.53
T5,mixed,od_multi,0,0.1,random,1000000,4,2,540000,5120.03,1953.11
T5,mixed,od_multi,0,0.1,random,1000000,4,2,550000,5205.88,1920.9
T5,mixed,od_multi,0,0.1,random,1000000,4,2,560000,5261.99,1900.42
T5,mixed,od_multi,0,0.1,random,1000000,4,2,570000,5287.79,1891.15
T5,mixed,od_multi,0,0.1,random,1000000,4,2,580000,5183.22,1929.3
T5,mixed,od_multi,0,0.1,random,1000000,4,2,590000,5129.15,1949.64
T5,mixed,od_multi,0,0.1,random,1000000,4,2,600000,5153.42,1940.46
T5,mixed,od_multi,0,0.1,random,1000000,4,2,610000,5255.87,1902.63
T5,mixed,od_multi,0,0.1,random,1000000,4,2,620000,5262.08,1900.39
T5,mixed,od_multi,0,0.1,random,1000000,4,2,630000,5297.79,1887.58
T5,mixed,od_multi,0,0.1,random,1000000,4,2,640000,5385.42,1856.87
T5,mixed,od_multi,0,0.1,random,1000000,4,2,650000,5068.04,1973.15
T5,mixed,od_multi,0,0.1,random,1000000,4,2,660000,5248.99,1905.13
T5,mixed,od_multi,0,0.1,random,1000000,4,2,670000,5266.93,1898.64
T5,mixed,od_multi,0,0.1,random,1000000,4,2,680000,5321.98,1879
T5,mixed,od_multi,0,0.1,random,1000000,4,2,690000,5402.26,1851.08
T5,mixed,od_multi,0,0.1,random,1000000,4,2,700000,5419.12,1845.32
T5,mixed,od_multi,0,0.1,random,1000000,4,2,710000,5304.5,1885.19
T5,mixed,od_multi,0,0.1,random,1000000,4,2,720000,5229.38,1912.27
T5,mixed,od_multi,0,0.1,random,1000000,4,2,730000,5308.13,1883.9
T5,mixed,od_multi,0,0.1,random,1000000,4,2,740000,5373.09,1861.13
T5,mixed,od_multi,0,0.1,random,1000000,4,2,750000,5449.38,1835.07
T5,mixed,od_multi,0,0.1,random,1000000,4,2,760000,5470.87,1827.86
T5,mixed,od_multi,0,0.1,random,1000000,4,2,770000,5567,1796.3
T5,mixed,od_multi,0,0.1,random,1000000,4,2,780000,5283.17,1892.8
T5,mixed,od_multi,0,0.1,random,1000000,4,2,790000,5370.84,1861.91
T5,mixed,od_multi,0,0.1,random,1000000,4,2,800000,5393.54,1854.07
T5,mixed,od_multi,0,0.1,random,1000000,4,2,810000,5472.01,1827.48
T5,mixed,od_multi,0,0.1,random,1000000,4,2,820000,5503.51,1817.02
T5,mixed,od_multi,0,0.1,random,1000000,4,2,830000,5583.78,1790.9
T5,mixed,od_multi,0,0.1,random,1000000,4,2,840000,5499.4,1818.38
T5,mixed,od_multi,0,0.1,random,1000000,4,2,850000,5374.49,1860.64
T5,mixed,od_multi,0,0.1,random,1000000,4,2,860000,5443.34,1837.11
T5,mixed,od_multi,0,0.1,random,1000000,4,2,870000,5499.91,1818.21
T5,mixed,od_multi,0,0.1,random,1000000,4,2,880000,5551.75,1801.23
T5,mixed,od_multi,0,0.1,random,1000000,4,2,890000,5577.26,1792.99
T5,mixed,od_multi,0,0.1,random,1000000,4,2,900000,5645.97,1771.18
T5,mixed,od_multi,0,0.1,random,1000000,4,2,910000,5405.21,1850.07
T5,mixed,od_multi,0,0.1,random,1000000,4,2,920000,5487.03,1822.48
T5,mixed,od_multi,0,0.1,random,1000000,4,2,930000,5507.07,1815.85
T5,mixed,od_multi,0,0.1,random,1000000,4,2,940000,5593.6,1787.76
T5,mixed,od_multi,0,0.1,random,1000000,4,2,950000,5605.36,1784.01
T5,mixed,od_multi,0,0.1,random,1000000,4,2,960000,5714.4,1749.96
T5,mixed,od_multi,0,0.1,random,1000000,4,2,970000,5613.13,1781.54
T5,mixed,od_multi,0,0.1,random,1000000,4,2,980000,5528.15,1808.92
T5,mixed,od_multi,0,0.1,random,1000000,4,2,990000,5539.01,1805.38
T5,mixed,od_multi,0,0.1,random,1000000,4,2,1000000,5616.53,1780.46
T5,mixed,od_multi,0,0.1,random,1000000,4,3,10000,4191.01,2386.06
T5,mixed,od_multi,0,0.1,random,1000000,4,3,20000,4299.92,2325.63
T5,mixed,od_multi,0,0.1,random,1000000,4,3,30000,4294.73,2328.44
T5,mixed,od_multi,0,0.1,random,1000000,4,3,40000,4416.2,2264.39
T5,mixed,od_multi,0,0.1,random,1000000,4,3,50000,4490.61,2226.87
T5,mixed,od_multi,0,0.1,random,1000000,4,3,60000,4546.69,2199.4
T5,mixed,od_multi,0,0.1,random,1000000,4,3,70000,4629.89,2159.88
T5,mixed,od_multi,0,0.1,random,1000000,4,3,80000,4654.98,2148.24
T5,mixed,od_multi,0,0.1,random,1000000,4,3,90000,4720.73,2118.32
T5,mixed,od_multi,0,0.1,random,1000000,4,3,100000,4772.26,2095.44
T5,mixed,od_multi,0,0.1,random,1000000,4,3,110000,4839.68,2066.25
T5,mixed,od_multi,0,0.1,random,1000000,4,3,120000,4734.08,2112.34
T5,mixed,od_multi,0,0.1,random,1000000,4,3,130000,4641.8,2154.34
T5,mixed,od_multi,0,0.1,random,1000000,4,3,140000,4723.35,2117.14
T5,mixed,od_multi,0,0.1,random,1000000,4,3,150000,4769.97,2096.45
T5,mixed,od_multi,0,0.1,random,1000000,4,3,160000,4804.26,2081.49
T5,mixed,od_multi,0,0.1,random,1000000,4,3,170000,4891.35,2044.43
T5,mixed,od_multi,0,0.1,random,1000000,4,3,180000,4926.04,2030.03
T5,mixed,od_multi,0,0.1,random,1000000,4,3,190000,4708.49,2123.82
T5,mixed,od_multi,0,0.1,random,1000000,4,3,200000,4708.14,2123.98
T5,mixed,od_multi,0,0.1,random,1000000,4,3,210000,4817.15,2075.92
T5,mixed,od_multi,0,0.1,random,1000000,4,3,220000,4843.72,2064.53
T5,mixed,od_multi,0,0.1,random,1000000,4,3,230000,4914.63,2034.74
T5,mixed,od_multi,0,0.1,random,1000000,4,3,240000,4973.27,2010.75
T5,mixed,od_multi,0,0.1,random,1000000,4,3,250000,4893.05,2043.71
T5,mixed,od_multi,0,0.1,random,1000000,4,3,260000,4764.17,2099
T5,mixed,od_multi,0,0.1,random,1000000,4,3,270000,4832.97,2069.12
T5,mixed,od_multi,0,0.1,random,1000000,4,3,280000,4890.96,2044.59
T5,mixed,od_multi,0,0.1,random,1000000,4,3,290000,4937.4,2025.36
T5,mixed,od_multi,0,0.1,random,1000000,4,3,300000,4992.71,2002.92
T5,mixed,od_multi,0,0.1,random,1000000,4,3,310000,5042.28,1983.23
T5,mixed,od_multi,0,0.1,random,1000000,4,3,320000,4836.58,2067.58
T5,mixed,od_multi,0,0.1,random,1000000,4,3,330000,4865.18,2055.42
T5,mixed,od_multi,0,0.1,random,1000000,4,3,340000,4933.35,2027.02
T5,mixed,od_multi,0,0.1,random,1000000,4,3,350000,4980.53,2007.82
T5,mixed,od_multi,0,0.1,random,1000000,4,3,360000,5041.8,1983.42
T5,mixed,od_multi,0,0.1,random,1000000,4,3,370000,5050.34,1980.06
T5,mixed,od_multi,0,0.1,random,1000000,4,3,380000,5012.23,1995.12
T5,mixed,od_multi,0,0.1,random,1000000,4,3,390000,4893.7,2043.44
T5,mixed,od_multi,0,0.1,random,1000000,4,3,400000,4950.97,2019.81
T5,mixed,od_multi,0,0.1,random,1000000,4,3,410000,5018.47,1992.64
T5,mixed,od_multi,0,0.1,random,1000000,4,3,420000,5061.65,1975.64
T5,mixed,od_multi,0,0.1,random,1000000,4,3,430000,5173.9,1932.78
T5,mixed,od_multi,0,0.1,random,1000000,4,3,440000,5153.98,1940.25
T5,mixed,od_multi,0,0.1,random,1000000,4,3,450000,5019.07,1992.4
T5,mixed,od_multi,0,0.1,random,1000000,4,3,460000,5002.06,1999.18
T5,mixed,od_multi,0,0.1,random,1000000,4,3,470000,5072.44,1971.44
T5,mixed,od_multi,0,0.1,random,1000000,4,3,480000,5094.81,1962.78
T5,mixed,od_multi,0,0.1,random,1000000,4,3,490000,5159.19,1938.29
T5,mixed,od_multi,0,0.1,random,1000000,4,3,500000,5218.41,1916.29
T5,mixed,od_multi,0,0.1,random,1000000,4,3,510000,5234.06,1910.56
T5,mixed,od_multi,0,0.1,random,1000000,4,3,520000,4983.54,2006.61
T5,mixed,od_multi,0,0.1,random,1000000,4,3,530000,5042.58,1983.11
T5,mixed,od_multi,0,0.1,random,1000000,4,3,540000,5132.38,1948.41
T5,mixed,od_multi,0,0.1,random,1000000,4,3,550000,5201.14,1922.66
T5,mixed,od_multi,0,0.1,random,1000000,4,3,560000,5259.16,1901.44
T5,mixed,od_multi,0,0.1,random,1000000,4,3,570000,5336.31,1873.95
T5,mixed,od_multi,0,0.1,random,1000000,4,3,580000,5147.51,1942.69
T5,mixed,od_multi,0,0.1,random,1000000,4,3,590000,5112.49,1956
T5,mixed,od_multi,0,0.1,random,1000000,4,3,600000,5200.01,1923.07
T5,mixed,od_multi,0,0.1,random,1000000,4,3,610000,5192.14,1925.99
T5,mixed,od_multi,0,0.1,random,1000000,4,3,620000,5267.46,1898.45
T5,mixed,od_multi,0,0.1,random,1000000,4,3,630000,5317.59,1880.55
T5,mixed,od_multi,0,0.1,random,1000000,4,3,640000,5362.14,1864.93
T5,mixed,od_multi,0,0.1,random,1000000,4,3,650000,5166.22,1935.65
T5,mixed,od_multi,0,0.1,random,1000000,4,3,660000,5207.41,1920.34
T5,mixed,od_multi,0,0.1,random,1000000,4,3,670000,5295.04,1888.56
T5,mixed,od_multi,0,0.1,random,1000000,4,3,680000,5289.69,1890.47
T5,mixed,od_multi,0,0.1,random,1000000,4,3,690000,5370.26,1862.11
T5,mixed,od_multi,0,0.1,random,1000000,4,3,700000,5441.13,1837.85
T5,mixed,od_multi,0,0.1,random,1000000,4,3,710000,5319.09,1880.02
T5,mixed,od_multi,0,0.1,random,1000000,4,3,720000,5248.54,1905.29
T5,mixed,od_multi,0,0.1,random,1000000,4,3,730000,5311.27,1882.79
T5,mixed,od_multi,0,0.1,random,1000000,4,3,740000,5363.58,1864.43
T5,mixed,od_multi,0,0.1,random,1000000,4,3,750000,5423.66,1843.77
T5,mixed,od_multi,0,0.1,random,1000000,4,3,760000,5487.45,1822.34
T5,mixed,od_multi,0,0.1,random,1000000,4,3,770000,5537.55,1805.85
T5,mixed,od_multi,0,0.1,random,1000000,4,3,780000,5266.91,1898.65
T5,mixed,od_multi,0,0.1,random,1000000,4,3,790000,5343.24,1871.52
T5,mixed,od_multi,0,0.1,random,1000000,4,3,800000,5403.73,1850.57
T5,mixed,od_multi,0,0.1,random,1000000,4,3,810000,5455.64,1832.97
T5,mixed,od_multi,0,0.1,random,1000000,4,3,820000,5518.33,1812.14
T5,mixed,od_multi,0,0.1,random,1000000,4,3,830000,5550.4,1801.67
T5,mixed,od_multi,0,0.1,random,1000000,4,3,840000,5442.88,1837.26
T5,mixed,od_multi,0,0.1,random,1000000,4,3,850000,5337.21,1873.64
T5,mixed,od_multi,0,0.1,random,1000000,4,3,860000,5393.38,1854.13
T5,mixed,od_multi,0,0.1,random,1000000,4,3,870000,5478.98,1825.16
T5,mixed,od_multi,0,0.1,random,1000000,4,3,880000,5547.55,1802.6
T5,mixed,od_multi,0,0.1,random,1000000,4,3,890000,5561.8,1797.98
T5,mixed,od_multi,0,0.1,random,1000000,4,3,900000,5623.53,1778.24
T5,mixed,od_multi,0,0.1,random,1000000,4,3,910000,5396.57,1853.03
T5,mixed,od_multi,0,0.1,random,1000000,4,3,920000,5479.12,1825.11
T5,mixed,od_multi,0,0.1,random,1000000,4,3,930000,5510.06,1814.86
T5,mixed,od_multi,0,0.1,random,1000000,4,3,940000,5521.85,1810.99
T5,mixed,od_multi,0,0.1,random,1000000,4,3,950000,5559.21,1798.82
T5,mixed,od_multi,0,0.1,random,1000000,4,3,960000,5689.09,1757.75
T5,mixed,od_multi,0,0.1,random,1000000,4,3,970000,5632.4,1775.44
T5,mixed,od_multi,0,0.1,random,1000000,4,3,980000,5472.93,1827.18
T5,mixed,od_multi,0,0.1,random,1000000,4,3,990000,5535.69,1806.46
T5,mixed,od_multi,0,0.1,random,1000000,4,3,1000000,5574.94,1793.74
T5,mixed,od_multi,0,0.1,random,1000000,8,1,10000,2590.37,3860.45
T5,mixed,od_multi,0,0.1,random,1000000,8,1,20000,2682.17,3728.32
T5,mixed,od_multi,0,0.1,random,1000000,8,1,30000,2697.5,3707.13
T5,mixed,od_multi,0,0.1,random,1000000,8,1,40000,2725.65,3668.84
T5,mixed,od_multi,0,0.1,random,1000000,8,1,50000,2790.18,3584
T5,mixed,od_multi,0,0.1,random,1000000,8,1,60000,2775.79,3602.58
T5,mixed,od_multi,0,0.1,random,1000000,8,1,70000,2816.08,3551.04
T5,mixed,od_multi,0,0.1,random,1000000,8,1,80000,2852.91,3505.19
T5,mixed,od_multi,0,0.1,random,1000000,8,1,90000,2862.28,3493.72
T5,mixed,od_multi,0,0.1,random,1000000,8,1,100000,2734.73,3656.67
T5,mixed,od_multi,0,0.1,random,1000000,8,1,110000,2900.68,3447.47
T5,mixed,od_multi,0,0.1,random,1000000,8,1,120000,2843.33,3517
T5,mixed,od_multi,0,0.1,random,1000000,8,1,130000,2855.95,3501.47
T5,mixed,od_multi,0,0.1,random,1000000,8,1,140000,2870.76,3483.4
T5,mixed,od_multi,0,0.1,random,1000000,8,1,150000,2883.87,3467.57
T5,mixed,od_multi,0,0.1,random,1000000,8,1,160000,2792.36,3581.2
T5,mixed,od_multi,0,0.1,random,1000000,8,1,170000,2935.75,3406.29
T5,mixed,od_multi,0,0.1,random,1000000,8,1,180000,2987.1,3347.73
T5,mixed,od_multi,0,0.1,random,1000000,8,1,190000,2717.07,3680.43
T5,mixed,od_multi,0,0.1,random,1000000,8,1,200000,2849.35,3509.58
T5,mixed,od_multi,0,0.1,random,1000000,8,1,210000,2858.46,3498.39
T5,mixed,od_multi,0,0.1,random,1000000,8,1,220000,2909.84,3436.62
T5,mixed,od_multi,0,0.1,random,1000000,8,1,230000,2967.41,3369.94
T5,mixed,od_multi,0,0.1,random,1000000,8,1,240000,2976.61,3359.52
T5,mixed,od_multi,0,0.1,random,1000000,8,1,250000,2951.94,3387.61
T5,mixed,od_multi,0,0.1,random,1000000,8,1,260000,2907.32,3439.6
T5,mixed,od_multi,0,0.1,random,1000000,8,1,270000,2932.01,3410.63
T5,mixed,od_multi,0,0.1,random,1000000,8,1,280000,2941.72,3399.38
T5,mixed,od_multi,0,0.1,random,1000000,8,1,290000,2954.87,3384.24
T5,mixed,od_multi,0,0.1,random,1000000,8,1,300000,2977.15,3358.92
T5,mixed,od_multi,0,0.1,random,1000000,8,1,310000,3013.59,3318.3
T5,mixed,od_multi,0,0.1,random,1000000,8,1,320000,2906.86,3440.14
T5,mixed,od_multi,0,0.1,random,1000000,8,1,330000,2900,3448.27
T5,mixed,od_multi,0,0.1,random,1000000,8,1,340000,2953.67,3385.62
T5,mixed,od_multi,0,0.1,random,1000000,8,1,350000,2965.42,3372.21
T5,mixed,od_multi,0,0.1,random,1000000,8,1,360000,2997.65,3335.94
T5,mixed,od_multi,0,0.1,random,1000000,8,1,370000,3015.99,3315.67
T5,mixed,od_multi,0,0.1,random,1000000,8,1,380000,3046.06,3282.93
T5,mixed,od_multi,0,0.1,random,1000000,8,1,390000,2987.6,3347.17
T5,mixed,od_multi,0,0.1,random,1000000,8,1,400000,2984.17,3351.01
T5,mixed,od_multi,0,0.1,random,1000000,8,1,410000,3007.96,3324.51
T5,mixed,od_multi,0,0.1,random,1000000,8,1,420000,2941.76,3399.33
T5,mixed,od_multi,0,0.1,random,1000000,8,1,430000,3067.3,3260.2
T5,mixed,od_multi,0,0.1,random,1000000,8,1,440000,3079.32,3247.47
T5,mixed,od_multi,0,0.1,random,1000000,8,1,450000,3029.11,3301.29
T5,mixed,od_multi,0,0.1,random,1000000,8,1,460000,3002.34,3330.74
T5,mixed,od_multi,0,0.1,random,1000000,8,1,470000,3016.95,3314.61
T5,mixed,od_multi,0,0.1,random,1000000,8,1,480000,3054.94,3273.39
T5,mixed,od_multi,0,0.1,random,1000000,8,1,490000,2898.11,3450.53
T5,mixed,od_multi,0,0.1,random,1000000,8,1,500000,2914.81,3430.76
T5,mixed,od_multi,0,0.1,random,1000000,8,1,510000,3097.7,3228.2
T5,mixed,od_multi,0,0.1,random,1000000,8,1,520000,3046.76,3282.18
T5,mixed,od_multi,0,0.1,random,1000000,8,1,530000,2869.83,3484.52
T5,mixed,od_multi,0,0.1,random,1000000,8,1,540000,3083.78,3242.77
T5,mixed,od_multi,0,0.1,random,1000000,8,1,550000,3092.67,3233.45
T5,mixed,od_multi,0,0.1,random,1000000,8,1,560000,3085.82,3240.63
T5,mixed,od_multi,0,0.1,random,1000000,8,1,570000,3102.47,3223.23
T5,mixed,od_multi,0,0.1,random,1000000,8,1,580000,3085.97,3240.48
T5,mixed,od_multi,0,0.1,random,1000000,8,1,590000,3057.94,3270.18
T5,mixed,od_multi,0,0.1,random,1000000,8,1,600000,2984.77,3350.34
T5,mixed,od_multi,0,0.1,random,1000000,8,1,610000,3090.19,3236.04
T5,mixed,od_multi,0,0.1,random,1000000,8,1,620000,3021.52,3309.59
T5,mixed,od_multi,0,0.1,random,1000000,8,1,630000,3154.43,3170.14
T5,mixed,od_multi,0,0.1,random,1000000,8,1,640000,3192.44,3132.4
T5,mixed,od_multi,0,0.1,random,1000000,8,1,650000,2927.43,3415.97
T5,mixed,od_multi,0,0.1,random,1000000,8,1,660000,3104.3,3221.34
T5,mixed,od_multi,0,0.1,random,1000000,8,1,670000,3101.12,3224.64
T5,mixed,od_multi,0,0.1,random,1000000,8,1,680000,3172.08,3152.5
T5,mixed,od_multi,0,0.1,random,1000000,8,1,690000,3083.08,3243.51
T5,mixed,od_multi,0,0.1,random,1000000,8,1,700000,3180.12,3144.53
T5,mixed,od_multi,0,0.1,random,1000000,8,1,710000,3185.55,3139.17
T5,mixed,od_multi,0,0.1,random,1000000,8,1,720000,3091.12,3235.07
T5,mixed,od_multi,0,0.1,random,1000000,8,1,730000,3068.65,3258.76
T5,mixed,od_multi,0,0.1,random,1000000,8,1,740000,3178.93,3145.71
T5,mixed,od_multi,0,0.1,random,1000000,8,1,750000,3219.3,3106.27
T5,mixed,od_multi,0,0.1,random,1000000,8,1,760000,3202.87,3122.2
T5,mixed,od_multi,0,0.1,random,1000000,8,1,770000,3269.92,3058.18
T5,mixed,od_multi,0,0.1,random,1000000,8,1,780000,3029.3,3301.1
T5,mixed,od_multi,0,0.1,random,1000000,8,1,790000,3189.7,3135.09
T5,mixed,od_multi,0,0.1,random,1000000,8,1,800000,3068.7,3258.71
T5,mixed,od_multi,0,0.1,random,1000000,8,1,810000,3239.99,3086.43
T5,mixed,od_multi,0,0.1,random,1000000,8,1,820000,3120.78,3204.33
T5,mixed,od_multi,0,0.1,random,1000000,8,1,830000,3157.34,3167.23
T5,mixed,od_multi,0,0.1,random,1000000,8,1,840000,3168.96,3155.61
T5,mixed,od_multi,0,0.1,random,1000000,8,1,850000,3205.54,3119.6
T5,mixed,od_multi,0,0.1,random,1000000,8,1,860000,3194.03,3130.85
T5,mixed,od_multi,0,0.1,random,1000000,8,1,870000,3125.85,3199.13
T5,mixed,od_multi,0,0.1,random,1000000,8,1,880000,3077.31,3249.59
T5,mixed,od_multi,0,0.1,random,1000000,8,1,890000,3289.55,3039.93
T5,mixed,od_multi,0,0.1,random,1000000,8,1,900000,3168.08,3156.48
T5,mixed,od_multi,0,0.1,random,1000000,8,1,910000,3069.3,3258.07
T5,mixed,od_multi,0,0.1,random,1000000,8,1,920000,3220.36,3105.24
T5,mixed,od_multi,0,0.1,random,1000000,8,1,930000,3109.16,3216.31
T5,mixed,od_multi,0,0.1,random,1000000,8,1,940000,3196.45,3128.47
T5,mixed,od_multi,0,0.1,random,1000000,8,1,950000,3258.34,3069.05
T5,mixed,od_multi,0,0.1,random,1000000,8,1,960000,3307.88,3023.08
T5,mixed,od_multi,0,0.1,random,1000000,8,1,970000,3313.78,3017.7
T5,mixed,od_multi,0,0.1,random,1000000,8,1,980000,3130.18,3194.7
T5,mixed,od_multi,0,0.1,random,1000000,8,1,990000,3275.67,3052.81
T5,mixed,od_multi,0,0.1,random,1000000,8,1,1000000,3138.36,3186.38
T5,mixed,od_multi,0,0.1,random,1000000,8,2,10000,2595.07,3853.47
T5,mixed,od_multi,0,0.1,random,1000000,8,2,20000,2663.14,3754.97
T5,mixed,od_multi,0,0.1,random,1000000,8,2,30000,2698.52,3705.73
T5,mixed,od_multi,0,0.1,random,1000000,8,2,40000,2697.64,3706.94
T5,mixed,od_multi,0,0.1,random,1000000,8,2,50000,2771.45,3608.23
T5,mixed,od_multi,0,0.1,random,1000000,8,2,60000,2692.85,3713.54
T5,mixed,od_multi,0,0.1,random,1000000,8,2,70000,2812.48,3555.58
T5,mixed,od_multi,0,0.1,random,1000000,8,2,80000,2824.44,3540.52
T5,mixed,od_multi,0,0.1,random,1000000,8,2,90000,2699.45,3704.45
T5,mixed,od_multi,0,0.1,random,1000000,8,2,100000,2710.82,3688.92
T5,mixed,od_multi,0,0.1,random,1000000,8,2,110000,2896.63,3452.28
T5,mixed,od_multi,0,0.1,random,1000000,8,2,120000,2800.94,3570.24
T5,mixed,od_multi,0,0.1,random,1000000,8,2,130000,2825.53,3539.15
T5,mixed,od_multi,0,0.1,random,1000000,8,2,140000,2849.34,3509.58
T5,mixed,od_multi,0,0.1,random,1000000,8,2,150000,2845.36,3514.49
T5,mixed,od_multi,0,0.1,random,1000000,8,2,160000,2904.27,3443.21
T5,mixed,od_multi,0,0.1,random,1000000,8,2,170000,2926.92,3416.56
T5,mixed,od_multi,0,0.1,random,1000000,8,2,180000,2975.69,3360.57
T5,mixed,od_multi,0,0.1,random,1000000,8,2,190000,2838.69,3522.75
T5,mixed,od_multi,0,0.1,random,1000000,8,2,200000,2867.62,3487.21
T5,mixed,od_multi,0,0.1,random,1000000,8,2,210000,2906.33,3440.77
T5,mixed,od_multi,0,0.1,random,1000000,8,2,220000,2816.73,3550.22
T5,mixed,od_multi,0,0.1,random,1000000,8,2,230000,2942.03,3399.01
T5,mixed,od_multi,0,0.1,random,1000000,8,2,240000,2980.26,3355.41
T5,mixed,od_multi,0,0.1,random,1000000,8,2,250000,2857.65,3499.38
T5,mixed,od_multi,0,0.1,random,1000000,8,2,260000,2862.97,3492.87
T5,mixed,od_multi,0,0.1,random,1000000,8,2,270000,2821.85,3543.77
T5,mixed,od_multi,0,0.1,random,1000000,8,2,280000,2949.8,3390.07
T5,mixed,od_multi,0,0.1,random,1000000,8,2,290000,2766.23,3615.03
T5,mixed,od_multi,0,0.1,random,1000000,8,2,300000,2959.47,3378.98
T5,mixed,od_multi,0,0.1,random,1000000,8,2,310000,2995.66,3338.16
T5,mixed,od_multi,0,0.1,random,1000000,8,2,320000,2881.83,3470.02
T5,mixed,od_multi,0,0.1,random,1000000,8,2,330000,2929.77,3413.24
T5,mixed,od_multi,0,0.1,random,1000000,8,2,340000,2949.62,3390.27
T5,mixed,od_multi,0,0.1,random,1000000,8,2,350000,2830.59,3532.84
T5,mixed,od_multi,0,0.1,random,1000000,8,2,360000,2984.16,3351.02
T5,mixed,od_multi,0,0.1,random,1000000,8,2,370000,3024.46,3306.37
T5,mixed,od_multi,0,0.1,random,1000000,8,2,380000,2940.18,3401.15
T5,mixed,od_multi,0,0.1,random,1000000,8,2,390000,2823.83,3541.29
T5,mixed,od_multi,0,0.1,random,1000000,8,2,400000,2858.84,3497.93
T5,mixed,od_multi,0,0.1,random,1000000,8,2,410000,2842.39,3518.17
T5,mixed,od_multi,0,0.1,random,1000000,8,2,420000,3021.82,3309.26
T5,mixed,od_multi,0,0.1,random,1000000,8,2,430000,2893.61,3455.9
T5,mixed,od_multi,0,0.1,random,1000000,8,2,440000,3072.05,3255.15
T5,mixed,od_multi,0,0.1,random,1000000,8,2,450000,3051.66,3276.91
T5,mixed,od_multi,0,0.1,random,1000000,8,2,460000,2841.51,3519.26
T5,mixed,od_multi,0,0.1,random,1000000,8,2,470000,2871.63,3482.34
T5,mixed,od_multi,0,0.1,random,1000000,8,2,480000,3030.68,3299.59
T5,mixed,od_multi,0,0.1,random,1000000,8,2,490000,3065.92,3261.66
T5,mixed,od_multi,0,0.1,random,1000000,8,2,500000,2940.45,3400.84
T5,mixed,od_multi,0,0.1,random,1000000,8,2,510000,3026.95,3303.66
T5,mixed,od_multi,0,0.1,random,1000000,8,2,520000,3015.75,3315.92
T5,mixed,od_multi,0,0.1,random,1000000,8,2,530000,3051.37,3277.21
T5,mixed,od_multi,0,0.1,random,1000000,8,2,540000,2960.76,3377.52
T5,mixed,od_multi,0,0.1,random,1000000,8,2,550000,2918.76,3426.11
T5,mixed,od_multi,0,0.1,random,1000000,8,2,560000,3076.98,3249.94
T5,mixed,od_multi,0,0.1,random,1000000,8,2,570000,2993.16,3340.95
T5,mixed,od_multi,0,0.1,random,1000000,8,2,580000,2942.72,3398.21
T5,mixed,od_multi,0,0.1,random,1000000,8,2,590000,2987.17,3347.65
T5,mixed,od_multi,0,0.1,random,1000000,8,2,600000,3091.07,3235.12
T5,mixed,od_multi,0,0.1,random,1000000,8,2,610000,2975.13,3361.2
T5,mixed,od_multi,0,0.1,random,1000000,8,2,620000,3165.27,3159.29
T5,mixed,od_multi,0,0.1,random,1000000,8,2,630000,3075.91,3251.07
T5,mixed,od_multi,0,0.1,random,1000000,8,2,640000,3199.2,3125.78
T5,mixed,od_multi,0,0.1,random,1000000,8,2,650000,3040.02,3289.45
T5,mixed,od_multi,0,0.1,random,1000000,8,2,660000,3043.85,3285.31
T5,mixed,od_multi,0,0.1,random,1000000,8,2,670000,3060.84,3267.08
T5,mixed,od_multi,0,0.1,random,1000000,8,2,680000,3138.23,3186.51
T5,mixed,od_multi,0,0.1,random,1000000,8,2,690000,3157.49,3167.07
T5,mixed,od_multi,0,0.1,random,1000000,8,2,700000,3044.8,3284.29
T5,mixed,od_multi,0,0.1,random,1000000,8,2,710000,3179.6,3145.05
T5,mixed,od_multi,0,0.1,random,1000000,8,2,720000,3028.35,3302.13
T5,mixed,od_multi,0,0.1,random,1000000,8,2,730000,3052.87,3275.6
T5,mixed,od_multi,0,0.1,random,1000000,8,2,740000,3094.63,3231.4
T5,mixed,od_multi,0,0.1,random,1000000,8,2,750000,3100.44,3225.35
T5,mixed,od_multi,0,0.1,random,1000000,8,2,760000,3241.5,3084.99
T5,mixed,od_multi,0,0.1,random,1000000,8,2,770000,3220.67,3104.94
T5,mixed,od_multi,0,0.1,random,1000000,8,2,780000,3138.21,3186.53
T5,mixed,od_multi,0,0.1,random,1000000,8,2,790000,3188.64,3136.13
T5,mixed,od_multi,0,0.1,random,1000000,8,2,800000,3050.97,3277.64
T5,mixed,od_multi,0,0.1,random,1000000,8,2,810000,3199.62,3125.37
T5,mixed,od_multi,0,0.1,random,1000000,8,2,820000,3128.35,3196.57
T5,mixed,od_multi,0,0.1,random,1000000,8,2,830000,3262.15,3065.46
T5,mixed,od_multi,0,0.1,random,1000000,8,2,840000,3101.83,3223.9
T5,mixed,od_multi,0,0.1,random,1000000,8,2,850000,3152.06,3172.53
T5,mixed,od_multi,0,0.1,random,1000000,8,2,860000,3062.7,3265.1
T5,mixed,od_multi,0,0.1,random,1000000,8,2,870000,3247.42,3079.37
T5,mixed,od_multi,0,0.1,random,1000000,8,2,880000,3227.41,3098.46
T5,mixed,od_multi,0,0.1,random,1000000,8,2,890000,3182.07,3142.61
T5,mixed,od_multi,0,0.1,random,1000000,8,2,900000,3301.17,3029.23
T5,mixed,od_multi,0,0.1,random,1000000,8,2,910000,3081.05,3245.65
T5,mixed,od_multi,0,0.1,random,1000000,8,2,920000,3196.8,3128.12
T5,mixed,od_multi,0,0.1,random,1000000,8,2,930000,3270.25,3057.87
T5,mixed,od_multi,0,0.1,random,1000000,8,2,940000,3157.66,3166.9
T5,mixed,od_multi,0,0.1,random,1000000,8,2,950000,3292.68,3037.04
T5,mixed,od_multi,0,0.1,random,1000000,8,2,960000,3293.27,3036.5
T5,mixed,od_multi,0,0.1,random,1000000,8,2,970000,3328.1,3004.72
T5,mixed,od_multi,0,0.1,random,1000000,8,2,980000,3096.42,3229.54
T5,mixed,od_multi,0,0.1,random,1000000,8,2,990000,3263.85,3063.86
T5,mixed,od_multi,0,0.1,random,1000000,8,2,1000000,3172.26,3152.33
T5,mixed,od_multi,0,0.1,random,1000000,8,3,10000,2670.32,3744.86
T5,mixed,od_multi,0,0.1,random,1000000,8,3,20000,2666.06,3750.85
T5,mixed,od_multi,0,0.1,random,1000000,8,3,30000,2664.21,3753.46
T5,mixed,od_multi,0,0.1,random,1000000,8,3,40000,2700.91,3702.46
T5,mixed,od_multi,0,0.1,random,1000000,8,3,50000,2808.52,3560.6
T5,mixed,od_multi,0,0.1,random,1000000,8,3,60000,2744.08,3644.21
T5,mixed,od_multi,0,0.1,random,1000000,8,3,70000,2796.82,3575.49
T5,mixed,od_multi,0,0.1,random,1000000,8,3,80000,2813.65,3554.11
T5,mixed,od_multi,0,0.1,random,1000000,8,3,90000,2836.97,3524.88
T5,mixed,od_multi,0,0.1,random,1000000,8,3,100000,2881.84,3470.01
T5,mixed,od_multi,0,0.1,random,1000000,8,3,110000,2898.67,3449.86
T5,mixed,od_multi,0,0.1,random,1000000,8,3,120000,2888.83,3461.61
T5,mixed,od_multi,0,0.1,random,1000000,8,3,130000,2829.34,3534.39
T5,mixed,od_multi,0,0.1,random,1000000,8,3,140000,2763.49,3618.61
T5,mixed,od_multi,0,0.1,random,1000000,8,3,150000,2883.97,3467.44
T5,mixed,od_multi,0,0.1,random,1000000,8,3,160000,2815.56,3551.69
T5,mixed,od_multi,0,0.1,random,1000000,8,3,170000,2903.57,3444.04
T5,mixed,od_multi,0,0.1,random,1000000,8,3,180000,2930.14,3412.8
T5,mixed,od_multi,0,0.1,random,1000000,8,3,190000,2844.46,3515.61
T5,mixed,od_multi,0,0.1,random,1000000,8,3,200000,2842.93,3517.5
T5,mixed,od_multi,0,0.1,random,1000000,8,3,210000,2755.32,3629.35
T5,mixed,od_multi,0,0.1,random,1000000,8,3,220000,2903.58,3444.03
T5,mixed,od_multi,0,0.1,random,1000000,8,3,230000,2908.73,3437.93
T5,mixed,od_multi,0,0.1,random,1000000,8,3,240000,2973.27,3363.3
T5,mixed,od_multi,0,0.1,random,1000000,8,3,250000,2937.16,3404.64
T5,mixed,od_multi,0,0.1,random,1000000,8,3,260000,2901.31,3446.72
T5,mixed,od_multi,0,0.1,random,1000000,8,3,270000,2885.68,3465.39
T5,mixed,od_multi,0,0.1,random,1000000,8,3,280000,2854.33,3503.44
T5,mixed,od_multi,0,0.1,random,1000000,8,3,290000,2923.58,3420.47
T5,mixed,od_multi,0,0.1,random,1000000,8,3,300000,2837.26,3524.53
T5,mixed,od_multi,0,0.1,random,1000000,8,3,310000,3017.04,3314.51
T5,mixed,od_multi,0,0.1,random,1000000,8,3,320000,2908.55,3438.14
T5,mixed,od_multi,0,0.1,random,1000000,8,3,330000,2913.86,3431.88
T5,mixed,od_multi,0,0.1,random,1000000,8,3,340000,2967.74,3369.57
T5,mixed,od_multi,0,0.1,random,1000000,8,3,350000,2961.5,3376.66
T5,mixed,od_multi,0,0.1,random,1000000,8,3,360000,2998.24,3335.3
T5,mixed,od_multi,0,0.1,random,1000000,8,3,370000,2999.05,3334.39
T5,mixed,od_multi,0,0.1,random,1000000,8,3,380000,3004.72,3328.1
T5,mixed,od_multi,0,0.1,random,1000000,8,3,390000,2911.57,3434.57
T5,mixed,od_multi,0,0.1,random,1000000,8,3,400000,2896.76,3452.13
T5,mixed,od_multi,0,0.1,random,1000000,8,3,410000,3011.54,3320.56
T5,mixed,od_multi,0,0.1,random,1000000,8,3,420000,3019.48,3311.83
T5,mixed,od_multi,0,0.1,random,1000000,8,3,430000,3033.02,3297.04
T5,mixed,od_multi,0,0.1,random,1000000,8,3,440000,3062.26,3265.57
T5,mixed,od_multi,0,0.1,random,1000000,8,3,450000,3009.89,3322.38
T5,mixed,od_multi,0,0.1,random,1000000,8,3,460000,2993.77,3340.27
T5,mixed,od_multi,0,0.1,random,1000000,8,3,470000,2880.29,3471.87
T5,mixed,od_multi,0,0.1,random,1000000,8,3,480000,3032.88,3297.19
T5,mixed,od_multi,0,0.1,random,1000000,8,3,490000,3077.24,3249.67
T5,mixed,od_multi,0,0.1,random,1000000,8,3,500000,3117.43,3207.77
T5,mixed,od_multi,0,0.1,random,1000000,8,3,510000,2984.1,3351.1
T5,mixed,od_multi,0,0.1,random,1000000,8,3,520000,2984.09,3351.11
T5,mixed,od_multi,0,0.1,random,1000000,8,3,530000,3057.38,3270.77
T5,mixed,od_multi,0,0.1,random,1000000,8,3,540000,3059.63,3268.37
T5,mixed,od_multi,0,0.1,random,1000000,8,3,550000,3095.68,3230.31
T5,mixed,od_multi,0,0.1,random,1000000,8,3,560000,3114.45,3210.84
T5,mixed,od_multi,0,0.1,random,1000000,8,3,570000,3129.19,3195.71
T5,mixed,od_multi,0,0.1,random,1000000,8,3,580000,3095.17,3230.85
T5,mixed,od_multi,0,0.1,random,1000000,8,3,590000,3052.58,3275.91
T5,mixed,od_multi,0,0.1,random,1000000,8,3,600000,3053.65,3274.77
T5,mixed,od_multi,0,0.1,random,1000000,8,3,610000,3091.83,3234.33
T5,mixed,od_multi,0,0.1,random,1000000,8,3,620000,3134.21,3190.59
T5,mixed,od_multi,0,0.1,random,1000000,8,3,630000,3060.62,3267.32
T5,mixed,od_multi,0,0.1,random,1000000,8,3,640000,3191.09,3133.73
T5,mixed,od_multi,0,0.1,random,1000000,8,3,650000,3068.47,3258.96
T5,mixed,od_multi,0,0.1,random,1000000,8,3,660000,3106.39,3219.18
T5,mixed,od_multi,0,0.1,random,1000000,8,3,670000,3053.89,3274.51
T5,mixed,od_multi,0,0.1,random,1000000,8,3,680000,3165.38,3159.18
T5,mixed,od_multi,0,0.1,random,1000000,8,3,690000,3178.16,3146.47
T5,mixed,od_multi,0,0.1,random,1000000,8,3,700000,3152.16,3172.43
T5,mixed,od_multi,0,0.1,random,1000000,8,3,710000,3107.07,3218.47
T5,mixed,od_multi,0,0.1,random,1000000,8,3,720000,3146.23,3178.41
T5,mixed,od_multi,0,0.1,random,1000000,8,3,730000,3143.27,3181.4
T5,mixed,od_multi,0,0.1,random,1000000,8,3,740000,3155.29,3169.28
T5,mixed,od_multi,0,0.1,random,1000000,8,3,750000,3211.18,3114.12
T5,mixed,od_multi,0,0.1,random,1000000,8,3,760000,3223.32,3102.39
T5,mixed,od_multi,0,0.1,random,1000000,8,3,770000,3249.68,3077.22
T5,mixed,od_multi,0,0.1,random,1000000,8,3,780000,3159.96,3164.6
T5,mixed,od_multi,0,0.1,random,1000000,8,3,790000,3124.95,3200.05
T5,mixed,od_multi,0,0.1,random,1000000,8,3,800000,3189.18,3135.6
T5,mixed,od_multi,0,0.1,random,1000000,8,3,810000,3193.11,3131.75
T5,mixed,od_multi,0,0.1,random,1000000,8,3,820000,3183.35,3141.35
T5,mixed,od_multi,0,0.1,random,1000000,8,3,830000,3141.26,3183.43
T5,mixed,od_multi,0,0.1,random,1000000,8,3,840000,3247.77,3079.04
T5,mixed,od_multi,0,0.1,random,1000000,8,3,850000,3210.28,3114.99
T5,mixed,od_multi,0,0.1,random,1000000,8,3,860000,3225.02,3100.76
T5,mixed,od_multi,0,0.1,random,1000000,8,3,870000,3229.01,3096.93
T5,mixed,od_multi,0,0.1,random,1000000,8,3,880000,3262.23,3065.39
T5,mixed,od_multi,0,0.1,random,1000000,8,3,890000,3287.42,3041.9
T5,mixed,od_multi,0,0.1,random,1000000,8,3,900000,3277,3051.57
T5,mixed,od_multi,0,0.1,random,1000000,8,3,910000,3108.77,3216.71
T5,mixed,od_multi,0,0.1,random,1000000,8,3,920000,3187.43,3137.33
T5,mixed,od_multi,0,0.1,random,1000000,8,3,930000,3221.51,3104.14
T5,mixed,od_multi,0,0.1,random,1000000,8,3,940000,3208.15,3117.06
T5,mixed,od_multi,0,0.1,random,1000000,8,3,950000,3298.42,3031.76
T5,mixed,od_multi,0,0.1,random,1000000,8,3,960000,3315.3,3016.32
T5,mixed,od_multi,0,0.1,random,1000000,8,3,970000,3276.99,3051.58
T5,mixed,od_multi,0,0.1,random,1000000,8,3,980000,3117.69,3207.51
T5,mixed,od_multi,0,0.1,random,1000000,8,3,990000,3260.33,3067.18
T5,mixed,od_multi,0,0.1,random,1000000,8,3,1000000,3288.96,3040.47
T5,mixed,od_multi,0,0.1,random,1000000,16,1,10000,1850.96,5402.6
T5,mixed,od_multi,0,0.1,random,1000000,16,1,20000,1692.01,5910.13
T5,mixed,od_multi,0,0.1,random,1000000,16,1,30000,1745.33,5729.59
T5,mixed,od_multi,0,0.1,random,1000000,16,1,40000,1799.89,5555.9
T5,mixed,od_multi,0,0.1,random,1000000,16,1,50000,1774.07,5636.77
T5,mixed,od_multi,0,0.1,random,1000000,16,1,60000,1893.17,5282.14
T5,mixed,od_multi,0,0.1,random,1000000,16,1,70000,1787.33,5594.93
T5,mixed,od_multi,0,0.1,random,1000000,16,1,80000,1861.82,5371.1
T5,mixed,od_multi,0,0.1,random,1000000,16,1,90000,1873.63,5337.23
T5,mixed,od_multi,0,0.1,random,1000000,16,1,100000,1864.4,5363.65
T5,mixed,od_multi,0,0.1,random,1000000,16,1,110000,1895.76,5274.93
T5,mixed,od_multi,0,0.1,random,1000000,16,1,120000,1876.4,5329.36
T5,mixed,od_multi,0,0.1,random,1000000,16,1,130000,1872.99,5339.05
T5,mixed,od_multi,0,0.1,random,1000000,16,1,140000,1869.31,5349.56
T5,mixed,od_multi,0,0.1,random,1000000,16,1,150000,1872.93,5339.22
T5,mixed,od_multi,0,0.1,random,1000000,16,1,160000,1870.42,5346.38
T5,mixed,od_multi,0,0.1,random,1000000,16,1,170000,1931.69,5176.8
T5,mixed,od_multi,0,0.1,random,1000000,16,1,180000,1929.35,5183.1
T5,mixed,od_multi,0,0.1,random,1000000,16,1,190000,1934.05,5170.49
T5,mixed,od_multi,0,0.1,random,1000000,16,1,200000,1845.15,5419.6
T5,mixed,od_multi,0,0.1,random,1000000,16,1,210000,1900.9,5260.66
T5,mixed,od_multi,0,0.1,random,1000000,16,1,220000,1945.93,5138.94
T5,mixed,od_multi,0,0.1,random,1000000,16,1,230000,1887.86,5297.01
T5,mixed,od_multi,0,0.1,random,1000000,16,1,240000,1945.94,5138.91
T5,mixed,od_multi,0,0.1,random,1000000,16,1,250000,1977.32,5057.36
T5,mixed,od_multi,0,0.1,random,1000000,16,1,260000,1878.94,5322.14
T5,mixed,od_multi,0,0.1,random,1000000,16,1,270000,1889.91,5291.26
T5,mixed,od_multi,0,0.1,random,1000000,16,1,280000,1886.65,5300.4
T5,mixed,od_multi,0,0.1,random,1000000,16,1,290000,1892.77,5283.27
T5,mixed,od_multi,0,0.1,random,1000000,16,1,300000,1975.79,5061.26
T5,mixed,od_multi,0,0.1,random,1000000,16,1,310000,1979.2,5052.55
T5,mixed,od_multi,0,0.1,random,1000000,16,1,320000,1929.37,5183.05
T5,mixed,od_multi,0,0.1,random,1000000,16,1,330000,1900.83,5260.87
T5,mixed,od_multi,0,0.1,random,1000000,16,1,340000,1927.09,5189.17
T5,mixed,od_multi,0,0.1,random,1000000,16,1,350000,1941.78,5149.92
T5,mixed,od_multi,0,0.1,random,1000000,16,1,360000,2060.36,4853.52
T5,mixed,od_multi,0,0.1,random,1000000,16,1,370000,2032.61,4919.79
T5,mixed,od_multi,0,0.1,random,1000000,16,1,380000,2068.29,4834.91
T5,mixed,od_multi,0,0.1,random,1000000,16,1,390000,1928.73,5184.75
T5,mixed,od_multi,0,0.1,random,1000000,16,1,400000,1972.81,5068.92
T5,mixed,od_multi,0,0.1,random,1000000,16,1,410000,1908.05,5240.95
T5,mixed,od_multi,0,0.1,random,1000000,16,1,420000,1932.57,5174.47
T5,mixed,od_multi,0,0.1,random,1000000,16,1,430000,1913.85,5225.06
T5,mixed,od_multi,0,0.1,random,1000000,16,1,440000,1983.44,5041.75
T5,mixed,od_multi,0,0.1,random,1000000,16,1,450000,1987.9,5030.43
T5,mixed,od_multi,0,0.1,random,1000000,16,1,460000,1944.81,5141.88
T5,mixed,od_multi,0,0.1,random,1000000,16,1,470000,1958.41,5106.19
T5,mixed,od_multi,0,0.1,random,1000000,16,1,480000,1969.91,5076.36
T5,mixed,od_multi,0,0.1,random,1000000,16,1,490000,1975.48,5062.05
T5,mixed,od_multi,0,0.1,random,1000000,16,1,500000,2049.51,4879.22
T5,mixed,od_multi,0,0.1,random,1000000,16,1,510000,2085.79,4794.35
T5,mixed,od_multi,0,0.1,random,1000000,16,1,520000,2018.97,4953.02
T5,mixed,od_multi,0,0.1,random,1000000,16,1,530000,1938.78,5157.89
T5,mixed,od_multi,0,0.1,random,1000000,16,1,540000,1995.7,5010.76
T5,mixed,od_multi,0,0.1,random,1000000,16,1,550000,1965.43,5087.96
T5,mixed,od_multi,0,0.1,random,1000000,16,1,560000,2017.86,4955.74
T5,mixed,od_multi,0,0.1,random,1000000,16,1,570000,1996.01,5010.01
T5,mixed,od_multi,0,0.1,random,1000000,16,1,580000,2055.73,4864.45
T5,mixed,od_multi,0,0.1,random,1000000,16,1,590000,2013.05,4967.59
T5,mixed,od_multi,0,0.1,random,1000000,16,1,600000,2024.59,4939.27
T5,mixed,od_multi,0,0.1,random,1000000,16,1,610000,2008.38,4979.15
T5,mixed,od_multi,0,0.1,random,1000000,16,1,620000,2003.85,4990.4
T5,mixed,od_multi,0,0.1,random,1000000,16,1,630000,2010.98,4972.71
T5,mixed,od_multi,0,0.1,random,1000000,16,1,640000,2195.25,4555.28
T5,mixed,od_multi,0,0.1,random,1000000,16,1,650000,1971.12,5073.25
T5,mixed,od_multi,0,0.1,random,1000000,16,1,660000,2064.85,4842.98
T5,mixed,od_multi,0,0.1,random,1000000,16,1,670000,2028.64,4929.4
T5,mixed,od_multi,0,0.1,random,1000000,16,1,680000,2053.71,4869.24
T5,mixed,od_multi,0,0.1,random,1000000,16,1,690000,2084.74,4796.75
T5,mixed,od_multi,0,0.1,random,1000000,16,1,700000,2111.03,4737.03
T5,mixed,od_multi,0,0.1,random,1000000,16,1,710000,2019.39,4951.99
T5,mixed,od_multi,0,0.1,random,1000000,16,1,720000,2017.31,4957.11
T5,mixed,od_multi,0,0.1,random,1000000,16,1,730000,2019.48,4951.77
T5,mixed,od_multi,0,0.1,random,1000000,16,1,740000,2056.88,4861.73
T5,mixed,od_multi,0,0.1,random,1000000,16,1,750000,2106.28,4747.71
T5,mixed,od_multi,0,0.1,random,1000000,16,1,760000,2108.72,4742.21
T5,mixed,od_multi,0,0.1,random,1000000,16,1,770000,2237.34,4469.59
T5,mixed,od_multi,0,0.1,random,1000000,16,1,780000,2014.58,4963.81
T5,mixed,od_multi,0,0.1,random,1000000,16,1,790000,2044.09,4892.14
T5,mixed,od_multi,0,0.1,random,1000000,16,1,800000,2014.44,4964.15
T5,mixed,od_multi,0,0.1,random,1000000,16,1,810000,2047.8,4883.29
T5,mixed,od_multi,0,0.1,random,1000000,16,1,820000,2077.98,4812.36
T5,mixed,od_multi,0,0.1,random,1000000,16,1,830000,2110.17,4738.95
T5,mixed,od_multi,0,0.1,random,1000000,16,1,840000,2131.26,4692.06
T5,mixed,od_multi,0,0.1,random,1000000,16,1,850000,1989.06,5027.5
T5,mixed,od_multi,0,0.1,random,1000000,16,1,860000,2031.36,4922.81
T5,mixed,od_multi,0,0.1,random,1000000,16,1,870000,2118.82,4719.6
T5,mixed,od_multi,0,0.1,random,1000000,16,1,880000,2136.52,4680.51
T5,mixed,od_multi,0,0.1,random,1000000,16,1,890000,2054.9,4866.41
T5,mixed,od_multi,0,0.1,random,1000000,16,1,900000,2103.13,4754.83
T5,mixed,od_multi,0,0.1,random,1000000,16,1,910000,2042.44,4896.1
T5,mixed,od_multi,0,0.1,random,1000000,16,1,920000,2158.69,4632.44
T5,mixed,od_multi,0,0.1,random,1000000,16,1,930000,2038.62,4905.29
T5,mixed,od_multi,0,0.1,random,1000000,16,1,940000,2084.09,4798.26
T5,mixed,od_multi,0,0.1,random,1000000,16,1,950000,2061.92,4849.85
T5,mixed,od_multi,0,0.1,random,1000000,16,1,960000,2112.32,4734.14
T5,mixed,od_multi,0,0.1,random,1000000,16,1,970000,2142.07,4668.38
T5,mixed,od_multi,0,0.1,random,1000000,16,1,980000,2112.03,4734.79
T5,mixed,od_multi,0,0.1,random,1000000,16,1,990000,2064.28,4844.31
T5,mixed,od_multi,0,0.1,random,1000000,16,1,1000000,2080.36,4806.87
T5,mixed,od_multi,0,0.1,random,1000000,16,2,10000,1721.58,5808.6
T5,mixed,od_multi,0,0.1,random,1000000,16,2,20000,1710.14,5847.47
T5,mixed,od_multi,0,0.1,random,1000000,16,2,30000,1716.69,5825.15
T5,mixed,od_multi,0,0.1,random,1000000,16,2,40000,1776.08,5630.36
T5,mixed,od_multi,0,0.1,random,1000000,16,2,50000,1862.35,5369.55
T5,mixed,od_multi,0,0.1,random,1000000,16,2,60000,1790.7,5584.42
T5,mixed,od_multi,0,0.1,random,1000000,16,2,70000,1821.2,5490.88
T5,mixed,od_multi,0,0.1,random,1000000,16,2,80000,1866.28,5358.25
T5,mixed,od_multi,0,0.1,random,1000000,16,2,90000,1846.58,5415.42
T5,mixed,od_multi,0,0.1,random,1000000,16,2,100000,1870.82,5345.25
T5,mixed,od_multi,0,0.1,random,1000000,16,2,110000,1886.57,5300.63
T5,mixed,od_multi,0,0.1,random,1000000,16,2,120000,1915.1,5221.67
T5,mixed,od_multi,0,0.1,random,1000000,16,2,130000,1812.69,5516.66
T5,mixed,od_multi,0,0.1,random,1000000,16,2,140000,1837.52,5442.12
T5,mixed,od_multi,0,0.1,random,1000000,16,2,150000,1902.4,5256.52
T5,mixed,od_multi,0,0.1,random,1000000,16,2,160000,1946.72,5136.85
T5,mixed,od_multi,0,0.1,random,1000000,16,2,170000,1976.39,5059.73
T5,mixed,od_multi,0,0.1,random,1000000,16,2,180000,1962.3,5096.07
T5,mixed,od_multi,0,0.1,random,1000000,16,2,190000,1877.29,5326.82
T5,mixed,od_multi,0,0.1,random,1000000,16,2,200000,1896.38,5273.2
T5,mixed,od_multi,0,0.1,random,1000000,16,2,210000,1884.21,5307.26
T5,mixed,od_multi,0,0.1,random,1000000,16,2,220000,1953.69,5118.51
T5,mixed,od_multi,0,0.1,random,1000000,16,2,230000,1945.24,5140.75
T5,mixed,od_multi,0,0.1,random,1000000,16,2,240000,1961.58,5097.94
T5,mixed,od_multi,0,0.1,random,1000000,16,2,250000,1958.62,5105.64
T5,mixed,od_multi,0,0.1,random,1000000,16,2,260000,1880.28,5318.36
T5,mixed,od_multi,0,0.1,random,1000000,16,2,270000,1878.24,5324.12
T5,mixed,od_multi,0,0.1,random,1000000,16,2,280000,1834.97,5449.68
T5,mixed,od_multi,0,0.1,random,1000000,16,2,290000,1903.71,5252.89
T5,mixed,od_multi,0,0.1,random,1000000,16,2,300000,1989.87,5025.44
T5,mixed,od_multi,0,0.1,random,1000000,16,2,310000,1925.48,5193.51
T5,mixed,od_multi,0,0.1,random,1000000,16,2,320000,1935.66,5166.2
T5,mixed,od_multi,0,0.1,random,1000000,16,2,330000,1934.09,5170.4
T5,mixed,od_multi,0,0.1,random,1000000,16,2,340000,1959.67,5102.91
T5,mixed,od_multi,0,0.1,random,1000000,16,2,350000,1954.59,5116.15
T5,mixed,od_multi,0,0.1,random,1000000,16,2,360000,1953.82,5118.17
T5,mixed,od_multi,0,0.1,random,1000000,16,2,370000,1966.68,5084.71
T5,mixed,od_multi,0,0.1,random,1000000,16,2,380000,2049.57,4879.06
T5,mixed,od_multi,0,0.1,random,1000000,16,2,390000,1991.92,5020.28
T5,mixed,od_multi,0,0.1,random,1000000,16,2,400000,2009.63,4976.04
T5,mixed,od_multi,0,0.1,random,1000000,16,2,410000,1915.99,5219.23
T5,mixed,od_multi,0,0.1,random,1000000,16,2,420000,1923.44,5199.01
T5,mixed,od_multi,0,0.1,random,1000000,16,2,430000,1960.16,5101.63
T5,mixed,od_multi,0,0.1,random,1000000,16,2,440000,1981.16,5047.54
T5,mixed,od_multi,0,0.1,random,1000000,16,2,450000,2088.15,4788.94
T5,mixed,od_multi,0,0.1,random,1000000,16,2,460000,1885.27,5304.27
T5,mixed,od_multi,0,0.1,random,1000000,16,2,470000,2003.03,4992.44
T5,mixed,od_multi,0,0.1,random,1000000,16,2,480000,1991.13,5022.26
T5,mixed,od_multi,0,0.1,random,1000000,16,2,490000,1989.96,5025.23
T5,mixed,od_multi,0,0.1,random,1000000,16,2,500000,1959.12,5104.34
T5,mixed,od_multi,0,0.1,random,1000000,16,2,510000,2008.13,4979.75
T5,mixed,od_multi,0,0.1,random,1000000,16,2,520000,1906.53,5245.14
T5,mixed,od_multi,0,0.1,random,1000000,16,2,530000,1944.78,5141.96
T5,mixed,od_multi,0,0.1,random,1000000,16,2,540000,1991.08,5022.4
T5,mixed,od_multi,0,0.1,random,1000000,16,2,550000,1944.07,5143.84
T5,mixed,od_multi,0,0.1,random,1000000,16,2,560000,2034.28,4915.74
T5,mixed,od_multi,0,0.1,random,1000000,16,2,570000,2030.47,4924.98
T5,mixed,od_multi,0,0.1,random,1000000,16,2,580000,2041.42,4898.55
T5,mixed,od_multi,0,0.1,random,1000000,16,2,590000,2013.06,4967.56
T5,mixed,od_multi,0,0.1,random,1000000,16,2,600000,1959.81,5102.55
T5,mixed,od_multi,0,0.1,random,1000000,16,2,610000,2006.37,4984.12
T5,mixed,od_multi,0,0.1,random,1000000,16,2,620000,2042.94,4894.91
T5,mixed,od_multi,0,0.1,random,1000000,16,2,630000,2055.23,4865.63
T5,mixed,od_multi,0,0.1,random,1000000,16,2,640000,2087.73,4789.9
T5,mixed,od_multi,0,0.1,random,1000000,16,2,650000,1992.54,5018.71
T5,mixed,od_multi,0,0.1,random,1000000,16,2,660000,2005.83,4985.47
T5,mixed,od_multi,0,0.1,random,1000000,16,2,670000,2008.26,4979.42
T5,mixed,od_multi,0,0.1,random,1000000,16,2,680000,1998.44,5003.9
T5,mixed,od_multi,0,0.1,random,1000000,16,2,690000,2096.5,4769.86
T5,mixed,od_multi,0,0.1,random,1000000,16,2,700000,2083.45,4799.72
T5,mixed,od_multi,0,0.1,random,1000000,16,2,710000,2051.72,4873.96
T5,mixed,od_multi,0,0.1,random,1000000,16,2,720000,2065.56,4841.29
T5,mixed,od_multi,0,0.1,random,1000000,16,2,730000,2003.95,4990.14
T5,mixed,od_multi,0,0.1,random,1000000,16,2,740000,2123.64,4708.89
T5,mixed,od_multi,0,0.1,random,1000000,16,2,750000,2071.99,4826.28
T5,mixed,od_multi,0,0.1,random,1000000,16,2,760000,2085.58,4794.82
T5,mixed,od_multi,0,0.1,random,1000000,16,2,770000,2149.61,4652
T5,mixed,od_multi,0,0.1,random,1000000,16,2,780000,2030.67,4924.48
T5,mixed,od_multi,0,0.1,random,1000000,16,2,790000,2061.95,4849.77
T5,mixed,od_multi,0,0.1,random,1000000,16,2,800000,2042.42,4896.15
T5,mixed,od_multi,0,0.1,random,1000000,16,2,810000,2077.17,4814.24
T5,mixed,od_multi,0,0.1,random,1000000,16,2,820000,2083.85,4798.8
T5,mixed,od_multi,0,0.1,random,1000000,16,2,830000,2123.03,4710.24
T5,mixed,od_multi,0,0.1,random,1000000,16,2,840000,2146.78,4658.14
T5,mixed,od_multi,0,0.1,random,1000000,16,2,850000,2063.08,4847.13
T5,mixed,od_multi,0,0.1,random,1000000,16,2,860000,2110.44,4738.36
T5,mixed,od_multi,0,0.1,random,1000000,16,2,870000,2034.91,4914.22
T5,mixed,od_multi,0,0.1,random,1000000,16,2,880000,2091.04,4782.32
T5,mixed,od_multi,0,0.1,random,1000000,16,2,890000,2057.06,4861.31
T5,mixed,od_multi,0,0.1,random,1000000,16,2,900000,2194.47,4556.91
T5,mixed,od_multi,0,0.1,random,1000000,16,2,910000,2154.32,4641.83
T5,mixed,od_multi,0,0.1,random,1000000,16,2,920000,2127.07,4701.3
T5,mixed,od_multi,0,0.1,random,1000000,16,2,930000,2060.84,4852.39
T5,mixed,od_multi,0,0.1,random,1000000,16,2,940000,2040.7,4900.27
T5,mixed,od_multi,0,0.1,random,1000000,16,2,950000,2118.2,4720.99
T5,mixed,od_multi,0,0.1,random,1000000,16,2,960000,2170.69,4606.83
T5,mixed,od_multi,0,0.1,random,1000000,16,2,970000,2175.79,4596.03
T5,mixed,od_multi,0,0.1,random,1000000,16,2,980000,2083.52,4799.58
T5,mixed,od_multi,0,0.1,random,1000000,16,2,990000,2044.49,4891.19
T5,mixed,od_multi,0,0.1,random,1000000,16,2,1000000,2217.03,4510.53
T5,mixed,od_multi,0,0.1,random,1000000,16,3,10000,1892.8,5283.19
T5,mixed,od_multi,0,0.1,random,1000000,16,3,20000,1708.98,5851.45
T5,mixed,od_multi,0,0.1,random,1000000,16,3,30000,1800.44,5554.2
T5,mixed,od_multi,0,0.1,random,1000000,16,3,40000,1767.64,5657.25
T5,mixed,od_multi,0,0.1,random,1000000,16,3,50000,1846.55,5415.51
T5,mixed,od_multi,0,0.1,random,1000000,16,3,60000,1769.05,5652.76
T5,mixed,od_multi,0,0.1,random,1000000,16,3,70000,1840.99,5431.87
T5,mixed,od_multi,0,0.1,random,1000000,16,3,80000,1859.37,5378.16
T5,mixed,od_multi,0,0.1,random,1000000,16,3,90000,1907.37,5242.82
T5,mixed,od_multi,0,0.1,random,1000000,16,3,100000,1923.17,5199.74
T5,mixed,od_multi,0,0.1,random,1000000,16,3,110000,1927.58,5187.84
T5,mixed,od_multi,0,0.1,random,1000000,16,3,120000,1863.04,5367.57
T5,mixed,od_multi,0,0.1,random,1000000,16,3,130000,1879.83,5319.64
T5,mixed,od_multi,0,0.1,random,1000000,16,3,140000,1851.41,5401.3
T5,mixed,od_multi,0,0.1,random,1000000,16,3,150000,1880.98,5316.39
T5,mixed,od_multi,0,0.1,random,1000000,16,3,160000,1923.51,5198.82
T5,mixed,od_multi,0,0.1,random,1000000,16,3,170000,1945.39,5140.37
T5,mixed,od_multi,0,0.1,random,1000000,16,3,180000,2000.17,4999.58
T5,mixed,od_multi,0,0.1,random,1000000,16,3,190000,1868.3,5352.45
T5,mixed,od_multi,0,0.1,random,1000000,16,3,200000,1890.3,5290.17
T5,mixed,od_multi,0,0.1,random,1000000,16,3,210000,1877.12,5327.3
T5,mixed,od_multi,0,0.1,random,1000000,16,3,220000,1912.13,5229.77
T5,mixed,od_multi,0,0.1,random,1000000,16,3,230000,1904.17,5251.64
T5,mixed,od_multi,0,0.1,random,1000000,16,3,240000,1970.95,5073.68
T5,mixed,od_multi,0,0.1,random,1000000,16,3,250000,1913.73,5225.4
T5,mixed,od_multi,0,0.1,random,1000000,16,3,260000,1894.31,5278.98
T5,mixed,od_multi,0,0.1,random,1000000,16,3,270000,1950.37,5127.23
T5,mixed,od_multi,0,0.1,random,1000000,16,3,280000,1926.84,5189.86
T5,mixed,od_multi,0,0.1,random,1000000,16,3,290000,1953.64,5118.66
T5,mixed,od_multi,0,0.1,random,1000000,16,3,300000,1912.09,5229.87
T5,mixed,od_multi,0,0.1,random,1000000,16,3,310000,1915.67,5220.1
T5,mixed,od_multi,0,0.1,random,1000000,16,3,320000,1966.23,5085.88
T5,mixed,od_multi,0,0.1,random,1000000,16,3,330000,2002.43,4993.94
T5,mixed,od_multi,0,0.1,random,1000000,16,3,340000,1875.97,5330.59
T5,mixed,od_multi,0,0.1,random,1000000,16,3,350000,2022.26,4944.96
T5,mixed,od_multi,0,0.1,random,1000000,16,3,360000,1966.95,5084.02
T5,mixed,od_multi,0,0.1,random,1000000,16,3,370000,1943.7,5144.84
T5,mixed,od_multi,0,0.1,random,1000000,16,3,380000,1978.09,5055.38
T5,mixed,od_multi,0,0.1,random,1000000,16,3,390000,1909.87,5235.97
T5,mixed,od_multi,0,0.1,random,1000000,16,3,400000,1945.01,5141.37
T5,mixed,od_multi,0,0.1,random,1000000,16,3,410000,1920.53,5206.9
T5,mixed,od_multi,0,0.1,random,1000000,16,3,420000,2006.62,4983.51
T5,mixed,od_multi,0,0.1,random,1000000,16,3,430000,2047.26,4884.58
T5,mixed,od_multi,0,0.1,random,1000000,16,3,440000,1961.36,5098.51
T5,mixed,od_multi,0,0.1,random,1000000,16,3,450000,2038.26,4906.15
T5,mixed,od_multi,0,0.1,random,1000000,16,3,460000,1933.45,5172.1
T5,mixed,od_multi,0,0.1,random,1000000,16,3,470000,1997.61,5005.98
T5,mixed,od_multi,0,0.1,random,1000000,16,3,480000,2008.56,4978.7
T5,mixed,od_multi,0,0.1,random,1000000,16,3,490000,2032.49,4920.08
T5,mixed,od_multi,0,0.1,random,1000000,16,3,500000,2000.4,4999
T5,mixed,od_multi,0,0.1,random,1000000,16,3,510000,2013.65,4966.11
T5,mixed,od_multi,0,0.1,random,1000000,16,3,520000,1939.56,5155.81
T5,mixed,od_multi,0,0.1,random,1000000,16,3,530000,2025.03,4938.21
T5,mixed,od_multi,0,0.1,random,1000000,16,3,540000,2045.34,4889.16
T5,mixed,od_multi,0,0.1,random,1000000,16,3,550000,2027.84,4931.36
T5,mixed,od_multi,0,0.1,random,1000000,16,3,560000,2059.91,4854.57
T5,mixed,od_multi,0,0.1,random,1000000,16,3,570000,2094.28,4774.9
T5,mixed,od_multi,0,0.1,random,1000000,16,3,580000,2118.85,4719.55
T5,mixed,od_multi,0,0.1,random,1000000,16,3,590000,1974.93,5063.47
T5,mixed,od_multi,0,0.1,random,1000000,16,3,600000,1978.97,5053.13
T5,mixed,od_multi,0,0.1,random,1000000,16,3,610000,1984.73,5038.47
T5,mixed,od_multi,0,0.1,random,1000000,16,3,620000,2006.9,4982.8
T5,mixed,od_multi,0,0.1,random,1000000,16,3,630000,2045.8,4888.07
T5,mixed,od_multi,0,0.1,random,1000000,16,3,640000,2056.76,4862.03
T5,mixed,od_multi,0,0.1,random,1000000,16,3,650000,2111.6,4735.75
T5,mixed,od_multi,0,0.1,random,1000000,16,3,660000,2106.17,4747.96
T5,mixed,od_multi,0,0.1,random,1000000,16,3,670000,2022.98,4943.19
T5,mixed,od_multi,0,0.1,random,1000000,16,3,680000,1982.15,5045.03
T5,mixed,od_multi,0,0.1,random,1000000,16,3,690000,2050.8,4876.15
T5,mixed,od_multi,0,0.1,random,1000000,16,3,700000,2028.54,4929.64
T5,mixed,od_multi,0,0.1,random,1000000,16,3,710000,2118.71,4719.84
T5,mixed,od_multi,0,0.1,random,1000000,16,3,720000,1987.56,5031.29
T5,mixed,od_multi,0,0.1,random,1000000,16,3,730000,2012.34,4969.34
T5,mixed,od_multi,0,0.1,random,1000000,16,3,740000,2022.61,4944.11
T5,mixed,od_multi,0,0.1,random,1000000,16,3,750000,2118.81,4719.62
T5,mixed,od_multi,0,0.1,random,1000000,16,3,760000,2037.49,4908
T5,mixed,od_multi,0,0.1,random,1000000,16,3,770000,2173.78,4600.27
T5,mixed,od_multi,0,0.1,random,1000000,16,3,780000,2000.29,4999.27
T5,mixed,od_multi,0,0.1,random,1000000,16,3,790000,2063.6,4845.91
T5,mixed,od_multi,0,0.1,random,1000000,16,3,800000,1985.74,5035.9
T5,mixed,od_multi,0,0.1,random,1000000,16,3,810000,2113.28,4731.99
T5,mixed,od_multi,0,0.1,random,1000000,16,3,820000,2036.53,4910.32
T5,mixed,od_multi,0,0.1,random,1000000,16,3,830000,2148,4655.49
T5,mixed,od_multi,0,0.1,random,1000000,16,3,840000,2057.21,4860.94
T5,mixed,od_multi,0,0.1,random,1000000,16,3,850000,2020.41,4949.5
T5,mixed,od_multi,0,0.1,random,1000000,16,3,860000,2104.57,4751.56
T5,mixed,od_multi,0,0.1,random,1000000,16,3,870000,2057.3,4860.75
T5,mixed,od_multi,0,0.1,random,1000000,16,3,880000,2111.29,4736.44
T5,mixed,od_multi,0,0.1,random,1000000,16,3,890000,2148.35,4654.74
T5,mixed,od_multi,0,0.1,random,1000000,16,3,900000,2247.65,4449.09
T5,mixed,od_multi,0,0.1,random,1000000,16,3,910000,2138.77,4675.57
T5,mixed,od_multi,0,0.1,random,1000000,16,3,920000,2110.26,4738.76
T5,mixed,od_multi,0,0.1,random,1000000,16,3,930000,2123.88,4708.37
T5,mixed,od_multi,0,0.1,random,1000000,16,3,940000,2080.59,4806.32
T5,mixed,od_multi,0,0.1,random,1000000,16,3,950000,2179.19,4588.87
T5,mixed,od_multi,0,0.1,random,1000000,16,3,960000,2094.8,4773.71
T5,mixed,od_multi,0,0.1,random,1000000,16,3,970000,2128.69,4697.72
T5,mixed,od_multi,0,0.1,random,1000000,16,3,980000,2103.1,4754.89
T5,mixed,od_multi,0,0.1,random,1000000,16,3,990000,2125.23,4705.38
T5,mixed,od_multi,0,0.1,random,1000000,16,3,1000000,2092.44,4779.1
T5,mixed,od_multi,0,0.1,random,1000000,32,1,10000,1593.06,6277.25
T5,mixed,od_multi,0,0.1,random,1000000,32,1,20000,1461.24,6843.51
T5,mixed,od_multi,0,0.1,random,1000000,32,1,30000,1453.35,6880.64
T5,mixed,od_multi,0,0.1,random,1000000,32,1,40000,1509.27,6625.71
T5,mixed,od_multi,0,0.1,random,1000000,32,1,50000,1534.96,6514.82
T5,mixed,od_multi,0,0.1,random,1000000,32,1,60000,1533.56,6520.78
T5,mixed,od_multi,0,0.1,random,1000000,32,1,70000,1539.57,6495.33
T5,mixed,od_multi,0,0.1,random,1000000,32,1,80000,1569.75,6370.44
T5,mixed,od_multi,0,0.1,random,1000000,32,1,90000,1570.24,6368.44
T5,mixed,od_multi,0,0.1,random,1000000,32,1,100000,1605.6,6228.22
T5,mixed,od_multi,0,0.1,random,1000000,32,1,110000,1639.85,6098.11
T5,mixed,od_multi,0,0.1,random,1000000,32,1,120000,1626.13,6149.56
T5,mixed,od_multi,0,0.1,random,1000000,32,1,130000,1533.23,6522.17
T5,mixed,od_multi,0,0.1,random,1000000,32,1,140000,1589.37,6291.81
T5,mixed,od_multi,0,0.1,random,1000000,32,1,150000,1582.53,6318.99
T5,mixed,od_multi,0,0.1,random,1000000,32,1,160000,1612.26,6202.46
T5,mixed,od_multi,0,0.1,random,1000000,32,1,170000,1613.15,6199.04
T5,mixed,od_multi,0,0.1,random,1000000,32,1,180000,1674.38,5972.36
T5,mixed,od_multi,0,0.1,random,1000000,32,1,190000,1571.09,6365
T5,mixed,od_multi,0,0.1,random,1000000,32,1,200000,1575.82,6345.91
T5,mixed,od_multi,0,0.1,random,1000000,32,1,210000,1581.95,6321.3
T5,mixed,od_multi,0,0.1,random,1000000,32,1,220000,1605.8,6227.44
T5,mixed,od_multi,0,0.1,random,1000000,32,1,230000,1640.99,6093.89
T5,mixed,od_multi,0,0.1,random,1000000,32,1,240000,1637.12,6108.27
T5,mixed,od_multi,0,0.1,random,1000000,32,1,250000,1684.87,5935.17
T5,mixed,od_multi,0,0.1,random,1000000,32,1,260000,1579.08,6332.79
T5,mixed,od_multi,0,0.1,random,1000000,32,1,270000,1605.96,6226.82
T5,mixed,od_multi,0,0.1,random,1000000,32,1,280000,1664.58,6007.53
T5,mixed,od_multi,0,0.1,random,1000000,32,1,290000,1644.73,6080.04
T5,mixed,od_multi,0,0.1,random,1000000,32,1,300000,1712.73,5838.63
T5,mixed,od_multi,0,0.1,random,1000000,32,1,310000,1642.2,6089.39
T5,mixed,od_multi,0,0.1,random,1000000,32,1,320000,1639.13,6100.79
T5,mixed,od_multi,0,0.1,random,1000000,32,1,330000,1594.09,6273.16
T5,mixed,od_multi,0,0.1,random,1000000,32,1,340000,1619.97,6172.94
T5,mixed,od_multi,0,0.1,random,1000000,32,1,350000,1623.85,6158.2
T5,mixed,od_multi,0,0.1,random,1000000,32,1,360000,1680.3,5951.33
T5,mixed,od_multi,0,0.1,random,1000000,32,1,370000,1643.54,6084.44
T5,mixed,od_multi,0,0.1,random,1000000,32,1,380000,1670.29,5986.99
T5,mixed,od_multi,0,0.1,random,1000000,32,1,390000,1596.89,6262.19
T5,mixed,od_multi,0,0.1,random,1000000,32,1,400000,1672.74,5978.22
T5,mixed,od_multi,0,0.1,random,1000000,32,1,410000,1625.21,6153.05
T5,mixed,od_multi,0,0.1,random,1000000,32,1,420000,1669.08,5991.33
T5,mixed,od_multi,0,0.1,random,1000000,32,1,430000,1669.22,5990.83
T5,mixed,od_multi,0,0.1,random,1000000,32,1,440000,1669.34,5990.39
T5,mixed,od_multi,0,0.1,random,1000000,32,1,450000,1661.63,6018.2
T5,mixed,od_multi,0,0.1,random,1000000,32,1,460000,1635.86,6113
T5,mixed,od_multi,0,0.1,random,1000000,32,1,470000,1599.79,6250.81
T5,mixed,od_multi,0,0.1,random,1000000,32,1,480000,1649.99,6060.63
T5,mixed,od_multi,0,0.1,random,1000000,32,1,490000,1678.81,5956.61
T5,mixed,od_multi,0,0.1,random,1000000,32,1,500000,1699.82,5882.96
T5,mixed,od_multi,0,0.1,random,1000000,32,1,510000,1724.41,5799.09
T5,mixed,od_multi,0,0.1,random,1000000,32,1,520000,1652.77,6050.46
T5,mixed,od_multi,0,0.1,random,1000000,32,1,530000,1638.11,6104.6
T5,mixed,od_multi,0,0.1,random,1000000,32,1,540000,1662.76,6014.08
T5,mixed,od_multi,0,0.1,random,1000000,32,1,550000,1715.61,5828.84
T5,mixed,od_multi,0,0.1,random,1000000,32,1,560000,1652.36,6051.95
T5,mixed,od_multi,0,0.1,random,1000000,32,1,570000,1719.84,5814.48
T5,mixed,od_multi,0,0.1,random,1000000,32,1,580000,1710.54,5846.09
T5,mixed,od_multi,0,0.1,random,1000000,32,1,590000,1642.34,6088.86
T5,mixed,od_multi,0,0.1,random,1000000,32,1,600000,1671.22,5983.66
T5,mixed,od_multi,0,0.1,random,1000000,32,1,610000,1663.6,6011.05
T5,mixed,od_multi,0,0.1,random,1000000,32,1,620000,1702.04,5875.29
T5,mixed,od_multi,0,0.1,random,1000000,32,1,630000,1700.69,5879.96
T5,mixed,od_multi,0,0.1,random,1000000,32,1,640000,1737.96,5753.88
T5,mixed,od_multi,0,0.1,random,1000000,32,1,650000,1630.3,6133.83
T5,mixed,od_multi,0,0.1,random,1000000,32,1,660000,1668.21,5994.45
T5,mixed,od_multi,0,0.1,random,1000000,32,1,670000,1703.68,5869.63
T5,mixed,od_multi,0,0.1,random,1000000,32,1,680000,1699.87,5882.8
T5,mixed,od_multi,0,0.1,random,1000000,32,1,690000,1733.81,5767.63
T5,mixed,od_multi,0,0.1,random,1000000,32,1,700000,1729.12,5783.28
T5,mixed,od_multi,0,0.1,random,1000000,32,1,710000,1721.1,5810.24
T5,mixed,od_multi,0,0.1,random,1000000,32,1,720000,1649.58,6062.13
T5,mixed,od_multi,0,0.1,random,1000000,32,1,730000,1713.63,5835.58
T5,mixed,od_multi,0,0.1,random,1000000,32,1,740000,1696.22,5895.46
T5,mixed,od_multi,0,0.1,random,1000000,32,1,750000,1762.01,5675.35
T5,mixed,od_multi,0,0.1,random,1000000,32,1,760000,1729.32,5782.62
T5,mixed,od_multi,0,0.1,random,1000000,32,1,770000,1811.8,5519.39
T5,mixed,od_multi,0,0.1,random,1000000,32,1,780000,1706.29,5860.68
T5,mixed,od_multi,0,0.1,random,1000000,32,1,790000,1661.12,6020.04
T5,mixed,od_multi,0,0.1,random,1000000,32,1,800000,1686.75,5928.56
T5,mixed,od_multi,0,0.1,random,1000000,32,1,810000,1689.59,5918.59
T5,mixed,od_multi,0,0.1,random,1000000,32,1,820000,1722,5807.2
T5,mixed,od_multi,0,0.1,random,1000000,32,1,830000,1727.8,5787.7
T5,mixed,od_multi,0,0.1,random,1000000,32,1,840000,1762.3,5674.39
T5,mixed,od_multi,0,0.1,random,1000000,32,1,850000,1695.3,5898.65
T5,mixed,od_multi,0,0.1,random,1000000,32,1,860000,1702.51,5873.69
T5,mixed,od_multi,0,0.1,random,1000000,32,1,870000,1731.19,5776.37
T5,mixed,od_multi,0,0.1,random,1000000,32,1,880000,1752.15,5707.27
T5,mixed,od_multi,0,0.1,random,1000000,32,1,890000,1741.87,5740.96
T5,mixed,od_multi,0,0.1,random,1000000,32,1,900000,1741.81,5741.15
T5,mixed,od_multi,0,0.1,random,1000000,32,1,910000,1734.97,5763.79
T5,mixed,od_multi,0,0.1,random,1000000,32,1,920000,1686.42,5929.73
T5,mixed,od_multi,0,0.1,random,1000000,32,1,930000,1693.05,5906.5
T5,mixed,od_multi,0,0.1,random,1000000,32,1,940000,1748.83,5718.1
T5,mixed,od_multi,0,0.1,random,1000000,32,1,950000,1760.9,5678.92
T5,mixed,od_multi,0,0.1,random,1000000,32,1,960000,1806.48,5535.63
T5,mixed,od_multi,0,0.1,random,1000000,32,1,970000,1805.16,5539.68
T5,mixed,od_multi,0,0.1,random,1000000,32,1,980000,1701.02,5878.81
T5,mixed,od_multi,0,0.1,random,1000000,32,1,990000,1760.23,5681.08
T5,mixed,od_multi,0,0.1,random,1000000,32,1,1000000,1759.62,5683.03
T5,mixed,od_multi,0,0.1,random,1000000,32,2,10000,1559.57,6412.03
T5,mixed,od_multi,0,0.1,random,1000000,32,2,20000,1461.71,6841.32
T5,mixed,od_multi,0,0.1,random,1000000,32,2,30000,1474.64,6781.31
T5,mixed,od_multi,0,0.1,random,1000000,32,2,40000,1507.12,6635.17
T5,mixed,od_multi,0,0.1,random,1000000,32,2,50000,1537.19,6505.39
T5,mixed,od_multi,0,0.1,random,1000000,32,2,60000,1542.4,6483.42
T5,mixed,od_multi,0,0.1,random,1000000,32,2,70000,1554.94,6431.13
T5,mixed,od_multi,0,0.1,random,1000000,32,2,80000,1570.54,6367.25
T5,mixed,od_multi,0,0.1,random,1000000,32,2,90000,1569.97,6369.55
T5,mixed,od_multi,0,0.1,random,1000000,32,2,100000,1606.01,6226.6
T5,mixed,od_multi,0,0.1,random,1000000,32,2,110000,1624.33,6156.4
T5,mixed,od_multi,0,0.1,random,1000000,32,2,120000,1614.24,6194.85
T5,mixed,od_multi,0,0.1,random,1000000,32,2,130000,1560.34,6408.88
T5,mixed,od_multi,0,0.1,random,1000000,32,2,140000,1592,6281.41
T5,mixed,od_multi,0,0.1,random,1000000,32,2,150000,1571.04,6365.21
T5,mixed,od_multi,0,0.1,random,1000000,32,2,160000,1616.13,6187.61
T5,mixed,od_multi,0,0.1,random,1000000,32,2,170000,1634.93,6116.45
T5,mixed,od_multi,0,0.1,random,1000000,32,2,180000,1658.76,6028.59
T5,mixed,od_multi,0,0.1,random,1000000,32,2,190000,1580.58,6326.78
T5,mixed,od_multi,0,0.1,random,1000000,32,2,200000,1584.67,6310.48
T5,mixed,od_multi,0,0.1,random,1000000,32,2,210000,1608.15,6218.34
T5,mixed,od_multi,0,0.1,random,1000000,32,2,220000,1599.75,6250.96
T5,mixed,od_multi,0,0.1,random,1000000,32,2,230000,1640.22,6096.73
T5,mixed,od_multi,0,0.1,random,1000000,32,2,240000,1634.53,6117.96
T5,mixed,od_multi,0,0.1,random,1000000,32,2,250000,1683.85,5938.78
T5,mixed,od_multi,0,0.1,random,1000000,32,2,260000,1627.98,6142.57
T5,mixed,od_multi,0,0.1,random,1000000,32,2,270000,1595.19,6268.86
T5,mixed,od_multi,0,0.1,random,1000000,32,2,280000,1634.95,6116.41
T5,mixed,od_multi,0,0.1,random,1000000,32,2,290000,1620.85,6169.62
T5,mixed,od_multi,0,0.1,random,1000000,32,2,300000,1629.97,6135.09
T5,mixed,od_multi,0,0.1,random,1000000,32,2,310000,1653.69,6047.09
T5,mixed,od_multi,0,0.1,random,1000000,32,2,320000,1596.03,6265.55
T5,mixed,od_multi,0,0.1,random,1000000,32,2,330000,1621.59,6166.79
T5,mixed,od_multi,0,0.1,random,1000000,32,2,340000,1608.14,6218.37
T5,mixed,od_multi,0,0.1,random,1000000,32,2,350000,1630.23,6134.09
T5,mixed,od_multi,0,0.1,random,1000000,32,2,360000,1652.51,6051.41
T5,mixed,od_multi,0,0.1,random,1000000,32,2,370000,1674.39,5972.32
T5,mixed,od_multi,0,0.1,random,1000000,32,2,380000,1700.4,5880.97
T5,mixed,od_multi,0,0.1,random,1000000,32,2,390000,1599.07,6253.64
T5,mixed,od_multi,0,0.1,random,1000000,32,2,400000,1612.68,6200.85
T5,mixed,od_multi,0,0.1,random,1000000,32,2,410000,1646.53,6073.37
T5,mixed,od_multi,0,0.1,random,1000000,32,2,420000,1692.09,5909.83
T5,mixed,od_multi,0,0.1,random,1000000,32,2,430000,1680.12,5951.97
T5,mixed,od_multi,0,0.1,random,1000000,32,2,440000,1665.82,6003.05
T5,mixed,od_multi,0,0.1,random,1000000,32,2,450000,1630.06,6134.75
T5,mixed,od_multi,0,0.1,random,1000000,32,2,460000,1631.26,6130.24
T5,mixed,od_multi,0,0.1,random,1000000,32,2,470000,1644.74,6079.98
T5,mixed,od_multi,0,0.1,random,1000000,32,2,480000,1629.51,6136.83
T5,mixed,od_multi,0,0.1,random,1000000,32,2,490000,1673.26,5976.34
T5,mixed,od_multi,0,0.1,random,1000000,32,2,500000,1729.9,5780.67
T5,mixed,od_multi,0,0.1,random,1000000,32,2,510000,1704.97,5865.21
T5,mixed,od_multi,0,0.1,random,1000000,32,2,520000,1663.72,6010.62
T5,mixed,od_multi,0,0.1,random,1000000,32,2,530000,1652.65,6050.9
T5,mixed,od_multi,0,0.1,random,1000000,32,2,540000,1634.19,6119.24
T5,mixed,od_multi,0,0.1,random,1000000,32,2,550000,1690.7,5914.71
T5,mixed,od_multi,0,0.1,random,1000000,32,2,560000,1723.64,5801.66
T5,mixed,od_multi,0,0.1,random,1000000,32,2,570000,1676.59,5964.48
T5,mixed,od_multi,0,0.1,random,1000000,32,2,580000,1720.19,5813.33
T5,mixed,od_multi,0,0.1,random,1000000,32,2,590000,1654.89,6042.69
T5,mixed,od_multi,0,0.1,random,1000000,32,2,600000,1657.19,6034.32
T5,mixed,od_multi,0,0.1,random,1000000,32,2,610000,1684.46,5936.61
T5,mixed,od_multi,0,0.1,random,1000000,32,2,620000,1674.37,5972.39
T5,mixed,od_multi,0,0.1,random,1000000,32,2,630000,1687.15,5927.16
T5,mixed,od_multi,0,0.1,random,1000000,32,2,640000,1745.76,5728.15
T5,mixed,od_multi,0,0.1,random,1000000,32,2,650000,1678.97,5956.05
T5,mixed,od_multi,0,0.1,random,1000000,32,2,660000,1647.71,6069.03
T5,mixed,od_multi,0,0.1,random,1000000,32,2,670000,1673.72,5974.72
T5,mixed,od_multi,0,0.1,random,1000000,32,2,680000,1688.78,5921.45
T5,mixed,od_multi,0,0.1,random,1000000,32,2,690000,1720.64,5811.79
T5,mixed,od_multi,0,0.1,random,1000000,32,2,700000,1696.8,5893.46
T5,mixed,od_multi,0,0.1,random,1000000,32,2,710000,1719.35,5816.15
T5,mixed,od_multi,0,0.1,random,1000000,32,2,720000,1694.38,5901.86
T5,mixed,od_multi,0,0.1,random,1000000,32,2,730000,1669.7,5989.09
T5,mixed,od_multi,0,0.1,random,1000000,32,2,740000,1692.89,5907.06
T5,mixed,od_multi,0,0.1,random,1000000,32,2,750000,1693.16,5906.11
T5,mixed,od_multi,0,0.1,random,1000000,32,2,760000,1770.68,5647.55
T5,mixed,od_multi,0,0.1,random,1000000,32,2,770000,1732.66,5771.49
T5,mixed,od_multi,0,0.1,random,1000000,32,2,780000,1667.75,5996.12
T5,mixed,od_multi,0,0.1,random,1000000,32,2,790000,1711.46,5842.98
T5,mixed,od_multi,0,0.1,random,1000000,32,2,800000,1729.13,5783.27
T5,mixed,od_multi,0,0.1,random,1000000,32,2,810000,1740.02,5747.07
T5,mixed,od_multi,0,0.1,random,1000000,32,2,820000,1758.34,5687.18
T5,mixed,od_multi,0,0.1,random,1000000,32,2,830000,1766.58,5660.64
T5,mixed,od_multi,0,0.1,random,1000000,32,2,840000,1751.47,5709.5
T5,mixed,od_multi,0,0.1,random,1000000,32,2,850000,1675.42,5968.66
T5,mixed,od_multi,0,0.1,random,1000000,32,2,860000,1715.39,5829.59
T5,mixed,od_multi,0,0.1,random,1000000,32,2,870000,1718.72,5818.3
T5,mixed,od_multi,0,0.1,random,1000000,32,2,880000,1706.65,5859.44
T5,mixed,od_multi,0,0.1,random,1000000,32,2,890000,1787.52,5594.34
T5,mixed,od_multi,0,0.1,random,1000000,32,2,900000,1737.34,5755.93
T5,mixed,od_multi,0,0.1,random,1000000,32,2,910000,1735.88,5760.75
T5,mixed,od_multi,0,0.1,random,1000000,32,2,920000,1671.59,5982.33
T5,mixed,od_multi,0,0.1,random,1000000,32,2,930000,1729.02,5783.62
T5,mixed,od_multi,0,0.1,random,1000000,32,2,940000,1757.05,5691.35
T5,mixed,od_multi,0,0.1,random,1000000,32,2,950000,1746.23,5726.63
T5,mixed,od_multi,0,0.1,random,1000000,32,2,960000,1744.05,5733.79
T5,mixed,od_multi,0,0.1,random,1000000,32,2,970000,1790.99,5583.5
T5,mixed,od_multi,0,0.1,random,1000000,32,2,980000,1690.04,5917.04
T5,mixed,od_multi,0,0.1,random,1000000,32,2,990000,1768.57,5654.28
T5,mixed,od_multi,0,0.1,random,1000000,32,2,1000000,1723.9,5800.82
T5,mixed,od_multi,0,0.1,random,1000000,32,3,10000,1591.45,6283.59
T5,mixed,od_multi,0,0.1,random,1000000,32,3,20000,1484.78,6735
T5,mixed,od_multi,0,0.1,random,1000000,32,3,30000,1461.64,6841.64
T5,mixed,od_multi,0,0.1,random,1000000,32,3,40000,1502.05,6657.57
T5,mixed,od_multi,0,0.1,random,1000000,32,3,50000,1575.62,6346.7
T5,mixed,od_multi,0,0.1,random,1000000,32,3,60000,1522.62,6567.63
T5,mixed,od_multi,0,0.1,random,1000000,32,3,70000,1548.58,6457.55
T5,mixed,od_multi,0,0.1,random,1000000,32,3,80000,1554.31,6433.71
T5,mixed,od_multi,0,0.1,random,1000000,32,3,90000,1573.02,6357.19
T5,mixed,od_multi,0,0.1,random,1000000,32,3,100000,1607.52,6220.76
T5,mixed,od_multi,0,0.1,random,1000000,32,3,110000,1612.68,6200.85
T5,mixed,od_multi,0,0.1,random,1000000,32,3,120000,1628.3,6141.37
T5,mixed,od_multi,0,0.1,random,1000000,32,3,130000,1556.99,6422.63
T5,mixed,od_multi,0,0.1,random,1000000,32,3,140000,1584.3,6311.94
T5,mixed,od_multi,0,0.1,random,1000000,32,3,150000,1605.23,6229.63
T5,mixed,od_multi,0,0.1,random,1000000,32,3,160000,1597.82,6258.53
T5,mixed,od_multi,0,0.1,random,1000000,32,3,170000,1669.88,5988.46
T5,mixed,od_multi,0,0.1,random,1000000,32,3,180000,1683.52,5939.93
T5,mixed,od_multi,0,0.1,random,1000000,32,3,190000,1552.8,6439.97
T5,mixed,od_multi,0,0.1,random,1000000,32,3,200000,1560.52,6408.13
T5,mixed,od_multi,0,0.1,random,1000000,32,3,210000,1590.79,6286.17
T5,mixed,od_multi,0,0.1,random,1000000,32,3,220000,1636.1,6112.09
T5,mixed,od_multi,0,0.1,random,1000000,32,3,230000,1629.39,6137.28
T5,mixed,od_multi,0,0.1,random,1000000,32,3,240000,1633.73,6120.96
T5,mixed,od_multi,0,0.1,random,1000000,32,3,250000,1652.12,6052.83
T5,mixed,od_multi,0,0.1,random,1000000,32,3,260000,1592.36,6279.99
T5,mixed,od_multi,0,0.1,random,1000000,32,3,270000,1608.72,6216.11
T5,mixed,od_multi,0,0.1,random,1000000,32,3,280000,1606.39,6225.12
T5,mixed,od_multi,0,0.1,random,1000000,32,3,290000,1638.63,6102.66
T5,mixed,od_multi,0,0.1,random,1000000,32,3,300000,1664.98,6006.08
T5,mixed,od_multi,0,0.1,random,1000000,32,3,310000,1681.94,5945.52
T5,mixed,od_multi,0,0.1,random,1000000,32,3,320000,1642.41,6088.6
T5,mixed,od_multi,0,0.1,random,1000000,32,3,330000,1597.57,6259.51
T5,mixed,od_multi,0,0.1,random,1000000,32,3,340000,1606.26,6225.66
T5,mixed,od_multi,0,0.1,random,1000000,32,3,350000,1633.9,6120.31
T5,mixed,od_multi,0,0.1,random,1000000,32,3,360000,1675.17,5969.55
T5,mixed,od_multi,0,0.1,random,1000000,32,3,370000,1683.03,5941.66
T5,mixed,od_multi,0,0.1,random,1000000,32,3,380000,1696.01,5896.19
T5,mixed,od_multi,0,0.1,random,1000000,32,3,390000,1636.3,6111.33
T5,mixed,od_multi,0,0.1,random,1000000,32,3,400000,1638.89,6101.7
T5,mixed,od_multi,0,0.1,random,1000000,32,3,410000,1646.26,6074.38
T5,mixed,od_multi,0,0.1,random,1000000,32,3,420000,1694.36,5901.94
T5,mixed,od_multi,0,0.1,random,1000000,32,3,430000,1673.15,5976.76
T5,mixed,od_multi,0,0.1,random,1000000,32,3,440000,1684.96,5934.86
T5,mixed,od_multi,0,0.1,random,1000000,32,3,450000,1640.04,6097.41
T5,mixed,od_multi,0,0.1,random,1000000,32,3,460000,1597.05,6261.53
T5,mixed,od_multi,0,0.1,random,1000000,32,3,470000,1649.2,6063.56
T5,mixed,od_multi,0,0.1,random,1000000,32,3,480000,1673.72,5974.7
T5,mixed,od_multi,0,0.1,random,1000000,32,3,490000,1670.42,5986.51
T5,mixed,od_multi,0,0.1,random,1000000,32,3,500000,1680.37,5951.08
T5,mixed,od_multi,0,0.1,random,1000000,32,3,510000,1702.5,5873.72
T5,mixed,od_multi,0,0.1,random,1000000,32,3,520000,1639.12,6100.82
T5,mixed,od_multi,0,0.1,random,1000000,32,3,530000,1611.39,6205.81
T5,mixed,od_multi,0,0.1,random,1000000,32,3,540000,1650.6,6058.4
T5,mixed,od_multi,0,0.1,random,1000000,32,3,550000,1636.12,6112.03
T5,mixed,od_multi,0,0.1,random,1000000,32,3,560000,1698.28,5888.33
T5,mixed,od_multi,0,0.1,random,1000000,32,3,570000,1719.52,5815.59
T5,mixed,od_multi,0,0.1,random,1000000,32,3,580000,1715.33,5829.8
T5,mixed,od_multi,0,0.1,random,1000000,32,3,590000,1657.46,6033.33
T5,mixed,od_multi,0,0.1,random,1000000,32,3,600000,1648.89,6064.69
T5,mixed,od_multi,0,0.1,random,1000000,32,3,610000,1661.17,6019.86
T5,mixed,od_multi,0,0.1,random,1000000,32,3,620000,1683.98,5938.32
T5,mixed,od_multi,0,0.1,random,1000000,32,3,630000,1690.38,5915.83
T5,mixed,od_multi,0,0.1,random,1000000,32,3,640000,1768.45,5654.68
T5,mixed,od_multi,0,0.1,random,1000000,32,3,650000,1642.04,6089.99
T5,mixed,od_multi,0,0.1,random,1000000,32,3,660000,1664.41,6008.14
T5,mixed,od_multi,0,0.1,random,1000000,32,3,670000,1667.92,5995.5
T5,mixed,od_multi,0,0.1,random,1000000,32,3,680000,1722.57,5805.28
T5,mixed,od_multi,0,0.1,random,1000000,32,3,690000,1716.19,5826.87
T5,mixed,od_multi,0,0.1,random,1000000,32,3,700000,1696.66,5893.95
T5,mixed,od_multi,0,0.1,random,1000000,32,3,710000,1745.44,5729.2
T5,mixed,od_multi,0,0.1,random,1000000,32,3,720000,1661.71,6017.88
T5,mixed,od_multi,0,0.1,random,1000000,32,3,730000,1668.56,5993.18
T5,mixed,od_multi,0,0.1,random,1000000,32,3,740000,1696.11,5895.85
T5,mixed,od_multi,0,0.1,random,1000000,32,3,750000,1703.72,5869.51
T5,mixed,od_multi,0,0.1,random,1000000,32,3,760000,1729.27,5782.77
T5,mixed,od_multi,0,0.1,random,1000000,32,3,770000,1769.84,5650.23
T5,mixed,od_multi,0,0.1,random,1000000,32,3,780000,1669.03,5991.52
T5,mixed,od_multi,0,0.1,random,1000000,32,3,790000,1696.49,5894.54
T5,mixed,od_multi,0,0.1,random,1000000,32,3,800000,1689.07,5920.41
T5,mixed,od_multi,0,0.1,random,1000000,32,3,810000,1709.14,5850.9
T5,mixed,od_multi,0,0.1,random,1000000,32,3,820000,1735.62,5761.64
T5,mixed,od_multi,0,0.1,random,1000000,32,3,830000,1761.75,5676.16
T5,mixed,od_multi,0,0.1,random,1000000,32,3,840000,1757.2,5690.88
T5,mixed,od_multi,0,0.1,random,1000000,32,3,850000,1692.25,5909.3
T5,mixed,od_multi,0,0.1,random,1000000,32,3,860000,1704.11,5868.17
T5,mixed,od_multi,0,0.1,random,1000000,32,3,870000,1706.89,5858.6
T5,mixed,od_multi,0,0.1,random,1000000,32,3,880000,1753.66,5702.37
T5,mixed,od_multi,0,0.1,random,1000000,32,3,890000,1750.35,5713.15
T5,mixed,od_multi,0,0.1,random,1000000,32,3,900000,1762.96,5672.29
T5,mixed,od_multi,0,0.1,random,1000000,32,3,910000,1795.9,5568.25
T5,mixed,od_multi,0,0.1,random,1000000,32,3,920000,1738.31,5752.72
T5,mixed,od_multi,0,0.1,random,1000000,32,3,930000,1702.73,5872.91
T5,mixed,od_multi,0,0.1,random,1000000,32,3,940000,1725.73,5794.64
T5,mixed,od_multi,0,0.1,random,1000000,32,3,950000,1717.36,5822.9
T5,mixed,od_multi,0,0.1,random,1000000,32,3,960000,1771.99,5643.36
T5,mixed,od_multi,0,0.1,random,1000000,32,3,970000,1821.04,5491.36
T5,mixed,od_multi,0,0.1,random,1000000,32,3,980000,1701.85,5875.94
T5,mixed,od_multi,0,0.1,random,1000000,32,3,990000,1741.11,5743.46
T5,mixed,od_multi,0,0.1,random,1000000,32,3,1000000,1750.76,5711.81
T5,mixed,od_multi,0,0.1,random,1000000,64,1,10000,1604.12,6233.96
T5,mixed,od_multi,0,0.1,random,1000000,64,1,20000,1468.51,6809.6
T5,mixed,od_multi,0,0.1,random,1000000,64,1,30000,1491.47,6704.8
T5,mixed,od_multi,0,0.1,random,1000000,64,1,40000,1519.31,6581.95
T5,mixed,od_multi,0,0.1,random,1000000,64,1,50000,1569.39,6371.9
T5,mixed,od_multi,0,0.1,random,1000000,64,1,60000,1551.49,6445.41
T5,mixed,od_multi,0,0.1,random,1000000,64,1,70000,1553.28,6437.98
T5,mixed,od_multi,0,0.1,random,1000000,64,1,80000,1582.93,6317.38
T5,mixed,od_multi,0,0.1,random,1000000,64,1,90000,1599.2,6253.14
T5,mixed,od_multi,0,0.1,random,1000000,64,1,100000,1635.16,6115.6
T5,mixed,od_multi,0,0.1,random,1000000,64,1,110000,1655.99,6038.7
T5,mixed,od_multi,0,0.1,random,1000000,64,1,120000,1629.39,6137.26
T5,mixed,od_multi,0,0.1,random,1000000,64,1,130000,1583.82,6313.83
T5,mixed,od_multi,0,0.1,random,1000000,64,1,140000,1577.49,6339.17
T5,mixed,od_multi,0,0.1,random,1000000,64,1,150000,1611.03,6207.2
T5,mixed,od_multi,0,0.1,random,1000000,64,1,160000,1621.91,6165.56
T5,mixed,od_multi,0,0.1,random,1000000,64,1,170000,1657.58,6032.88
T5,mixed,od_multi,0,0.1,random,1000000,64,1,180000,1705.01,5865.08
T5,mixed,od_multi,0,0.1,random,1000000,64,1,190000,1561.59,6403.71
T5,mixed,od_multi,0,0.1,random,1000000,64,1,200000,1591.36,6283.92
T5,mixed,od_multi,0,0.1,random,1000000,64,1,210000,1624.71,6154.96
T5,mixed,od_multi,0,0.1,random,1000000,64,1,220000,1636.59,6110.25
T5,mixed,od_multi,0,0.1,random,1000000,64,1,230000,1627.59,6144.05
T5,mixed,od_multi,0,0.1,random,1000000,64,1,240000,1656.45,6037
T5,mixed,od_multi,0,0.1,random,1000000,64,1,250000,1653.07,6049.37
T5,mixed,od_multi,0,0.1,random,1000000,64,1,260000,1581.63,6322.59
T5,mixed,od_multi,0,0.1,random,1000000,64,1,270000,1586.67,6302.52
T5,mixed,od_multi,0,0.1,random,1000000,64,1,280000,1604.77,6231.42
T5,mixed,od_multi,0,0.1,random,1000000,64,1,290000,1625.41,6152.28
T5,mixed,od_multi,0,0.1,random,1000000,64,1,300000,1654.38,6044.56
T5,mixed,od_multi,0,0.1,random,1000000,64,1,310000,1675.41,5968.69
T5,mixed,od_multi,0,0.1,random,1000000,64,1,320000,1647.41,6070.14
T5,mixed,od_multi,0,0.1,random,1000000,64,1,330000,1608.4,6217.35
T5,mixed,od_multi,0,0.1,random,1000000,64,1,340000,1607.32,6221.54
T5,mixed,od_multi,0,0.1,random,1000000,64,1,350000,1640.68,6095.05
T5,mixed,od_multi,0,0.1,random,1000000,64,1,360000,1643.63,6084.09
T5,mixed,od_multi,0,0.1,random,1000000,64,1,370000,1673.66,5974.94
T5,mixed,od_multi,0,0.1,random,1000000,64,1,380000,1681.08,5948.56
T5,mixed,od_multi,0,0.1,random,1000000,64,1,390000,1605.33,6229.25
T5,mixed,od_multi,0,0.1,random,1000000,64,1,400000,1601.89,6242.64
T5,mixed,od_multi,0,0.1,random,1000000,64,1,410000,1646.23,6074.47
T5,mixed,od_multi,0,0.1,random,1000000,64,1,420000,1636.47,6110.73
T5,mixed,od_multi,0,0.1,random,1000000,64,1,430000,1676.89,5963.41
T5,mixed,od_multi,0,0.1,random,1000000,64,1,440000,1681.72,5946.28
T5,mixed,od_multi,0,0.1,random,1000000,64,1,450000,1655.54,6040.34
T5,mixed,od_multi,0,0.1,random,1000000,64,1,460000,1607.31,6221.58
T5,mixed,od_multi,0,0.1,random,1000000,64,1,470000,1651.44,6055.3
T5,mixed,od_multi,0,0.1,random,1000000,64,1,480000,1642.79,6087.22
T5,mixed,od_multi,0,0.1,random,1000000,64,1,490000,1654.98,6042.38
T5,mixed,od_multi,0,0.1,random,1000000,64,1,500000,1679.35,5954.68
T5,mixed,od_multi,0,0.1,random,1000000,64,1,510000,1703.52,5870.18
T5,mixed,od_multi,0,0.1,random,1000000,64,1,520000,1618.62,6178.09
T5,mixed,od_multi,0,0.1,random,1000000,64,1,530000,1637.19,6108.03
T5,mixed,od_multi,0,0.1,random,1000000,64,1,540000,1628.17,6141.85
T5,mixed,od_multi,0,0.1,random,1000000,64,1,550000,1663.65,6010.88
T5,mixed,od_multi,0,0.1,random,1000000,64,1,560000,1667.07,5998.54
T5,mixed,od_multi,0,0.1,random,1000000,64,1,570000,1687.6,5925.59
T5,mixed,od_multi,0,0.1,random,1000000,64,1,580000,1682.71,5942.8
T5,mixed,od_multi,0,0.1,random,1000000,64,1,590000,1621.46,6167.29
T5,mixed,od_multi,0,0.1,random,1000000,64,1,600000,1654.76,6043.18
T5,mixed,od_multi,0,0.1,random,1000000,64,1,610000,1637.97,6105.11
T5,mixed,od_multi,0,0.1,random,1000000,64,1,620000,1677.95,5959.66
T5,mixed,od_multi,0,0.1,random,1000000,64,1,630000,1687.71,5925.19
T5,mixed,od_multi,0,0.1,random,1000000,64,1,640000,1733.32,5769.29
T5,mixed,od_multi,0,0.1,random,1000000,64,1,650000,1619.27,6175.63
T5,mixed,od_multi,0,0.1,random,1000000,64,1,660000,1648.92,6064.57
T5,mixed,od_multi,0,0.1,random,1000000,64,1,670000,1663.39,6011.81
T5,mixed,od_multi,0,0.1,random,1000000,64,1,680000,1676.61,5964.4
T5,mixed,od_multi,0,0.1,random,1000000,64,1,690000,1707.56,5856.32
T5,mixed,od_multi,0,0.1,random,1000000,64,1,700000,1687.73,5925.11
T5,mixed,od_multi,0,0.1,random,1000000,64,1,710000,1708.25,5853.93
T5,mixed,od_multi,0,0.1,random,1000000,64,1,720000,1647.57,6069.55
T5,mixed,od_multi,0,0.1,random,1000000,64,1,730000,1650.12,6060.18
T5,mixed,od_multi,0,0.1,random,1000000,64,1,740000,1665.87,6002.87
T5,mixed,od_multi,0,0.1,random,1000000,64,1,750000,1687.85,5924.71
T5,mixed,od_multi,0,0.1,random,1000000,64,1,760000,1727.15,5789.87
T5,mixed,od_multi,0,0.1,random,1000000,64,1,770000,1754.17,5700.71
T5,mixed,od_multi,0,0.1,random,1000000,64,1,780000,1641.07,6093.6
T5,mixed,od_multi,0,0.1,random,1000000,64,1,790000,1680.54,5950.45
T5,mixed,od_multi,0,0.1,random,1000000,64,1,800000,1653.74,6046.89
T5,mixed,od_multi,0,0.1,random,1000000,64,1,810000,1704.78,5865.85
T5,mixed,od_multi,0,0.1,random,1000000,64,1,820000,1697.05,5892.56
T5,mixed,od_multi,0,0.1,random,1000000,64,1,830000,1711.41,5843.14
T5,mixed,od_multi,0,0.1,random,1000000,64,1,840000,1726.65,5791.56
T5,mixed,od_multi,0,0.1,random,1000000,64,1,850000,1656.04,6038.52
T5,mixed,od_multi,0,0.1,random,1000000,64,1,860000,1662.71,6014.29
T5,mixed,od_multi,0,0.1,random,1000000,64,1,870000,1667.03,5998.69
T5,mixed,od_multi,0,0.1,random,1000000,64,1,880000,1700.28,5881.38
T5,mixed,od_multi,0,0.1,random,1000000,64,1,890000,1719.95,5814.11
T5,mixed,od_multi,0,0.1,random,1000000,64,1,900000,1742.67,5738.32
T5,mixed,od_multi,0,0.1,random,1000000,64,1,910000,1681.99,5945.33
T5,mixed,od_multi,0,0.1,random,1000000,64,1,920000,1669.2,5990.89
T5,mixed,od_multi,0,0.1,random,1000000,64,1,930000,1670.18,5987.37
T5,mixed,od_multi,0,0.1,random,1000000,64,1,940000,1693.98,5903.25
T5,mixed,od_multi,0,0.1,random,1000000,64,1,950000,1719.98,5814.04
T5,mixed,od_multi,0,0.1,random,1000000,64,1,960000,1728.09,5786.73
T5,mixed,od_multi,0,0.1,random,1000000,64,1,970000,1735.4,5762.37
T5,mixed,od_multi,0,0.1,random,1000000,64,1,980000,1678.29,5958.43
T5,mixed,od_multi,0,0.1,random,1000000,64,1,990000,1683.56,5939.79
T5,mixed,od_multi,0,0.1,random,1000000,64,1,1000000,1691.47,5912
T5,mixed,od_multi,0,0.1,random,1000000,64,2,10000,1737.79,5754.45
T5,mixed,od_multi,0,0.1,random,1000000,64,2,20000,1464.22,6829.6
T5,mixed,od_multi,0,0.1,random,1000000,64,2,30000,1495.76,6685.55
T5,mixed,od_multi,0,0.1,random,1000000,64,2,40000,1506.01,6640.07
T5,mixed,od_multi,0,0.1,random,1000000,64,2,50000,1574.97,6349.32
T5,mixed,od_multi,0,0.1,random,1000000,64,2,60000,1545.78,6469.24
T5,mixed,od_multi,0,0.1,random,1000000,64,2,70000,1547.72,6461.12
T5,mixed,od_multi,0,0.1,random,1000000,64,2,80000,1592.6,6279.06
T5,mixed,od_multi,0,0.1,random,1000000,64,2,90000,1595.5,6267.63
T5,mixed,od_multi,0,0.1,random,1000000,64,2,100000,1626.06,6149.83
T5,mixed,od_multi,0,0.1,random,1000000,64,2,110000,1646.52,6073.43
T5,mixed,od_multi,0,0.1,random,1000000,64,2,120000,1637.22,6107.93
T5,mixed,od_multi,0,0.1,random,1000000,64,2,130000,1577.73,6338.21
T5,mixed,od_multi,0,0.1,random,1000000,64,2,140000,1594.02,6273.44
T5,mixed,od_multi,0,0.1,random,1000000,64,2,150000,1593.9,6273.93
T5,mixed,od_multi,0,0.1,random,1000000,64,2,160000,1631.21,6130.41
T5,mixed,od_multi,0,0.1,random,1000000,64,2,170000,1634.51,6118.06
T5,mixed,od_multi,0,0.1,random,1000000,64,2,180000,1691.79,5910.91
T5,mixed,od_multi,0,0.1,random,1000000,64,2,190000,1560.91,6406.54
T5,mixed,od_multi,0,0.1,random,1000000,64,2,200000,1578.97,6333.24
T5,mixed,od_multi,0,0.1,random,1000000,64,2,210000,1601.75,6243.16
T5,mixed,od_multi,0,0.1,random,1000000,64,2,220000,1622.48,6163.4
T5,mixed,od_multi,0,0.1,random,1000000,64,2,230000,1630.06,6134.75
T5,mixed,od_multi,0,0.1,random,1000000,64,2,240000,1642.34,6088.88
T5,mixed,od_multi,0,0.1,random,1000000,64,2,250000,1660.65,6021.73
T5,mixed,od_multi,0,0.1,random,1000000,64,2,260000,1585.26,6308.1
T5,mixed,od_multi,0,0.1,random,1000000,64,2,270000,1587.55,6299.03
T5,mixed,od_multi,0,0.1,random,1000000,64,2,280000,1605.06,6230.3
T5,mixed,od_multi,0,0.1,random,1000000,64,2,290000,1628.78,6139.55
T5,mixed,od_multi,0,0.1,random,1000000,64,2,300000,1647.13,6071.18
T5,mixed,od_multi,0,0.1,random,1000000,64,2,310000,1658.23,6030.52
T5,mixed,od_multi,0,0.1,random,1000000,64,2,320000,1630.42,6133.38
T5,mixed,od_multi,0,0.1,random,1000000,64,2,330000,1594.35,6272.15
T5,mixed,od_multi,0,0.1,random,1000000,64,2,340000,1624.56,6155.5
T5,mixed,od_multi,0,0.1,random,1000000,64,2,350000,1616.94,6184.53
T5,mixed,od_multi,0,0.1,random,1000000,64,2,360000,1643.53,6084.47
T5,mixed,od_multi,0,0.1,random,1000000,64,2,370000,1658.87,6028.18
T5,mixed,od_multi,0,0.1,random,1000000,64,2,380000,1702.9,5872.35
T5,mixed,od_multi,0,0.1,random,1000000,64,2,390000,1602.87,6238.82
T5,mixed,od_multi,0,0.1,random,1000000,64,2,400000,1607.44,6221.09
T5,mixed,od_multi,0,0.1,random,1000000,64,2,410000,1629.94,6135.18
T5,mixed,od_multi,0,0.1,random,1000000,64,2,420000,1645.1,6078.67
T5,mixed,od_multi,0,0.1,random,1000000,64,2,430000,1664.62,6007.36
T5,mixed,od_multi,0,0.1,random,1000000,64,2,440000,1672.94,5977.5
T5,mixed,od_multi,0,0.1,random,1000000,64,2,450000,1650.92,6057.23
T5,mixed,od_multi,0,0.1,random,1000000,64,2,460000,1606.35,6225.29
T5,mixed,od_multi,0,0.1,random,1000000,64,2,470000,1631.83,6128.11
T5,mixed,od_multi,0,0.1,random,1000000,64,2,480000,1650.65,6058.22
T5,mixed,od_multi,0,0.1,random,1000000,64,2,490000,1672.86,5977.77
T5,mixed,od_multi,0,0.1,random,1000000,64,2,500000,1668.77,5992.42
T5,mixed,od_multi,0,0.1,random,1000000,64,2,510000,1705.38,5863.78
T5,mixed,od_multi,0,0.1,random,1000000,64,2,520000,1643.85,6083.28
T5,mixed,od_multi,0,0.1,random,1000000,64,2,530000,1621.61,6166.73
T5,mixed,od_multi,0,0.1,random,1000000,64,2,540000,1636.25,6111.52
T5,mixed,od_multi,0,0.1,random,1000000,64,2,550000,1646.58,6073.18
T5,mixed,od_multi,0,0.1,random,1000000,64,2,560000,1684.35,5937.02
T5,mixed,od_multi,0,0.1,random,1000000,64,2,570000,1698.23,5888.48
T5,mixed,od_multi,0,0.1,random,1000000,64,2,580000,1716.8,5824.78
T5,mixed,od_multi,0,0.1,random,1000000,64,2,590000,1622.22,6164.39
T5,mixed,od_multi,0,0.1,random,1000000,64,2,600000,1636.22,6111.66
T5,mixed,od_multi,0,0.1,random,1000000,64,2,610000,1645.26,6078.06
T5,mixed,od_multi,0,0.1,random,1000000,64,2,620000,1669.35,5990.35
T5,mixed,od_multi,0,0.1,random,1000000,64,2,630000,1695.53,5897.85
T5,mixed,od_multi,0,0.1,random,1000000,64,2,640000,1725.37,5795.87
T5,mixed,od_multi,0,0.1,random,1000000,64,2,650000,1618.42,6178.86
T5,mixed,od_multi,0,0.1,random,1000000,64,2,660000,1627.42,6144.7
T5,mixed,od_multi,0,0.1,random,1000000,64,2,670000,1647.1,6071.29
T5,mixed,od_multi,0,0.1,random,1000000,64,2,680000,1686.85,5928.22
T5,mixed,od_multi,0,0.1,random,1000000,64,2,690000,1692.65,5907.9
T5,mixed,od_multi,0,0.1,random,1000000,64,2,700000,1699.96,5882.5
T5,mixed,od_multi,0,0.1,random,1000000,64,2,710000,1709.91,5848.25
T5,mixed,od_multi,0,0.1,random,1000000,64,2,720000,1640.67,6095.07
T5,mixed,od_multi,0,0.1,random,1000000,64,2,730000,1641.46,6092.14
T5,mixed,od_multi,0,0.1,random,1000000,64,2,740000,1664.88,6006.43
T5,mixed,od_multi,0,0.1,random,1000000,64,2,750000,1671.93,5981.1
T5,mixed,od_multi,0,0.1,random,1000000,64,2,760000,1706.37,5860.4
T5,mixed,od_multi,0,0.1,random,1000000,64,2,770000,1737.31,5756.04
T5,mixed,od_multi,0,0.1,random,1000000,64,2,780000,1649.49,6062.49
T5,mixed,od_multi,0,0.1,random,1000000,64,2,790000,1650.24,6059.74
T5,mixed,od_multi,0,0.1,random,1000000,64,2,800000,1669.61,5989.41
T5,mixed,od_multi,0,0.1,random,1000000,64,2,810000,1699.4,5884.42
T5,mixed,od_multi,0,0.1,random,1000000,64,2,820000,1702.98,5872.04
T5,mixed,od_multi,0,0.1,random,1000000,64,2,830000,1727.49,5788.75
T5,mixed,od_multi,0,0.1,random,1000000,64,2,840000,1721.18,5809.96
T5,mixed,od_multi,0,0.1,random,1000000,64,2,850000,1642.52,6088.22
T5,mixed,od_multi,0,0.1,random,1000000,64,2,860000,1663.32,6012.07
T5,mixed,od_multi,0,0.1,random,1000000,64,2,870000,1704.72,5866.06
T5,mixed,od_multi,0,0.1,random,1000000,64,2,880000,1711.25,5843.68
T5,mixed,od_multi,0,0.1,random,1000000,64,2,890000,1705.09,5864.79
T5,mixed,od_multi,0,0.1,random,1000000,64,2,900000,1744.67,5731.73
T5,mixed,od_multi,0,0.1,random,1000000,64,2,910000,1732.65,5771.51
T5,mixed,od_multi,0,0.1,random,1000000,64,2,920000,1676.85,5963.56
T5,mixed,od_multi,0,0.1,random,1000000,64,2,930000,1696.77,5893.54
T5,mixed,od_multi,0,0.1,random,1000000,64,2,940000,1719.95,5814.11
T5,mixed,od_multi,0,0.1,random,1000000,64,2,950000,1713.16,5837.16
T5,mixed,od_multi,0,0.1,random,1000000,64,2,960000,1731.87,5774.11
T5,mixed,od_multi,0,0.1,random,1000000,64,2,970000,1745.71,5728.33
T5,mixed,od_multi,0,0.1,random,1000000,64,2,980000,1682.12,5944.86
T5,mixed,od_multi,0,0.1,random,1000000,64,2,990000,1696.07,5895.97
T5,mixed,od_multi,0,0.1,random,1000000,64,2,1000000,1700.71,5879.9
T5,mixed,od_multi,0,0.1,random,1000000,64,3,10000,1738.01,5753.69
T5,mixed,od_multi,0,0.1,random,1000000,64,3,20000,1483.83,6739.31
T5,mixed,od_multi,0,0.1,random,1000000,64,3,30000,1522.27,6569.13
T5,mixed,od_multi,0,0.1,random,1000000,64,3,40000,1505.64,6641.71
T5,mixed,od_multi,0,0.1,random,1000000,64,3,50000,1574.02,6353.16
T5,mixed,od_multi,0,0.1,random,1000000,64,3,60000,1539.73,6494.63
T5,mixed,od_multi,0,0.1,random,1000000,64,3,70000,1556.29,6425.53
T5,mixed,od_multi,0,0.1,random,1000000,64,3,80000,1588.87,6293.8
T5,mixed,od_multi,0,0.1,random,1000000,64,3,90000,1601.83,6242.85
T5,mixed,od_multi,0,0.1,random,1000000,64,3,100000,1630.6,6132.71
T5,mixed,od_multi,0,0.1,random,1000000,64,3,110000,1636.56,6110.36
T5,mixed,od_multi,0,0.1,random,1000000,64,3,120000,1647.56,6069.59
T5,mixed,od_multi,0,0.1,random,1000000,64,3,130000,1577.09,6340.79
T5,mixed,od_multi,0,0.1,random,1000000,64,3,140000,1588.34,6295.87
T5,mixed,od_multi,0,0.1,random,1000000,64,3,150000,1609.66,6212.5
T5,mixed,od_multi,0,0.1,random,1000000,64,3,160000,1612.71,6200.73
T5,mixed,od_multi,0,0.1,random,1000000,64,3,170000,1660.19,6023.41
T5,mixed,od_multi,0,0.1,random,1000000,64,3,180000,1685.18,5934.09
T5,mixed,od_multi,0,0.1,random,1000000,64,3,190000,1574.38,6351.7
T5,mixed,od_multi,0,0.1,random,1000000,64,3,200000,1580.83,6325.79
T5,mixed,od_multi,0,0.1,random,1000000,64,3,210000,1602.44,6240.47
T5,mixed,od_multi,0,0.1,random,1000000,64,3,220000,1623.9,6158
T5,mixed,od_multi,0,0.1,random,1000000,64,3,230000,1650.23,6059.74
T5,mixed,od_multi,0,0.1,random,1000000,64,3,240000,1649.09,6063.96
T5,mixed,od_multi,0,0.1,random,1000000,64,3,250000,1658.75,6028.64
T5,mixed,od_multi,0,0.1,random,1000000,64,3,260000,1578.02,6337.06
T5,mixed,od_multi,0,0.1,random,1000000,64,3,270000,1621.22,6168.19
T5,mixed,od_multi,0,0.1,random,1000000,64,3,280000,1605.46,6228.73
T5,mixed,od_multi,0,0.1,random,1000000,64,3,290000,1623.32,6160.2
T5,mixed,od_multi,0,0.1,random,1000000,64,3,300000,1653.56,6047.56
T5,mixed,od_multi,0,0.1,random,1000000,64,3,310000,1650.95,6057.13
T5,mixed,od_multi,0,0.1,random,1000000,64,3,320000,1639.6,6099.06
T5,mixed,od_multi,0,0.1,random,1000000,64,3,330000,1578.59,6334.78
T5,mixed,od_multi,0,0.1,random,1000000,64,3,340000,1611.82,6204.18
T5,mixed,od_multi,0,0.1,random,1000000,64,3,350000,1623.03,6161.31
T5,mixed,od_multi,0,0.1,random,1000000,64,3,360000,1658.86,6028.22
T5,mixed,od_multi,0,0.1,random,1000000,64,3,370000,1660.52,6022.19
T5,mixed,od_multi,0,0.1,random,1000000,64,3,380000,1677.95,5959.64
T5,mixed,od_multi,0,0.1,random,1000000,64,3,390000,1601.4,6244.52
T5,mixed,od_multi,0,0.1,random,1000000,64,3,400000,1623.48,6159.6
T5,mixed,od_multi,0,0.1,random,1000000,64,3,410000,1622.37,6163.84
T5,mixed,od_multi,0,0.1,random,1000000,64,3,420000,1640.44,6095.94
T5,mixed,od_multi,0,0.1,random,1000000,64,3,430000,1672.2,5980.14
T5,mixed,od_multi,0,0.1,random,1000000,64,3,440000,1681.11,5948.45
T5,mixed,od_multi,0,0.1,random,1000000,64,3,450000,1647.28,6070.61
T5,mixed,od_multi,0,0.1,random,1000000,64,3,460000,1611.35,6205.96
T5,mixed,od_multi,0,0.1,random,1000000,64,3,470000,1631.55,6129.12
T5,mixed,od_multi,0,0.1,random,1000000,64,3,480000,1637.99,6105.05
T5,mixed,od_multi,0,0.1,random,1000000,64,3,490000,1647.08,6071.35
T5,mixed,od_multi,0,0.1,random,1000000,64,3,500000,1683.63,5939.54
T5,mixed,od_multi,0,0.1,random,1000000,64,3,510000,1691.8,5910.85
T5,mixed,od_multi,0,0.1,random,1000000,64,3,520000,1608.08,6218.61
T5,mixed,od_multi,0,0.1,random,1000000,64,3,530000,1622.43,6163.6
T5,mixed,od_multi,0,0.1,random,1000000,64,3,540000,1642.31,6088.99
T5,mixed,od_multi,0,0.1,random,1000000,64,3,550000,1642.82,6087.11
T5,mixed,od_multi,0,0.1,random,1000000,64,3,560000,1675.71,5967.61
T5,mixed,od_multi,0,0.1,random,1000000,64,3,570000,1692.65,5907.9
T5,mixed,od_multi,0,0.1,random,1000000,64,3,580000,1674.83,5970.75
T5,mixed,od_multi,0,0.1,random,1000000,64,3,590000,1631.63,6128.84
T5,mixed,od_multi,0,0.1,random,1000000,64,3,600000,1652.25,6052.34
T5,mixed,od_multi,0,0.1,random,1000000,64,3,610000,1666.71,5999.85
T5,mixed,od_multi,0,0.1,random,1000000,64,3,620000,1673.42,5975.8
T5,mixed,od_multi,0,0.1,random,1000000,64,3,630000,1690.9,5914.01
T5,mixed,od_multi,0,0.1,random,1000000,64,3,640000,1728.86,5784.16
T5,mixed,od_multi,0,0.1,random,1000000,64,3,650000,1620.78,6169.85
T5,mixed,od_multi,0,0.1,random,1000000,64,3,660000,1659.87,6024.58
T5,mixed,od_multi,0,0.1,random,1000000,64,3,670000,1661.95,6017.01
T5,mixed,od_multi,0,0.1,random,1000000,64,3,680000,1674.03,5973.6
T5,mixed,od_multi,0,0.1,random,1000000,64,3,690000,1698.83,5886.39
T5,mixed,od_multi,0,0.1,random,1000000,64,3,700000,1707.41,5856.82
T5,mixed,od_multi,0,0.1,random,1000000,64,3,710000,1694.89,5900.09
T5,mixed,od_multi,0,0.1,random,1000000,64,3,720000,1636.28,6111.43
T5,mixed,od_multi,0,0.1,random,1000000,64,3,730000,1651.8,6054.01
T5,mixed,od_multi,0,0.1,random,1000000,64,3,740000,1659.66,6025.33
T5,mixed,od_multi,0,0.1,random,1000000,64,3,750000,1674.37,5972.4
T5,mixed,od_multi,0,0.1,random,1000000,64,3,760000,1706.7,5859.26
T5,mixed,od_multi,0,0.1,random,1000000,64,3,770000,1758.7,5686.02
T5,mixed,od_multi,0,0.1,random,1000000,64,3,780000,1652.61,6051.04
T5,mixed,od_multi,0,0.1,random,1000000,64,3,790000,1640.65,6095.14
T5,mixed,od_multi,0,0.1,random,1000000,64,3,800000,1667.31,5997.7
T5,mixed,od_multi,0,0.1,random,1000000,64,3,810000,1702.78,5872.77
T5,mixed,od_multi,0,0.1,random,1000000,64,3,820000,1703.84,5869.1
T5,mixed,od_multi,0,0.1,random,1000000,64,3,830000,1716.29,5826.52
T5,mixed,od_multi,0,0.1,random,1000000,64,3,840000,1757.66,5689.38
T5,mixed,od_multi,0,0.1,random,1000000,64,3,850000,1647.1,6071.29
T5,mixed,od_multi,0,0.1,random,1000000,64,3,860000,1670.3,5986.93
T5,mixed,od_multi,0,0.1,random,1000000,64,3,870000,1697.08,5892.47
T5,mixed,od_multi,0,0.1,random,1000000,64,3,880000,1693.11,5906.29
T5,mixed,od_multi,0,0.1,random,1000000,64,3,890000,1710.04,5847.82
T5,mixed,od_multi,0,0.1,random,1000000,64,3,900000,1748.57,5718.96
T5,mixed,od_multi,0,0.1,random,1000000,64,3,910000,1684.88,5935.14
T5,mixed,od_multi,0,0.1,random,1000000,64,3,920000,1661.22,6019.68
T5,mixed,od_multi,0,0.1,random,1000000,64,3,930000,1695.45,5898.15
T5,mixed,od_multi,0,0.1,random,1000000,64,3,940000,1688.41,5922.74
T5,mixed,od_multi,0,0.1,random,1000000,64,3,950000,1712.26,5840.25
T5,mixed,od_multi,0,0.1,random,1000000,64,3,960000,1743.52,5735.52
T5,mixed,od_multi,0,0.1,random,1000000,64,3,970000,1744.45,5732.45
T5,mixed,od_multi,0,0.1,random,1000000,64,3,980000,1667.87,5995.66
T5,mixed,od_multi,0,0.1,random,1000000,64,3,990000,1685.12,5934.28
T5,mixed,od_multi,0,0.1,random,1000000,64,3,1000000,1686.59,5929.12
T6,mixed,od_multi,0,0.1,random,1000000,2,1,10000,6621.53,1510.23
T6,mixed,od_multi,0,0.1,random,1000000,2,1,20000,6712.48,1489.76
T6,mixed,od_multi,0,0.1,random,1000000,2,1,30000,6816.51,1467.03
T6,mixed,od_multi,0,0.1,random,1000000,2,1,40000,6914.97,1446.14
T6,mixed,od_multi,0,0.1,random,1000000,2,1,50000,6910.09,1447.16
T6,mixed,od_multi,0,0.1,random,1000000,2,1,60000,7029.46,1422.58
T6,mixed,od_multi,0,0.1,random,1000000,2,1,70000,7249.8,1379.35
T6,mixed,od_multi,0,0.1,random,1000000,2,1,80000,7271.72,1375.19
T6,mixed,od_multi,0,0.1,random,1000000,2,1,90000,7448.35,1342.58
T6,mixed,od_multi,0,0.1,random,1000000,2,1,100000,7501.3,1333.1
T6,mixed,od_multi,0,0.1,random,1000000,2,1,110000,7655.01,1306.33
T6,mixed,od_multi,0,0.1,random,1000000,2,1,120000,7314.67,1367.12
T6,mixed,od_multi,0,0.1,random,1000000,2,1,130000,7191.71,1390.49
T6,mixed,od_multi,0,0.1,random,1000000,2,1,140000,7312.07,1367.6
T6,mixed,od_multi,0,0.1,random,1000000,2,1,150000,7525,1328.9
T6,mixed,od_multi,0,0.1,random,1000000,2,1,160000,7583.85,1318.59
T6,mixed,od_multi,0,0.1,random,1000000,2,1,170000,7747.19,1290.79
T6,mixed,od_multi,0,0.1,random,1000000,2,1,180000,7841.69,1275.24
T6,mixed,od_multi,0,0.1,random,1000000,2,1,190000,7197.6,1389.35
T6,mixed,od_multi,0,0.1,random,1000000,2,1,200000,7437.23,1344.59
T6,mixed,od_multi,0,0.1,random,1000000,2,1,210000,7660.36,1305.42
T6,mixed,od_multi,0,0.1,random,1000000,2,1,220000,7549.59,1324.58
T6,mixed,od_multi,0,0.1,random,1000000,2,1,230000,7719.67,1295.39
T6,mixed,od_multi,0,0.1,random,1000000,2,1,240000,7681.07,1301.9
T6,mixed,od_multi,0,0.1,random,1000000,2,1,250000,7665.74,1304.51
T6,mixed,od_multi,0,0.1,random,1000000,2,1,260000,7515.22,1330.63
T6,mixed,od_multi,0,0.1,random,1000000,2,1,270000,7632.63,1310.17
T6,mixed,od_multi,0,0.1,random,1000000,2,1,280000,7803.4,1281.49
T6,mixed,od_multi,0,0.1,random,1000000,2,1,290000,7736.31,1292.61
T6,mixed,od_multi,0,0.1,random,1000000,2,1,300000,7914.72,1263.47
T6,mixed,od_multi,0,0.1,random,1000000,2,1,310000,8042.78,1243.35
T6,mixed,od_multi,0,0.1,random,1000000,2,1,320000,7587.72,1317.92
T6,mixed,od_multi,0,0.1,random,1000000,2,1,330000,7688.68,1300.61
T6,mixed,od_multi,0,0.1,random,1000000,2,1,340000,7622.87,1311.84
T6,mixed,od_multi,0,0.1,random,1000000,2,1,350000,7891.07,1267.26
T6,mixed,od_multi,0,0.1,random,1000000,2,1,360000,8028.39,1245.58
T6,mixed,od_multi,0,0.1,random,1000000,2,1,370000,7867.04,1271.13
T6,mixed,od_multi,0,0.1,random,1000000,2,1,380000,7991.47,1251.33
T6,mixed,od_multi,0,0.1,random,1000000,2,1,390000,7829.24,1277.26
T6,mixed,od_multi,0,0.1,random,1000000,2,1,400000,7873.83,1270.03
T6,mixed,od_multi,0,0.1,random,1000000,2,1,410000,7951.32,1257.65
T6,mixed,od_multi,0,0.1,random,1000000,2,1,420000,8093.76,1235.52
T6,mixed,od_multi,0,0.1,random,1000000,2,1,430000,8102.12,1234.25
T6,mixed,od_multi,0,0.1,random,1000000,2,1,440000,8273.39,1208.69
T6,mixed,od_multi,0,0.1,random,1000000,2,1,450000,7939.59,1259.51
T6,mixed,od_multi,0,0.1,random,1000000,2,1,460000,8026.09,1245.94
T6,mixed,od_multi,0,0.1,random,1000000,2,1,470000,7964.68,1255.54
T6,mixed,od_multi,0,0.1,random,1000000,2,1,480000,8153.09,1226.53
T6,mixed,od_multi,0,0.1,random,1000000,2,1,490000,8271.78,1208.93
T6,mixed,od_multi,0,0.1,random,1000000,2,1,500000,8422.55,1187.29
T6,mixed,od_multi,0,0.1,random,1000000,2,1,510000,8293.65,1205.74
T6,mixed,od_multi,0,0.1,random,1000000,2,1,520000,8013.08,1247.96
T6,mixed,od_multi,0,0.1,random,1000000,2,1,530000,8127.17,1230.44
T6,mixed,od_multi,0,0.1,random,1000000,2,1,540000,8249.67,1212.17
T6,mixed,od_multi,0,0.1,random,1000000,2,1,550000,8408.79,1189.23
T6,mixed,od_multi,0,0.1,random,1000000,2,1,560000,8430.25,1186.2
T6,mixed,od_multi,0,0.1,random,1000000,2,1,570000,8530.37,1172.28
T6,mixed,od_multi,0,0.1,random,1000000,2,1,580000,8107.05,1233.49
T6,mixed,od_multi,0,0.1,random,1000000,2,1,590000,8204.99,1218.77
T6,mixed,od_multi,0,0.1,random,1000000,2,1,600000,8368.22,1195
T6,mixed,od_multi,0,0.1,random,1000000,2,1,610000,8396.77,1190.93
T6,mixed,od_multi,0,0.1,random,1000000,2,1,620000,8475.7,1179.84
T6,mixed,od_multi,0,0.1,random,1000000,2,1,630000,8557,1168.63
T6,mixed,od_multi,0,0.1,random,1000000,2,1,640000,8571.27,1166.69
T6,mixed,od_multi,0,0.1,random,1000000,2,1,650000,8288.66,1206.47
T6,mixed,od_multi,0,0.1,random,1000000,2,1,660000,8447.27,1183.81
T6,mixed,od_multi,0,0.1,random,1000000,2,1,670000,8384.75,1192.64
T6,mixed,od_multi,0,0.1,random,1000000,2,1,680000,8561.8,1167.98
T6,mixed,od_multi,0,0.1,random,1000000,2,1,690000,8715.12,1147.43
T6,mixed,od_multi,0,0.1,random,1000000,2,1,700000,8775.27,1139.57
T6,mixed,od_multi,0,0.1,random,1000000,2,1,710000,8481.97,1178.97
T6,mixed,od_multi,0,0.1,random,1000000,2,1,720000,8466.75,1181.09
T6,mixed,od_multi,0,0.1,random,1000000,2,1,730000,8511.54,1174.87
T6,mixed,od_multi,0,0.1,random,1000000,2,1,740000,8641.34,1157.23
T6,mixed,od_multi,0,0.1,random,1000000,2,1,750000,8749.62,1142.91
T6,mixed,od_multi,0,0.1,random,1000000,2,1,760000,8847.95,1130.21
T6,mixed,od_multi,0,0.1,random,1000000,2,1,770000,9002.61,1110.79
T6,mixed,od_multi,0,0.1,random,1000000,2,1,780000,8525.81,1172.91
T6,mixed,od_multi,0,0.1,random,1000000,2,1,790000,8615.76,1160.66
T6,mixed,od_multi,0,0.1,random,1000000,2,1,800000,8648.96,1156.21
T6,mixed,od_multi,0,0.1,random,1000000,2,1,810000,8847.06,1130.32
T6,mixed,od_multi,0,0.1,random,1000000,2,1,820000,8796.61,1136.8
T6,mixed,od_multi,0,0.1,random,1000000,2,1,830000,9051.07,1104.84
T6,mixed,od_multi,0,0.1,random,1000000,2,1,840000,8736.06,1144.68
T6,mixed,od_multi,0,0.1,random,1000000,2,1,850000,8677.87,1152.36
T6,mixed,od_multi,0,0.1,random,1000000,2,1,860000,8777.32,1139.3
T6,mixed,od_multi,0,0.1,random,1000000,2,1,870000,8833.47,1132.06
T6,mixed,od_multi,0,0.1,random,1000000,2,1,880000,8904.35,1123.05
T6,mixed,od_multi,0,0.1,random,1000000,2,1,890000,9062.63,1103.43
T6,mixed,od_multi,0,0.1,random,1000000,2,1,900000,9123.79,1096.04
T6,mixed,od_multi,0,0.1,random,1000000,2,1,910000,8804.08,1135.84
T6,mixed,od_multi,0,0.1,random,1000000,2,1,920000,8906.85,1122.73
T6,mixed,od_multi,0,0.1,random,1000000,2,1,930000,8790.24,1137.63
T6,mixed,od_multi,0,0.1,random,1000000,2,1,940000,9148.31,1093.1
T6,mixed,od_multi,0,0.1,random,1000000,2,1,950000,8998.94,1111.24
T6,mixed,od_multi,0,0.1,random,1000000,2,1,960000,9231.09,1083.3
T6,mixed,od_multi,0,0.1,random,1000000,2,1,970000,9140.29,1094.06
T6,mixed,od_multi,0,0.1,random,1000000,2,1,980000,9004.76,1110.52
T6,mixed,od_multi,0,0.1,random,1000000,2,1,990000,8909.24,1122.43
T6,mixed,od_multi,0,0.1,random,1000000,2,1,1000000,9131.77,1095.08
T6,mixed,od_multi,0,0.1,random,1000000,2,2,10000,6561.15,1524.12
T6,mixed,od_multi,0,0.1,random,1000000,2,2,20000,6784.57,1473.93
T6,mixed,od_multi,0,0.1,random,1000000,2,2,30000,6889.51,1451.48
T6,mixed,od_multi,0,0.1,random,1000000,2,2,40000,6838.68,1462.27
T6,mixed,od_multi,0,0.1,random,1000000,2,2,50000,6981.25,1432.41
T6,mixed,od_multi,0,0.1,random,1000000,2,2,60000,7145.71,1399.44
T6,mixed,od_multi,0,0.1,random,1000000,2,2,70000,7235.82,1382.01
T6,mixed,od_multi,0,0.1,random,1000000,2,2,80000,7278.63,1373.89
T6,mixed,od_multi,0,0.1,random,1000000,2,2,90000,7429.95,1345.9
T6,mixed,od_multi,0,0.1,random,1000000,2,2,100000,7405.68,1350.32
T6,mixed,od_multi,0,0.1,random,1000000,2,2,110000,7608.07,1314.39
T6,mixed,od_multi,0,0.1,random,1000000,2,2,120000,7506.06,1332.26
T6,mixed,od_multi,0,0.1,random,1000000,2,2,130000,7326.95,1364.83
T6,mixed,od_multi,0,0.1,random,1000000,2,2,140000,7413.79,1348.84
T6,mixed,od_multi,0,0.1,random,1000000,2,2,150000,7491.19,1334.9
T6,mixed,od_multi,0,0.1,random,1000000,2,2,160000,7585.91,1318.23
T6,mixed,od_multi,0,0.1,random,1000000,2,2,170000,7631.29,1310.39
T6,mixed,od_multi,0,0.1,random,1000000,2,2,180000,7783.41,1284.78
T6,mixed,od_multi,0,0.1,random,1000000,2,2,190000,7261.87,1377.05
T6,mixed,od_multi,0,0.1,random,1000000,2,2,200000,7393.24,1352.59
T6,mixed,od_multi,0,0.1,random,1000000,2,2,210000,7627.21,1311.1
T6,mixed,od_multi,0,0.1,random,1000000,2,2,220000,7674.82,1302.96
T6,mixed,od_multi,0,0.1,random,1000000,2,2,230000,7680.45,1302.01
T6,mixed,od_multi,0,0.1,random,1000000,2,2,240000,7803.81,1281.42
T6,mixed,od_multi,0,0.1,random,1000000,2,2,250000,7587.43,1317.97
T6,mixed,od_multi,0,0.1,random,1000000,2,2,260000,7557.69,1323.16
T6,mixed,od_multi,0,0.1,random,1000000,2,2,270000,7695.86,1299.4
T6,mixed,od_multi,0,0.1,random,1000000,2,2,280000,7788.36,1283.97
T6,mixed,od_multi,0,0.1,random,1000000,2,2,290000,7945.06,1258.64
T6,mixed,od_multi,0,0.1,random,1000000,2,2,300000,7780.75,1285.22
T6,mixed,od_multi,0,0.1,random,1000000,2,2,310000,7977.43,1253.54
T6,mixed,od_multi,0,0.1,random,1000000,2,2,320000,7638.3,1309.19
T6,mixed,od_multi,0,0.1,random,1000000,2,2,330000,7664.49,1304.72
T6,mixed,od_multi,0,0.1,random,1000000,2,2,340000,7863.73,1271.66
T6,mixed,od_multi,0,0.1,random,1000000,2,2,350000,7973.66,1254.13
T6,mixed,od_multi,0,0.1,random,1000000,2,2,360000,7961.68,1256.02
T6,mixed,od_multi,0,0.1,random,1000000,2,2,370000,7913.59,1263.65
T6,mixed,od_multi,0,0.1,random,1000000,2,2,380000,7978,1253.45
T6,mixed,od_multi,0,0.1,random,1000000,2,2,390000,7812.54,1279.99
T6,mixed,od_multi,0,0.1,random,1000000,2,2,400000,7761.7,1288.38
T6,mixed,od_multi,0,0.1,random,1000000,2,2,410000,7962.03,1255.96
T6,mixed,od_multi,0,0.1,random,1000000,2,2,420000,8082.35,1237.26
T6,mixed,od_multi,0,0.1,random,1000000,2,2,430000,8236.34,1214.13
T6,mixed,od_multi,0,0.1,random,1000000,2,2,440000,8200.79,1219.39
T6,mixed,od_multi,0,0.1,random,1000000,2,2,450000,7983.22,1252.63
T6,mixed,od_multi,0,0.1,random,1000000,2,2,460000,7927.5,1261.43
T6,mixed,od_multi,0,0.1,random,1000000,2,2,470000,8059.84,1240.72
T6,mixed,od_multi,0,0.1,random,1000000,2,2,480000,8188.78,1221.18
T6,mixed,od_multi,0,0.1,random,1000000,2,2,490000,8031.01,1245.17
T6,mixed,od_multi,0,0.1,random,1000000,2,2,500000,8294.7,1205.59
T6,mixed,od_multi,0,0.1,random,1000000,2,2,510000,8300.36,1204.77
T6,mixed,od_multi,0,0.1,random,1000000,2,2,520000,7912.94,1263.75
T6,mixed,od_multi,0,0.1,random,1000000,2,2,530000,8142.49,1228.13
T6,mixed,od_multi,0,0.1,random,1000000,2,2,540000,8276.93,1208.18
T6,mixed,od_multi,0,0.1,random,1000000,2,2,550000,8240.83,1213.47
T6,mixed,od_multi,0,0.1,random,1000000,2,2,560000,8328.79,1200.65
T6,mixed,od_multi,0,0.1,random,1000000,2,2,570000,8566.3,1167.37
T6,mixed,od_multi,0,0.1,random,1000000,2,2,580000,8135.34,1229.2
T6,mixed,od_multi,0,0.1,random,1000000,2,2,590000,8165.22,1224.71
T6,mixed,od_multi,0,0.1,random,1000000,2,2,600000,8312.88,1202.95
T6,mixed,od_multi,0,0.1,random,1000000,2,2,610000,8255.91,1211.25
T6,mixed,od_multi,0,0.1,random,1000000,2,2,620000,8355.73,1196.78
T6,mixed,od_multi,0,0.1,random,1000000,2,2,630000,8493.76,1177.33
T6,mixed,od_multi,0,0.1,random,1000000,2,2,640000,8611.47,1161.24
T6,mixed,od_multi,0,0.1,random,1000000,2,2,650000,8274.79,1208.49
T6,mixed,od_multi,0,0.1,random,1000000,2,2,660000,8309.5,1203.44
T6,mixed,od_multi,0,0.1,random,1000000,2,2,670000,8458.74,1182.21
T6,mixed,od_multi,0,0.1,random,1000000,2,2,680000,8582.1,1165.22
T6,mixed,od_multi,0,0.1,random,1000000,2,2,690000,8697.85,1149.71
T6,mixed,od_multi,0,0.1,random,1000000,2,2,700000,8781.28,1138.79
T6,mixed,od_multi,0,0.1,random,1000000,2,2,710000,8453.7,1182.91
T6,mixed,od_multi,0,0.1,random,1000000,2,2,720000,8469.71,1180.68
T6,mixed,od_multi,0,0.1,random,1000000,2,2,730000,8539.98,1170.96
T6,mixed,od_multi,0,0.1,random,1000000,2,2,740000,8551.72,1169.36
T6,mixed,od_multi,0,0.1,random,1000000,2,2,750000,8595.94,1163.34
T6,mixed,od_multi,0,0.1,random,1000000,2,2,760000,8892.95,1124.49
T6,mixed,od_multi,0,0.1,random,1000000,2,2,770000,8948.16,1117.55
T6,mixed,od_multi,0,0.1,random,1000000,2,2,780000,8464.9,1181.35
T6,mixed,od_multi,0,0.1,random,1000000,2,2,790000,8596.55,1163.26
T6,mixed,od_multi,0,0.1,random,1000000,2,2,800000,8823.53,1133.33
T6,mixed,od_multi,0,0.1,random,1000000,2,2,810000,8840.02,1131.22
T6,mixed,od_multi,0,0.1,random,1000000,2,2,820000,8745.69,1143.42
T6,mixed,od_multi,0,0.1,random,1000000,2,2,830000,8989.72,1112.38
T6,mixed,od_multi,0,0.1,random,1000000,2,2,840000,8782.31,1138.65
T6,mixed,od_multi,0,0.1,random,1000000,2,2,850000,8712.1,1147.83
T6,mixed,od_multi,0,0.1,random,1000000,2,2,860000,8759.27,1141.65
T6,mixed,od_multi,0,0.1,random,1000000,2,2,870000,8850.6,1129.87
T6,mixed,od_multi,0,0.1,random,1000000,2,2,880000,9019.61,1108.7
T6,mixed,od_multi,0,0.1,random,1000000,2,2,890000,9199.62,1087
T6,mixed,od_multi,0,0.1,random,1000000,2,2,900000,9120.92,1096.38
T6,mixed,od_multi,0,0.1,random,1000000,2,2,910000,8709.72,1148.14
T6,mixed,od_multi,0,0.1,random,1000000,2,2,920000,8731.32,1145.3
T6,mixed,od_multi,0,0.1,random,1000000,2,2,930000,8765.84,1140.79
T6,mixed,od_multi,0,0.1,random,1000000,2,2,940000,8750.3,1142.82
T6,mixed,od_multi,0,0.1,random,1000000,2,2,950000,9135.07,1094.68
T6,mixed,od_multi,0,0.1,random,1000000,2,2,960000,9180.36,1089.28
T6,mixed,od_multi,0,0.1,random,1000000,2,2,970000,9074.23,1102.02
T6,mixed,od_multi,0,0.1,random,1000000,2,2,980000,8883.99,1125.62
T6,mixed,od_multi,0,0.1,random,1000000,2,2,990000,8971.83,1114.6
T6,mixed,od_multi,0,0.1,random,1000000,2,2,1000000,9185.98,1088.62
T6,mixed,od_multi,0,0.1,random,1000000,2,3,10000,6555.25,1525.49
T6,mixed,od_multi,0,0.1,random,1000000,2,3,20000,6703.62,1491.73
T6,mixed,od_multi,0,0.1,random,1000000,2,3,30000,6825.65,1465.06
T6,mixed,od_multi,0,0.1,random,1000000,2,3,40000,6829.59,1464.22
T6,mixed,od_multi,0,0.1,random,1000000,2,3,50000,7001.74,1428.22
T6,mixed,od_multi,0,0.1,random,1000000,2,3,60000,7152.41,1398.13
T6,mixed,od_multi,0,0.1,random,1000000,2,3,70000,7208.09,1387.33
T6,mixed,od_multi,0,0.1,random,1000000,2,3,80000,7238.18,1381.56
T6,mixed,od_multi,0,0.1,random,1000000,2,3,90000,7421.65,1347.41
T6,mixed,od_multi,0,0.1,random,1000000,2,3,100000,7340.94,1362.22
T6,mixed,od_multi,0,0.1,random,1000000,2,3,110000,7522.04,1329.43
T6,mixed,od_multi,0,0.1,random,1000000,2,3,120000,7336.81,1362.99
T6,mixed,od_multi,0,0.1,random,1000000,2,3,130000,7292.37,1371.3
T6,mixed,od_multi,0,0.1,random,1000000,2,3,140000,7416.58,1348.33
T6,mixed,od_multi,0,0.1,random,1000000,2,3,150000,7448.29,1342.59
T6,mixed,od_multi,0,0.1,random,1000000,2,3,160000,7600.69,1315.67
T6,mixed,od_multi,0,0.1,random,1000000,2,3,170000,7657.35,1305.94
T6,mixed,od_multi,0,0.1,random,1000000,2,3,180000,7635.93,1309.6
T6,mixed,od_multi,0,0.1,random,1000000,2,3,190000,7319.62,1366.19
T6,mixed,od_multi,0,0.1,random,1000000,2,3,200000,7386.87,1353.75
T6,mixed,od_multi,0,0.1,random,1000000,2,3,210000,7466.42,1339.33
T6,mixed,od_multi,0,0.1,random,1000000,2,3,220000,7546.38,1325.14
T6,mixed,od_multi,0,0.1,random,1000000,2,3,230000,7777.37,1285.78
T6,mixed,od_multi,0,0.1,random,1000000,2,3,240000,7865.35,1271.4
T6,mixed,od_multi,0,0.1,random,1000000,2,3,250000,7638.47,1309.16
T6,mixed,od_multi,0,0.1,random,1000000,2,3,260000,7405.37,1350.37
T6,mixed,od_multi,0,0.1,random,1000000,2,3,270000,7627.36,1311.07
T6,mixed,od_multi,0,0.1,random,1000000,2,3,280000,7681.97,1301.75
T6,mixed,od_multi,0,0.1,random,1000000,2,3,290000,7895.46,1266.55
T6,mixed,od_multi,0,0.1,random,1000000,2,3,300000,7902.97,1265.35
T6,mixed,od_multi,0,0.1,random,1000000,2,3,310000,7950.13,1257.84
T6,mixed,od_multi,0,0.1,random,1000000,2,3,320000,7578.16,1319.58
T6,mixed,od_multi,0,0.1,random,1000000,2,3,330000,7459.53,1340.57
T6,mixed,od_multi,0,0.1,random,1000000,2,3,340000,7637.68,1309.3
T6,mixed,od_multi,0,0.1,random,1000000,2,3,350000,7869.05,1270.8
T6,mixed,od_multi,0,0.1,random,1000000,2,3,360000,7976.39,1253.7
T6,mixed,od_multi,0,0.1,random,1000000,2,3,370000,8045.13,1242.99
T6,mixed,od_multi,0,0.1,random,1000000,2,3,380000,7983.15,1252.64
T6,mixed,od_multi,0,0.1,random,1000000,2,3,390000,7834.63,1276.38
T6,mixed,od_multi,0,0.1,random,1000000,2,3,400000,7828.16,1277.44
T6,mixed,od_multi,0,0.1,random,1000000,2,3,410000,7885.3,1268.18
T6,mixed,od_multi,0,0.1,random,1000000,2,3,420000,8139.43,1228.59
T6,mixed,od_multi,0,0.1,random,1000000,2,3,430000,8283.83,1207.17
T6,mixed,od_multi,0,0.1,random,1000000,2,3,440000,8363.12,1195.73
T6,mixed,od_multi,0,0.1,random,1000000,2,3,450000,8094.75,1235.37
T6,mixed,od_multi,0,0.1,random,1000000,2,3,460000,8156.25,1226.05
T6,mixed,od_multi,0,0.1,random,1000000,2,3,470000,8450.25,1183.4
T6,mixed,od_multi,0,0.1,random,1000000,2,3,480000,8168.96,1224.15
T6,mixed,od_multi,0,0.1,random,1000000,2,3,490000,8182.76,1222.08
T6,mixed,od_multi,0,0.1,random,1000000,2,3,500000,8317.2,1202.33
T6,mixed,od_multi,0,0.1,random,1000000,2,3,510000,8383.88,1192.77
T6,mixed,od_multi,0,0.1,random,1000000,2,3,520000,7971.38,1254.49
T6,mixed,od_multi,0,0.1,random,1000000,2,3,530000,8120.34,1231.48
T6,mixed,od_multi,0,0.1,random,1000000,2,3,540000,8142.46,1228.13
T6,mixed,od_multi,0,0.1,random,1000000,2,3,550000,8250.26,1212.08
T6,mixed,od_multi,0,0.1,random,1000000,2,3,560000,8407.55,1189.41
T6,mixed,od_multi,0,0.1,random,1000000,2,3,570000,8505.22,1175.75
T6,mixed,od_multi,0,0.1,random,1000000,2,3,580000,8039.96,1243.79
T6,mixed,od_multi,0,0.1,random,1000000,2,3,590000,8167.87,1224.31
T6,mixed,od_multi,0,0.1,random,1000000,2,3,600000,8282.32,1207.39
T6,mixed,od_multi,0,0.1,random,1000000,2,3,610000,8294.18,1205.66
T6,mixed,od_multi,0,0.1,random,1000000,2,3,620000,8349.47,1197.68
T6,mixed,od_multi,0,0.1,random,1000000,2,3,630000,8621.06,1159.95
T6,mixed,od_multi,0,0.1,random,1000000,2,3,640000,8542.54,1170.61
T6,mixed,od_multi,0,0.1,random,1000000,2,3,650000,8220.07,1216.53
T6,mixed,od_multi,0,0.1,random,1000000,2,3,660000,8371.46,1194.54
T6,mixed,od_multi,0,0.1,random,1000000,2,3,670000,8390.33,1191.85
T6,mixed,od_multi,0,0.1,random,1000000,2,3,680000,8511.5,1174.88
T6,mixed,od_multi,0,0.1,random,1000000,2,3,690000,8646,1156.6
T6,mixed,od_multi,0,0.1,random,1000000,2,3,700000,8689.06,1150.87
T6,mixed,od_multi,0,0.1,random,1000000,2,3,710000,8441.84,1184.58
T6,mixed,od_multi,0,0.1,random,1000000,2,3,720000,8366.02,1195.31
T6,mixed,od_multi,0,0.1,random,1000000,2,3,730000,8544.84,1170.3
T6,mixed,od_multi,0,0.1,random,1000000,2,3,740000,8557.21,1168.61
T6,mixed,od_multi,0,0.1,random,1000000,2,3,750000,8696.93,1149.83
T6,mixed,od_multi,0,0.1,random,1000000,2,3,760000,8695.3,1150.05
T6,mixed,od_multi,0,0.1,random,1000000,2,3,770000,8887.81,1125.14
T6,mixed,od_multi,0,0.1,random,1000000,2,3,780000,8505.62,1175.69
T6,mixed,od_multi,0,0.1,random,1000000,2,3,790000,8478.17,1179.5
T6,mixed,od_multi,0,0.1,random,1000000,2,3,800000,8723.1,1146.38
T6,mixed,od_multi,0,0.1,random,1000000,2,3,810000,8811.12,1134.93
T6,mixed,od_multi,0,0.1,random,1000000,2,3,820000,8744.33,1143.6
T6,mixed,od_multi,0,0.1,random,1000000,2,3,830000,8982.04,1113.33
T6,mixed,od_multi,0,0.1,random,1000000,2,3,840000,8771.13,1140.1
T6,mixed,od_multi,0,0.1,random,1000000,2,3,850000,8700.08,1149.42
T6,mixed,od_multi,0,0.1,random,1000000,2,3,860000,8756.83,1141.97
T6,mixed,od_multi,0,0.1,random,1000000,2,3,870000,8807.57,1135.39
T6,mixed,od_multi,0,0.1,random,1000000,2,3,880000,8989.75,1112.38
T6,mixed,od_multi,0,0.1,random,1000000,2,3,890000,9141.66,1093.89
T6,mixed,od_multi,0,0.1,random,1000000,2,3,900000,9199.8,1086.98
T6,mixed,od_multi,0,0.1,random,1000000,2,3,910000,8837.81,1131.5
T6,mixed,od_multi,0,0.1,random,1000000,2,3,920000,8826.37,1132.97
T6,mixed,od_multi,0,0.1,random,1000000,2,3,930000,8888.3,1125.07
T6,mixed,od_multi,0,0.1,random,1000000,2,3,940000,9047.97,1105.22
T6,mixed,od_multi,0,0.1,random,1000000,2,3,950000,9033.42,1107
T6,mixed,od_multi,0,0.1,random,1000000,2,3,960000,9272.15,1078.5
T6,mixed,od_multi,0,0.1,random,1000000,2,3,970000,8972.04,1114.57
T6,mixed,od_multi,0,0.1,random,1000000,2,3,980000,8892.93,1124.49
T6,mixed,od_multi,0,0.1,random,1000000,2,3,990000,9050.25,1104.94
T6,mixed,od_multi,0,0.1,random,1000000,2,3,1000000,9162.52,1091.4
T6,mixed,od_multi,0,0.1,sequential,1000000,2,1,10000,2034.86,4914.34
T6,mixed,od_multi,0,0.1,sequential,1000000,2,1,20000,2101.85,4757.71
T6,mixed,od_multi,0,0.1,sequential,1000000,2,1,30000,2146.72,4658.28
T6,mixed,od_multi,0,0.1,sequential,1000000,2,1,40000,2174.31,4599.16
T6,mixed,od_multi,0,0.1,sequential,1000000,2,1,50000,2230.51,4483.28
T6,mixed,od_multi,0,0.1,sequential,1000000,2,1,60000,2039.44,4903.31
T6,mixed,od_multi,0,0.1,sequential,1000000,2,1,70000,2101.37,4758.81
T6,mixed,od_multi,0,0.1,sequential,1000000,2,1,80000,2132.26,4689.87
T6,mixed,od_multi,0,0.1,sequential,1000000,2,1,90000,2190.05,4566.11
T6,mixed,od_multi,0,0.1,sequential,1000000,2,1,100000,2280.32,4385.35
T6,mixed,od_multi,0,0.1,sequential,1000000,2,1,110000,2334.36,4283.82
T6,mixed,od_multi,0,0.1,sequential,1000000,2,1,120000,2260.33,4424.14
T6,mixed,od_multi,0,0.1,sequential,1000000,2,1,130000,2194.33,4557.2
T6,mixed,od_multi,0,0.1,sequential,1000000,2,1,140000,2237.36,4469.54
T6,mixed,od_multi,0,0.1,sequential,1000000,2,1,150000,2312.61,4324.11
T6,mixed,od_multi,0,0.1,sequential,1000000,2,1,160000,2361.78,4234.09
T6,mixed,od_multi,0,0.1,sequential,1000000,2,1,170000,2420.15,4131.97
T6,mixed,od_multi,0,0.1,sequential,1000000,2,1,180000,2502.56,3995.92
T6,mixed,od_multi,0,0.1,sequential,1000000,2,1,190000,2266.11,4412.86
T6,mixed,od_multi,0,0.1,sequential,1000000,2,1,200000,2315.19,4319.3
T6,mixed,od_multi,0,0.1,sequential,1000000,2,1,210000,2382.43,4197.4
T6,mixed,od_multi,0,0.1,sequential,1000000,2,1,220000,2435.72,4105.56
T6,mixed,od_multi,0,0.1,sequential,1000000,2,1,230000,2500.25,3999.6
T6,mixed,od_multi,0,0.1,sequential,1000000,2,1,240000,2575.21,3883.17
T6,mixed,od_multi,0,0.1,sequential,1000000,2,1,250000,2509.7,3984.55
T6,mixed,od_multi,0,0.1,sequential,1000000,2,1,260000,2387.75,4188.04
T6,mixed,od_multi,0,0.1,sequential,1000000,2,1,270000,2432.83,4110.44
T6,mixed,od_multi,0,0.1,sequential,1000000,2,1,280000,2519.56,3968.95
T6,mixed,od_multi,0,0.1,sequential,1000000,2,1,290000,2581.71,3873.39
T6,mixed,od_multi,0,0.1,sequential,1000000,2,1,300000,2636.75,3792.55
T6,mixed,od_multi,0,0.1,sequential,1000000,2,1,310000,2677.95,3734.2
T6,mixed,od_multi,0,0.1,sequential,1000000,2,1,320000,2531.97,3949.49
T6,mixed,od_multi,0,0.1,sequential,1000000,2,1,330000,2550.24,3921.19
T6,mixed,od_multi,0,0.1,sequential,1000000,2,1,340000,2596.48,3851.37
T6,mixed,od_multi,0,0.1,sequential,1000000,2,1,350000,2653.41,3768.73
T6,mixed,od_multi,0,0.1,sequential,1000000,2,1,360000,2685.87,3723.19
T6,mixed,od_multi,0,0.1,sequential,1000000,2,1,370000,2773.29,3605.82
T6,mixed,od_multi,0,0.1,sequential,1000000,2,1,380000,2718.21,3678.89
T6,mixed,od_multi,0,0.1,sequential,1000000,2,1,390000,2608.75,3833.26
T6,mixed,od_multi,0,0.1,sequential,1000000,2,1,400000,2677.06,3735.44
T6,mixed,od_multi,0,0.1,sequential,1000000,2,1,410000,2713.65,3685.08
T6,mixed,od_multi,0,0.1,sequential,1000000,2,1,420000,2787.98,3586.83
T6,mixed,od_multi,0,0.1,sequential,1000000,2,1,430000,2840.04,3521.08
T6,mixed,od_multi,0,0.1,sequential,1000000,2,1,440000,2903.76,3443.81
T6,mixed,od_multi,0,0.1,sequential,1000000,2,1,450000,2790.92,3583.04
T6,mixed,od_multi,0,0.1,sequential,1000000,2,1,460000,2741.74,3647.31
T6,mixed,od_multi,0,0.1,sequential,1000000,2,1,470000,2799.69,3571.83
T6,mixed,od_multi,0,0.1,sequential,1000000,2,1,480000,2862.85,3493.02
T6,mixed,od_multi,0,0.1,sequential,1000000,2,1,490000,2929.06,3414.06
T6,mixed,od_multi,0,0.1,sequential,1000000,2,1,500000,2984.03,3351.18
T6,mixed,od_multi,0,0.1,sequential,1000000,2,1,510000,3016.77,3314.81
T6,mixed,od_multi,0,0.1,sequential,1000000,2,1,520000,2857.62,3499.42
T6,mixed,od_multi,0,0.1,sequential,1000000,2,1,530000,2893.95,3455.48
T6,mixed,od_multi,0,0.1,sequential,1000000,2,1,540000,2957.33,3381.42
T6,mixed,od_multi,0,0.1,sequential,1000000,2,1,550000,3022.56,3308.45
T6,mixed,od_multi,0,0.1,sequential,1000000,2,1,560000,3063.55,3264.19
T6,mixed,od_multi,0,0.1,sequential,1000000,2,1,570000,3121.12,3203.98
T6,mixed,od_multi,0,0.1,sequential,1000000,2,1,580000,3011.55,3320.55
T6,mixed,od_multi,0,0.1,sequential,1000000,2,1,590000,2951.71,3387.86
T6,mixed,od_multi,0,0.1,sequential,1000000,2,1,600000,3043.72,3285.45
T6,mixed,od_multi,0,0.1,sequential,1000000,2,1,610000,3078.05,3248.81
T6,mixed,od_multi,0,0.1,sequential,1000000,2,1,620000,3147.43,3177.2
T6,mixed,od_multi,0,0.1,sequential,1000000,2,1,630000,3181.42,3143.25
T6,mixed,od_multi,0,0.1,sequential,1000000,2,1,640000,3250.87,3076.1
T6,mixed,od_multi,0,0.1,sequential,1000000,2,1,650000,3035.29,3294.58
T6,mixed,od_multi,0,0.1,sequential,1000000,2,1,660000,3113.41,3211.91
T6,mixed,od_multi,0,0.1,sequential,1000000,2,1,670000,3177.96,3146.67
T6,mixed,od_multi,0,0.1,sequential,1000000,2,1,680000,3218.44,3107.09
T6,mixed,od_multi,0,0.1,sequential,1000000,2,1,690000,3288.29,3041.1
T6,mixed,od_multi,0,0.1,sequential,1000000,2,1,700000,3336.8,2996.88
T6,mixed,od_multi,0,0.1,sequential,1000000,2,1,710000,3286.81,3042.46
T6,mixed,od_multi,0,0.1,sequential,1000000,2,1,720000,3201.38,3123.65
T6,mixed,od_multi,0,0.1,sequential,1000000,2,1,730000,3253.19,3073.91
T6,mixed,od_multi,0,0.1,sequential,1000000,2,1,740000,3310.38,3020.8
T6,mixed,od_multi,0,0.1,sequential,1000000,2,1,750000,3383.12,2955.85
T6,mixed,od_multi,0,0.1,sequential,1000000,2,1,760000,3428.76,2916.51
T6,mixed,od_multi,0,0.1,sequential,1000000,2,1,770000,3497.17,2859.46
T6,mixed,od_multi,0,0.1,sequential,1000000,2,1,780000,3240.32,3086.11
T6,mixed,od_multi,0,0.1,sequential,1000000,2,1,790000,3345.5,2989.09
T6,mixed,od_multi,0,0.1,sequential,1000000,2,1,800000,3401.81,2939.61
T6,mixed,od_multi,0,0.1,sequential,1000000,2,1,810000,3471.32,2880.75
T6,mixed,od_multi,0,0.1,sequential,1000000,2,1,820000,3493.34,2862.59
T6,mixed,od_multi,0,0.1,sequential,1000000,2,1,830000,3551.51,2815.7
T6,mixed,od_multi,0,0.1,sequential,1000000,2,1,840000,3500.42,2856.8
T6,mixed,od_multi,0,0.1,sequential,1000000,2,1,850000,3398.44,2942.52
T6,mixed,od_multi,0,0.1,sequential,1000000,2,1,860000,3473.09,2879.28
T6,mixed,od_multi,0,0.1,sequential,1000000,2,1,870000,3480.97,2872.76
T6,mixed,od_multi,0,0.1,sequential,1000000,2,1,880000,3559.65,2809.26
T6,mixed,od_multi,0,0.1,sequential,1000000,2,1,890000,3646.36,2742.46
T6,mixed,od_multi,0,0.1,sequential,1000000,2,1,900000,3699.46,2703.1
T6,mixed,od_multi,0,0.1,sequential,1000000,2,1,910000,3517.12,2843.23
T6,mixed,od_multi,0,0.1,sequential,1000000,2,1,920000,3561.81,2807.56
T6,mixed,od_multi,0,0.1,sequential,1000000,2,1,930000,3617.53,2764.32
T6,mixed,od_multi,0,0.1,sequential,1000000,2,1,940000,3664.92,2728.57
T6,mixed,od_multi,0,0.1,sequential,1000000,2,1,950000,3721.3,2687.24
T6,mixed,od_multi,0,0.1,sequential,1000000,2,1,960000,3784.46,2642.39
T6,mixed,od_multi,0,0.1,sequential,1000000,2,1,970000,3772.34,2650.88
T6,mixed,od_multi,0,0.1,sequential,1000000,2,1,980000,3580.56,2792.86
T6,mixed,od_multi,0,0.1,sequential,1000000,2,1,990000,3687.27,2712.03
T6,mixed,od_multi,0,0.1,sequential,1000000,2,1,1000000,3751.65,2665.49
T6,mixed,od_multi,0,0.1,sequential,1000000,2,2,10000,2067.6,4836.53
T6,mixed,od_multi,0,0.1,sequential,1000000,2,2,20000,2052.89,4871.19
T6,mixed,od_multi,0,0.1,sequential,1000000,2,2,30000,2108.08,4743.65
T6,mixed,od_multi,0,0.1,sequential,1000000,2,2,40000,2179.49,4588.23
T6,mixed,od_multi,0,0.1,sequential,1000000,2,2,50000,2241.68,4460.93
T6,mixed,od_multi,0,0.1,sequential,1000000,2,2,60000,2037.75,4907.37
T6,mixed,od_multi,0,0.1,sequential,1000000,2,2,70000,2087.66,4790.05
T6,mixed,od_multi,0,0.1,sequential,1000000,2,2,80000,2177.19,4593.08
T6,mixed,od_multi,0,0.1,sequential,1000000,2,2,90000,2218.39,4507.77
T6,mixed,od_multi,0,0.1,sequential,1000000,2,2,100000,2246.99,4450.39
T6,mixed,od_multi,0,0.1,sequential,1000000,2,2,110000,2340.62,4272.38
T6,mixed,od_multi,0,0.1,sequential,1000000,2,2,120000,2249.94,4444.56
T6,mixed,od_multi,0,0.1,sequential,1000000,2,2,130000,2191.82,4562.43
T6,mixed,od_multi,0,0.1,sequential,1000000,2,2,140000,2265.9,4413.26
T6,mixed,od_multi,0,0.1,sequential,1000000,2,2,150000,2287.46,4371.66
T6,mixed,od_multi,0,0.1,sequential,1000000,2,2,160000,2358.6,4239.8
T6,mixed,od_multi,0,0.1,sequential,1000000,2,2,170000,2416.11,4138.88
T6,mixed,od_multi,0,0.1,sequential,1000000,2,2,180000,2495.57,4007.1
T6,mixed,od_multi,0,0.1,sequential,1000000,2,2,190000,2256.3,4432.04
T6,mixed,od_multi,0,0.1,sequential,1000000,2,2,200000,2319.06,4312.1
T6,mixed,od_multi,0,0.1,sequential,1000000,2,2,210000,2389.57,4184.85
T6,mixed,od_multi,0,0.1,sequential,1000000,2,2,220000,2454.17,4074.7
T6,mixed,od_multi,0,0.1,sequential,1000000,2,2,230000,2494.25,4009.21
T6,mixed,od_multi,0,0.1,sequential,1000000,2,2,240000,2555.6,3912.98
T6,mixed,od_multi,0,0.1,sequential,1000000,2,2,250000,2494.52,4008.78
T6,mixed,od_multi,0,0.1,sequential,1000000,2,2,260000,2393.84,4177.39
T6,mixed,od_multi,0,0.1,sequential,1000000,2,2,270000,2461.46,4062.62
T6,mixed,od_multi,0,0.1,sequential,1000000,2,2,280000,2530.27,3952.14
T6,mixed,od_multi,0,0.1,sequential,1000000,2,2,290000,2582.9,3871.61
T6,mixed,od_multi,0,0.1,sequential,1000000,2,2,300000,2634.33,3796.03
T6,mixed,od_multi,0,0.1,sequential,1000000,2,2,310000,2694.41,3711.39
T6,mixed,od_multi,0,0.1,sequential,1000000,2,2,320000,2527.07,3957.16
T6,mixed,od_multi,0,0.1,sequential,1000000,2,2,330000,2538.23,3939.76
T6,mixed,od_multi,0,0.1,sequential,1000000,2,2,340000,2599.82,3846.42
T6,mixed,od_multi,0,0.1,sequential,1000000,2,2,350000,2657.37,3763.13
T6,mixed,od_multi,0,0.1,sequential,1000000,2,2,360000,2706.53,3694.76
T6,mixed,od_multi,0,0.1,sequential,1000000,2,2,370000,2777.09,3600.89
T6,mixed,od_multi,0,0.1,sequential,1000000,2,2,380000,2742.05,3646.9
T6,mixed,od_multi,0,0.1,sequential,1000000,2,2,390000,2583.52,3870.68
T6,mixed,od_multi,0,0.1,sequential,1000000,2,2,400000,2645.1,3780.58
T6,mixed,od_multi,0,0.1,sequential,1000000,2,2,410000,2707.89,3692.91
T6,mixed,od_multi,0,0.1,sequential,1000000,2,2,420000,2749.15,3637.48
T6,mixed,od_multi,0,0.1,sequential,1000000,2,2,430000,2829.88,3533.72
T6,mixed,od_multi,0,0.1,sequential,1000000,2,2,440000,2888.53,3461.97
T6,mixed,od_multi,0,0.1,sequential,1000000,2,2,450000,2742.29,3646.59
T6,mixed,od_multi,0,0.1,sequential,1000000,2,2,460000,2728.03,3665.65
T6,mixed,od_multi,0,0.1,sequential,1000000,2,2,470000,2812.99,3554.93
T6,mixed,od_multi,0,0.1,sequential,1000000,2,2,480000,2873.46,3480.12
T6,mixed,od_multi,0,0.1,sequential,1000000,2,2,490000,2925.19,3418.58
T6,mixed,od_multi,0,0.1,sequential,1000000,2,2,500000,2995.62,3338.21
T6,mixed,od_multi,0,0.1,sequential,1000000,2,2,510000,2976.2,3359.99
T6,mixed,od_multi,0,0.1,sequential,1000000,2,2,520000,2834.47,3528
T6,mixed,od_multi,0,0.1,sequential,1000000,2,2,530000,2872.26,3481.58
T6,mixed,od_multi,0,0.1,sequential,1000000,2,2,540000,2933.72,3408.64
T6,mixed,od_multi,0,0.1,sequential,1000000,2,2,550000,3021.69,3309.41
T6,mixed,od_multi,0,0.1,sequential,1000000,2,2,560000,3074.45,3252.62
T6,mixed,od_multi,0,0.1,sequential,1000000,2,2,570000,3127.74,3197.2
T6,mixed,od_multi,0,0.1,sequential,1000000,2,2,580000,2996.35,3337.39
T6,mixed,od_multi,0,0.1,sequential,1000000,2,2,590000,2966.56,3370.91
T6,mixed,od_multi,0,0.1,sequential,1000000,2,2,600000,3053.69,3274.72
T6,mixed,od_multi,0,0.1,sequential,1000000,2,2,610000,3101.15,3224.61
T6,mixed,od_multi,0,0.1,sequential,1000000,2,2,620000,3139.83,3184.89
T6,mixed,od_multi,0,0.1,sequential,1000000,2,2,630000,3197.82,3127.14
T6,mixed,od_multi,0,0.1,sequential,1000000,2,2,640000,3256.71,3070.59
T6,mixed,od_multi,0,0.1,sequential,1000000,2,2,650000,3043.28,3285.92
T6,mixed,od_multi,0,0.1,sequential,1000000,2,2,660000,3096.12,3229.85
T6,mixed,od_multi,0,0.1,sequential,1000000,2,2,670000,3120.38,3204.74
T6,mixed,od_multi,0,0.1,sequential,1000000,2,2,680000,3201.63,3123.41
T6,mixed,od_multi,0,0.1,sequential,1000000,2,2,690000,3280.07,3048.72
T6,mixed,od_multi,0,0.1,sequential,1000000,2,2,700000,3329.63,3003.34
T6,mixed,od_multi,0,0.1,sequential,1000000,2,2,710000,3253.03,3074.06
T6,mixed,od_multi,0,0.1,sequential,1000000,2,2,720000,3211.68,3113.63
T6,mixed,od_multi,0,0.1,sequential,1000000,2,2,730000,3216.61,3108.86
T6,mixed,od_multi,0,0.1,sequential,1000000,2,2,740000,3271.23,3056.95
T6,mixed,od_multi,0,0.1,sequential,1000000,2,2,750000,3372.97,2964.74
T6,mixed,od_multi,0,0.1,sequential,1000000,2,2,760000,3453.31,2895.77
T6,mixed,od_multi,0,0.1,sequential,1000000,2,2,770000,3504.55,2853.44
T6,mixed,od_multi,0,0.1,sequential,1000000,2,2,780000,3300.2,3030.12
T6,mixed,od_multi,0,0.1,sequential,1000000,2,2,790000,3355.26,2980.4
T6,mixed,od_multi,0,0.1,sequential,1000000,2,2,800000,3408.36,2933.97
T6,mixed,od_multi,0,0.1,sequential,1000000,2,2,810000,3447.93,2900.29
T6,mixed,od_multi,0,0.1,sequential,1000000,2,2,820000,3491.39,2864.19
T6,mixed,od_multi,0,0.1,sequential,1000000,2,2,830000,3577.3,2795.4
T6,mixed,od_multi,0,0.1,sequential,1000000,2,2,840000,3502.21,2855.34
T6,mixed,od_multi,0,0.1,sequential,1000000,2,2,850000,3408.35,2933.97
T6,mixed,od_multi,0,0.1,sequential,1000000,2,2,860000,3472.12,2880.09
T6,mixed,od_multi,0,0.1,sequential,1000000,2,2,870000,3528.65,2833.94
T6,mixed,od_multi,0,0.1,sequential,1000000,2,2,880000,3590.9,2784.82
T6,mixed,od_multi,0,0.1,sequential,1000000,2,2,890000,3647.31,2741.75
T6,mixed,od_multi,0,0.1,sequential,1000000,2,2,900000,3701.07,2701.92
T6,mixed,od_multi,0,0.1,sequential,1000000,2,2,910000,3519.87,2841.02
T6,mixed,od_multi,0,0.1,sequential,1000000,2,2,920000,3537.94,2826.5
T6,mixed,od_multi,0,0.1,sequential,1000000,2,2,930000,3609.25,2770.66
T6,mixed,od_multi,0,0.1,sequential,1000000,2,2,940000,3630.7,2754.29
T6,mixed,od_multi,0,0.1,sequential,1000000,2,2,950000,3723.84,2685.4
T6,mixed,od_multi,0,0.1,sequential,1000000,2,2,960000,3787.9,2639.98
T6,mixed,od_multi,0,0.1,sequential,1000000,2,2,970000,3751.55,2665.56
T6,mixed,od_multi,0,0.1,sequential,1000000,2,2,980000,3605.93,2773.21
T6,mixed,od_multi,0,0.1,sequential,1000000,2,2,990000,3688.03,2711.48
T6,mixed,od_multi,0,0.1,sequential,1000000,2,2,1000000,3709.11,2696.06
T6,mixed,od_multi,0,0.1,sequential,1000000,2,3,10000,2070.85,4828.95
T6,mixed,od_multi,0,0.1,sequential,1000000,2,3,20000,2084.16,4798.09
T6,mixed,od_multi,0,0.1,sequential,1000000,2,3,30000,2131.46,4691.62
T6,mixed,od_multi,0,0.1,sequential,1000000,2,3,40000,2194,4557.89
T6,mixed,od_multi,0,0.1,sequential,1000000,2,3,50000,2242.64,4459.02
T6,mixed,od_multi,0,0.1,sequential,1000000,2,3,60000,2039.29,4903.66
T6,mixed,od_multi,0,0.1,sequential,1000000,2,3,70000,2086.04,4793.77
T6,mixed,od_multi,0,0.1,sequential,1000000,2,3,80000,2149.61,4652
T6,mixed,od_multi,0,0.1,sequential,1000000,2,3,90000,2206.84,4531.37
T6,mixed,od_multi,0,0.1,sequential,1000000,2,3,100000,2264.48,4416.02
T6,mixed,od_multi,0,0.1,sequential,1000000,2,3,110000,2309.04,4330.8
T6,mixed,od_multi,0,0.1,sequential,1000000,2,3,120000,2250.07,4444.3
T6,mixed,od_multi,0,0.1,sequential,1000000,2,3,130000,2180.98,4585.1
T6,mixed,od_multi,0,0.1,sequential,1000000,2,3,140000,2225.71,4492.94
T6,mixed,od_multi,0,0.1,sequential,1000000,2,3,150000,2266.31,4412.45
T6,mixed,od_multi,0,0.1,sequential,1000000,2,3,160000,2333.01,4286.3
T6,mixed,od_multi,0,0.1,sequential,1000000,2,3,170000,2390.15,4183.83
T6,mixed,od_multi,0,0.1,sequential,1000000,2,3,180000,2479.9,4032.42
T6,mixed,od_multi,0,0.1,sequential,1000000,2,3,190000,2260.81,4423.19
T6,mixed,od_multi,0,0.1,sequential,1000000,2,3,200000,2317.11,4315.72
T6,mixed,od_multi,0,0.1,sequential,1000000,2,3,210000,2369.01,4221.17
T6,mixed,od_multi,0,0.1,sequential,1000000,2,3,220000,2433.77,4108.84
T6,mixed,od_multi,0,0.1,sequential,1000000,2,3,230000,2508.34,3986.7
T6,mixed,od_multi,0,0.1,sequential,1000000,2,3,240000,2562.27,3902.79
T6,mixed,od_multi,0,0.1,sequential,1000000,2,3,250000,2502.55,3995.92
T6,mixed,od_multi,0,0.1,sequential,1000000,2,3,260000,2397.07,4171.77
T6,mixed,od_multi,0,0.1,sequential,1000000,2,3,270000,2472.77,4044.05
T6,mixed,od_multi,0,0.1,sequential,1000000,2,3,280000,2517.83,3971.67
T6,mixed,od_multi,0,0.1,sequential,1000000,2,3,290000,2561.02,3904.69
T6,mixed,od_multi,0,0.1,sequential,1000000,2,3,300000,2629.93,3802.39
T6,mixed,od_multi,0,0.1,sequential,1000000,2,3,310000,2690.7,3716.5
T6,mixed,od_multi,0,0.1,sequential,1000000,2,3,320000,2530.23,3952.2
T6,mixed,od_multi,0,0.1,sequential,1000000,2,3,330000,2538.27,3939.69
T6,mixed,od_multi,0,0.1,sequential,1000000,2,3,340000,2594.78,3853.89
T6,mixed,od_multi,0,0.1,sequential,1000000,2,3,350000,2659.09,3760.69
T6,mixed,od_multi,0,0.1,sequential,1000000,2,3,360000,2720.24,3676.14
T6,mixed,od_multi,0,0.1,sequential,1000000,2,3,370000,2789.26,3585.17
T6,mixed,od_multi,0,0.1,sequential,1000000,2,3,380000,2753.74,3631.43
T6,mixed,od_multi,0,0.1,sequential,1000000,2,3,390000,2613.47,3826.32
T6,mixed,od_multi,0,0.1,sequential,1000000,2,3,400000,2674.47,3739.06
T6,mixed,od_multi,0,0.1,sequential,1000000,2,3,410000,2734.86,3656.49
T6,mixed,od_multi,0,0.1,sequential,1000000,2,3,420000,2797.16,3575.05
T6,mixed,od_multi,0,0.1,sequential,1000000,2,3,430000,2845.68,3514.1
T6,mixed,od_multi,0,0.1,sequential,1000000,2,3,440000,2911.54,3434.61
T6,mixed,od_multi,0,0.1,sequential,1000000,2,3,450000,2767.9,3612.84
T6,mixed,od_multi,0,0.1,sequential,1000000,2,3,460000,2771.59,3608.03
T6,mixed,od_multi,0,0.1,sequential,1000000,2,3,470000,2833.59,3529.09
T6,mixed,od_multi,0,0.1,sequential,1000000,2,3,480000,2887.64,3463.04
T6,mixed,od_multi,0,0.1,sequential,1000000,2,3,490000,2923.47,3420.6
T6,mixed,od_multi,0,0.1,sequential,1000000,2,3,500000,2985.37,3349.66
T6,mixed,od_multi,0,0.1,sequential,1000000,2,3,510000,3011.31,3320.82
T6,mixed,od_multi,0,0.1,sequential,1000000,2,3,520000,2854.69,3503.01
T6,mixed,od_multi,0,0.1,sequential,1000000,2,3,530000,2892.11,3457.68
T6,mixed,od_multi,0,0.1,sequential,1000000,2,3,540000,2967.89,3369.4
T6,mixed,od_multi,0,0.1,sequential,1000000,2,3,550000,3017.8,3313.68
T6,mixed,od_multi,0,0.1,sequential,1000000,2,3,560000,3077.89,3248.98
T6,mixed,od_multi,0,0.1,sequential,1000000,2,3,570000,3133.21,3191.61
T6,mixed,od_multi,0,0.1,sequential,1000000,2,3,580000,2984.66,3350.46
T6,mixed,od_multi,0,0.1,sequential,1000000,2,3,590000,2965.02,3372.66
T6,mixed,od_multi,0,0.1,sequential,1000000,2,3,600000,3056.19,3272.05
T6,mixed,od_multi,0,0.1,sequential,1000000,2,3,610000,3089.77,3236.48
T6,mixed,od_multi,0,0.1,sequential,1000000,2,3,620000,3148.56,3176.06
T6,mixed,od_multi,0,0.1,sequential,1000000,2,3,630000,3215.85,3109.6
T6,mixed,od_multi,0,0.1,sequential,1000000,2,3,640000,3259.38,3068.06
T6,mixed,od_multi,0,0.1,sequential,1000000,2,3,650000,3060.06,3267.91
T6,mixed,od_multi,0,0.1,sequential,1000000,2,3,660000,3110.18,3215.25
T6,mixed,od_multi,0,0.1,sequential,1000000,2,3,670000,3173.21,3151.38
T6,mixed,od_multi,0,0.1,sequential,1000000,2,3,680000,3244.63,3082.01
T6,mixed,od_multi,0,0.1,sequential,1000000,2,3,690000,3266.98,3060.93
T6,mixed,od_multi,0,0.1,sequential,1000000,2,3,700000,3350.41,2984.71
T6,mixed,od_multi,0,0.1,sequential,1000000,2,3,710000,3279.08,3049.63
T6,mixed,od_multi,0,0.1,sequential,1000000,2,3,720000,3202.22,3122.83
T6,mixed,od_multi,0,0.1,sequential,1000000,2,3,730000,3229.84,3096.13
T6,mixed,od_multi,0,0.1,sequential,1000000,2,3,740000,3326.31,3006.34
T6,mixed,od_multi,0,0.1,sequential,1000000,2,3,750000,3358.84,2977.22
T6,mixed,od_multi,0,0.1,sequential,1000000,2,3,760000,3436.56,2909.89
T6,mixed,od_multi,0,0.1,sequential,1000000,2,3,770000,3510.12,2848.91
T6,mixed,od_multi,0,0.1,sequential,1000000,2,3,780000,3269.06,3058.99
T6,mixed,od_multi,0,0.1,sequential,1000000,2,3,790000,3336.96,2996.74
T6,mixed,od_multi,0,0.1,sequential,1000000,2,3,800000,3407.05,2935.09
T6,mixed,od_multi,0,0.1,sequential,1000000,2,3,810000,3444.84,2902.89
T6,mixed,od_multi,0,0.1,sequential,1000000,2,3,820000,3510.83,2848.33
T6,mixed,od_multi,0,0.1,sequential,1000000,2,3,830000,3570.09,2801.05
T6,mixed,od_multi,0,0.1,sequential,1000000,2,3,840000,3516.68,2843.59
T6,mixed,od_multi,0,0.1,sequential,1000000,2,3,850000,3431.8,2913.92
T6,mixed,od_multi,0,0.1,sequential,1000000,2,3,860000,3464.76,2886.2
T6,mixed,od_multi,0,0.1,sequential,1000000,2,3,870000,3543.11,2822.38
T6,mixed,od_multi,0,0.1,sequential,1000000,2,3,880000,3581.91,2791.81
T6,mixed,od_multi,0,0.1,sequential,1000000,2,3,890000,3626.09,2757.79
T6,mixed,od_multi,0,0.1,sequential,1000000,2,3,900000,3701.59,2701.54
T6,mixed,od_multi,0,0.1,sequential,1000000,2,3,910000,3520.39,2840.59
T6,mixed,od_multi,0,0.1,sequential,1000000,2,3,920000,3550.31,2816.65
T6,mixed,od_multi,0,0.1,sequential,1000000,2,3,930000,3593.97,2782.44
T6,mixed,od_multi,0,0.1,sequential,1000000,2,3,940000,3667.84,2726.4
T6,mixed,od_multi,0,0.1,sequential,1000000,2,3,950000,3723.49,2685.65
T6,mixed,od_multi,0,0.1,sequential,1000000,2,3,960000,3781.97,2644.12
T6,mixed,od_multi,0,0.1,sequential,1000000,2,3,970000,3745.92,2669.57
T6,mixed,od_multi,0,0.1,sequential,1000000,2,3,980000,3635.79,2750.43
T6,mixed,od_multi,0,0.1,sequential,1000000,2,3,990000,3689.85,2710.14
T6,mixed,od_multi,0,0.1,sequential,1000000,2,3,1000000,3736.92,2676
