======================================================================
  Naive DVI transaction benchmark (T1-T6)
  Binary      : /home/Jonas.Baltruschat/hyrise/build_release/hyriseBenchmarkDVIndexNaive
  Experiment  : all
  Iterations  : 3
  Output      : /home/Jonas.Baltruschat/hyrise/dvi_benchmarks/results/naive_txn/20260420_192749/
======================================================================
  [T1] insert_only_od_multi_v0.0_d0.1_random_t2_s1000000
dvi_txn_benchmark_naive
  experiment:      T1
  workload:        insert_only
  mechanism:       od_multi
  violation:       0
  duplicate_rate:  0.1
  num_unique_lhs:  900000
  access:          random
  size:            1000000
  batch_size:      10000
  threads:         2
  pre_pop:         0

=== Iteration 1 ===
[PERF] operator[] used at src/lib/storage/value_segment.cpp:48
	Performance can be affected. This warning is only shown once.
  batch 1/100 [0..10000]: 108 ms  (92285 ops/s)
  batch 2/100 [10000..20000]: 107 ms  (93206 ops/s)
  batch 3/100 [20000..30000]: 103 ms  (96340 ops/s)
  batch 4/100 [30000..40000]: 105 ms  (95168 ops/s)
  batch 5/100 [40000..50000]: 105 ms  (94712 ops/s)
  batch 6/100 [50000..60000]: 105 ms  (94587 ops/s)
[PERF] operator[] used at src/lib/storage/frame_of_reference_segment.cpp:49
	Performance can be affected. This warning is only shown once.
  batch 7/100 [60000..70000]: 170 ms  (58652 ops/s)
  batch 8/100 [70000..80000]: 102 ms  (97466 ops/s)
  batch 9/100 [80000..90000]: 106 ms  (93664 ops/s)
  batch 10/100 [90000..100000]: 103 ms  (97032 ops/s)
  batch 11/100 [100000..110000]: 105 ms  (94758 ops/s)
  batch 12/100 [110000..120000]: 104 ms  (95896 ops/s)
  batch 13/100 [120000..130000]: 104 ms  (96125 ops/s)
  batch 14/100 [130000..140000]: 167 ms  (59600 ops/s)
  batch 15/100 [140000..150000]: 99 ms  (100449 ops/s)
  batch 16/100 [150000..160000]: 99 ms  (100335 ops/s)
  batch 17/100 [160000..170000]: 106 ms  (94237 ops/s)
  batch 18/100 [170000..180000]: 107 ms  (93216 ops/s)
  batch 19/100 [180000..190000]: 103 ms  (96546 ops/s)
  batch 20/100 [190000..200000]: 172 ms  (57881 ops/s)
  batch 21/100 [200000..210000]: 105 ms  (95101 ops/s)
  batch 22/100 [210000..220000]: 101 ms  (98336 ops/s)
  batch 23/100 [220000..230000]: 102 ms  (97412 ops/s)
  batch 24/100 [230000..240000]: 105 ms  (94924 ops/s)
  batch 25/100 [240000..250000]: 103 ms  (96681 ops/s)
  batch 26/100 [250000..260000]: 104 ms  (95276 ops/s)
  batch 27/100 [260000..270000]: 172 ms  (58048 ops/s)
  batch 28/100 [270000..280000]: 105 ms  (95120 ops/s)
  batch 29/100 [280000..290000]: 105 ms  (94606 ops/s)
  batch 30/100 [290000..300000]: 105 ms  (94549 ops/s)
  batch 31/100 [300000..310000]: 106 ms  (94066 ops/s)
  batch 32/100 [310000..320000]: 105 ms  (94452 ops/s)
  batch 33/100 [320000..330000]: 173 ms  (57692 ops/s)
  batch 34/100 [330000..340000]: 106 ms  (93521 ops/s)
  batch 35/100 [340000..350000]: 104 ms  (95431 ops/s)
  batch 36/100 [350000..360000]: 105 ms  (94394 ops/s)
  batch 37/100 [360000..370000]: 107 ms  (92966 ops/s)
  batch 38/100 [370000..380000]: 104 ms  (95975 ops/s)
  batch 39/100 [380000..390000]: 106 ms  (93528 ops/s)
  batch 40/100 [390000..400000]: 176 ms  (56705 ops/s)
  batch 41/100 [400000..410000]: 103 ms  (96419 ops/s)
  batch 42/100 [410000..420000]: 106 ms  (93980 ops/s)
  batch 43/100 [420000..430000]: 103 ms  (97068 ops/s)
  batch 44/100 [430000..440000]: 104 ms  (96023 ops/s)
  batch 45/100 [440000..450000]: 104 ms  (95758 ops/s)
  batch 46/100 [450000..460000]: 171 ms  (58469 ops/s)
  batch 47/100 [460000..470000]: 106 ms  (93539 ops/s)
  batch 48/100 [470000..480000]: 106 ms  (94334 ops/s)
  batch 49/100 [480000..490000]: 104 ms  (95357 ops/s)
  batch 50/100 [490000..500000]: 106 ms  (93547 ops/s)
  batch 51/100 [500000..510000]: 105 ms  (94844 ops/s)
  batch 52/100 [510000..520000]: 104 ms  (95562 ops/s)
  batch 53/100 [520000..530000]: 175 ms  (56957 ops/s)
  batch 54/100 [530000..540000]: 106 ms  (93789 ops/s)
  batch 55/100 [540000..550000]: 106 ms  (94274 ops/s)
  batch 56/100 [550000..560000]: 106 ms  (93576 ops/s)
  batch 57/100 [560000..570000]: 103 ms  (96431 ops/s)
  batch 58/100 [570000..580000]: 105 ms  (94846 ops/s)
  batch 59/100 [580000..590000]: 173 ms  (57488 ops/s)
  batch 60/100 [590000..600000]: 106 ms  (93565 ops/s)
  batch 61/100 [600000..610000]: 106 ms  (93617 ops/s)
  batch 62/100 [610000..620000]: 106 ms  (93999 ops/s)
  batch 63/100 [620000..630000]: 105 ms  (95020 ops/s)
  batch 64/100 [630000..640000]: 106 ms  (93784 ops/s)
  batch 65/100 [640000..650000]: 104 ms  (95889 ops/s)
  batch 66/100 [650000..660000]: 174 ms  (57189 ops/s)
  batch 67/100 [660000..670000]: 107 ms  (92889 ops/s)
  batch 68/100 [670000..680000]: 107 ms  (93300 ops/s)
  batch 69/100 [680000..690000]: 107 ms  (93211 ops/s)
  batch 70/100 [690000..700000]: 105 ms  (94768 ops/s)
  batch 71/100 [700000..710000]: 106 ms  (93911 ops/s)
  batch 72/100 [710000..720000]: 107 ms  (93393 ops/s)
  batch 73/100 [720000..730000]: 173 ms  (57659 ops/s)
  batch 74/100 [730000..740000]: 106 ms  (93842 ops/s)
  batch 75/100 [740000..750000]: 102 ms  (97265 ops/s)
  batch 76/100 [750000..760000]: 106 ms  (94067 ops/s)
  batch 77/100 [760000..770000]: 105 ms  (94395 ops/s)
  batch 78/100 [770000..780000]: 106 ms  (94051 ops/s)
  batch 79/100 [780000..790000]: 173 ms  (57710 ops/s)
  batch 80/100 [790000..800000]: 108 ms  (92407 ops/s)
  batch 81/100 [800000..810000]: 107 ms  (92830 ops/s)
  batch 82/100 [810000..820000]: 107 ms  (93235 ops/s)
  batch 83/100 [820000..830000]: 104 ms  (96127 ops/s)
  batch 84/100 [830000..840000]: 103 ms  (96418 ops/s)
  batch 85/100 [840000..850000]: 107 ms  (93069 ops/s)
  batch 86/100 [850000..860000]: 174 ms  (57389 ops/s)
  batch 87/100 [860000..870000]: 108 ms  (92053 ops/s)
  batch 88/100 [870000..880000]: 106 ms  (94008 ops/s)
  batch 89/100 [880000..890000]: 106 ms  (93523 ops/s)
  batch 90/100 [890000..900000]: 105 ms  (94431 ops/s)
  batch 91/100 [900000..910000]: 106 ms  (93755 ops/s)
  batch 92/100 [910000..920000]: 174 ms  (57331 ops/s)
  batch 93/100 [920000..930000]: 108 ms  (92534 ops/s)
  batch 94/100 [930000..940000]: 105 ms  (94420 ops/s)
  batch 95/100 [940000..950000]: 106 ms  (94092 ops/s)
  batch 96/100 [950000..960000]: 104 ms  (95755 ops/s)
  batch 97/100 [960000..970000]: 106 ms  (93495 ops/s)
  batch 98/100 [970000..980000]: 105 ms  (94398 ops/s)
  batch 99/100 [980000..990000]: 175 ms  (56860 ops/s)
  batch 100/100 [990000..1000000]: 105 ms  (94424 ops/s)
  total: 11573 ms  (86406 ops/s)

=== Iteration 2 ===
  batch 1/100 [0..10000]: 116 ms  (85782 ops/s)
  batch 2/100 [10000..20000]: 104 ms  (95654 ops/s)
  batch 3/100 [20000..30000]: 107 ms  (93135 ops/s)
  batch 4/100 [30000..40000]: 105 ms  (94885 ops/s)
  batch 5/100 [40000..50000]: 107 ms  (93298 ops/s)
  batch 6/100 [50000..60000]: 105 ms  (95184 ops/s)
  batch 7/100 [60000..70000]: 173 ms  (57648 ops/s)
  batch 8/100 [70000..80000]: 105 ms  (94363 ops/s)
  batch 9/100 [80000..90000]: 107 ms  (92773 ops/s)
  batch 10/100 [90000..100000]: 106 ms  (94286 ops/s)
  batch 11/100 [100000..110000]: 107 ms  (92714 ops/s)
  batch 12/100 [110000..120000]: 108 ms  (92459 ops/s)
  batch 13/100 [120000..130000]: 107 ms  (93033 ops/s)
  batch 14/100 [130000..140000]: 170 ms  (58706 ops/s)
  batch 15/100 [140000..150000]: 102 ms  (97352 ops/s)
  batch 16/100 [150000..160000]: 101 ms  (98939 ops/s)
  batch 17/100 [160000..170000]: 102 ms  (97539 ops/s)
  batch 18/100 [170000..180000]: 101 ms  (98800 ops/s)
  batch 19/100 [180000..190000]: 100 ms  (99340 ops/s)
  batch 20/100 [190000..200000]: 167 ms  (59584 ops/s)
  batch 21/100 [200000..210000]: 101 ms  (98446 ops/s)
  batch 22/100 [210000..220000]: 100 ms  (99237 ops/s)
  batch 23/100 [220000..230000]: 99 ms  (100036 ops/s)
  batch 24/100 [230000..240000]: 101 ms  (98825 ops/s)
  batch 25/100 [240000..250000]: 101 ms  (98582 ops/s)
  batch 26/100 [250000..260000]: 100 ms  (99366 ops/s)
  batch 27/100 [260000..270000]: 168 ms  (59485 ops/s)
  batch 28/100 [270000..280000]: 103 ms  (96165 ops/s)
  batch 29/100 [280000..290000]: 104 ms  (95947 ops/s)
  batch 30/100 [290000..300000]: 103 ms  (96773 ops/s)
  batch 31/100 [300000..310000]: 102 ms  (98033 ops/s)
  batch 32/100 [310000..320000]: 102 ms  (97466 ops/s)
  batch 33/100 [320000..330000]: 168 ms  (59287 ops/s)
  batch 34/100 [330000..340000]: 104 ms  (95374 ops/s)
  batch 35/100 [340000..350000]: 102 ms  (97437 ops/s)
  batch 36/100 [350000..360000]: 103 ms  (96210 ops/s)
  batch 37/100 [360000..370000]: 104 ms  (95713 ops/s)
  batch 38/100 [370000..380000]: 103 ms  (96758 ops/s)
  batch 39/100 [380000..390000]: 103 ms  (96331 ops/s)
  batch 40/100 [390000..400000]: 173 ms  (57690 ops/s)
  batch 41/100 [400000..410000]: 105 ms  (94742 ops/s)
  batch 42/100 [410000..420000]: 105 ms  (94867 ops/s)
  batch 43/100 [420000..430000]: 104 ms  (96095 ops/s)
  batch 44/100 [430000..440000]: 105 ms  (94894 ops/s)
  batch 45/100 [440000..450000]: 103 ms  (96964 ops/s)
  batch 46/100 [450000..460000]: 174 ms  (57439 ops/s)
  batch 47/100 [460000..470000]: 107 ms  (93036 ops/s)
  batch 48/100 [470000..480000]: 105 ms  (94550 ops/s)
  batch 49/100 [480000..490000]: 105 ms  (94698 ops/s)
  batch 50/100 [490000..500000]: 105 ms  (94438 ops/s)
  batch 51/100 [500000..510000]: 104 ms  (95954 ops/s)
  batch 52/100 [510000..520000]: 103 ms  (96257 ops/s)
  batch 53/100 [520000..530000]: 173 ms  (57514 ops/s)
  batch 54/100 [530000..540000]: 106 ms  (94217 ops/s)
  batch 55/100 [540000..550000]: 107 ms  (93262 ops/s)
  batch 56/100 [550000..560000]: 106 ms  (94149 ops/s)
  batch 57/100 [560000..570000]: 107 ms  (92993 ops/s)
  batch 58/100 [570000..580000]: 105 ms  (94697 ops/s)
  batch 59/100 [580000..590000]: 174 ms  (57263 ops/s)
  batch 60/100 [590000..600000]: 102 ms  (97209 ops/s)
  batch 61/100 [600000..610000]: 103 ms  (96280 ops/s)
  batch 62/100 [610000..620000]: 106 ms  (94213 ops/s)
  batch 63/100 [620000..630000]: 106 ms  (94228 ops/s)
  batch 64/100 [630000..640000]: 106 ms  (93613 ops/s)
  batch 65/100 [640000..650000]: 103 ms  (96504 ops/s)
  batch 66/100 [650000..660000]: 174 ms  (57161 ops/s)
  batch 67/100 [660000..670000]: 108 ms  (91811 ops/s)
  batch 68/100 [670000..680000]: 107 ms  (92834 ops/s)
  batch 69/100 [680000..690000]: 108 ms  (91834 ops/s)
  batch 70/100 [690000..700000]: 105 ms  (95207 ops/s)
  batch 71/100 [700000..710000]: 107 ms  (93128 ops/s)
  batch 72/100 [710000..720000]: 107 ms  (92809 ops/s)
  batch 73/100 [720000..730000]: 179 ms  (55784 ops/s)
  batch 74/100 [730000..740000]: 108 ms  (92512 ops/s)
  batch 75/100 [740000..750000]: 106 ms  (93883 ops/s)
  batch 76/100 [750000..760000]: 107 ms  (93371 ops/s)
  batch 77/100 [760000..770000]: 106 ms  (93656 ops/s)
  batch 78/100 [770000..780000]: 106 ms  (94020 ops/s)
  batch 79/100 [780000..790000]: 172 ms  (58095 ops/s)
  batch 80/100 [790000..800000]: 104 ms  (95573 ops/s)
  batch 81/100 [800000..810000]: 106 ms  (94189 ops/s)
  batch 82/100 [810000..820000]: 108 ms  (92070 ops/s)
  batch 83/100 [820000..830000]: 105 ms  (94518 ops/s)
  batch 84/100 [830000..840000]: 107 ms  (93332 ops/s)
  batch 85/100 [840000..850000]: 106 ms  (94019 ops/s)
  batch 86/100 [850000..860000]: 177 ms  (56455 ops/s)
  batch 87/100 [860000..870000]: 107 ms  (93412 ops/s)
  batch 88/100 [870000..880000]: 108 ms  (92430 ops/s)
  batch 89/100 [880000..890000]: 106 ms  (93545 ops/s)
  batch 90/100 [890000..900000]: 108 ms  (91853 ops/s)
  batch 91/100 [900000..910000]: 107 ms  (93058 ops/s)
  batch 92/100 [910000..920000]: 173 ms  (57643 ops/s)
  batch 93/100 [920000..930000]: 108 ms  (92526 ops/s)
  batch 94/100 [930000..940000]: 107 ms  (92732 ops/s)
  batch 95/100 [940000..950000]: 109 ms  (91602 ops/s)
  batch 96/100 [950000..960000]: 108 ms  (92578 ops/s)
  batch 97/100 [960000..970000]: 109 ms  (91598 ops/s)
  batch 98/100 [970000..980000]: 107 ms  (92791 ops/s)
  batch 99/100 [980000..990000]: 174 ms  (57349 ops/s)
  batch 100/100 [990000..1000000]: 108 ms  (92191 ops/s)
  total: 11572 ms  (86409 ops/s)

=== Iteration 3 ===
  batch 1/100 [0..10000]: 119 ms  (83671 ops/s)
  batch 2/100 [10000..20000]: 107 ms  (93427 ops/s)
  batch 3/100 [20000..30000]: 107 ms  (92732 ops/s)
  batch 4/100 [30000..40000]: 106 ms  (93988 ops/s)
  batch 5/100 [40000..50000]: 107 ms  (92823 ops/s)
  batch 6/100 [50000..60000]: 105 ms  (94797 ops/s)
  batch 7/100 [60000..70000]: 171 ms  (58377 ops/s)
  batch 8/100 [70000..80000]: 107 ms  (93118 ops/s)
  batch 9/100 [80000..90000]: 103 ms  (96905 ops/s)
  batch 10/100 [90000..100000]: 102 ms  (97964 ops/s)
  batch 11/100 [100000..110000]: 105 ms  (95101 ops/s)
  batch 12/100 [110000..120000]: 100 ms  (99360 ops/s)
  batch 13/100 [120000..130000]: 102 ms  (97627 ops/s)
  batch 14/100 [130000..140000]: 169 ms  (58981 ops/s)
  batch 15/100 [140000..150000]: 98 ms  (101437 ops/s)
  batch 16/100 [150000..160000]: 101 ms  (98570 ops/s)
  batch 17/100 [160000..170000]: 98 ms  (101087 ops/s)
  batch 18/100 [170000..180000]: 100 ms  (99709 ops/s)
  batch 19/100 [180000..190000]: 99 ms  (100143 ops/s)
  batch 20/100 [190000..200000]: 169 ms  (59130 ops/s)
  batch 21/100 [200000..210000]: 100 ms  (99753 ops/s)
  batch 22/100 [210000..220000]: 101 ms  (98794 ops/s)
  batch 23/100 [220000..230000]: 100 ms  (99687 ops/s)
  batch 24/100 [230000..240000]: 100 ms  (99642 ops/s)
  batch 25/100 [240000..250000]: 98 ms  (101646 ops/s)
  batch 26/100 [250000..260000]: 97 ms  (102510 ops/s)
  batch 27/100 [260000..270000]: 166 ms  (59906 ops/s)
  batch 28/100 [270000..280000]: 101 ms  (98428 ops/s)
  batch 29/100 [280000..290000]: 100 ms  (99075 ops/s)
  batch 30/100 [290000..300000]: 101 ms  (98494 ops/s)
  batch 31/100 [300000..310000]: 101 ms  (98814 ops/s)
  batch 32/100 [310000..320000]: 101 ms  (98599 ops/s)
  batch 33/100 [320000..330000]: 169 ms  (59035 ops/s)
  batch 34/100 [330000..340000]: 104 ms  (95293 ops/s)
  batch 35/100 [340000..350000]: 105 ms  (94349 ops/s)
  batch 36/100 [350000..360000]: 102 ms  (97133 ops/s)
  batch 37/100 [360000..370000]: 104 ms  (95572 ops/s)
  batch 38/100 [370000..380000]: 103 ms  (96903 ops/s)
  batch 39/100 [380000..390000]: 102 ms  (97227 ops/s)
  batch 40/100 [390000..400000]: 172 ms  (58046 ops/s)
  batch 41/100 [400000..410000]: 105 ms  (94420 ops/s)
  batch 42/100 [410000..420000]: 102 ms  (97302 ops/s)
  batch 43/100 [420000..430000]: 104 ms  (96038 ops/s)
  batch 44/100 [430000..440000]: 103 ms  (96399 ops/s)
  batch 45/100 [440000..450000]: 104 ms  (95799 ops/s)
  batch 46/100 [450000..460000]: 174 ms  (57244 ops/s)
  batch 47/100 [460000..470000]: 102 ms  (97250 ops/s)
  batch 48/100 [470000..480000]: 106 ms  (94176 ops/s)
  batch 49/100 [480000..490000]: 104 ms  (96060 ops/s)
  batch 50/100 [490000..500000]: 105 ms  (95130 ops/s)
  batch 51/100 [500000..510000]: 105 ms  (94422 ops/s)
  batch 52/100 [510000..520000]: 105 ms  (94398 ops/s)
  batch 53/100 [520000..530000]: 173 ms  (57506 ops/s)
  batch 54/100 [530000..540000]: 105 ms  (94978 ops/s)
  batch 55/100 [540000..550000]: 105 ms  (94520 ops/s)
  batch 56/100 [550000..560000]: 105 ms  (94481 ops/s)
  batch 57/100 [560000..570000]: 103 ms  (96638 ops/s)
  batch 58/100 [570000..580000]: 104 ms  (95595 ops/s)
  batch 59/100 [580000..590000]: 173 ms  (57666 ops/s)
  batch 60/100 [590000..600000]: 107 ms  (93048 ops/s)
  batch 61/100 [600000..610000]: 106 ms  (93962 ops/s)
  batch 62/100 [610000..620000]: 106 ms  (93528 ops/s)
  batch 63/100 [620000..630000]: 105 ms  (95117 ops/s)
  batch 64/100 [630000..640000]: 105 ms  (94642 ops/s)
  batch 65/100 [640000..650000]: 106 ms  (94191 ops/s)
  batch 66/100 [650000..660000]: 174 ms  (57455 ops/s)
  batch 67/100 [660000..670000]: 105 ms  (94459 ops/s)
  batch 68/100 [670000..680000]: 105 ms  (94861 ops/s)
  batch 69/100 [680000..690000]: 105 ms  (94691 ops/s)
  batch 70/100 [690000..700000]: 105 ms  (94346 ops/s)
  batch 71/100 [700000..710000]: 104 ms  (95387 ops/s)
  batch 72/100 [710000..720000]: 103 ms  (96774 ops/s)
  batch 73/100 [720000..730000]: 172 ms  (57988 ops/s)
  batch 74/100 [730000..740000]: 108 ms  (92224 ops/s)
  batch 75/100 [740000..750000]: 105 ms  (94946 ops/s)
  batch 76/100 [750000..760000]: 104 ms  (96121 ops/s)
  batch 77/100 [760000..770000]: 106 ms  (94299 ops/s)
  batch 78/100 [770000..780000]: 106 ms  (93542 ops/s)
  batch 79/100 [780000..790000]: 175 ms  (56983 ops/s)
  batch 80/100 [790000..800000]: 106 ms  (93501 ops/s)
  batch 81/100 [800000..810000]: 106 ms  (93809 ops/s)
  batch 82/100 [810000..820000]: 104 ms  (95821 ops/s)
  batch 83/100 [820000..830000]: 105 ms  (95075 ops/s)
  batch 84/100 [830000..840000]: 107 ms  (92804 ops/s)
  batch 85/100 [840000..850000]: 105 ms  (94359 ops/s)
  batch 86/100 [850000..860000]: 172 ms  (57928 ops/s)
  batch 87/100 [860000..870000]: 106 ms  (93625 ops/s)
  batch 88/100 [870000..880000]: 105 ms  (94756 ops/s)
  batch 89/100 [880000..890000]: 102 ms  (97933 ops/s)
  batch 90/100 [890000..900000]: 103 ms  (96528 ops/s)
  batch 91/100 [900000..910000]: 105 ms  (94409 ops/s)
  batch 92/100 [910000..920000]: 173 ms  (57710 ops/s)
  batch 93/100 [920000..930000]: 105 ms  (94723 ops/s)
  batch 94/100 [930000..940000]: 105 ms  (94843 ops/s)
  batch 95/100 [940000..950000]: 106 ms  (94169 ops/s)
  batch 96/100 [950000..960000]: 105 ms  (94821 ops/s)
  batch 97/100 [960000..970000]: 105 ms  (94420 ops/s)
  batch 98/100 [970000..980000]: 105 ms  (94855 ops/s)
  batch 99/100 [980000..990000]: 174 ms  (57303 ops/s)
  batch 100/100 [990000..1000000]: 107 ms  (93204 ops/s)
  total: 11463 ms  (87230 ops/s)
  [T1] update_only_od_multi_v0.0_d0.1_random_t2_s1000000
dvi_txn_benchmark_naive
  experiment:      T1
  workload:        update_only
  mechanism:       od_multi
  violation:       0
  duplicate_rate:  0.1
  num_unique_lhs:  900000
  access:          random
  size:            1000000
  batch_size:      10000
  threads:         2
  pre_pop:         1000000

=== Iteration 1 ===
[PERF] Unresolved iterator created for AbstractPosList at src/lib/storage/pos_lists/abstract_pos_list.cpp:8
	Performance can be affected. This warning is only shown once.
[PERF] operator[] used at src/lib/storage/value_segment.cpp:48
	Performance can be affected. This warning is only shown once.
  batch 1/100 [0..10000]: 21578 ms  (463 ops/s)
  batch 2/100 [10000..20000]: 22202 ms  (450 ops/s)
  batch 3/100 [20000..30000]: 22252 ms  (449 ops/s)
  batch 4/100 [30000..40000]: 22598 ms  (442 ops/s)
[PERF] operator[] used at src/lib/storage/frame_of_reference_segment.cpp:49
	Performance can be affected. This warning is only shown once.
  batch 5/100 [40000..50000]: 23067 ms  (433 ops/s)
  batch 6/100 [50000..60000]: 23425 ms  (426 ops/s)
  batch 7/100 [60000..70000]: 23331 ms  (428 ops/s)
  batch 8/100 [70000..80000]: 23791 ms  (420 ops/s)
  batch 9/100 [80000..90000]: 24104 ms  (414 ops/s)
  batch 10/100 [90000..100000]: 24678 ms  (405 ops/s)
  batch 11/100 [100000..110000]: 24600 ms  (406 ops/s)
  batch 12/100 [110000..120000]: 24116 ms  (414 ops/s)
  batch 13/100 [120000..130000]: 23834 ms  (419 ops/s)
  batch 14/100 [130000..140000]: 24293 ms  (411 ops/s)
  batch 15/100 [140000..150000]: 24521 ms  (407 ops/s)
  batch 16/100 [150000..160000]: 24744 ms  (404 ops/s)
  batch 17/100 [160000..170000]: 25238 ms  (396 ops/s)
  batch 18/100 [170000..180000]: 25533 ms  (391 ops/s)
  batch 19/100 [180000..190000]: 24185 ms  (413 ops/s)
  batch 20/100 [190000..200000]: 24393 ms  (409 ops/s)
  batch 21/100 [200000..210000]: 24747 ms  (404 ops/s)
  batch 22/100 [210000..220000]: 25171 ms  (397 ops/s)
  batch 23/100 [220000..230000]: 25268 ms  (395 ops/s)
  batch 24/100 [230000..240000]: 25818 ms  (387 ops/s)
  batch 25/100 [240000..250000]: 25171 ms  (397 ops/s)
  batch 26/100 [250000..260000]: 24854 ms  (402 ops/s)
  batch 27/100 [260000..270000]: 24866 ms  (402 ops/s)
  batch 28/100 [270000..280000]: 25429 ms  (393 ops/s)
  batch 29/100 [280000..290000]: 25494 ms  (392 ops/s)
  batch 30/100 [290000..300000]: 26016 ms  (384 ops/s)
  batch 31/100 [300000..310000]: 26209 ms  (381 ops/s)
  batch 32/100 [310000..320000]: 25279 ms  (395 ops/s)
  batch 33/100 [320000..330000]: 25161 ms  (397 ops/s)
  batch 34/100 [330000..340000]: 25570 ms  (391 ops/s)
  batch 35/100 [340000..350000]: 25866 ms  (386 ops/s)
  batch 36/100 [350000..360000]: 26150 ms  (382 ops/s)
  batch 37/100 [360000..370000]: 26600 ms  (375 ops/s)
  batch 38/100 [370000..380000]: 26116 ms  (382 ops/s)
  batch 39/100 [380000..390000]: 25426 ms  (393 ops/s)
  batch 40/100 [390000..400000]: 25679 ms  (389 ops/s)
  batch 41/100 [400000..410000]: 26270 ms  (380 ops/s)
  batch 42/100 [410000..420000]: 26409 ms  (378 ops/s)
  batch 43/100 [420000..430000]: 26487 ms  (377 ops/s)
  batch 44/100 [430000..440000]: 27187 ms  (367 ops/s)
  batch 45/100 [440000..450000]: 26173 ms  (382 ops/s)
  batch 46/100 [450000..460000]: 26020 ms  (384 ops/s)
  batch 47/100 [460000..470000]: 25932 ms  (385 ops/s)
  batch 48/100 [470000..480000]: 26723 ms  (374 ops/s)
  batch 49/100 [480000..490000]: 26970 ms  (370 ops/s)
  batch 50/100 [490000..500000]: 27402 ms  (364 ops/s)
  batch 51/100 [500000..510000]: 27034 ms  (369 ops/s)
  batch 52/100 [510000..520000]: 26186 ms  (381 ops/s)
  batch 53/100 [520000..530000]: 26573 ms  (376 ops/s)
  batch 54/100 [530000..540000]: 26960 ms  (370 ops/s)
  batch 55/100 [540000..550000]: 27230 ms  (367 ops/s)
  batch 56/100 [550000..560000]: 27772 ms  (360 ops/s)
  batch 57/100 [560000..570000]: 28145 ms  (355 ops/s)
  batch 58/100 [570000..580000]: 27142 ms  (368 ops/s)
  batch 59/100 [580000..590000]: 26815 ms  (372 ops/s)
  batch 60/100 [590000..600000]: 27149 ms  (368 ops/s)
  batch 61/100 [600000..610000]: 27423 ms  (364 ops/s)
  batch 62/100 [610000..620000]: 27741 ms  (360 ops/s)
  batch 63/100 [620000..630000]: 28125 ms  (355 ops/s)
  batch 64/100 [630000..640000]: 28380 ms  (352 ops/s)
  batch 65/100 [640000..650000]: 27263 ms  (366 ops/s)
  batch 66/100 [650000..660000]: 27520 ms  (363 ops/s)
  batch 67/100 [660000..670000]: 27782 ms  (359 ops/s)
  batch 68/100 [670000..680000]: 27971 ms  (357 ops/s)
  batch 69/100 [680000..690000]: 28614 ms  (349 ops/s)
  batch 70/100 [690000..700000]: 28811 ms  (347 ops/s)
  batch 71/100 [700000..710000]: 28225 ms  (354 ops/s)
  batch 72/100 [710000..720000]: 27882 ms  (358 ops/s)
  batch 73/100 [720000..730000]: 28053 ms  (356 ops/s)
  batch 74/100 [730000..740000]: 28574 ms  (349 ops/s)
  batch 75/100 [740000..750000]: 28689 ms  (348 ops/s)
  batch 76/100 [750000..760000]: 28841 ms  (346 ops/s)
  batch 77/100 [760000..770000]: 29343 ms  (340 ops/s)
  batch 78/100 [770000..780000]: 28162 ms  (355 ops/s)
  batch 79/100 [780000..790000]: 28323 ms  (353 ops/s)
  batch 80/100 [790000..800000]: 28463 ms  (351 ops/s)
  batch 81/100 [800000..810000]: 28968 ms  (345 ops/s)
  batch 82/100 [810000..820000]: 29358 ms  (340 ops/s)
  batch 83/100 [820000..830000]: 29629 ms  (337 ops/s)
  batch 84/100 [830000..840000]: 29173 ms  (342 ops/s)
  batch 85/100 [840000..850000]: 28740 ms  (347 ops/s)
  batch 86/100 [850000..860000]: 28701 ms  (348 ops/s)
  batch 87/100 [860000..870000]: 29164 ms  (342 ops/s)
  batch 88/100 [870000..880000]: 29467 ms  (339 ops/s)
  batch 89/100 [880000..890000]: 29850 ms  (335 ops/s)
  batch 90/100 [890000..900000]: 30252 ms  (330 ops/s)
  batch 91/100 [900000..910000]: 29002 ms  (344 ops/s)
  batch 92/100 [910000..920000]: 29048 ms  (344 ops/s)
  batch 93/100 [920000..930000]: 29407 ms  (340 ops/s)
  batch 94/100 [930000..940000]: 29872 ms  (334 ops/s)
  batch 95/100 [940000..950000]: 30181 ms  (331 ops/s)
  batch 96/100 [950000..960000]: 30539 ms  (327 ops/s)
  batch 97/100 [960000..970000]: 30115 ms  (332 ops/s)
  batch 98/100 [970000..980000]: 29573 ms  (338 ops/s)
  batch 99/100 [980000..990000]: 29838 ms  (335 ops/s)
  batch 100/100 [990000..1000000]: 30045 ms  (332 ops/s)
  total: 2679106 ms  (373 ops/s)

=== Iteration 2 ===
  batch 1/100 [0..10000]: 21506 ms  (464 ops/s)
  batch 2/100 [10000..20000]: 21921 ms  (456 ops/s)
  batch 3/100 [20000..30000]: 22429 ms  (445 ops/s)
  batch 4/100 [30000..40000]: 22750 ms  (439 ops/s)
  batch 5/100 [40000..50000]: 22770 ms  (439 ops/s)
  batch 6/100 [50000..60000]: 23495 ms  (425 ops/s)
  batch 7/100 [60000..70000]: 23556 ms  (424 ops/s)
  batch 8/100 [70000..80000]: 23992 ms  (416 ops/s)
  batch 9/100 [80000..90000]: 24341 ms  (410 ops/s)
  batch 10/100 [90000..100000]: 24898 ms  (401 ops/s)
  batch 11/100 [100000..110000]: 25043 ms  (399 ops/s)
  batch 12/100 [110000..120000]: 24410 ms  (409 ops/s)
  batch 13/100 [120000..130000]: 23845 ms  (419 ops/s)
  batch 14/100 [130000..140000]: 24309 ms  (411 ops/s)
  batch 15/100 [140000..150000]: 24635 ms  (405 ops/s)
  batch 16/100 [150000..160000]: 24930 ms  (401 ops/s)
  batch 17/100 [160000..170000]: 25143 ms  (397 ops/s)
  batch 18/100 [170000..180000]: 25438 ms  (393 ops/s)
  batch 19/100 [180000..190000]: 23999 ms  (416 ops/s)
  batch 20/100 [190000..200000]: 24331 ms  (410 ops/s)
  batch 21/100 [200000..210000]: 24759 ms  (403 ops/s)
  batch 22/100 [210000..220000]: 25153 ms  (397 ops/s)
  batch 23/100 [220000..230000]: 25537 ms  (391 ops/s)
  batch 24/100 [230000..240000]: 25817 ms  (387 ops/s)
  batch 25/100 [240000..250000]: 25261 ms  (395 ops/s)
  batch 26/100 [250000..260000]: 24752 ms  (404 ops/s)
  batch 27/100 [260000..270000]: 24899 ms  (401 ops/s)
  batch 28/100 [270000..280000]: 25544 ms  (391 ops/s)
  batch 29/100 [280000..290000]: 25849 ms  (386 ops/s)
  batch 30/100 [290000..300000]: 26222 ms  (381 ops/s)
  batch 31/100 [300000..310000]: 26334 ms  (379 ops/s)
  batch 32/100 [310000..320000]: 24961 ms  (400 ops/s)
  batch 33/100 [320000..330000]: 25155 ms  (397 ops/s)
  batch 34/100 [330000..340000]: 25369 ms  (394 ops/s)
  batch 35/100 [340000..350000]: 26259 ms  (380 ops/s)
  batch 36/100 [350000..360000]: 26389 ms  (378 ops/s)
  batch 37/100 [360000..370000]: 26659 ms  (375 ops/s)
  batch 38/100 [370000..380000]: 26156 ms  (382 ops/s)
  batch 39/100 [380000..390000]: 25637 ms  (390 ops/s)
  batch 40/100 [390000..400000]: 25707 ms  (388 ops/s)
  batch 41/100 [400000..410000]: 26105 ms  (383 ops/s)
  batch 42/100 [410000..420000]: 26588 ms  (376 ops/s)
  batch 43/100 [420000..430000]: 26829 ms  (372 ops/s)
  batch 44/100 [430000..440000]: 27163 ms  (368 ops/s)
  batch 45/100 [440000..450000]: 25702 ms  (389 ops/s)
  batch 46/100 [450000..460000]: 26048 ms  (383 ops/s)
  batch 47/100 [460000..470000]: 26418 ms  (378 ops/s)
  batch 48/100 [470000..480000]: 26822 ms  (372 ops/s)
  batch 49/100 [480000..490000]: 26628 ms  (375 ops/s)
  batch 50/100 [490000..500000]: 27265 ms  (366 ops/s)
  batch 51/100 [500000..510000]: 27336 ms  (365 ops/s)
  batch 52/100 [510000..520000]: 26296 ms  (380 ops/s)
  batch 53/100 [520000..530000]: 26762 ms  (373 ops/s)
  batch 54/100 [530000..540000]: 27134 ms  (368 ops/s)
  batch 55/100 [540000..550000]: 27381 ms  (365 ops/s)
  batch 56/100 [550000..560000]: 27667 ms  (361 ops/s)
  batch 57/100 [560000..570000]: 27844 ms  (359 ops/s)
  batch 58/100 [570000..580000]: 27095 ms  (369 ops/s)
  batch 59/100 [580000..590000]: 26940 ms  (371 ops/s)
  batch 60/100 [590000..600000]: 27210 ms  (367 ops/s)
  batch 61/100 [600000..610000]: 27717 ms  (360 ops/s)
  batch 62/100 [610000..620000]: 27817 ms  (359 ops/s)
  batch 63/100 [620000..630000]: 28287 ms  (353 ops/s)
  batch 64/100 [630000..640000]: 28280 ms  (353 ops/s)
  batch 65/100 [640000..650000]: 27242 ms  (367 ops/s)
  batch 66/100 [650000..660000]: 27463 ms  (364 ops/s)
  batch 67/100 [660000..670000]: 27748 ms  (360 ops/s)
  batch 68/100 [670000..680000]: 28124 ms  (355 ops/s)
  batch 69/100 [680000..690000]: 28382 ms  (352 ops/s)
  batch 70/100 [690000..700000]: 28865 ms  (346 ops/s)
  batch 71/100 [700000..710000]: 28137 ms  (355 ops/s)
  batch 72/100 [710000..720000]: 27336 ms  (365 ops/s)
  batch 73/100 [720000..730000]: 28043 ms  (356 ops/s)
  batch 74/100 [730000..740000]: 28321 ms  (353 ops/s)
  batch 75/100 [740000..750000]: 28865 ms  (346 ops/s)
  batch 76/100 [750000..760000]: 28928 ms  (345 ops/s)
  batch 77/100 [760000..770000]: 29359 ms  (340 ops/s)
  batch 78/100 [770000..780000]: 27966 ms  (357 ops/s)
  batch 79/100 [780000..790000]: 28200 ms  (354 ops/s)
  batch 80/100 [790000..800000]: 28680 ms  (348 ops/s)
  batch 81/100 [800000..810000]: 28913 ms  (345 ops/s)
  batch 82/100 [810000..820000]: 29193 ms  (342 ops/s)
  batch 83/100 [820000..830000]: 29713 ms  (336 ops/s)
  batch 84/100 [830000..840000]: 29039 ms  (344 ops/s)
  batch 85/100 [840000..850000]: 28531 ms  (350 ops/s)
  batch 86/100 [850000..860000]: 28795 ms  (347 ops/s)
  batch 87/100 [860000..870000]: 28914 ms  (345 ops/s)
  batch 88/100 [870000..880000]: 29582 ms  (338 ops/s)
  batch 89/100 [880000..890000]: 29598 ms  (337 ops/s)
  batch 90/100 [890000..900000]: 30131 ms  (331 ops/s)
  batch 91/100 [900000..910000]: 28735 ms  (347 ops/s)
  batch 92/100 [910000..920000]: 29141 ms  (343 ops/s)
  batch 93/100 [920000..930000]: 29142 ms  (343 ops/s)
  batch 94/100 [930000..940000]: 29800 ms  (335 ops/s)
  batch 95/100 [940000..950000]: 29900 ms  (334 ops/s)
  batch 96/100 [950000..960000]: 30454 ms  (328 ops/s)
  batch 97/100 [960000..970000]: 29854 ms  (334 ops/s)
  batch 98/100 [970000..980000]: 29198 ms  (342 ops/s)
  batch 99/100 [980000..990000]: 29450 ms  (339 ops/s)
  batch 100/100 [990000..1000000]: 30304 ms  (329 ops/s)
  total: 2679584 ms  (373 ops/s)

=== Iteration 3 ===
  batch 1/100 [0..10000]: 21288 ms  (469 ops/s)
  batch 2/100 [10000..20000]: 22260 ms  (449 ops/s)
  batch 3/100 [20000..30000]: 22612 ms  (442 ops/s)
  batch 4/100 [30000..40000]: 22867 ms  (437 ops/s)
  batch 5/100 [40000..50000]: 23011 ms  (434 ops/s)
  batch 6/100 [50000..60000]: 23430 ms  (426 ops/s)
  batch 7/100 [60000..70000]: 23864 ms  (419 ops/s)
  batch 8/100 [70000..80000]: 24088 ms  (415 ops/s)
  batch 9/100 [80000..90000]: 24165 ms  (413 ops/s)
  batch 10/100 [90000..100000]: 24279 ms  (411 ops/s)
  batch 11/100 [100000..110000]: 24727 ms  (404 ops/s)
  batch 12/100 [110000..120000]: 24013 ms  (416 ops/s)
  batch 13/100 [120000..130000]: 23960 ms  (417 ops/s)
  batch 14/100 [130000..140000]: 24335 ms  (410 ops/s)
  batch 15/100 [140000..150000]: 24527 ms  (407 ops/s)
  batch 16/100 [150000..160000]: 24923 ms  (401 ops/s)
  batch 17/100 [160000..170000]: 25317 ms  (394 ops/s)
  batch 18/100 [170000..180000]: 25466 ms  (392 ops/s)
  batch 19/100 [180000..190000]: 24327 ms  (411 ops/s)
  batch 20/100 [190000..200000]: 24414 ms  (409 ops/s)
  batch 21/100 [200000..210000]: 24552 ms  (407 ops/s)
  batch 22/100 [210000..220000]: 25153 ms  (397 ops/s)
  batch 23/100 [220000..230000]: 25618 ms  (390 ops/s)
  batch 24/100 [230000..240000]: 25531 ms  (391 ops/s)
  batch 25/100 [240000..250000]: 25330 ms  (394 ops/s)
  batch 26/100 [250000..260000]: 24662 ms  (405 ops/s)
  batch 27/100 [260000..270000]: 25164 ms  (397 ops/s)
  batch 28/100 [270000..280000]: 25198 ms  (396 ops/s)
  batch 29/100 [280000..290000]: 25626 ms  (390 ops/s)
  batch 30/100 [290000..300000]: 26027 ms  (384 ops/s)
  batch 31/100 [300000..310000]: 26142 ms  (382 ops/s)
  batch 32/100 [310000..320000]: 25183 ms  (397 ops/s)
  batch 33/100 [320000..330000]: 25104 ms  (398 ops/s)
  batch 34/100 [330000..340000]: 25742 ms  (388 ops/s)
  batch 35/100 [340000..350000]: 25986 ms  (384 ops/s)
  batch 36/100 [350000..360000]: 26132 ms  (382 ops/s)
  batch 37/100 [360000..370000]: 26437 ms  (378 ops/s)
  batch 38/100 [370000..380000]: 26291 ms  (380 ops/s)
  batch 39/100 [380000..390000]: 25682 ms  (389 ops/s)
  batch 40/100 [390000..400000]: 25828 ms  (387 ops/s)
  batch 41/100 [400000..410000]: 26025 ms  (384 ops/s)
  batch 42/100 [410000..420000]: 26306 ms  (380 ops/s)
  batch 43/100 [420000..430000]: 26829 ms  (372 ops/s)
  batch 44/100 [430000..440000]: 26750 ms  (373 ops/s)
  batch 45/100 [440000..450000]: 26009 ms  (384 ops/s)
  batch 46/100 [450000..460000]: 26176 ms  (382 ops/s)
  batch 47/100 [460000..470000]: 26507 ms  (377 ops/s)
  batch 48/100 [470000..480000]: 26919 ms  (371 ops/s)
  batch 49/100 [480000..490000]: 27256 ms  (366 ops/s)
  batch 50/100 [490000..500000]: 27459 ms  (364 ops/s)
  batch 51/100 [500000..510000]: 27501 ms  (363 ops/s)
  batch 52/100 [510000..520000]: 26372 ms  (379 ops/s)
  batch 53/100 [520000..530000]: 26624 ms  (375 ops/s)
  batch 54/100 [530000..540000]: 26956 ms  (370 ops/s)
  batch 55/100 [540000..550000]: 26968 ms  (370 ops/s)
  batch 56/100 [550000..560000]: 27864 ms  (358 ops/s)
  batch 57/100 [560000..570000]: 27741 ms  (360 ops/s)
  batch 58/100 [570000..580000]: 27091 ms  (369 ops/s)
  batch 59/100 [580000..590000]: 26677 ms  (374 ops/s)
  batch 60/100 [590000..600000]: 27083 ms  (369 ops/s)
  batch 61/100 [600000..610000]: 27506 ms  (363 ops/s)
  batch 62/100 [610000..620000]: 27734 ms  (360 ops/s)
  batch 63/100 [620000..630000]: 28042 ms  (356 ops/s)
  batch 64/100 [630000..640000]: 28317 ms  (353 ops/s)
  batch 65/100 [640000..650000]: 27254 ms  (366 ops/s)
  batch 66/100 [650000..660000]: 27687 ms  (361 ops/s)
  batch 67/100 [660000..670000]: 27865 ms  (358 ops/s)
  batch 68/100 [670000..680000]: 28238 ms  (354 ops/s)
  batch 69/100 [680000..690000]: 28614 ms  (349 ops/s)
  batch 70/100 [690000..700000]: 28776 ms  (347 ops/s)
  batch 71/100 [700000..710000]: 28120 ms  (355 ops/s)
  batch 72/100 [710000..720000]: 27965 ms  (357 ops/s)
  batch 73/100 [720000..730000]: 28011 ms  (356 ops/s)
  batch 74/100 [730000..740000]: 28458 ms  (351 ops/s)
  batch 75/100 [740000..750000]: 28729 ms  (348 ops/s)
  batch 76/100 [750000..760000]: 29084 ms  (343 ops/s)
  batch 77/100 [760000..770000]: 29191 ms  (342 ops/s)
  batch 78/100 [770000..780000]: 28355 ms  (352 ops/s)
  batch 79/100 [780000..790000]: 28312 ms  (353 ops/s)
  batch 80/100 [790000..800000]: 28654 ms  (348 ops/s)
  batch 81/100 [800000..810000]: 29173 ms  (342 ops/s)
  batch 82/100 [810000..820000]: 29303 ms  (341 ops/s)
  batch 83/100 [820000..830000]: 29689 ms  (336 ops/s)
  batch 84/100 [830000..840000]: 29218 ms  (342 ops/s)
  batch 85/100 [840000..850000]: 28538 ms  (350 ops/s)
  batch 86/100 [850000..860000]: 28959 ms  (345 ops/s)
  batch 87/100 [860000..870000]: 29205 ms  (342 ops/s)
  batch 88/100 [870000..880000]: 29143 ms  (343 ops/s)
  batch 89/100 [880000..890000]: 29483 ms  (339 ops/s)
  batch 90/100 [890000..900000]: 30031 ms  (332 ops/s)
  batch 91/100 [900000..910000]: 28841 ms  (346 ops/s)
  batch 92/100 [910000..920000]: 29165 ms  (342 ops/s)
  batch 93/100 [920000..930000]: 29342 ms  (340 ops/s)
  batch 94/100 [930000..940000]: 29862 ms  (334 ops/s)
  batch 95/100 [940000..950000]: 30079 ms  (332 ops/s)
  batch 96/100 [950000..960000]: 30201 ms  (331 ops/s)
  batch 97/100 [960000..970000]: 29865 ms  (334 ops/s)
  batch 98/100 [970000..980000]: 29289 ms  (341 ops/s)
  batch 99/100 [980000..990000]: 29439 ms  (339 ops/s)
  batch 100/100 [990000..1000000]: 30073 ms  (332 ops/s)
  total: 2680233 ms  (373 ops/s)
  [T1] delete_only_od_multi_v0.0_d0.1_random_t2_s1000000
dvi_txn_benchmark_naive
  experiment:      T1
  workload:        delete_only
  mechanism:       od_multi
  violation:       0
  duplicate_rate:  0.1
  num_unique_lhs:  900000
  access:          random
  size:            1000000
  batch_size:      10000
  threads:         2
  pre_pop:         1000000

=== Iteration 1 ===
[PERF] Unresolved iterator created for AbstractPosList at src/lib/storage/pos_lists/abstract_pos_list.cpp:8
	Performance can be affected. This warning is only shown once.
[PERF] operator[] used at src/lib/storage/value_segment.cpp:48
	Performance can be affected. This warning is only shown once.
  batch 1/100 [0..10000]: 22728 ms  (439 ops/s)
  batch 2/100 [10000..20000]: 23372 ms  (427 ops/s)
  batch 3/100 [20000..30000]: 23658 ms  (422 ops/s)
  batch 4/100 [30000..40000]: 23923 ms  (417 ops/s)
[PERF] operator[] used at src/lib/storage/frame_of_reference_segment.cpp:49
	Performance can be affected. This warning is only shown once.
  batch 5/100 [40000..50000]: 24298 ms  (411 ops/s)
  batch 6/100 [50000..60000]: 24500 ms  (408 ops/s)
  batch 7/100 [60000..70000]: 24835 ms  (402 ops/s)
  batch 8/100 [70000..80000]: 25218 ms  (396 ops/s)
  batch 9/100 [80000..90000]: 25488 ms  (392 ops/s)
  batch 10/100 [90000..100000]: 25890 ms  (386 ops/s)
  batch 11/100 [100000..110000]: 26088 ms  (383 ops/s)
  batch 12/100 [110000..120000]: 25461 ms  (392 ops/s)
  batch 13/100 [120000..130000]: 25016 ms  (399 ops/s)
  batch 14/100 [130000..140000]: 25069 ms  (398 ops/s)
  batch 15/100 [140000..150000]: 25730 ms  (388 ops/s)
  batch 16/100 [150000..160000]: 26385 ms  (378 ops/s)
  batch 17/100 [160000..170000]: 26454 ms  (378 ops/s)
  batch 18/100 [170000..180000]: 26771 ms  (373 ops/s)
  batch 19/100 [180000..190000]: 25406 ms  (393 ops/s)
  batch 20/100 [190000..200000]: 24967 ms  (400 ops/s)
  batch 21/100 [200000..210000]: 25886 ms  (386 ops/s)
  batch 22/100 [210000..220000]: 26411 ms  (378 ops/s)
  batch 23/100 [220000..230000]: 26838 ms  (372 ops/s)
  batch 24/100 [230000..240000]: 26911 ms  (371 ops/s)
  batch 25/100 [240000..250000]: 26759 ms  (373 ops/s)
  batch 26/100 [250000..260000]: 26012 ms  (384 ops/s)
  batch 27/100 [260000..270000]: 26012 ms  (384 ops/s)
  batch 28/100 [270000..280000]: 26354 ms  (379 ops/s)
  batch 29/100 [280000..290000]: 26790 ms  (373 ops/s)
  batch 30/100 [290000..300000]: 27325 ms  (365 ops/s)
  batch 31/100 [300000..310000]: 27562 ms  (362 ops/s)
  batch 32/100 [310000..320000]: 26663 ms  (375 ops/s)
  batch 33/100 [320000..330000]: 26441 ms  (378 ops/s)
  batch 34/100 [330000..340000]: 26536 ms  (376 ops/s)
  batch 35/100 [340000..350000]: 26995 ms  (370 ops/s)
  batch 36/100 [350000..360000]: 27548 ms  (362 ops/s)
  batch 37/100 [360000..370000]: 27926 ms  (358 ops/s)
  batch 38/100 [370000..380000]: 27536 ms  (363 ops/s)
  batch 39/100 [380000..390000]: 26944 ms  (371 ops/s)
  batch 40/100 [390000..400000]: 26942 ms  (371 ops/s)
  batch 41/100 [400000..410000]: 27125 ms  (368 ops/s)
  batch 42/100 [410000..420000]: 27510 ms  (363 ops/s)
  batch 43/100 [420000..430000]: 28063 ms  (356 ops/s)
  batch 44/100 [430000..440000]: 28262 ms  (353 ops/s)
  batch 45/100 [440000..450000]: 27337 ms  (365 ops/s)
  batch 46/100 [450000..460000]: 27353 ms  (365 ops/s)
  batch 47/100 [460000..470000]: 27449 ms  (364 ops/s)
  batch 48/100 [470000..480000]: 27972 ms  (357 ops/s)
  batch 49/100 [480000..490000]: 28236 ms  (354 ops/s)
  batch 50/100 [490000..500000]: 28842 ms  (346 ops/s)
  batch 51/100 [500000..510000]: 28455 ms  (351 ops/s)
  batch 52/100 [510000..520000]: 27738 ms  (360 ops/s)
  batch 53/100 [520000..530000]: 27983 ms  (357 ops/s)
  batch 54/100 [530000..540000]: 28156 ms  (355 ops/s)
  batch 55/100 [540000..550000]: 28726 ms  (348 ops/s)
  batch 56/100 [550000..560000]: 28864 ms  (346 ops/s)
  batch 57/100 [560000..570000]: 29018 ms  (344 ops/s)
  batch 58/100 [570000..580000]: 28237 ms  (354 ops/s)
  batch 59/100 [580000..590000]: 28081 ms  (356 ops/s)
  batch 60/100 [590000..600000]: 28268 ms  (353 ops/s)
  batch 61/100 [600000..610000]: 28743 ms  (347 ops/s)
  batch 62/100 [610000..620000]: 29048 ms  (344 ops/s)
  batch 63/100 [620000..630000]: 29252 ms  (341 ops/s)
  batch 64/100 [630000..640000]: 29403 ms  (340 ops/s)
  batch 65/100 [640000..650000]: 28403 ms  (352 ops/s)
  batch 66/100 [650000..660000]: 28556 ms  (350 ops/s)
  batch 67/100 [660000..670000]: 28531 ms  (350 ops/s)
  batch 68/100 [670000..680000]: 29316 ms  (341 ops/s)
  batch 69/100 [680000..690000]: 29568 ms  (338 ops/s)
  batch 70/100 [690000..700000]: 29823 ms  (335 ops/s)
  batch 71/100 [700000..710000]: 29187 ms  (342 ops/s)
  batch 72/100 [710000..720000]: 29004 ms  (344 ops/s)
  batch 73/100 [720000..730000]: 29344 ms  (340 ops/s)
  batch 74/100 [730000..740000]: 29654 ms  (337 ops/s)
  batch 75/100 [740000..750000]: 29153 ms  (343 ops/s)
  batch 76/100 [750000..760000]: 30006 ms  (333 ops/s)
  batch 77/100 [760000..770000]: 30545 ms  (327 ops/s)
  batch 78/100 [770000..780000]: 29090 ms  (343 ops/s)
  batch 79/100 [780000..790000]: 29282 ms  (341 ops/s)
  batch 80/100 [790000..800000]: 29701 ms  (336 ops/s)
  batch 81/100 [800000..810000]: 30331 ms  (329 ops/s)
  batch 82/100 [810000..820000]: 30527 ms  (327 ops/s)
  batch 83/100 [820000..830000]: 30884 ms  (323 ops/s)
  batch 84/100 [830000..840000]: 30424 ms  (328 ops/s)
  batch 85/100 [840000..850000]: 29904 ms  (334 ops/s)
  batch 86/100 [850000..860000]: 29956 ms  (333 ops/s)
  batch 87/100 [860000..870000]: 30619 ms  (326 ops/s)
  batch 88/100 [870000..880000]: 30859 ms  (324 ops/s)
  batch 89/100 [880000..890000]: 31381 ms  (318 ops/s)
  batch 90/100 [890000..900000]: 31692 ms  (315 ops/s)
  batch 91/100 [900000..910000]: 30258 ms  (330 ops/s)
  batch 92/100 [910000..920000]: 30316 ms  (329 ops/s)
  batch 93/100 [920000..930000]: 30710 ms  (325 ops/s)
  batch 94/100 [930000..940000]: 30830 ms  (324 ops/s)
  batch 95/100 [940000..950000]: 31474 ms  (317 ops/s)
  batch 96/100 [950000..960000]: 31709 ms  (315 ops/s)
  batch 97/100 [960000..970000]: 31493 ms  (317 ops/s)
  batch 98/100 [970000..980000]: 30563 ms  (327 ops/s)
  batch 99/100 [980000..990000]: 31053 ms  (322 ops/s)
  batch 100/100 [990000..1000000]: 31137 ms  (321 ops/s)
  total: 2801105 ms  (357 ops/s)

=== Iteration 2 ===
  batch 1/100 [0..10000]: 22536 ms  (443 ops/s)
  batch 2/100 [10000..20000]: 23214 ms  (430 ops/s)
  batch 3/100 [20000..30000]: 23685 ms  (422 ops/s)
  batch 4/100 [30000..40000]: 23884 ms  (418 ops/s)
  batch 5/100 [40000..50000]: 24003 ms  (416 ops/s)
  batch 6/100 [50000..60000]: 24492 ms  (408 ops/s)
  batch 7/100 [60000..70000]: 24649 ms  (405 ops/s)
  batch 8/100 [70000..80000]: 25111 ms  (398 ops/s)
  batch 9/100 [80000..90000]: 25547 ms  (391 ops/s)
  batch 10/100 [90000..100000]: 25616 ms  (390 ops/s)
  batch 11/100 [100000..110000]: 25927 ms  (385 ops/s)
  batch 12/100 [110000..120000]: 25469 ms  (392 ops/s)
  batch 13/100 [120000..130000]: 25287 ms  (395 ops/s)
  batch 14/100 [130000..140000]: 25440 ms  (393 ops/s)
  batch 15/100 [140000..150000]: 25948 ms  (385 ops/s)
  batch 16/100 [150000..160000]: 26008 ms  (384 ops/s)
  batch 17/100 [160000..170000]: 26426 ms  (378 ops/s)
  batch 18/100 [170000..180000]: 26475 ms  (377 ops/s)
  batch 19/100 [180000..190000]: 25405 ms  (393 ops/s)
  batch 20/100 [190000..200000]: 25644 ms  (389 ops/s)
  batch 21/100 [200000..210000]: 25892 ms  (386 ops/s)
  batch 22/100 [210000..220000]: 26338 ms  (379 ops/s)
  batch 23/100 [220000..230000]: 26748 ms  (373 ops/s)
  batch 24/100 [230000..240000]: 27124 ms  (368 ops/s)
  batch 25/100 [240000..250000]: 26626 ms  (375 ops/s)
  batch 26/100 [250000..260000]: 25905 ms  (386 ops/s)
  batch 27/100 [260000..270000]: 26275 ms  (380 ops/s)
  batch 28/100 [270000..280000]: 26431 ms  (378 ops/s)
  batch 29/100 [280000..290000]: 26959 ms  (370 ops/s)
  batch 30/100 [290000..300000]: 27294 ms  (366 ops/s)
  batch 31/100 [300000..310000]: 27482 ms  (363 ops/s)
  batch 32/100 [310000..320000]: 26150 ms  (382 ops/s)
  batch 33/100 [320000..330000]: 26469 ms  (377 ops/s)
  batch 34/100 [330000..340000]: 26756 ms  (373 ops/s)
  batch 35/100 [340000..350000]: 27102 ms  (368 ops/s)
  batch 36/100 [350000..360000]: 27469 ms  (364 ops/s)
  batch 37/100 [360000..370000]: 27825 ms  (359 ops/s)
  batch 38/100 [370000..380000]: 27630 ms  (361 ops/s)
  batch 39/100 [380000..390000]: 26309 ms  (380 ops/s)
  batch 40/100 [390000..400000]: 26944 ms  (371 ops/s)
  batch 41/100 [400000..410000]: 27321 ms  (366 ops/s)
  batch 42/100 [410000..420000]: 27514 ms  (363 ops/s)
  batch 43/100 [420000..430000]: 27943 ms  (357 ops/s)
  batch 44/100 [430000..440000]: 28640 ms  (349 ops/s)
  batch 45/100 [440000..450000]: 27589 ms  (362 ops/s)
  batch 46/100 [450000..460000]: 27425 ms  (364 ops/s)
  batch 47/100 [460000..470000]: 27926 ms  (358 ops/s)
  batch 48/100 [470000..480000]: 28019 ms  (356 ops/s)
  batch 49/100 [480000..490000]: 28452 ms  (351 ops/s)
  batch 50/100 [490000..500000]: 28658 ms  (348 ops/s)
  batch 51/100 [500000..510000]: 28508 ms  (350 ops/s)
  batch 52/100 [510000..520000]: 27674 ms  (361 ops/s)
  batch 53/100 [520000..530000]: 27692 ms  (361 ops/s)
  batch 54/100 [530000..540000]: 28415 ms  (351 ops/s)
  batch 55/100 [540000..550000]: 28501 ms  (350 ops/s)
  batch 56/100 [550000..560000]: 28794 ms  (347 ops/s)
  batch 57/100 [560000..570000]: 29321 ms  (341 ops/s)
  batch 58/100 [570000..580000]: 28458 ms  (351 ops/s)
  batch 59/100 [580000..590000]: 28008 ms  (357 ops/s)
  batch 60/100 [590000..600000]: 28304 ms  (353 ops/s)
  batch 61/100 [600000..610000]: 28801 ms  (347 ops/s)
  batch 62/100 [610000..620000]: 29135 ms  (343 ops/s)
  batch 63/100 [620000..630000]: 29330 ms  (340 ops/s)
  batch 64/100 [630000..640000]: 29482 ms  (339 ops/s)
  batch 65/100 [640000..650000]: 28563 ms  (350 ops/s)
  batch 66/100 [650000..660000]: 28529 ms  (350 ops/s)
  batch 67/100 [660000..670000]: 28896 ms  (346 ops/s)
  batch 68/100 [670000..680000]: 29091 ms  (343 ops/s)
  batch 69/100 [680000..690000]: 29579 ms  (338 ops/s)
  batch 70/100 [690000..700000]: 29867 ms  (334 ops/s)
  batch 71/100 [700000..710000]: 29176 ms  (342 ops/s)
  batch 72/100 [710000..720000]: 28900 ms  (346 ops/s)
  batch 73/100 [720000..730000]: 29107 ms  (343 ops/s)
  batch 74/100 [730000..740000]: 29803 ms  (335 ops/s)
  batch 75/100 [740000..750000]: 29836 ms  (335 ops/s)
  batch 76/100 [750000..760000]: 30004 ms  (333 ops/s)
  batch 77/100 [760000..770000]: 30306 ms  (329 ops/s)
  batch 78/100 [770000..780000]: 28881 ms  (346 ops/s)
  batch 79/100 [780000..790000]: 29290 ms  (341 ops/s)
  batch 80/100 [790000..800000]: 29830 ms  (335 ops/s)
  batch 81/100 [800000..810000]: 30198 ms  (331 ops/s)
  batch 82/100 [810000..820000]: 30468 ms  (328 ops/s)
  batch 83/100 [820000..830000]: 30920 ms  (323 ops/s)
  batch 84/100 [830000..840000]: 30415 ms  (328 ops/s)
  batch 85/100 [840000..850000]: 29934 ms  (334 ops/s)
  batch 86/100 [850000..860000]: 30076 ms  (332 ops/s)
  batch 87/100 [860000..870000]: 30291 ms  (330 ops/s)
  batch 88/100 [870000..880000]: 30839 ms  (324 ops/s)
  batch 89/100 [880000..890000]: 31102 ms  (321 ops/s)
  batch 90/100 [890000..900000]: 31487 ms  (317 ops/s)
  batch 91/100 [900000..910000]: 30130 ms  (331 ops/s)
  batch 92/100 [910000..920000]: 30146 ms  (331 ops/s)
  batch 93/100 [920000..930000]: 30329 ms  (329 ops/s)
  batch 94/100 [930000..940000]: 30980 ms  (322 ops/s)
  batch 95/100 [940000..950000]: 31197 ms  (320 ops/s)
  batch 96/100 [950000..960000]: 31781 ms  (314 ops/s)
  batch 97/100 [960000..970000]: 31110 ms  (321 ops/s)
  batch 98/100 [970000..980000]: 30938 ms  (323 ops/s)
  batch 99/100 [980000..990000]: 30889 ms  (323 ops/s)
  batch 100/100 [990000..1000000]: 31152 ms  (320 ops/s)
  total: 2800493 ms  (357 ops/s)

=== Iteration 3 ===
  batch 1/100 [0..10000]: 22968 ms  (435 ops/s)
  batch 2/100 [10000..20000]: 23165 ms  (431 ops/s)
  batch 3/100 [20000..30000]: 23591 ms  (423 ops/s)
  batch 4/100 [30000..40000]: 24140 ms  (414 ops/s)
  batch 5/100 [40000..50000]: 24194 ms  (413 ops/s)
  batch 6/100 [50000..60000]: 24516 ms  (407 ops/s)
  batch 7/100 [60000..70000]: 24834 ms  (402 ops/s)
  batch 8/100 [70000..80000]: 25236 ms  (396 ops/s)
  batch 9/100 [80000..90000]: 25511 ms  (391 ops/s)
  batch 10/100 [90000..100000]: 25841 ms  (386 ops/s)
  batch 11/100 [100000..110000]: 26214 ms  (381 ops/s)
  batch 12/100 [110000..120000]: 25553 ms  (391 ops/s)
  batch 13/100 [120000..130000]: 25037 ms  (399 ops/s)
  batch 14/100 [130000..140000]: 25490 ms  (392 ops/s)
  batch 15/100 [140000..150000]: 25788 ms  (387 ops/s)
  batch 16/100 [150000..160000]: 25969 ms  (385 ops/s)
  batch 17/100 [160000..170000]: 26240 ms  (381 ops/s)
  batch 18/100 [170000..180000]: 26669 ms  (374 ops/s)
  batch 19/100 [180000..190000]: 25381 ms  (393 ops/s)
  batch 20/100 [190000..200000]: 25774 ms  (387 ops/s)
  batch 21/100 [200000..210000]: 25931 ms  (385 ops/s)
  batch 22/100 [210000..220000]: 26515 ms  (377 ops/s)
  batch 23/100 [220000..230000]: 26879 ms  (372 ops/s)
  batch 24/100 [230000..240000]: 26855 ms  (372 ops/s)
  batch 25/100 [240000..250000]: 26678 ms  (374 ops/s)
  batch 26/100 [250000..260000]: 26079 ms  (383 ops/s)
  batch 27/100 [260000..270000]: 26320 ms  (379 ops/s)
  batch 28/100 [270000..280000]: 26594 ms  (376 ops/s)
  batch 29/100 [280000..290000]: 26972 ms  (370 ops/s)
  batch 30/100 [290000..300000]: 27321 ms  (366 ops/s)
  batch 31/100 [300000..310000]: 27659 ms  (361 ops/s)
  batch 32/100 [310000..320000]: 26413 ms  (378 ops/s)
  batch 33/100 [320000..330000]: 26668 ms  (374 ops/s)
  batch 34/100 [330000..340000]: 26838 ms  (372 ops/s)
  batch 35/100 [340000..350000]: 27292 ms  (366 ops/s)
  batch 36/100 [350000..360000]: 27659 ms  (361 ops/s)
  batch 37/100 [360000..370000]: 27849 ms  (359 ops/s)
  batch 38/100 [370000..380000]: 27593 ms  (362 ops/s)
  batch 39/100 [380000..390000]: 26958 ms  (370 ops/s)
  batch 40/100 [390000..400000]: 27095 ms  (369 ops/s)
  batch 41/100 [400000..410000]: 27341 ms  (365 ops/s)
  batch 42/100 [410000..420000]: 27611 ms  (362 ops/s)
  batch 43/100 [420000..430000]: 28163 ms  (355 ops/s)
  batch 44/100 [430000..440000]: 28463 ms  (351 ops/s)
  batch 45/100 [440000..450000]: 27612 ms  (362 ops/s)
  batch 46/100 [450000..460000]: 27465 ms  (364 ops/s)
  batch 47/100 [460000..470000]: 27454 ms  (364 ops/s)
  batch 48/100 [470000..480000]: 27887 ms  (358 ops/s)
  batch 49/100 [480000..490000]: 28276 ms  (353 ops/s)
  batch 50/100 [490000..500000]: 28940 ms  (345 ops/s)
  batch 51/100 [500000..510000]: 28541 ms  (350 ops/s)
  batch 52/100 [510000..520000]: 27607 ms  (362 ops/s)
  batch 53/100 [520000..530000]: 27956 ms  (357 ops/s)
  batch 54/100 [530000..540000]: 28344 ms  (352 ops/s)
  batch 55/100 [540000..550000]: 28689 ms  (348 ops/s)
  batch 56/100 [550000..560000]: 28961 ms  (345 ops/s)
  batch 57/100 [560000..570000]: 29191 ms  (342 ops/s)
  batch 58/100 [570000..580000]: 28200 ms  (354 ops/s)
  batch 59/100 [580000..590000]: 28075 ms  (356 ops/s)
  batch 60/100 [590000..600000]: 28479 ms  (351 ops/s)
  batch 61/100 [600000..610000]: 29009 ms  (344 ops/s)
  batch 62/100 [610000..620000]: 29094 ms  (343 ops/s)
  batch 63/100 [620000..630000]: 29529 ms  (338 ops/s)
  batch 64/100 [630000..640000]: 29366 ms  (340 ops/s)
  batch 65/100 [640000..650000]: 28163 ms  (355 ops/s)
  batch 66/100 [650000..660000]: 28772 ms  (347 ops/s)
  batch 67/100 [660000..670000]: 29117 ms  (343 ops/s)
  batch 68/100 [670000..680000]: 29664 ms  (337 ops/s)
  batch 69/100 [680000..690000]: 29545 ms  (338 ops/s)
  batch 70/100 [690000..700000]: 29839 ms  (335 ops/s)
  batch 71/100 [700000..710000]: 29552 ms  (338 ops/s)
  batch 72/100 [710000..720000]: 29131 ms  (343 ops/s)
  batch 73/100 [720000..730000]: 29374 ms  (340 ops/s)
  batch 74/100 [730000..740000]: 29573 ms  (338 ops/s)
  batch 75/100 [740000..750000]: 30086 ms  (332 ops/s)
  batch 76/100 [750000..760000]: 30458 ms  (328 ops/s)
  batch 77/100 [760000..770000]: 30476 ms  (328 ops/s)
  batch 78/100 [770000..780000]: 29262 ms  (341 ops/s)
  batch 79/100 [780000..790000]: 29539 ms  (338 ops/s)
  batch 80/100 [790000..800000]: 29770 ms  (335 ops/s)
  batch 81/100 [800000..810000]: 30155 ms  (331 ops/s)
  batch 82/100 [810000..820000]: 30346 ms  (329 ops/s)
  batch 83/100 [820000..830000]: 30608 ms  (326 ops/s)
  batch 84/100 [830000..840000]: 30441 ms  (328 ops/s)
  batch 85/100 [840000..850000]: 29726 ms  (336 ops/s)
  batch 86/100 [850000..860000]: 30309 ms  (329 ops/s)
  batch 87/100 [860000..870000]: 30269 ms  (330 ops/s)
  batch 88/100 [870000..880000]: 30793 ms  (324 ops/s)
  batch 89/100 [880000..890000]: 30725 ms  (325 ops/s)
  batch 90/100 [890000..900000]: 31457 ms  (317 ops/s)
  batch 91/100 [900000..910000]: 29893 ms  (334 ops/s)
  batch 92/100 [910000..920000]: 30148 ms  (331 ops/s)
  batch 93/100 [920000..930000]: 30298 ms  (330 ops/s)
  batch 94/100 [930000..940000]: 31205 ms  (320 ops/s)
  batch 95/100 [940000..950000]: 31445 ms  (318 ops/s)
  batch 96/100 [950000..960000]: 31693 ms  (315 ops/s)
  batch 97/100 [960000..970000]: 31506 ms  (317 ops/s)
  batch 98/100 [970000..980000]: 30406 ms  (328 ops/s)
  batch 99/100 [980000..990000]: 30952 ms  (323 ops/s)
  batch 100/100 [990000..1000000]: 31221 ms  (320 ops/s)
  total: 2806494 ms  (356 ops/s)
  [T1] mixed_od_multi_v0.0_d0.1_random_t2_s1000000
dvi_txn_benchmark_naive
  experiment:      T1
  workload:        mixed
  mechanism:       od_multi
  violation:       0
  duplicate_rate:  0.1
  num_unique_lhs:  900000
  access:          random
  size:            1000000
  batch_size:      10000
  threads:         2
  pre_pop:         1000000

=== Iteration 1 ===
[PERF] operator[] used at src/lib/storage/value_segment.cpp:48
	Performance can be affected. This warning is only shown once.
[PERF] Unresolved iterator created for AbstractPosList at src/lib/storage/pos_lists/abstract_pos_list.cpp:8
	Performance can be affected. This warning is only shown once.
  batch 1/100 [0..10000]: 6523 ms  (1532 ops/s)
  batch 2/100 [10000..20000]: 6788 ms  (1473 ops/s)
  batch 3/100 [20000..30000]: 6903 ms  (1448 ops/s)
  batch 4/100 [30000..40000]: 6921 ms  (1444 ops/s)
[PERF] operator[] used at src/lib/storage/frame_of_reference_segment.cpp:49
	Performance can be affected. This warning is only shown once.
  batch 5/100 [40000..50000]: 7004 ms  (1427 ops/s)
  batch 6/100 [50000..60000]: 7031 ms  (1422 ops/s)
  batch 7/100 [60000..70000]: 7204 ms  (1388 ops/s)
  batch 8/100 [70000..80000]: 7279 ms  (1373 ops/s)
  batch 9/100 [80000..90000]: 7307 ms  (1368 ops/s)
  batch 10/100 [90000..100000]: 7459 ms  (1340 ops/s)
  batch 11/100 [100000..110000]: 7626 ms  (1311 ops/s)
  batch 12/100 [110000..120000]: 7458 ms  (1340 ops/s)
  batch 13/100 [120000..130000]: 7252 ms  (1378 ops/s)
  batch 14/100 [130000..140000]: 7406 ms  (1350 ops/s)
  batch 15/100 [140000..150000]: 7467 ms  (1339 ops/s)
  batch 16/100 [150000..160000]: 7597 ms  (1316 ops/s)
  batch 17/100 [160000..170000]: 7635 ms  (1309 ops/s)
  batch 18/100 [170000..180000]: 7781 ms  (1285 ops/s)
  batch 19/100 [180000..190000]: 7249 ms  (1379 ops/s)
  batch 20/100 [190000..200000]: 7561 ms  (1322 ops/s)
  batch 21/100 [200000..210000]: 7594 ms  (1316 ops/s)
  batch 22/100 [210000..220000]: 7649 ms  (1307 ops/s)
  batch 23/100 [220000..230000]: 7738 ms  (1292 ops/s)
  batch 24/100 [230000..240000]: 7850 ms  (1273 ops/s)
  batch 25/100 [240000..250000]: 7677 ms  (1302 ops/s)
  batch 26/100 [250000..260000]: 7485 ms  (1335 ops/s)
  batch 27/100 [260000..270000]: 7529 ms  (1328 ops/s)
  batch 28/100 [270000..280000]: 7724 ms  (1294 ops/s)
  batch 29/100 [280000..290000]: 7855 ms  (1273 ops/s)
  batch 30/100 [290000..300000]: 7884 ms  (1268 ops/s)
  batch 31/100 [300000..310000]: 7971 ms  (1254 ops/s)
  batch 32/100 [310000..320000]: 7541 ms  (1326 ops/s)
  batch 33/100 [320000..330000]: 7644 ms  (1308 ops/s)
  batch 34/100 [330000..340000]: 7867 ms  (1271 ops/s)
  batch 35/100 [340000..350000]: 7828 ms  (1277 ops/s)
  batch 36/100 [350000..360000]: 7978 ms  (1253 ops/s)
  batch 37/100 [360000..370000]: 7899 ms  (1265 ops/s)
  batch 38/100 [370000..380000]: 7941 ms  (1259 ops/s)
  batch 39/100 [380000..390000]: 7707 ms  (1297 ops/s)
  batch 40/100 [390000..400000]: 7830 ms  (1277 ops/s)
  batch 41/100 [400000..410000]: 7882 ms  (1268 ops/s)
  batch 42/100 [410000..420000]: 7925 ms  (1261 ops/s)
  batch 43/100 [420000..430000]: 8133 ms  (1229 ops/s)
  batch 44/100 [430000..440000]: 8207 ms  (1218 ops/s)
  batch 45/100 [440000..450000]: 7990 ms  (1251 ops/s)
  batch 46/100 [450000..460000]: 7901 ms  (1265 ops/s)
  batch 47/100 [460000..470000]: 8029 ms  (1245 ops/s)
  batch 48/100 [470000..480000]: 8044 ms  (1243 ops/s)
  batch 49/100 [480000..490000]: 8167 ms  (1224 ops/s)
  batch 50/100 [490000..500000]: 8322 ms  (1201 ops/s)
  batch 51/100 [500000..510000]: 8161 ms  (1225 ops/s)
  batch 52/100 [510000..520000]: 8036 ms  (1244 ops/s)
  batch 53/100 [520000..530000]: 8056 ms  (1241 ops/s)
  batch 54/100 [530000..540000]: 8168 ms  (1224 ops/s)
  batch 55/100 [540000..550000]: 8269 ms  (1209 ops/s)
  batch 56/100 [550000..560000]: 8391 ms  (1191 ops/s)
  batch 57/100 [560000..570000]: 8310 ms  (1203 ops/s)
  batch 58/100 [570000..580000]: 8228 ms  (1215 ops/s)
  batch 59/100 [580000..590000]: 8167 ms  (1224 ops/s)
  batch 60/100 [590000..600000]: 8187 ms  (1221 ops/s)
  batch 61/100 [600000..610000]: 8339 ms  (1199 ops/s)
  batch 62/100 [610000..620000]: 8328 ms  (1200 ops/s)
  batch 63/100 [620000..630000]: 8386 ms  (1192 ops/s)
  batch 64/100 [630000..640000]: 8484 ms  (1178 ops/s)
  batch 65/100 [640000..650000]: 8172 ms  (1223 ops/s)
  batch 66/100 [650000..660000]: 8292 ms  (1205 ops/s)
  batch 67/100 [660000..670000]: 8462 ms  (1181 ops/s)
  batch 68/100 [670000..680000]: 8502 ms  (1176 ops/s)
  batch 69/100 [680000..690000]: 8644 ms  (1156 ops/s)
  batch 70/100 [690000..700000]: 8718 ms  (1147 ops/s)
  batch 71/100 [700000..710000]: 8604 ms  (1162 ops/s)
  batch 72/100 [710000..720000]: 8307 ms  (1203 ops/s)
  batch 73/100 [720000..730000]: 8451 ms  (1183 ops/s)
  batch 74/100 [730000..740000]: 8551 ms  (1169 ops/s)
  batch 75/100 [740000..750000]: 8622 ms  (1159 ops/s)
  batch 76/100 [750000..760000]: 8843 ms  (1130 ops/s)
  batch 77/100 [760000..770000]: 8932 ms  (1119 ops/s)
  batch 78/100 [770000..780000]: 8445 ms  (1184 ops/s)
  batch 79/100 [780000..790000]: 8577 ms  (1165 ops/s)
  batch 80/100 [790000..800000]: 8748 ms  (1143 ops/s)
  batch 81/100 [800000..810000]: 8891 ms  (1124 ops/s)
  batch 82/100 [810000..820000]: 8782 ms  (1138 ops/s)
  batch 83/100 [820000..830000]: 9043 ms  (1105 ops/s)
  batch 84/100 [830000..840000]: 8649 ms  (1156 ops/s)
  batch 85/100 [840000..850000]: 8720 ms  (1146 ops/s)
  batch 86/100 [850000..860000]: 8730 ms  (1145 ops/s)
  batch 87/100 [860000..870000]: 8794 ms  (1137 ops/s)
  batch 88/100 [870000..880000]: 8801 ms  (1136 ops/s)
  batch 89/100 [880000..890000]: 9078 ms  (1101 ops/s)
  batch 90/100 [890000..900000]: 9147 ms  (1093 ops/s)
  batch 91/100 [900000..910000]: 8658 ms  (1154 ops/s)
  batch 92/100 [910000..920000]: 8888 ms  (1124 ops/s)
  batch 93/100 [920000..930000]: 8958 ms  (1116 ops/s)
  batch 94/100 [930000..940000]: 9092 ms  (1099 ops/s)
  batch 95/100 [940000..950000]: 9179 ms  (1089 ops/s)
  batch 96/100 [950000..960000]: 9193 ms  (1087 ops/s)
  batch 97/100 [960000..970000]: 8971 ms  (1114 ops/s)
  batch 98/100 [970000..980000]: 8979 ms  (1113 ops/s)
  batch 99/100 [980000..990000]: 9056 ms  (1104 ops/s)
  batch 100/100 [990000..1000000]: 8926 ms  (1120 ops/s)
  total: 812206 ms  (1231 ops/s)

=== Iteration 2 ===
  batch 1/100 [0..10000]: 6640 ms  (1505 ops/s)
  batch 2/100 [10000..20000]: 6700 ms  (1492 ops/s)
  batch 3/100 [20000..30000]: 6647 ms  (1504 ops/s)
  batch 4/100 [30000..40000]: 6937 ms  (1441 ops/s)
  batch 5/100 [40000..50000]: 7045 ms  (1419 ops/s)
  batch 6/100 [50000..60000]: 6959 ms  (1436 ops/s)
  batch 7/100 [60000..70000]: 7180 ms  (1392 ops/s)
  batch 8/100 [70000..80000]: 7386 ms  (1353 ops/s)
  batch 9/100 [80000..90000]: 7468 ms  (1339 ops/s)
  batch 10/100 [90000..100000]: 7484 ms  (1336 ops/s)
  batch 11/100 [100000..110000]: 7590 ms  (1317 ops/s)
  batch 12/100 [110000..120000]: 7371 ms  (1356 ops/s)
  batch 13/100 [120000..130000]: 7340 ms  (1362 ops/s)
  batch 14/100 [130000..140000]: 7419 ms  (1347 ops/s)
  batch 15/100 [140000..150000]: 7434 ms  (1345 ops/s)
  batch 16/100 [150000..160000]: 7617 ms  (1312 ops/s)
  batch 17/100 [160000..170000]: 7674 ms  (1303 ops/s)
  batch 18/100 [170000..180000]: 7800 ms  (1281 ops/s)
  batch 19/100 [180000..190000]: 7363 ms  (1357 ops/s)
  batch 20/100 [190000..200000]: 7432 ms  (1345 ops/s)
  batch 21/100 [200000..210000]: 7506 ms  (1332 ops/s)
  batch 22/100 [210000..220000]: 7608 ms  (1314 ops/s)
  batch 23/100 [220000..230000]: 7724 ms  (1294 ops/s)
  batch 24/100 [230000..240000]: 7838 ms  (1275 ops/s)
  batch 25/100 [240000..250000]: 7708 ms  (1297 ops/s)
  batch 26/100 [250000..260000]: 7484 ms  (1336 ops/s)
  batch 27/100 [260000..270000]: 7713 ms  (1296 ops/s)
  batch 28/100 [270000..280000]: 7621 ms  (1312 ops/s)
  batch 29/100 [280000..290000]: 7772 ms  (1286 ops/s)
  batch 30/100 [290000..300000]: 7862 ms  (1271 ops/s)
  batch 31/100 [300000..310000]: 7904 ms  (1265 ops/s)
  batch 32/100 [310000..320000]: 7652 ms  (1306 ops/s)
  batch 33/100 [320000..330000]: 7784 ms  (1284 ops/s)
  batch 34/100 [330000..340000]: 7708 ms  (1297 ops/s)
  batch 35/100 [340000..350000]: 7813 ms  (1279 ops/s)
  batch 36/100 [350000..360000]: 7919 ms  (1262 ops/s)
  batch 37/100 [360000..370000]: 8087 ms  (1236 ops/s)
  batch 38/100 [370000..380000]: 8016 ms  (1247 ops/s)
  batch 39/100 [380000..390000]: 7689 ms  (1300 ops/s)
  batch 40/100 [390000..400000]: 7857 ms  (1272 ops/s)
  batch 41/100 [400000..410000]: 7964 ms  (1255 ops/s)
  batch 42/100 [410000..420000]: 8086 ms  (1236 ops/s)
  batch 43/100 [420000..430000]: 8258 ms  (1210 ops/s)
  batch 44/100 [430000..440000]: 8230 ms  (1215 ops/s)
  batch 45/100 [440000..450000]: 7904 ms  (1265 ops/s)
  batch 46/100 [450000..460000]: 8004 ms  (1249 ops/s)
  batch 47/100 [460000..470000]: 8020 ms  (1246 ops/s)
  batch 48/100 [470000..480000]: 8142 ms  (1228 ops/s)
  batch 49/100 [480000..490000]: 8120 ms  (1231 ops/s)
  batch 50/100 [490000..500000]: 8398 ms  (1190 ops/s)
  batch 51/100 [500000..510000]: 8441 ms  (1184 ops/s)
  batch 52/100 [510000..520000]: 8185 ms  (1221 ops/s)
  batch 53/100 [520000..530000]: 8292 ms  (1205 ops/s)
  batch 54/100 [530000..540000]: 8447 ms  (1183 ops/s)
  batch 55/100 [540000..550000]: 8558 ms  (1168 ops/s)
  batch 56/100 [550000..560000]: 8471 ms  (1180 ops/s)
  batch 57/100 [560000..570000]: 8494 ms  (1177 ops/s)
  batch 58/100 [570000..580000]: 8272 ms  (1208 ops/s)
  batch 59/100 [580000..590000]: 8171 ms  (1223 ops/s)
  batch 60/100 [590000..600000]: 8233 ms  (1214 ops/s)
  batch 61/100 [600000..610000]: 8395 ms  (1191 ops/s)
  batch 62/100 [610000..620000]: 8459 ms  (1182 ops/s)
  batch 63/100 [620000..630000]: 8616 ms  (1160 ops/s)
  batch 64/100 [630000..640000]: 8669 ms  (1153 ops/s)
  batch 65/100 [640000..650000]: 8346 ms  (1198 ops/s)
  batch 66/100 [650000..660000]: 8306 ms  (1203 ops/s)
  batch 67/100 [660000..670000]: 8325 ms  (1201 ops/s)
  batch 68/100 [670000..680000]: 8473 ms  (1180 ops/s)
  batch 69/100 [680000..690000]: 8644 ms  (1156 ops/s)
  batch 70/100 [690000..700000]: 8768 ms  (1140 ops/s)
  batch 71/100 [700000..710000]: 8527 ms  (1172 ops/s)
  batch 72/100 [710000..720000]: 8475 ms  (1179 ops/s)
  batch 73/100 [720000..730000]: 8481 ms  (1179 ops/s)
  batch 74/100 [730000..740000]: 8558 ms  (1168 ops/s)
  batch 75/100 [740000..750000]: 8729 ms  (1145 ops/s)
  batch 76/100 [750000..760000]: 8987 ms  (1112 ops/s)
  batch 77/100 [760000..770000]: 8736 ms  (1144 ops/s)
  batch 78/100 [770000..780000]: 8485 ms  (1178 ops/s)
  batch 79/100 [780000..790000]: 8479 ms  (1179 ops/s)
  batch 80/100 [790000..800000]: 8723 ms  (1146 ops/s)
  batch 81/100 [800000..810000]: 8751 ms  (1142 ops/s)
  batch 82/100 [810000..820000]: 8989 ms  (1112 ops/s)
  batch 83/100 [820000..830000]: 8986 ms  (1112 ops/s)
  batch 84/100 [830000..840000]: 8778 ms  (1139 ops/s)
  batch 85/100 [840000..850000]: 8713 ms  (1147 ops/s)
  batch 86/100 [850000..860000]: 8726 ms  (1145 ops/s)
  batch 87/100 [860000..870000]: 8878 ms  (1126 ops/s)
  batch 88/100 [870000..880000]: 8995 ms  (1111 ops/s)
  batch 89/100 [880000..890000]: 9136 ms  (1094 ops/s)
  batch 90/100 [890000..900000]: 9229 ms  (1083 ops/s)
  batch 91/100 [900000..910000]: 8822 ms  (1133 ops/s)
  batch 92/100 [910000..920000]: 8704 ms  (1148 ops/s)
  batch 93/100 [920000..930000]: 9018 ms  (1108 ops/s)
  batch 94/100 [930000..940000]: 8909 ms  (1122 ops/s)
  batch 95/100 [940000..950000]: 9077 ms  (1101 ops/s)
  batch 96/100 [950000..960000]: 9222 ms  (1084 ops/s)
  batch 97/100 [960000..970000]: 9047 ms  (1105 ops/s)
  batch 98/100 [970000..980000]: 8875 ms  (1126 ops/s)
  batch 99/100 [980000..990000]: 8768 ms  (1140 ops/s)
  batch 100/100 [990000..1000000]: 9081 ms  (1101 ops/s)
  total: 815374 ms  (1226 ops/s)

=== Iteration 3 ===
  batch 1/100 [0..10000]: 6542 ms  (1528 ops/s)
  batch 2/100 [10000..20000]: 6643 ms  (1505 ops/s)
  batch 3/100 [20000..30000]: 6707 ms  (1490 ops/s)
  batch 4/100 [30000..40000]: 6862 ms  (1457 ops/s)
  batch 5/100 [40000..50000]: 7000 ms  (1428 ops/s)
  batch 6/100 [50000..60000]: 7062 ms  (1415 ops/s)
  batch 7/100 [60000..70000]: 7195 ms  (1389 ops/s)
  batch 8/100 [70000..80000]: 7194 ms  (1389 ops/s)
  batch 9/100 [80000..90000]: 7201 ms  (1388 ops/s)
  batch 10/100 [90000..100000]: 7516 ms  (1330 ops/s)
  batch 11/100 [100000..110000]: 7529 ms  (1328 ops/s)
  batch 12/100 [110000..120000]: 7355 ms  (1359 ops/s)
  batch 13/100 [120000..130000]: 7296 ms  (1370 ops/s)
  batch 14/100 [130000..140000]: 7409 ms  (1349 ops/s)
  batch 15/100 [140000..150000]: 7499 ms  (1333 ops/s)
  batch 16/100 [150000..160000]: 7574 ms  (1320 ops/s)
  batch 17/100 [160000..170000]: 7625 ms  (1311 ops/s)
  batch 18/100 [170000..180000]: 7714 ms  (1296 ops/s)
  batch 19/100 [180000..190000]: 7357 ms  (1359 ops/s)
  batch 20/100 [190000..200000]: 7464 ms  (1339 ops/s)
  batch 21/100 [200000..210000]: 7497 ms  (1333 ops/s)
  batch 22/100 [210000..220000]: 7654 ms  (1306 ops/s)
  batch 23/100 [220000..230000]: 7704 ms  (1297 ops/s)
  batch 24/100 [230000..240000]: 7865 ms  (1271 ops/s)
  batch 25/100 [240000..250000]: 7668 ms  (1304 ops/s)
  batch 26/100 [250000..260000]: 7548 ms  (1324 ops/s)
  batch 27/100 [260000..270000]: 7638 ms  (1309 ops/s)
  batch 28/100 [270000..280000]: 7807 ms  (1280 ops/s)
  batch 29/100 [280000..290000]: 7719 ms  (1295 ops/s)
  batch 30/100 [290000..300000]: 7777 ms  (1285 ops/s)
  batch 31/100 [300000..310000]: 7946 ms  (1258 ops/s)
  batch 32/100 [310000..320000]: 7610 ms  (1313 ops/s)
  batch 33/100 [320000..330000]: 7669 ms  (1303 ops/s)
  batch 34/100 [330000..340000]: 7775 ms  (1286 ops/s)
  batch 35/100 [340000..350000]: 7837 ms  (1275 ops/s)
  batch 36/100 [350000..360000]: 7936 ms  (1259 ops/s)
  batch 37/100 [360000..370000]: 8001 ms  (1249 ops/s)
  batch 38/100 [370000..380000]: 7931 ms  (1260 ops/s)
  batch 39/100 [380000..390000]: 7671 ms  (1303 ops/s)
  batch 40/100 [390000..400000]: 7909 ms  (1264 ops/s)
  batch 41/100 [400000..410000]: 7899 ms  (1265 ops/s)
  batch 42/100 [410000..420000]: 8114 ms  (1232 ops/s)
  batch 43/100 [420000..430000]: 8188 ms  (1221 ops/s)
  batch 44/100 [430000..440000]: 8250 ms  (1212 ops/s)
  batch 45/100 [440000..450000]: 7933 ms  (1260 ops/s)
  batch 46/100 [450000..460000]: 7985 ms  (1252 ops/s)
  batch 47/100 [460000..470000]: 8066 ms  (1239 ops/s)
  batch 48/100 [470000..480000]: 8146 ms  (1227 ops/s)
  batch 49/100 [480000..490000]: 8228 ms  (1215 ops/s)
  batch 50/100 [490000..500000]: 8363 ms  (1195 ops/s)
  batch 51/100 [500000..510000]: 8296 ms  (1205 ops/s)
  batch 52/100 [510000..520000]: 8020 ms  (1246 ops/s)
  batch 53/100 [520000..530000]: 8110 ms  (1232 ops/s)
  batch 54/100 [530000..540000]: 8186 ms  (1221 ops/s)
  batch 55/100 [540000..550000]: 8314 ms  (1202 ops/s)
  batch 56/100 [550000..560000]: 8417 ms  (1188 ops/s)
  batch 57/100 [560000..570000]: 8476 ms  (1179 ops/s)
  batch 58/100 [570000..580000]: 8102 ms  (1234 ops/s)
  batch 59/100 [580000..590000]: 8217 ms  (1216 ops/s)
  batch 60/100 [590000..600000]: 8261 ms  (1210 ops/s)
  batch 61/100 [600000..610000]: 8419 ms  (1187 ops/s)
  batch 62/100 [610000..620000]: 8475 ms  (1179 ops/s)
  batch 63/100 [620000..630000]: 8578 ms  (1165 ops/s)
  batch 64/100 [630000..640000]: 8617 ms  (1160 ops/s)
  batch 65/100 [640000..650000]: 8317 ms  (1202 ops/s)
  batch 66/100 [650000..660000]: 8424 ms  (1186 ops/s)
  batch 67/100 [660000..670000]: 8449 ms  (1183 ops/s)
  batch 68/100 [670000..680000]: 8620 ms  (1160 ops/s)
  batch 69/100 [680000..690000]: 8712 ms  (1147 ops/s)
  batch 70/100 [690000..700000]: 8499 ms  (1176 ops/s)
  batch 71/100 [700000..710000]: 8598 ms  (1163 ops/s)
  batch 72/100 [710000..720000]: 8442 ms  (1184 ops/s)
  batch 73/100 [720000..730000]: 8533 ms  (1171 ops/s)
  batch 74/100 [730000..740000]: 8629 ms  (1158 ops/s)
  batch 75/100 [740000..750000]: 8627 ms  (1159 ops/s)
  batch 76/100 [750000..760000]: 8868 ms  (1127 ops/s)
  batch 77/100 [760000..770000]: 8961 ms  (1115 ops/s)
  batch 78/100 [770000..780000]: 8493 ms  (1177 ops/s)
  batch 79/100 [780000..790000]: 8614 ms  (1160 ops/s)
  batch 80/100 [790000..800000]: 8587 ms  (1164 ops/s)
  batch 81/100 [800000..810000]: 8750 ms  (1142 ops/s)
  batch 82/100 [810000..820000]: 8915 ms  (1121 ops/s)
  batch 83/100 [820000..830000]: 9038 ms  (1106 ops/s)
  batch 84/100 [830000..840000]: 8794 ms  (1137 ops/s)
  batch 85/100 [840000..850000]: 8715 ms  (1147 ops/s)
  batch 86/100 [850000..860000]: 8760 ms  (1141 ops/s)
  batch 87/100 [860000..870000]: 8895 ms  (1124 ops/s)
  batch 88/100 [870000..880000]: 8907 ms  (1122 ops/s)
  batch 89/100 [880000..890000]: 9130 ms  (1095 ops/s)
  batch 90/100 [890000..900000]: 9227 ms  (1083 ops/s)
  batch 91/100 [900000..910000]: 8783 ms  (1138 ops/s)
  batch 92/100 [910000..920000]: 8884 ms  (1125 ops/s)
  batch 93/100 [920000..930000]: 8815 ms  (1134 ops/s)
  batch 94/100 [930000..940000]: 9104 ms  (1098 ops/s)
  batch 95/100 [940000..950000]: 9031 ms  (1107 ops/s)
  batch 96/100 [950000..960000]: 9162 ms  (1091 ops/s)
  batch 97/100 [960000..970000]: 9086 ms  (1100 ops/s)
  batch 98/100 [970000..980000]: 8954 ms  (1116 ops/s)
  batch 99/100 [980000..990000]: 9026 ms  (1107 ops/s)
  batch 100/100 [990000..1000000]: 9106 ms  (1098 ops/s)
  total: 814070 ms  (1228 ops/s)
  [T2] mixed_off_v0.0_d0.1_random_t2_s1000000
dvi_txn_benchmark_naive
  experiment:      T2
  workload:        mixed
  mechanism:       off
  violation:       0
  duplicate_rate:  0.1
  num_unique_lhs:  900000
  access:          random
  size:            1000000
  batch_size:      10000
  threads:         2
  pre_pop:         1000000

=== Iteration 1 ===
[PERF] Unresolved iterator created for AbstractPosList at src/lib/storage/pos_lists/abstract_pos_list.cpp:8
	Performance can be affected. This warning is only shown once.
  batch 1/100 [0..10000]: 6792 ms  (1472 ops/s)
  batch 2/100 [10000..20000]: 6918 ms  (1445 ops/s)
  batch 3/100 [20000..30000]: 7058 ms  (1416 ops/s)
  batch 4/100 [30000..40000]: 7114 ms  (1405 ops/s)
  batch 5/100 [40000..50000]: 7218 ms  (1385 ops/s)
  batch 6/100 [50000..60000]: 7333 ms  (1363 ops/s)
  batch 7/100 [60000..70000]: 7359 ms  (1358 ops/s)
  batch 8/100 [70000..80000]: 7577 ms  (1319 ops/s)
  batch 9/100 [80000..90000]: 7601 ms  (1315 ops/s)
  batch 10/100 [90000..100000]: 7789 ms  (1283 ops/s)
  batch 11/100 [100000..110000]: 7764 ms  (1287 ops/s)
  batch 12/100 [110000..120000]: 7535 ms  (1327 ops/s)
  batch 13/100 [120000..130000]: 7451 ms  (1342 ops/s)
  batch 14/100 [130000..140000]: 7575 ms  (1319 ops/s)
  batch 15/100 [140000..150000]: 7685 ms  (1301 ops/s)
  batch 16/100 [150000..160000]: 7799 ms  (1282 ops/s)
  batch 17/100 [160000..170000]: 7899 ms  (1265 ops/s)
  batch 18/100 [170000..180000]: 7966 ms  (1255 ops/s)
  batch 19/100 [180000..190000]: 7503 ms  (1332 ops/s)
  batch 20/100 [190000..200000]: 7558 ms  (1322 ops/s)
  batch 21/100 [200000..210000]: 7604 ms  (1315 ops/s)
  batch 22/100 [210000..220000]: 7844 ms  (1274 ops/s)
  batch 23/100 [220000..230000]: 7961 ms  (1256 ops/s)
  batch 24/100 [230000..240000]: 7987 ms  (1251 ops/s)
  batch 25/100 [240000..250000]: 7894 ms  (1266 ops/s)
  batch 26/100 [250000..260000]: 7767 ms  (1287 ops/s)
  batch 27/100 [260000..270000]: 7852 ms  (1273 ops/s)
  batch 28/100 [270000..280000]: 7912 ms  (1263 ops/s)
  batch 29/100 [280000..290000]: 8043 ms  (1243 ops/s)
  batch 30/100 [290000..300000]: 8233 ms  (1214 ops/s)
  batch 31/100 [300000..310000]: 8208 ms  (1218 ops/s)
  batch 32/100 [310000..320000]: 7785 ms  (1284 ops/s)
  batch 33/100 [320000..330000]: 7902 ms  (1265 ops/s)
  batch 34/100 [330000..340000]: 7953 ms  (1257 ops/s)
  batch 35/100 [340000..350000]: 8206 ms  (1218 ops/s)
  batch 36/100 [350000..360000]: 8124 ms  (1230 ops/s)
  batch 37/100 [360000..370000]: 8304 ms  (1204 ops/s)
  batch 38/100 [370000..380000]: 8209 ms  (1218 ops/s)
  batch 39/100 [380000..390000]: 7957 ms  (1256 ops/s)
  batch 40/100 [390000..400000]: 8015 ms  (1247 ops/s)
  batch 41/100 [400000..410000]: 8028 ms  (1245 ops/s)
  batch 42/100 [410000..420000]: 8337 ms  (1199 ops/s)
  batch 43/100 [420000..430000]: 8327 ms  (1200 ops/s)
  batch 44/100 [430000..440000]: 8466 ms  (1181 ops/s)
  batch 45/100 [440000..450000]: 8134 ms  (1229 ops/s)
  batch 46/100 [450000..460000]: 8136 ms  (1228 ops/s)
  batch 47/100 [460000..470000]: 8134 ms  (1229 ops/s)
  batch 48/100 [470000..480000]: 8305 ms  (1203 ops/s)
  batch 49/100 [480000..490000]: 8525 ms  (1172 ops/s)
  batch 50/100 [490000..500000]: 8647 ms  (1156 ops/s)
  batch 51/100 [500000..510000]: 8462 ms  (1181 ops/s)
  batch 52/100 [510000..520000]: 8286 ms  (1206 ops/s)
  batch 53/100 [520000..530000]: 8464 ms  (1181 ops/s)
  batch 54/100 [530000..540000]: 8445 ms  (1184 ops/s)
  batch 55/100 [540000..550000]: 8470 ms  (1180 ops/s)
  batch 56/100 [550000..560000]: 8636 ms  (1157 ops/s)
  batch 57/100 [560000..570000]: 8550 ms  (1169 ops/s)
  batch 58/100 [570000..580000]: 8291 ms  (1206 ops/s)
  batch 59/100 [580000..590000]: 8414 ms  (1188 ops/s)
  batch 60/100 [590000..600000]: 8488 ms  (1178 ops/s)
  batch 61/100 [600000..610000]: 8646 ms  (1156 ops/s)
  batch 62/100 [610000..620000]: 8610 ms  (1161 ops/s)
  batch 63/100 [620000..630000]: 8716 ms  (1147 ops/s)
  batch 64/100 [630000..640000]: 8689 ms  (1150 ops/s)
  batch 65/100 [640000..650000]: 8523 ms  (1173 ops/s)
  batch 66/100 [650000..660000]: 8505 ms  (1175 ops/s)
  batch 67/100 [660000..670000]: 8567 ms  (1167 ops/s)
  batch 68/100 [670000..680000]: 8647 ms  (1156 ops/s)
  batch 69/100 [680000..690000]: 8906 ms  (1122 ops/s)
  batch 70/100 [690000..700000]: 8828 ms  (1132 ops/s)
  batch 71/100 [700000..710000]: 8806 ms  (1135 ops/s)
  batch 72/100 [710000..720000]: 8586 ms  (1164 ops/s)
  batch 73/100 [720000..730000]: 8666 ms  (1153 ops/s)
  batch 74/100 [730000..740000]: 8806 ms  (1135 ops/s)
  batch 75/100 [740000..750000]: 8788 ms  (1137 ops/s)
  batch 76/100 [750000..760000]: 9010 ms  (1109 ops/s)
  batch 77/100 [760000..770000]: 9029 ms  (1107 ops/s)
  batch 78/100 [770000..780000]: 8709 ms  (1148 ops/s)
  batch 79/100 [780000..790000]: 8672 ms  (1153 ops/s)
  batch 80/100 [790000..800000]: 8876 ms  (1126 ops/s)
  batch 81/100 [800000..810000]: 8929 ms  (1119 ops/s)
  batch 82/100 [810000..820000]: 9126 ms  (1095 ops/s)
  batch 83/100 [820000..830000]: 9095 ms  (1099 ops/s)
  batch 84/100 [830000..840000]: 9169 ms  (1090 ops/s)
  batch 85/100 [840000..850000]: 8779 ms  (1139 ops/s)
  batch 86/100 [850000..860000]: 9056 ms  (1104 ops/s)
  batch 87/100 [860000..870000]: 9074 ms  (1101 ops/s)
  batch 88/100 [870000..880000]: 9245 ms  (1081 ops/s)
  batch 89/100 [880000..890000]: 9272 ms  (1078 ops/s)
  batch 90/100 [890000..900000]: 9438 ms  (1059 ops/s)
  batch 91/100 [900000..910000]: 8914 ms  (1121 ops/s)
  batch 92/100 [910000..920000]: 8915 ms  (1121 ops/s)
  batch 93/100 [920000..930000]: 9032 ms  (1107 ops/s)
  batch 94/100 [930000..940000]: 9168 ms  (1090 ops/s)
  batch 95/100 [940000..950000]: 9210 ms  (1085 ops/s)
  batch 96/100 [950000..960000]: 9464 ms  (1056 ops/s)
  batch 97/100 [960000..970000]: 9312 ms  (1073 ops/s)
  batch 98/100 [970000..980000]: 9200 ms  (1086 ops/s)
  batch 99/100 [980000..990000]: 9284 ms  (1077 ops/s)
  batch 100/100 [990000..1000000]: 9393 ms  (1064 ops/s)
  total: 834504 ms  (1198 ops/s)

=== Iteration 2 ===
  batch 1/100 [0..10000]: 6652 ms  (1503 ops/s)
  batch 2/100 [10000..20000]: 6931 ms  (1442 ops/s)
  batch 3/100 [20000..30000]: 6989 ms  (1430 ops/s)
  batch 4/100 [30000..40000]: 7203 ms  (1388 ops/s)
  batch 5/100 [40000..50000]: 7249 ms  (1379 ops/s)
  batch 6/100 [50000..60000]: 7302 ms  (1369 ops/s)
  batch 7/100 [60000..70000]: 7429 ms  (1346 ops/s)
  batch 8/100 [70000..80000]: 7533 ms  (1327 ops/s)
  batch 9/100 [80000..90000]: 7567 ms  (1321 ops/s)
  batch 10/100 [90000..100000]: 7690 ms  (1300 ops/s)
  batch 11/100 [100000..110000]: 7769 ms  (1287 ops/s)
  batch 12/100 [110000..120000]: 7637 ms  (1309 ops/s)
  batch 13/100 [120000..130000]: 7513 ms  (1330 ops/s)
  batch 14/100 [130000..140000]: 7640 ms  (1308 ops/s)
  batch 15/100 [140000..150000]: 7769 ms  (1287 ops/s)
  batch 16/100 [150000..160000]: 7728 ms  (1293 ops/s)
  batch 17/100 [160000..170000]: 7902 ms  (1265 ops/s)
  batch 18/100 [170000..180000]: 8017 ms  (1247 ops/s)
  batch 19/100 [180000..190000]: 7645 ms  (1307 ops/s)
  batch 20/100 [190000..200000]: 7642 ms  (1308 ops/s)
  batch 21/100 [200000..210000]: 7657 ms  (1305 ops/s)
  batch 22/100 [210000..220000]: 7848 ms  (1274 ops/s)
  batch 23/100 [220000..230000]: 8005 ms  (1249 ops/s)
  batch 24/100 [230000..240000]: 7961 ms  (1256 ops/s)
  batch 25/100 [240000..250000]: 7866 ms  (1271 ops/s)
  batch 26/100 [250000..260000]: 7721 ms  (1295 ops/s)
  batch 27/100 [260000..270000]: 7819 ms  (1278 ops/s)
  batch 28/100 [270000..280000]: 7985 ms  (1252 ops/s)
  batch 29/100 [280000..290000]: 7873 ms  (1270 ops/s)
  batch 30/100 [290000..300000]: 8150 ms  (1226 ops/s)
  batch 31/100 [300000..310000]: 8240 ms  (1213 ops/s)
  batch 32/100 [310000..320000]: 7871 ms  (1270 ops/s)
  batch 33/100 [320000..330000]: 7855 ms  (1272 ops/s)
  batch 34/100 [330000..340000]: 8048 ms  (1242 ops/s)
  batch 35/100 [340000..350000]: 8025 ms  (1246 ops/s)
  batch 36/100 [350000..360000]: 8088 ms  (1236 ops/s)
  batch 37/100 [360000..370000]: 8391 ms  (1191 ops/s)
  batch 38/100 [370000..380000]: 8148 ms  (1227 ops/s)
  batch 39/100 [380000..390000]: 7956 ms  (1256 ops/s)
  batch 40/100 [390000..400000]: 8059 ms  (1240 ops/s)
  batch 41/100 [400000..410000]: 8076 ms  (1238 ops/s)
  batch 42/100 [410000..420000]: 8343 ms  (1198 ops/s)
  batch 43/100 [420000..430000]: 8396 ms  (1191 ops/s)
  batch 44/100 [430000..440000]: 8506 ms  (1175 ops/s)
  batch 45/100 [440000..450000]: 8179 ms  (1222 ops/s)
  batch 46/100 [450000..460000]: 8152 ms  (1226 ops/s)
  batch 47/100 [460000..470000]: 8227 ms  (1215 ops/s)
  batch 48/100 [470000..480000]: 8337 ms  (1199 ops/s)
  batch 49/100 [480000..490000]: 8482 ms  (1178 ops/s)
  batch 50/100 [490000..500000]: 8458 ms  (1182 ops/s)
  batch 51/100 [500000..510000]: 8394 ms  (1191 ops/s)
  batch 52/100 [510000..520000]: 8280 ms  (1207 ops/s)
  batch 53/100 [520000..530000]: 8132 ms  (1229 ops/s)
  batch 54/100 [530000..540000]: 8475 ms  (1179 ops/s)
  batch 55/100 [540000..550000]: 8542 ms  (1170 ops/s)
  batch 56/100 [550000..560000]: 8618 ms  (1160 ops/s)
  batch 57/100 [560000..570000]: 8692 ms  (1150 ops/s)
  batch 58/100 [570000..580000]: 8442 ms  (1184 ops/s)
  batch 59/100 [580000..590000]: 8466 ms  (1181 ops/s)
  batch 60/100 [590000..600000]: 8460 ms  (1182 ops/s)
  batch 61/100 [600000..610000]: 8514 ms  (1174 ops/s)
  batch 62/100 [610000..620000]: 8777 ms  (1139 ops/s)
  batch 63/100 [620000..630000]: 8884 ms  (1125 ops/s)
  batch 64/100 [630000..640000]: 8877 ms  (1126 ops/s)
  batch 65/100 [640000..650000]: 8416 ms  (1188 ops/s)
  batch 66/100 [650000..660000]: 8501 ms  (1176 ops/s)
  batch 67/100 [660000..670000]: 8683 ms  (1151 ops/s)
  batch 68/100 [670000..680000]: 8815 ms  (1134 ops/s)
  batch 69/100 [680000..690000]: 8947 ms  (1117 ops/s)
  batch 70/100 [690000..700000]: 8928 ms  (1120 ops/s)
  batch 71/100 [700000..710000]: 8785 ms  (1138 ops/s)
  batch 72/100 [710000..720000]: 8494 ms  (1177 ops/s)
  batch 73/100 [720000..730000]: 8664 ms  (1154 ops/s)
  batch 74/100 [730000..740000]: 8830 ms  (1132 ops/s)
  batch 75/100 [740000..750000]: 8876 ms  (1126 ops/s)
  batch 76/100 [750000..760000]: 9130 ms  (1095 ops/s)
  batch 77/100 [760000..770000]: 9176 ms  (1089 ops/s)
  batch 78/100 [770000..780000]: 8897 ms  (1123 ops/s)
  batch 79/100 [780000..790000]: 8932 ms  (1119 ops/s)
  batch 80/100 [790000..800000]: 9019 ms  (1108 ops/s)
  batch 81/100 [800000..810000]: 8977 ms  (1113 ops/s)
  batch 82/100 [810000..820000]: 9041 ms  (1106 ops/s)
  batch 83/100 [820000..830000]: 9133 ms  (1094 ops/s)
  batch 84/100 [830000..840000]: 9059 ms  (1103 ops/s)
  batch 85/100 [840000..850000]: 8938 ms  (1118 ops/s)
  batch 86/100 [850000..860000]: 8654 ms  (1155 ops/s)
  batch 87/100 [860000..870000]: 9074 ms  (1102 ops/s)
  batch 88/100 [870000..880000]: 9099 ms  (1098 ops/s)
  batch 89/100 [880000..890000]: 9129 ms  (1095 ops/s)
  batch 90/100 [890000..900000]: 9399 ms  (1063 ops/s)
  batch 91/100 [900000..910000]: 8951 ms  (1117 ops/s)
  batch 92/100 [910000..920000]: 9088 ms  (1100 ops/s)
  batch 93/100 [920000..930000]: 9227 ms  (1083 ops/s)
  batch 94/100 [930000..940000]: 9224 ms  (1084 ops/s)
  batch 95/100 [940000..950000]: 9208 ms  (1085 ops/s)
  batch 96/100 [950000..960000]: 9278 ms  (1077 ops/s)
  batch 97/100 [960000..970000]: 9381 ms  (1065 ops/s)
  batch 98/100 [970000..980000]: 9058 ms  (1103 ops/s)
  batch 99/100 [980000..990000]: 9100 ms  (1098 ops/s)
  batch 100/100 [990000..1000000]: 9142 ms  (1093 ops/s)
  total: 835383 ms  (1197 ops/s)

=== Iteration 3 ===
  batch 1/100 [0..10000]: 6754 ms  (1480 ops/s)
  batch 2/100 [10000..20000]: 6904 ms  (1448 ops/s)
  batch 3/100 [20000..30000]: 6979 ms  (1432 ops/s)
  batch 4/100 [30000..40000]: 7131 ms  (1402 ops/s)
  batch 5/100 [40000..50000]: 7204 ms  (1388 ops/s)
  batch 6/100 [50000..60000]: 7338 ms  (1362 ops/s)
  batch 7/100 [60000..70000]: 7349 ms  (1360 ops/s)
  batch 8/100 [70000..80000]: 7513 ms  (1330 ops/s)
  batch 9/100 [80000..90000]: 7589 ms  (1317 ops/s)
  batch 10/100 [90000..100000]: 7595 ms  (1316 ops/s)
  batch 11/100 [100000..110000]: 7728 ms  (1293 ops/s)
  batch 12/100 [110000..120000]: 7617 ms  (1312 ops/s)
  batch 13/100 [120000..130000]: 7468 ms  (1338 ops/s)
  batch 14/100 [130000..140000]: 7500 ms  (1333 ops/s)
  batch 15/100 [140000..150000]: 7605 ms  (1314 ops/s)
  batch 16/100 [150000..160000]: 7671 ms  (1303 ops/s)
  batch 17/100 [160000..170000]: 7917 ms  (1263 ops/s)
  batch 18/100 [170000..180000]: 7928 ms  (1261 ops/s)
  batch 19/100 [180000..190000]: 7593 ms  (1316 ops/s)
  batch 20/100 [190000..200000]: 7653 ms  (1306 ops/s)
  batch 21/100 [200000..210000]: 7844 ms  (1274 ops/s)
  batch 22/100 [210000..220000]: 7921 ms  (1262 ops/s)
  batch 23/100 [220000..230000]: 7983 ms  (1252 ops/s)
  batch 24/100 [230000..240000]: 7984 ms  (1252 ops/s)
  batch 25/100 [240000..250000]: 7980 ms  (1253 ops/s)
  batch 26/100 [250000..260000]: 7666 ms  (1304 ops/s)
  batch 27/100 [260000..270000]: 7736 ms  (1292 ops/s)
  batch 28/100 [270000..280000]: 7998 ms  (1250 ops/s)
  batch 29/100 [280000..290000]: 8061 ms  (1240 ops/s)
  batch 30/100 [290000..300000]: 8276 ms  (1208 ops/s)
  batch 31/100 [300000..310000]: 8290 ms  (1206 ops/s)
  batch 32/100 [310000..320000]: 7888 ms  (1267 ops/s)
  batch 33/100 [320000..330000]: 7895 ms  (1266 ops/s)
  batch 34/100 [330000..340000]: 7893 ms  (1266 ops/s)
  batch 35/100 [340000..350000]: 8147 ms  (1227 ops/s)
  batch 36/100 [350000..360000]: 8160 ms  (1225 ops/s)
  batch 37/100 [360000..370000]: 8186 ms  (1221 ops/s)
  batch 38/100 [370000..380000]: 8281 ms  (1207 ops/s)
  batch 39/100 [380000..390000]: 7973 ms  (1254 ops/s)
  batch 40/100 [390000..400000]: 7987 ms  (1252 ops/s)
  batch 41/100 [400000..410000]: 8115 ms  (1232 ops/s)
  batch 42/100 [410000..420000]: 8293 ms  (1205 ops/s)
  batch 43/100 [420000..430000]: 8394 ms  (1191 ops/s)
  batch 44/100 [430000..440000]: 8412 ms  (1188 ops/s)
  batch 45/100 [440000..450000]: 8187 ms  (1221 ops/s)
  batch 46/100 [450000..460000]: 8228 ms  (1215 ops/s)
  batch 47/100 [460000..470000]: 8230 ms  (1214 ops/s)
  batch 48/100 [470000..480000]: 8260 ms  (1210 ops/s)
  batch 49/100 [480000..490000]: 8462 ms  (1181 ops/s)
  batch 50/100 [490000..500000]: 8543 ms  (1170 ops/s)
  batch 51/100 [500000..510000]: 8482 ms  (1178 ops/s)
  batch 52/100 [510000..520000]: 8241 ms  (1213 ops/s)
  batch 53/100 [520000..530000]: 8232 ms  (1214 ops/s)
  batch 54/100 [530000..540000]: 8352 ms  (1197 ops/s)
  batch 55/100 [540000..550000]: 8596 ms  (1163 ops/s)
  batch 56/100 [550000..560000]: 8603 ms  (1162 ops/s)
  batch 57/100 [560000..570000]: 8755 ms  (1142 ops/s)
  batch 58/100 [570000..580000]: 8452 ms  (1183 ops/s)
  batch 59/100 [580000..590000]: 8310 ms  (1203 ops/s)
  batch 60/100 [590000..600000]: 8569 ms  (1166 ops/s)
  batch 61/100 [600000..610000]: 8717 ms  (1147 ops/s)
  batch 62/100 [610000..620000]: 8722 ms  (1146 ops/s)
  batch 63/100 [620000..630000]: 8847 ms  (1130 ops/s)
  batch 64/100 [630000..640000]: 8814 ms  (1134 ops/s)
  batch 65/100 [640000..650000]: 8399 ms  (1190 ops/s)
  batch 66/100 [650000..660000]: 8619 ms  (1160 ops/s)
  batch 67/100 [660000..670000]: 8861 ms  (1128 ops/s)
  batch 68/100 [670000..680000]: 8716 ms  (1147 ops/s)
  batch 69/100 [680000..690000]: 8871 ms  (1127 ops/s)
  batch 70/100 [690000..700000]: 8858 ms  (1128 ops/s)
  batch 71/100 [700000..710000]: 8906 ms  (1122 ops/s)
  batch 72/100 [710000..720000]: 8685 ms  (1151 ops/s)
  batch 73/100 [720000..730000]: 8767 ms  (1140 ops/s)
  batch 74/100 [730000..740000]: 8802 ms  (1135 ops/s)
  batch 75/100 [740000..750000]: 8933 ms  (1119 ops/s)
  batch 76/100 [750000..760000]: 9052 ms  (1104 ops/s)
  batch 77/100 [760000..770000]: 9088 ms  (1100 ops/s)
  batch 78/100 [770000..780000]: 8716 ms  (1147 ops/s)
  batch 79/100 [780000..790000]: 8772 ms  (1139 ops/s)
  batch 80/100 [790000..800000]: 8889 ms  (1124 ops/s)
  batch 81/100 [800000..810000]: 9048 ms  (1105 ops/s)
  batch 82/100 [810000..820000]: 9155 ms  (1092 ops/s)
  batch 83/100 [820000..830000]: 9139 ms  (1094 ops/s)
  batch 84/100 [830000..840000]: 8959 ms  (1116 ops/s)
  batch 85/100 [840000..850000]: 8998 ms  (1111 ops/s)
  batch 86/100 [850000..860000]: 9062 ms  (1103 ops/s)
  batch 87/100 [860000..870000]: 9111 ms  (1097 ops/s)
  batch 88/100 [870000..880000]: 9273 ms  (1078 ops/s)
  batch 89/100 [880000..890000]: 9318 ms  (1073 ops/s)
  batch 90/100 [890000..900000]: 9459 ms  (1057 ops/s)
  batch 91/100 [900000..910000]: 9031 ms  (1107 ops/s)
  batch 92/100 [910000..920000]: 9119 ms  (1096 ops/s)
  batch 93/100 [920000..930000]: 9088 ms  (1100 ops/s)
  batch 94/100 [930000..940000]: 9298 ms  (1075 ops/s)
  batch 95/100 [940000..950000]: 9418 ms  (1061 ops/s)
  batch 96/100 [950000..960000]: 9599 ms  (1041 ops/s)
  batch 97/100 [960000..970000]: 9434 ms  (1059 ops/s)
  batch 98/100 [970000..980000]: 9155 ms  (1092 ops/s)
  batch 99/100 [980000..990000]: 9239 ms  (1082 ops/s)
  batch 100/100 [990000..1000000]: 9488 ms  (1053 ops/s)
  total: 837374 ms  (1194 ops/s)
  [T2] mixed_fd_single_v0.0_d0.1_random_t2_s1000000
dvi_txn_benchmark_naive
  experiment:      T2
  workload:        mixed
  mechanism:       fd_single
  violation:       0
  duplicate_rate:  0.1
  num_unique_lhs:  900000
  access:          random
  size:            1000000
  batch_size:      10000
  threads:         2
  pre_pop:         1000000

=== Iteration 1 ===
[PERF] operator[] used at src/lib/storage/value_segment.cpp:48
	Performance can be affected. This warning is only shown once.
[PERF] Unresolved iterator created for AbstractPosList at src/lib/storage/pos_lists/abstract_pos_list.cpp:8
	Performance can be affected. This warning is only shown once.
  batch 1/100 [0..10000]: 6797 ms  (1471 ops/s)
  batch 2/100 [10000..20000]: 6955 ms  (1437 ops/s)
  batch 3/100 [20000..30000]: 7097 ms  (1408 ops/s)
  batch 4/100 [30000..40000]: 7058 ms  (1416 ops/s)
[PERF] operator[] used at src/lib/storage/frame_of_reference_segment.cpp:49
	Performance can be affected. This warning is only shown once.
  batch 5/100 [40000..50000]: 7211 ms  (1386 ops/s)
  batch 6/100 [50000..60000]: 7315 ms  (1366 ops/s)
  batch 7/100 [60000..70000]: 7418 ms  (1348 ops/s)
  batch 8/100 [70000..80000]: 7468 ms  (1338 ops/s)
  batch 9/100 [80000..90000]: 7428 ms  (1346 ops/s)
  batch 10/100 [90000..100000]: 7734 ms  (1292 ops/s)
  batch 11/100 [100000..110000]: 7841 ms  (1275 ops/s)
  batch 12/100 [110000..120000]: 7637 ms  (1309 ops/s)
  batch 13/100 [120000..130000]: 7548 ms  (1324 ops/s)
  batch 14/100 [130000..140000]: 7545 ms  (1325 ops/s)
  batch 15/100 [140000..150000]: 7782 ms  (1285 ops/s)
  batch 16/100 [150000..160000]: 7892 ms  (1267 ops/s)
  batch 17/100 [160000..170000]: 7926 ms  (1261 ops/s)
  batch 18/100 [170000..180000]: 7875 ms  (1269 ops/s)
  batch 19/100 [180000..190000]: 7596 ms  (1316 ops/s)
  batch 20/100 [190000..200000]: 7587 ms  (1317 ops/s)
  batch 21/100 [200000..210000]: 7672 ms  (1303 ops/s)
  batch 22/100 [210000..220000]: 7952 ms  (1257 ops/s)
  batch 23/100 [220000..230000]: 7954 ms  (1257 ops/s)
  batch 24/100 [230000..240000]: 8059 ms  (1240 ops/s)
  batch 25/100 [240000..250000]: 7872 ms  (1270 ops/s)
  batch 26/100 [250000..260000]: 7743 ms  (1291 ops/s)
  batch 27/100 [260000..270000]: 7877 ms  (1269 ops/s)
  batch 28/100 [270000..280000]: 8030 ms  (1245 ops/s)
  batch 29/100 [280000..290000]: 7912 ms  (1263 ops/s)
  batch 30/100 [290000..300000]: 8033 ms  (1244 ops/s)
  batch 31/100 [300000..310000]: 8213 ms  (1217 ops/s)
  batch 32/100 [310000..320000]: 7901 ms  (1265 ops/s)
  batch 33/100 [320000..330000]: 7915 ms  (1263 ops/s)
  batch 34/100 [330000..340000]: 7902 ms  (1265 ops/s)
  batch 35/100 [340000..350000]: 8115 ms  (1232 ops/s)
  batch 36/100 [350000..360000]: 8167 ms  (1224 ops/s)
  batch 37/100 [360000..370000]: 8442 ms  (1184 ops/s)
  batch 38/100 [370000..380000]: 8115 ms  (1232 ops/s)
  batch 39/100 [380000..390000]: 7924 ms  (1261 ops/s)
  batch 40/100 [390000..400000]: 8164 ms  (1224 ops/s)
  batch 41/100 [400000..410000]: 8210 ms  (1218 ops/s)
  batch 42/100 [410000..420000]: 8329 ms  (1200 ops/s)
  batch 43/100 [420000..430000]: 8327 ms  (1200 ops/s)
  batch 44/100 [430000..440000]: 8450 ms  (1183 ops/s)
  batch 45/100 [440000..450000]: 8211 ms  (1217 ops/s)
  batch 46/100 [450000..460000]: 8235 ms  (1214 ops/s)
  batch 47/100 [460000..470000]: 8263 ms  (1210 ops/s)
  batch 48/100 [470000..480000]: 8325 ms  (1201 ops/s)
  batch 49/100 [480000..490000]: 8531 ms  (1172 ops/s)
  batch 50/100 [490000..500000]: 8571 ms  (1166 ops/s)
  batch 51/100 [500000..510000]: 8325 ms  (1201 ops/s)
  batch 52/100 [510000..520000]: 8283 ms  (1207 ops/s)
  batch 53/100 [520000..530000]: 8386 ms  (1192 ops/s)
  batch 54/100 [530000..540000]: 8372 ms  (1194 ops/s)
  batch 55/100 [540000..550000]: 8526 ms  (1172 ops/s)
  batch 56/100 [550000..560000]: 8687 ms  (1151 ops/s)
  batch 57/100 [560000..570000]: 8789 ms  (1137 ops/s)
  batch 58/100 [570000..580000]: 8407 ms  (1189 ops/s)
  batch 59/100 [580000..590000]: 8362 ms  (1195 ops/s)
  batch 60/100 [590000..600000]: 8430 ms  (1186 ops/s)
  batch 61/100 [600000..610000]: 8567 ms  (1167 ops/s)
  batch 62/100 [610000..620000]: 8688 ms  (1150 ops/s)
  batch 63/100 [620000..630000]: 8873 ms  (1126 ops/s)
  batch 64/100 [630000..640000]: 8780 ms  (1138 ops/s)
  batch 65/100 [640000..650000]: 8556 ms  (1168 ops/s)
  batch 66/100 [650000..660000]: 8507 ms  (1175 ops/s)
  batch 67/100 [660000..670000]: 8578 ms  (1165 ops/s)
  batch 68/100 [670000..680000]: 8789 ms  (1137 ops/s)
  batch 69/100 [680000..690000]: 8857 ms  (1128 ops/s)
  batch 70/100 [690000..700000]: 9029 ms  (1107 ops/s)
  batch 71/100 [700000..710000]: 8745 ms  (1143 ops/s)
  batch 72/100 [710000..720000]: 8581 ms  (1165 ops/s)
  batch 73/100 [720000..730000]: 8777 ms  (1139 ops/s)
  batch 74/100 [730000..740000]: 8876 ms  (1126 ops/s)
  batch 75/100 [740000..750000]: 8947 ms  (1117 ops/s)
  batch 76/100 [750000..760000]: 9047 ms  (1105 ops/s)
  batch 77/100 [760000..770000]: 9142 ms  (1093 ops/s)
  batch 78/100 [770000..780000]: 8629 ms  (1158 ops/s)
  batch 79/100 [780000..790000]: 8863 ms  (1128 ops/s)
  batch 80/100 [790000..800000]: 8962 ms  (1115 ops/s)
  batch 81/100 [800000..810000]: 9027 ms  (1107 ops/s)
  batch 82/100 [810000..820000]: 9031 ms  (1107 ops/s)
  batch 83/100 [820000..830000]: 9269 ms  (1078 ops/s)
  batch 84/100 [830000..840000]: 8927 ms  (1120 ops/s)
  batch 85/100 [840000..850000]: 8942 ms  (1118 ops/s)
  batch 86/100 [850000..860000]: 8792 ms  (1137 ops/s)
  batch 87/100 [860000..870000]: 9044 ms  (1105 ops/s)
  batch 88/100 [870000..880000]: 9169 ms  (1090 ops/s)
  batch 89/100 [880000..890000]: 9244 ms  (1081 ops/s)
  batch 90/100 [890000..900000]: 9144 ms  (1093 ops/s)
  batch 91/100 [900000..910000]: 8906 ms  (1122 ops/s)
  batch 92/100 [910000..920000]: 8970 ms  (1114 ops/s)
  batch 93/100 [920000..930000]: 9146 ms  (1093 ops/s)
  batch 94/100 [930000..940000]: 9232 ms  (1083 ops/s)
  batch 95/100 [940000..950000]: 9179 ms  (1089 ops/s)
  batch 96/100 [950000..960000]: 9406 ms  (1063 ops/s)
  batch 97/100 [960000..970000]: 9404 ms  (1063 ops/s)
  batch 98/100 [970000..980000]: 9168 ms  (1090 ops/s)
  batch 99/100 [980000..990000]: 9039 ms  (1106 ops/s)
  batch 100/100 [990000..1000000]: 9133 ms  (1094 ops/s)
  total: 835702 ms  (1196 ops/s)

=== Iteration 2 ===
  batch 1/100 [0..10000]: 6784 ms  (1473 ops/s)
  batch 2/100 [10000..20000]: 6869 ms  (1455 ops/s)
  batch 3/100 [20000..30000]: 6994 ms  (1429 ops/s)
  batch 4/100 [30000..40000]: 6990 ms  (1430 ops/s)
  batch 5/100 [40000..50000]: 7229 ms  (1383 ops/s)
  batch 6/100 [50000..60000]: 7249 ms  (1379 ops/s)
  batch 7/100 [60000..70000]: 7457 ms  (1340 ops/s)
  batch 8/100 [70000..80000]: 7497 ms  (1333 ops/s)
  batch 9/100 [80000..90000]: 7656 ms  (1306 ops/s)
  batch 10/100 [90000..100000]: 7641 ms  (1308 ops/s)
  batch 11/100 [100000..110000]: 7788 ms  (1283 ops/s)
  batch 12/100 [110000..120000]: 7636 ms  (1309 ops/s)
  batch 13/100 [120000..130000]: 7474 ms  (1337 ops/s)
  batch 14/100 [130000..140000]: 7613 ms  (1313 ops/s)
  batch 15/100 [140000..150000]: 7738 ms  (1292 ops/s)
  batch 16/100 [150000..160000]: 7769 ms  (1287 ops/s)
  batch 17/100 [160000..170000]: 7867 ms  (1271 ops/s)
  batch 18/100 [170000..180000]: 7981 ms  (1252 ops/s)
  batch 19/100 [180000..190000]: 7528 ms  (1328 ops/s)
  batch 20/100 [190000..200000]: 7652 ms  (1306 ops/s)
  batch 21/100 [200000..210000]: 7757 ms  (1289 ops/s)
  batch 22/100 [210000..220000]: 7840 ms  (1275 ops/s)
  batch 23/100 [220000..230000]: 7868 ms  (1270 ops/s)
  batch 24/100 [230000..240000]: 8018 ms  (1247 ops/s)
  batch 25/100 [240000..250000]: 7879 ms  (1269 ops/s)
  batch 26/100 [250000..260000]: 7822 ms  (1278 ops/s)
  batch 27/100 [260000..270000]: 7803 ms  (1281 ops/s)
  batch 28/100 [270000..280000]: 7989 ms  (1251 ops/s)
  batch 29/100 [280000..290000]: 8047 ms  (1242 ops/s)
  batch 30/100 [290000..300000]: 8172 ms  (1223 ops/s)
  batch 31/100 [300000..310000]: 8134 ms  (1229 ops/s)
  batch 32/100 [310000..320000]: 7784 ms  (1284 ops/s)
  batch 33/100 [320000..330000]: 8008 ms  (1248 ops/s)
  batch 34/100 [330000..340000]: 7814 ms  (1279 ops/s)
  batch 35/100 [340000..350000]: 8094 ms  (1235 ops/s)
  batch 36/100 [350000..360000]: 8226 ms  (1215 ops/s)
  batch 37/100 [360000..370000]: 8201 ms  (1219 ops/s)
  batch 38/100 [370000..380000]: 8130 ms  (1229 ops/s)
  batch 39/100 [380000..390000]: 7954 ms  (1257 ops/s)
  batch 40/100 [390000..400000]: 7945 ms  (1258 ops/s)
  batch 41/100 [400000..410000]: 8111 ms  (1232 ops/s)
  batch 42/100 [410000..420000]: 8146 ms  (1227 ops/s)
  batch 43/100 [420000..430000]: 8412 ms  (1188 ops/s)
  batch 44/100 [430000..440000]: 8500 ms  (1176 ops/s)
  batch 45/100 [440000..450000]: 8158 ms  (1225 ops/s)
  batch 46/100 [450000..460000]: 8200 ms  (1219 ops/s)
  batch 47/100 [460000..470000]: 8314 ms  (1202 ops/s)
  batch 48/100 [470000..480000]: 8290 ms  (1206 ops/s)
  batch 49/100 [480000..490000]: 8518 ms  (1173 ops/s)
  batch 50/100 [490000..500000]: 8439 ms  (1184 ops/s)
  batch 51/100 [500000..510000]: 8315 ms  (1202 ops/s)
  batch 52/100 [510000..520000]: 8226 ms  (1215 ops/s)
  batch 53/100 [520000..530000]: 8379 ms  (1193 ops/s)
  batch 54/100 [530000..540000]: 8428 ms  (1186 ops/s)
  batch 55/100 [540000..550000]: 8564 ms  (1167 ops/s)
  batch 56/100 [550000..560000]: 8676 ms  (1152 ops/s)
  batch 57/100 [560000..570000]: 8840 ms  (1131 ops/s)
  batch 58/100 [570000..580000]: 8473 ms  (1180 ops/s)
  batch 59/100 [580000..590000]: 8456 ms  (1182 ops/s)
  batch 60/100 [590000..600000]: 8408 ms  (1189 ops/s)
  batch 61/100 [600000..610000]: 8636 ms  (1157 ops/s)
  batch 62/100 [610000..620000]: 8651 ms  (1155 ops/s)
  batch 63/100 [620000..630000]: 8842 ms  (1130 ops/s)
  batch 64/100 [630000..640000]: 8789 ms  (1137 ops/s)
  batch 65/100 [640000..650000]: 8444 ms  (1184 ops/s)
  batch 66/100 [650000..660000]: 8536 ms  (1171 ops/s)
  batch 67/100 [660000..670000]: 8781 ms  (1138 ops/s)
  batch 68/100 [670000..680000]: 8694 ms  (1150 ops/s)
  batch 69/100 [680000..690000]: 8825 ms  (1133 ops/s)
  batch 70/100 [690000..700000]: 8882 ms  (1125 ops/s)
  batch 71/100 [700000..710000]: 8704 ms  (1148 ops/s)
  batch 72/100 [710000..720000]: 8581 ms  (1165 ops/s)
  batch 73/100 [720000..730000]: 8829 ms  (1132 ops/s)
  batch 74/100 [730000..740000]: 8917 ms  (1121 ops/s)
  batch 75/100 [740000..750000]: 9019 ms  (1108 ops/s)
  batch 76/100 [750000..760000]: 9111 ms  (1097 ops/s)
  batch 77/100 [760000..770000]: 9089 ms  (1100 ops/s)
  batch 78/100 [770000..780000]: 8700 ms  (1149 ops/s)
  batch 79/100 [780000..790000]: 8839 ms  (1131 ops/s)
  batch 80/100 [790000..800000]: 8992 ms  (1112 ops/s)
  batch 81/100 [800000..810000]: 8978 ms  (1113 ops/s)
  batch 82/100 [810000..820000]: 9146 ms  (1093 ops/s)
  batch 83/100 [820000..830000]: 9304 ms  (1074 ops/s)
  batch 84/100 [830000..840000]: 8996 ms  (1111 ops/s)
  batch 85/100 [840000..850000]: 8968 ms  (1115 ops/s)
  batch 86/100 [850000..860000]: 9071 ms  (1102 ops/s)
  batch 87/100 [860000..870000]: 9135 ms  (1094 ops/s)
  batch 88/100 [870000..880000]: 9144 ms  (1093 ops/s)
  batch 89/100 [880000..890000]: 9385 ms  (1065 ops/s)
  batch 90/100 [890000..900000]: 9323 ms  (1072 ops/s)
  batch 91/100 [900000..910000]: 8999 ms  (1111 ops/s)
  batch 92/100 [910000..920000]: 9045 ms  (1105 ops/s)
  batch 93/100 [920000..930000]: 9215 ms  (1085 ops/s)
  batch 94/100 [930000..940000]: 9414 ms  (1062 ops/s)
  batch 95/100 [940000..950000]: 9405 ms  (1063 ops/s)
  batch 96/100 [950000..960000]: 9391 ms  (1064 ops/s)
  batch 97/100 [960000..970000]: 9293 ms  (1076 ops/s)
  batch 98/100 [970000..980000]: 8992 ms  (1112 ops/s)
  batch 99/100 [980000..990000]: 9207 ms  (1086 ops/s)
  batch 100/100 [990000..1000000]: 9257 ms  (1080 ops/s)
  total: 836325 ms  (1195 ops/s)

=== Iteration 3 ===
  batch 1/100 [0..10000]: 6683 ms  (1496 ops/s)
  batch 2/100 [10000..20000]: 6972 ms  (1434 ops/s)
  batch 3/100 [20000..30000]: 6970 ms  (1434 ops/s)
  batch 4/100 [30000..40000]: 7127 ms  (1403 ops/s)
  batch 5/100 [40000..50000]: 7271 ms  (1375 ops/s)
  batch 6/100 [50000..60000]: 7362 ms  (1358 ops/s)
  batch 7/100 [60000..70000]: 7486 ms  (1335 ops/s)
  batch 8/100 [70000..80000]: 7574 ms  (1320 ops/s)
  batch 9/100 [80000..90000]: 7417 ms  (1348 ops/s)
  batch 10/100 [90000..100000]: 7657 ms  (1305 ops/s)
  batch 11/100 [100000..110000]: 7874 ms  (1269 ops/s)
  batch 12/100 [110000..120000]: 7430 ms  (1345 ops/s)
  batch 13/100 [120000..130000]: 7470 ms  (1338 ops/s)
  batch 14/100 [130000..140000]: 7533 ms  (1327 ops/s)
  batch 15/100 [140000..150000]: 7647 ms  (1307 ops/s)
  batch 16/100 [150000..160000]: 7811 ms  (1280 ops/s)
  batch 17/100 [160000..170000]: 8015 ms  (1247 ops/s)
  batch 18/100 [170000..180000]: 7941 ms  (1259 ops/s)
  batch 19/100 [180000..190000]: 7581 ms  (1319 ops/s)
  batch 20/100 [190000..200000]: 7579 ms  (1319 ops/s)
  batch 21/100 [200000..210000]: 7850 ms  (1273 ops/s)
  batch 22/100 [210000..220000]: 7823 ms  (1278 ops/s)
  batch 23/100 [220000..230000]: 7863 ms  (1271 ops/s)
  batch 24/100 [230000..240000]: 8125 ms  (1230 ops/s)
  batch 25/100 [240000..250000]: 7863 ms  (1271 ops/s)
  batch 26/100 [250000..260000]: 7821 ms  (1278 ops/s)
  batch 27/100 [260000..270000]: 7849 ms  (1274 ops/s)
  batch 28/100 [270000..280000]: 7899 ms  (1265 ops/s)
  batch 29/100 [280000..290000]: 7992 ms  (1251 ops/s)
  batch 30/100 [290000..300000]: 8206 ms  (1218 ops/s)
  batch 31/100 [300000..310000]: 8187 ms  (1221 ops/s)
  batch 32/100 [310000..320000]: 7906 ms  (1264 ops/s)
  batch 33/100 [320000..330000]: 7896 ms  (1266 ops/s)
  batch 34/100 [330000..340000]: 7955 ms  (1256 ops/s)
  batch 35/100 [340000..350000]: 8172 ms  (1223 ops/s)
  batch 36/100 [350000..360000]: 8223 ms  (1216 ops/s)
  batch 37/100 [360000..370000]: 8399 ms  (1190 ops/s)
  batch 38/100 [370000..380000]: 8210 ms  (1217 ops/s)
  batch 39/100 [380000..390000]: 8020 ms  (1246 ops/s)
  batch 40/100 [390000..400000]: 8123 ms  (1231 ops/s)
  batch 41/100 [400000..410000]: 8138 ms  (1228 ops/s)
  batch 42/100 [410000..420000]: 8234 ms  (1214 ops/s)
  batch 43/100 [420000..430000]: 8406 ms  (1189 ops/s)
  batch 44/100 [430000..440000]: 8390 ms  (1191 ops/s)
  batch 45/100 [440000..450000]: 8162 ms  (1225 ops/s)
  batch 46/100 [450000..460000]: 8182 ms  (1222 ops/s)
  batch 47/100 [460000..470000]: 8335 ms  (1199 ops/s)
  batch 48/100 [470000..480000]: 8456 ms  (1182 ops/s)
  batch 49/100 [480000..490000]: 8554 ms  (1168 ops/s)
  batch 50/100 [490000..500000]: 8670 ms  (1153 ops/s)
  batch 51/100 [500000..510000]: 8451 ms  (1183 ops/s)
  batch 52/100 [510000..520000]: 8150 ms  (1226 ops/s)
  batch 53/100 [520000..530000]: 8341 ms  (1198 ops/s)
  batch 54/100 [530000..540000]: 8365 ms  (1195 ops/s)
  batch 55/100 [540000..550000]: 8603 ms  (1162 ops/s)
  batch 56/100 [550000..560000]: 8663 ms  (1154 ops/s)
  batch 57/100 [560000..570000]: 8792 ms  (1137 ops/s)
  batch 58/100 [570000..580000]: 8281 ms  (1207 ops/s)
  batch 59/100 [580000..590000]: 8426 ms  (1186 ops/s)
  batch 60/100 [590000..600000]: 8517 ms  (1174 ops/s)
  batch 61/100 [600000..610000]: 8605 ms  (1162 ops/s)
  batch 62/100 [610000..620000]: 8748 ms  (1143 ops/s)
  batch 63/100 [620000..630000]: 8807 ms  (1135 ops/s)
  batch 64/100 [630000..640000]: 8792 ms  (1137 ops/s)
  batch 65/100 [640000..650000]: 8571 ms  (1166 ops/s)
  batch 66/100 [650000..660000]: 8599 ms  (1162 ops/s)
  batch 67/100 [660000..670000]: 8666 ms  (1153 ops/s)
  batch 68/100 [670000..680000]: 8821 ms  (1133 ops/s)
  batch 69/100 [680000..690000]: 8905 ms  (1122 ops/s)
  batch 70/100 [690000..700000]: 8978 ms  (1113 ops/s)
  batch 71/100 [700000..710000]: 8796 ms  (1136 ops/s)
  batch 72/100 [710000..720000]: 8613 ms  (1160 ops/s)
  batch 73/100 [720000..730000]: 8729 ms  (1145 ops/s)
  batch 74/100 [730000..740000]: 8889 ms  (1124 ops/s)
  batch 75/100 [740000..750000]: 8957 ms  (1116 ops/s)
  batch 76/100 [750000..760000]: 9021 ms  (1108 ops/s)
  batch 77/100 [760000..770000]: 9139 ms  (1094 ops/s)
  batch 78/100 [770000..780000]: 8654 ms  (1155 ops/s)
  batch 79/100 [780000..790000]: 8867 ms  (1127 ops/s)
  batch 80/100 [790000..800000]: 8945 ms  (1117 ops/s)
  batch 81/100 [800000..810000]: 8946 ms  (1117 ops/s)
  batch 82/100 [810000..820000]: 9236 ms  (1082 ops/s)
  batch 83/100 [820000..830000]: 9140 ms  (1093 ops/s)
  batch 84/100 [830000..840000]: 8948 ms  (1117 ops/s)
  batch 85/100 [840000..850000]: 8955 ms  (1116 ops/s)
  batch 86/100 [850000..860000]: 8954 ms  (1116 ops/s)
  batch 87/100 [860000..870000]: 9039 ms  (1106 ops/s)
  batch 88/100 [870000..880000]: 9264 ms  (1079 ops/s)
  batch 89/100 [880000..890000]: 9311 ms  (1073 ops/s)
  batch 90/100 [890000..900000]: 9394 ms  (1064 ops/s)
  batch 91/100 [900000..910000]: 9048 ms  (1105 ops/s)
  batch 92/100 [910000..920000]: 9040 ms  (1106 ops/s)
  batch 93/100 [920000..930000]: 9074 ms  (1102 ops/s)
  batch 94/100 [930000..940000]: 9410 ms  (1062 ops/s)
  batch 95/100 [940000..950000]: 9380 ms  (1066 ops/s)
  batch 96/100 [950000..960000]: 9511 ms  (1051 ops/s)
  batch 97/100 [960000..970000]: 9203 ms  (1086 ops/s)
  batch 98/100 [970000..980000]: 9075 ms  (1101 ops/s)
  batch 99/100 [980000..990000]: 9155 ms  (1092 ops/s)
  batch 100/100 [990000..1000000]: 9210 ms  (1085 ops/s)
  total: 837339 ms  (1194 ops/s)
  [T2] mixed_fd_multi_v0.0_d0.1_random_t2_s1000000
dvi_txn_benchmark_naive
  experiment:      T2
  workload:        mixed
  mechanism:       fd_multi
  violation:       0
  duplicate_rate:  0.1
  num_unique_lhs:  900000
  access:          random
  size:            1000000
  batch_size:      10000
  threads:         2
  pre_pop:         1000000

=== Iteration 1 ===
[PERF] operator[] used at src/lib/storage/value_segment.cpp:48
	Performance can be affected. This warning is only shown once.
[PERF] Unresolved iterator created for AbstractPosList at src/lib/storage/pos_lists/abstract_pos_list.cpp:8
	Performance can be affected. This warning is only shown once.
  batch 1/100 [0..10000]: 6624 ms  (1509 ops/s)
  batch 2/100 [10000..20000]: 6724 ms  (1487 ops/s)
  batch 3/100 [20000..30000]: 6869 ms  (1455 ops/s)
  batch 4/100 [30000..40000]: 6863 ms  (1457 ops/s)
[PERF] operator[] used at src/lib/storage/frame_of_reference_segment.cpp:49
	Performance can be affected. This warning is only shown once.
  batch 5/100 [40000..50000]: 7029 ms  (1422 ops/s)
  batch 6/100 [50000..60000]: 7080 ms  (1412 ops/s)
  batch 7/100 [60000..70000]: 7212 ms  (1386 ops/s)
  batch 8/100 [70000..80000]: 7288 ms  (1371 ops/s)
  batch 9/100 [80000..90000]: 7378 ms  (1355 ops/s)
  batch 10/100 [90000..100000]: 7524 ms  (1328 ops/s)
  batch 11/100 [100000..110000]: 7632 ms  (1310 ops/s)
  batch 12/100 [110000..120000]: 7393 ms  (1352 ops/s)
  batch 13/100 [120000..130000]: 7164 ms  (1395 ops/s)
  batch 14/100 [130000..140000]: 7424 ms  (1346 ops/s)
  batch 15/100 [140000..150000]: 7411 ms  (1349 ops/s)
  batch 16/100 [150000..160000]: 7600 ms  (1315 ops/s)
  batch 17/100 [160000..170000]: 7564 ms  (1321 ops/s)
  batch 18/100 [170000..180000]: 7787 ms  (1284 ops/s)
  batch 19/100 [180000..190000]: 7322 ms  (1365 ops/s)
  batch 20/100 [190000..200000]: 7359 ms  (1358 ops/s)
  batch 21/100 [200000..210000]: 7542 ms  (1325 ops/s)
  batch 22/100 [210000..220000]: 7671 ms  (1303 ops/s)
  batch 23/100 [220000..230000]: 7540 ms  (1326 ops/s)
  batch 24/100 [230000..240000]: 7732 ms  (1293 ops/s)
  batch 25/100 [240000..250000]: 7775 ms  (1286 ops/s)
  batch 26/100 [250000..260000]: 7580 ms  (1319 ops/s)
  batch 27/100 [260000..270000]: 7627 ms  (1311 ops/s)
  batch 28/100 [270000..280000]: 7707 ms  (1297 ops/s)
  batch 29/100 [280000..290000]: 7780 ms  (1285 ops/s)
  batch 30/100 [290000..300000]: 7958 ms  (1256 ops/s)
  batch 31/100 [300000..310000]: 8068 ms  (1239 ops/s)
  batch 32/100 [310000..320000]: 7496 ms  (1334 ops/s)
  batch 33/100 [320000..330000]: 7732 ms  (1293 ops/s)
  batch 34/100 [330000..340000]: 7901 ms  (1265 ops/s)
  batch 35/100 [340000..350000]: 7804 ms  (1281 ops/s)
  batch 36/100 [350000..360000]: 7805 ms  (1281 ops/s)
  batch 37/100 [360000..370000]: 8072 ms  (1238 ops/s)
  batch 38/100 [370000..380000]: 7883 ms  (1268 ops/s)
  batch 39/100 [380000..390000]: 7785 ms  (1284 ops/s)
  batch 40/100 [390000..400000]: 7923 ms  (1262 ops/s)
  batch 41/100 [400000..410000]: 7952 ms  (1257 ops/s)
  batch 42/100 [410000..420000]: 8075 ms  (1238 ops/s)
  batch 43/100 [420000..430000]: 8083 ms  (1237 ops/s)
  batch 44/100 [430000..440000]: 8139 ms  (1228 ops/s)
  batch 45/100 [440000..450000]: 7935 ms  (1260 ops/s)
  batch 46/100 [450000..460000]: 7940 ms  (1259 ops/s)
  batch 47/100 [460000..470000]: 8107 ms  (1233 ops/s)
  batch 48/100 [470000..480000]: 8150 ms  (1226 ops/s)
  batch 49/100 [480000..490000]: 8218 ms  (1216 ops/s)
  batch 50/100 [490000..500000]: 8337 ms  (1199 ops/s)
  batch 51/100 [500000..510000]: 8178 ms  (1222 ops/s)
  batch 52/100 [510000..520000]: 7871 ms  (1270 ops/s)
  batch 53/100 [520000..530000]: 8115 ms  (1232 ops/s)
  batch 54/100 [530000..540000]: 8265 ms  (1209 ops/s)
  batch 55/100 [540000..550000]: 8292 ms  (1205 ops/s)
  batch 56/100 [550000..560000]: 8434 ms  (1185 ops/s)
  batch 57/100 [560000..570000]: 8578 ms  (1165 ops/s)
  batch 58/100 [570000..580000]: 8144 ms  (1227 ops/s)
  batch 59/100 [580000..590000]: 8176 ms  (1223 ops/s)
  batch 60/100 [590000..600000]: 8398 ms  (1190 ops/s)
  batch 61/100 [600000..610000]: 8511 ms  (1174 ops/s)
  batch 62/100 [610000..620000]: 8480 ms  (1179 ops/s)
  batch 63/100 [620000..630000]: 8664 ms  (1154 ops/s)
  batch 64/100 [630000..640000]: 8630 ms  (1158 ops/s)
  batch 65/100 [640000..650000]: 8317 ms  (1202 ops/s)
  batch 66/100 [650000..660000]: 8297 ms  (1205 ops/s)
  batch 67/100 [660000..670000]: 8484 ms  (1178 ops/s)
  batch 68/100 [670000..680000]: 8495 ms  (1177 ops/s)
  batch 69/100 [680000..690000]: 8698 ms  (1149 ops/s)
  batch 70/100 [690000..700000]: 8704 ms  (1148 ops/s)
  batch 71/100 [700000..710000]: 8463 ms  (1181 ops/s)
  batch 72/100 [710000..720000]: 8470 ms  (1180 ops/s)
  batch 73/100 [720000..730000]: 8521 ms  (1173 ops/s)
  batch 74/100 [730000..740000]: 8546 ms  (1170 ops/s)
  batch 75/100 [740000..750000]: 8761 ms  (1141 ops/s)
  batch 76/100 [750000..760000]: 8806 ms  (1135 ops/s)
  batch 77/100 [760000..770000]: 9013 ms  (1109 ops/s)
  batch 78/100 [770000..780000]: 8482 ms  (1178 ops/s)
  batch 79/100 [780000..790000]: 8602 ms  (1162 ops/s)
  batch 80/100 [790000..800000]: 8610 ms  (1161 ops/s)
  batch 81/100 [800000..810000]: 8772 ms  (1139 ops/s)
  batch 82/100 [810000..820000]: 8917 ms  (1121 ops/s)
  batch 83/100 [820000..830000]: 9014 ms  (1109 ops/s)
  batch 84/100 [830000..840000]: 8813 ms  (1134 ops/s)
  batch 85/100 [840000..850000]: 8675 ms  (1152 ops/s)
  batch 86/100 [850000..860000]: 8704 ms  (1148 ops/s)
  batch 87/100 [860000..870000]: 8924 ms  (1120 ops/s)
  batch 88/100 [870000..880000]: 8853 ms  (1129 ops/s)
  batch 89/100 [880000..890000]: 9075 ms  (1101 ops/s)
  batch 90/100 [890000..900000]: 9079 ms  (1101 ops/s)
  batch 91/100 [900000..910000]: 8836 ms  (1131 ops/s)
  batch 92/100 [910000..920000]: 8908 ms  (1122 ops/s)
  batch 93/100 [920000..930000]: 8997 ms  (1111 ops/s)
  batch 94/100 [930000..940000]: 9073 ms  (1102 ops/s)
  batch 95/100 [940000..950000]: 9164 ms  (1091 ops/s)
  batch 96/100 [950000..960000]: 9272 ms  (1078 ops/s)
  batch 97/100 [960000..970000]: 9177 ms  (1089 ops/s)
  batch 98/100 [970000..980000]: 8892 ms  (1124 ops/s)
  batch 99/100 [980000..990000]: 8942 ms  (1118 ops/s)
  batch 100/100 [990000..1000000]: 9037 ms  (1106 ops/s)
  total: 814744 ms  (1227 ops/s)

=== Iteration 2 ===
  batch 1/100 [0..10000]: 6471 ms  (1545 ops/s)
  batch 2/100 [10000..20000]: 6747 ms  (1481 ops/s)
  batch 3/100 [20000..30000]: 6753 ms  (1480 ops/s)
  batch 4/100 [30000..40000]: 6918 ms  (1445 ops/s)
  batch 5/100 [40000..50000]: 6930 ms  (1442 ops/s)
  batch 6/100 [50000..60000]: 7137 ms  (1400 ops/s)
  batch 7/100 [60000..70000]: 7304 ms  (1369 ops/s)
  batch 8/100 [70000..80000]: 7303 ms  (1369 ops/s)
  batch 9/100 [80000..90000]: 7488 ms  (1335 ops/s)
  batch 10/100 [90000..100000]: 7485 ms  (1335 ops/s)
  batch 11/100 [100000..110000]: 7646 ms  (1307 ops/s)
  batch 12/100 [110000..120000]: 7268 ms  (1375 ops/s)
  batch 13/100 [120000..130000]: 7247 ms  (1379 ops/s)
  batch 14/100 [130000..140000]: 7376 ms  (1355 ops/s)
  batch 15/100 [140000..150000]: 7447 ms  (1342 ops/s)
  batch 16/100 [150000..160000]: 7621 ms  (1312 ops/s)
  batch 17/100 [160000..170000]: 7702 ms  (1298 ops/s)
  batch 18/100 [170000..180000]: 7728 ms  (1293 ops/s)
  batch 19/100 [180000..190000]: 7286 ms  (1372 ops/s)
  batch 20/100 [190000..200000]: 7405 ms  (1350 ops/s)
  batch 21/100 [200000..210000]: 7516 ms  (1330 ops/s)
  batch 22/100 [210000..220000]: 7662 ms  (1305 ops/s)
  batch 23/100 [220000..230000]: 7805 ms  (1281 ops/s)
  batch 24/100 [230000..240000]: 7804 ms  (1281 ops/s)
  batch 25/100 [240000..250000]: 7655 ms  (1306 ops/s)
  batch 26/100 [250000..260000]: 7550 ms  (1324 ops/s)
  batch 27/100 [260000..270000]: 7502 ms  (1332 ops/s)
  batch 28/100 [270000..280000]: 7658 ms  (1305 ops/s)
  batch 29/100 [280000..290000]: 7834 ms  (1276 ops/s)
  batch 30/100 [290000..300000]: 7847 ms  (1274 ops/s)
  batch 31/100 [300000..310000]: 7995 ms  (1250 ops/s)
  batch 32/100 [310000..320000]: 7672 ms  (1303 ops/s)
  batch 33/100 [320000..330000]: 7667 ms  (1304 ops/s)
  batch 34/100 [330000..340000]: 7800 ms  (1281 ops/s)
  batch 35/100 [340000..350000]: 7859 ms  (1272 ops/s)
  batch 36/100 [350000..360000]: 7992 ms  (1251 ops/s)
  batch 37/100 [360000..370000]: 8031 ms  (1245 ops/s)
  batch 38/100 [370000..380000]: 8014 ms  (1247 ops/s)
  batch 39/100 [380000..390000]: 7811 ms  (1280 ops/s)
  batch 40/100 [390000..400000]: 7835 ms  (1276 ops/s)
  batch 41/100 [400000..410000]: 7903 ms  (1265 ops/s)
  batch 42/100 [410000..420000]: 8102 ms  (1234 ops/s)
  batch 43/100 [420000..430000]: 8055 ms  (1241 ops/s)
  batch 44/100 [430000..440000]: 8214 ms  (1217 ops/s)
  batch 45/100 [440000..450000]: 7866 ms  (1271 ops/s)
  batch 46/100 [450000..460000]: 7864 ms  (1271 ops/s)
  batch 47/100 [460000..470000]: 8039 ms  (1243 ops/s)
  batch 48/100 [470000..480000]: 8145 ms  (1227 ops/s)
  batch 49/100 [480000..490000]: 8276 ms  (1208 ops/s)
  batch 50/100 [490000..500000]: 8326 ms  (1200 ops/s)
  batch 51/100 [500000..510000]: 8426 ms  (1186 ops/s)
  batch 52/100 [510000..520000]: 7959 ms  (1256 ops/s)
  batch 53/100 [520000..530000]: 8087 ms  (1236 ops/s)
  batch 54/100 [530000..540000]: 8180 ms  (1222 ops/s)
  batch 55/100 [540000..550000]: 8322 ms  (1201 ops/s)
  batch 56/100 [550000..560000]: 8246 ms  (1212 ops/s)
  batch 57/100 [560000..570000]: 8480 ms  (1179 ops/s)
  batch 58/100 [570000..580000]: 8155 ms  (1226 ops/s)
  batch 59/100 [580000..590000]: 8207 ms  (1218 ops/s)
  batch 60/100 [590000..600000]: 8344 ms  (1198 ops/s)
  batch 61/100 [600000..610000]: 8356 ms  (1196 ops/s)
  batch 62/100 [610000..620000]: 8386 ms  (1192 ops/s)
  batch 63/100 [620000..630000]: 8503 ms  (1175 ops/s)
  batch 64/100 [630000..640000]: 8484 ms  (1178 ops/s)
  batch 65/100 [640000..650000]: 8152 ms  (1226 ops/s)
  batch 66/100 [650000..660000]: 8356 ms  (1196 ops/s)
  batch 67/100 [660000..670000]: 8393 ms  (1191 ops/s)
  batch 68/100 [670000..680000]: 8491 ms  (1177 ops/s)
  batch 69/100 [680000..690000]: 8609 ms  (1161 ops/s)
  batch 70/100 [690000..700000]: 8726 ms  (1145 ops/s)
  batch 71/100 [700000..710000]: 8333 ms  (1199 ops/s)
  batch 72/100 [710000..720000]: 8540 ms  (1170 ops/s)
  batch 73/100 [720000..730000]: 8417 ms  (1188 ops/s)
  batch 74/100 [730000..740000]: 8668 ms  (1153 ops/s)
  batch 75/100 [740000..750000]: 8712 ms  (1147 ops/s)
  batch 76/100 [750000..760000]: 8842 ms  (1130 ops/s)
  batch 77/100 [760000..770000]: 8880 ms  (1126 ops/s)
  batch 78/100 [770000..780000]: 8565 ms  (1167 ops/s)
  batch 79/100 [780000..790000]: 8634 ms  (1158 ops/s)
  batch 80/100 [790000..800000]: 8769 ms  (1140 ops/s)
  batch 81/100 [800000..810000]: 8796 ms  (1136 ops/s)
  batch 82/100 [810000..820000]: 8985 ms  (1112 ops/s)
  batch 83/100 [820000..830000]: 8946 ms  (1117 ops/s)
  batch 84/100 [830000..840000]: 8729 ms  (1145 ops/s)
  batch 85/100 [840000..850000]: 8637 ms  (1157 ops/s)
  batch 86/100 [850000..860000]: 8786 ms  (1138 ops/s)
  batch 87/100 [860000..870000]: 8917 ms  (1121 ops/s)
  batch 88/100 [870000..880000]: 9185 ms  (1088 ops/s)
  batch 89/100 [880000..890000]: 9310 ms  (1074 ops/s)
  batch 90/100 [890000..900000]: 9179 ms  (1089 ops/s)
  batch 91/100 [900000..910000]: 8741 ms  (1143 ops/s)
  batch 92/100 [910000..920000]: 8720 ms  (1146 ops/s)
  batch 93/100 [920000..930000]: 8908 ms  (1122 ops/s)
  batch 94/100 [930000..940000]: 9037 ms  (1106 ops/s)
  batch 95/100 [940000..950000]: 9088 ms  (1100 ops/s)
  batch 96/100 [950000..960000]: 9226 ms  (1083 ops/s)
  batch 97/100 [960000..970000]: 8989 ms  (1112 ops/s)
  batch 98/100 [970000..980000]: 8794 ms  (1137 ops/s)
  batch 99/100 [980000..990000]: 9054 ms  (1104 ops/s)
  batch 100/100 [990000..1000000]: 9180 ms  (1089 ops/s)
  total: 814038 ms  (1228 ops/s)

=== Iteration 3 ===
  batch 1/100 [0..10000]: 6586 ms  (1518 ops/s)
  batch 2/100 [10000..20000]: 6751 ms  (1481 ops/s)
  batch 3/100 [20000..30000]: 6748 ms  (1481 ops/s)
  batch 4/100 [30000..40000]: 6856 ms  (1458 ops/s)
  batch 5/100 [40000..50000]: 6989 ms  (1430 ops/s)
  batch 6/100 [50000..60000]: 7152 ms  (1398 ops/s)
  batch 7/100 [60000..70000]: 7199 ms  (1389 ops/s)
  batch 8/100 [70000..80000]: 7357 ms  (1359 ops/s)
  batch 9/100 [80000..90000]: 7347 ms  (1361 ops/s)
  batch 10/100 [90000..100000]: 7450 ms  (1342 ops/s)
  batch 11/100 [100000..110000]: 7618 ms  (1312 ops/s)
  batch 12/100 [110000..120000]: 7291 ms  (1371 ops/s)
  batch 13/100 [120000..130000]: 7276 ms  (1374 ops/s)
  batch 14/100 [130000..140000]: 7262 ms  (1376 ops/s)
  batch 15/100 [140000..150000]: 7498 ms  (1333 ops/s)
  batch 16/100 [150000..160000]: 7411 ms  (1349 ops/s)
  batch 17/100 [160000..170000]: 7611 ms  (1313 ops/s)
  batch 18/100 [170000..180000]: 7684 ms  (1301 ops/s)
  batch 19/100 [180000..190000]: 7354 ms  (1359 ops/s)
  batch 20/100 [190000..200000]: 7432 ms  (1345 ops/s)
  batch 21/100 [200000..210000]: 7453 ms  (1341 ops/s)
  batch 22/100 [210000..220000]: 7450 ms  (1342 ops/s)
  batch 23/100 [220000..230000]: 7670 ms  (1303 ops/s)
  batch 24/100 [230000..240000]: 7776 ms  (1285 ops/s)
  batch 25/100 [240000..250000]: 7674 ms  (1302 ops/s)
  batch 26/100 [250000..260000]: 7502 ms  (1332 ops/s)
  batch 27/100 [260000..270000]: 7643 ms  (1308 ops/s)
  batch 28/100 [270000..280000]: 7768 ms  (1287 ops/s)
  batch 29/100 [280000..290000]: 7801 ms  (1281 ops/s)
  batch 30/100 [290000..300000]: 7824 ms  (1278 ops/s)
  batch 31/100 [300000..310000]: 7924 ms  (1261 ops/s)
  batch 32/100 [310000..320000]: 7627 ms  (1311 ops/s)
  batch 33/100 [320000..330000]: 7636 ms  (1309 ops/s)
  batch 34/100 [330000..340000]: 7824 ms  (1277 ops/s)
  batch 35/100 [340000..350000]: 7815 ms  (1279 ops/s)
  batch 36/100 [350000..360000]: 8015 ms  (1247 ops/s)
  batch 37/100 [360000..370000]: 8110 ms  (1232 ops/s)
  batch 38/100 [370000..380000]: 7843 ms  (1274 ops/s)
  batch 39/100 [380000..390000]: 7846 ms  (1274 ops/s)
  batch 40/100 [390000..400000]: 7781 ms  (1285 ops/s)
  batch 41/100 [400000..410000]: 7813 ms  (1279 ops/s)
  batch 42/100 [410000..420000]: 8083 ms  (1237 ops/s)
  batch 43/100 [420000..430000]: 8198 ms  (1219 ops/s)
  batch 44/100 [430000..440000]: 8207 ms  (1218 ops/s)
  batch 45/100 [440000..450000]: 7952 ms  (1257 ops/s)
  batch 46/100 [450000..460000]: 7950 ms  (1257 ops/s)
  batch 47/100 [460000..470000]: 8106 ms  (1233 ops/s)
  batch 48/100 [470000..480000]: 8106 ms  (1233 ops/s)
  batch 49/100 [480000..490000]: 7944 ms  (1258 ops/s)
  batch 50/100 [490000..500000]: 8292 ms  (1205 ops/s)
  batch 51/100 [500000..510000]: 8355 ms  (1196 ops/s)
  batch 52/100 [510000..520000]: 8122 ms  (1231 ops/s)
  batch 53/100 [520000..530000]: 8174 ms  (1223 ops/s)
  batch 54/100 [530000..540000]: 8226 ms  (1215 ops/s)
  batch 55/100 [540000..550000]: 8304 ms  (1204 ops/s)
  batch 56/100 [550000..560000]: 8507 ms  (1175 ops/s)
  batch 57/100 [560000..570000]: 8527 ms  (1172 ops/s)
  batch 58/100 [570000..580000]: 8050 ms  (1242 ops/s)
  batch 59/100 [580000..590000]: 8085 ms  (1236 ops/s)
  batch 60/100 [590000..600000]: 8184 ms  (1221 ops/s)
  batch 61/100 [600000..610000]: 8438 ms  (1184 ops/s)
  batch 62/100 [610000..620000]: 8489 ms  (1177 ops/s)
  batch 63/100 [620000..630000]: 8448 ms  (1183 ops/s)
  batch 64/100 [630000..640000]: 8553 ms  (1169 ops/s)
  batch 65/100 [640000..650000]: 8266 ms  (1209 ops/s)
  batch 66/100 [650000..660000]: 8169 ms  (1224 ops/s)
  batch 67/100 [660000..670000]: 8487 ms  (1178 ops/s)
  batch 68/100 [670000..680000]: 8592 ms  (1163 ops/s)
  batch 69/100 [680000..690000]: 8610 ms  (1161 ops/s)
  batch 70/100 [690000..700000]: 8704 ms  (1148 ops/s)
  batch 71/100 [700000..710000]: 8574 ms  (1166 ops/s)
  batch 72/100 [710000..720000]: 8544 ms  (1170 ops/s)
  batch 73/100 [720000..730000]: 8564 ms  (1167 ops/s)
  batch 74/100 [730000..740000]: 8525 ms  (1172 ops/s)
  batch 75/100 [740000..750000]: 8745 ms  (1143 ops/s)
  batch 76/100 [750000..760000]: 8746 ms  (1143 ops/s)
  batch 77/100 [760000..770000]: 8802 ms  (1136 ops/s)
  batch 78/100 [770000..780000]: 8509 ms  (1175 ops/s)
  batch 79/100 [780000..790000]: 8588 ms  (1164 ops/s)
  batch 80/100 [790000..800000]: 8585 ms  (1164 ops/s)
  batch 81/100 [800000..810000]: 8773 ms  (1139 ops/s)
  batch 82/100 [810000..820000]: 8914 ms  (1121 ops/s)
  batch 83/100 [820000..830000]: 9006 ms  (1110 ops/s)
  batch 84/100 [830000..840000]: 8815 ms  (1134 ops/s)
  batch 85/100 [840000..850000]: 8507 ms  (1175 ops/s)
  batch 86/100 [850000..860000]: 8782 ms  (1138 ops/s)
  batch 87/100 [860000..870000]: 8855 ms  (1129 ops/s)
  batch 88/100 [870000..880000]: 8799 ms  (1136 ops/s)
  batch 89/100 [880000..890000]: 9015 ms  (1109 ops/s)
  batch 90/100 [890000..900000]: 9026 ms  (1107 ops/s)
  batch 91/100 [900000..910000]: 8674 ms  (1152 ops/s)
  batch 92/100 [910000..920000]: 8776 ms  (1139 ops/s)
  batch 93/100 [920000..930000]: 8907 ms  (1122 ops/s)
  batch 94/100 [930000..940000]: 8934 ms  (1119 ops/s)
  batch 95/100 [940000..950000]: 9086 ms  (1100 ops/s)
  batch 96/100 [950000..960000]: 9285 ms  (1076 ops/s)
  batch 97/100 [960000..970000]: 8945 ms  (1117 ops/s)
  batch 98/100 [970000..980000]: 8862 ms  (1128 ops/s)
  batch 99/100 [980000..990000]: 9037 ms  (1106 ops/s)
  batch 100/100 [990000..1000000]: 9087 ms  (1100 ops/s)
  total: 812107 ms  (1231 ops/s)
  [T2] mixed_od_single_v0.0_d0.1_random_t2_s1000000
dvi_txn_benchmark_naive
  experiment:      T2
  workload:        mixed
  mechanism:       od_single
  violation:       0
  duplicate_rate:  0.1
  num_unique_lhs:  900000
  access:          random
  size:            1000000
  batch_size:      10000
  threads:         2
  pre_pop:         1000000

=== Iteration 1 ===
[PERF] operator[] used at src/lib/storage/value_segment.cpp:48
	Performance can be affected. This warning is only shown once.
[PERF] Unresolved iterator created for AbstractPosList at src/lib/storage/pos_lists/abstract_pos_list.cpp:8
	Performance can be affected. This warning is only shown once.
  batch 1/100 [0..10000]: 6753 ms  (1480 ops/s)
  batch 2/100 [10000..20000]: 6925 ms  (1443 ops/s)
  batch 3/100 [20000..30000]: 6901 ms  (1448 ops/s)
  batch 4/100 [30000..40000]: 7060 ms  (1416 ops/s)
[PERF] operator[] used at src/lib/storage/frame_of_reference_segment.cpp:49
	Performance can be affected. This warning is only shown once.
  batch 5/100 [40000..50000]: 7110 ms  (1406 ops/s)
  batch 6/100 [50000..60000]: 7369 ms  (1356 ops/s)
  batch 7/100 [60000..70000]: 7370 ms  (1356 ops/s)
  batch 8/100 [70000..80000]: 7534 ms  (1327 ops/s)
  batch 9/100 [80000..90000]: 7630 ms  (1310 ops/s)
  batch 10/100 [90000..100000]: 7807 ms  (1280 ops/s)
  batch 11/100 [100000..110000]: 7782 ms  (1284 ops/s)
  batch 12/100 [110000..120000]: 7596 ms  (1316 ops/s)
  batch 13/100 [120000..130000]: 7505 ms  (1332 ops/s)
  batch 14/100 [130000..140000]: 7661 ms  (1305 ops/s)
  batch 15/100 [140000..150000]: 7677 ms  (1302 ops/s)
  batch 16/100 [150000..160000]: 7847 ms  (1274 ops/s)
  batch 17/100 [160000..170000]: 7840 ms  (1275 ops/s)
  batch 18/100 [170000..180000]: 8010 ms  (1248 ops/s)
  batch 19/100 [180000..190000]: 7633 ms  (1310 ops/s)
  batch 20/100 [190000..200000]: 7636 ms  (1309 ops/s)
  batch 21/100 [200000..210000]: 7762 ms  (1288 ops/s)
  batch 22/100 [210000..220000]: 7763 ms  (1288 ops/s)
  batch 23/100 [220000..230000]: 7845 ms  (1274 ops/s)
  batch 24/100 [230000..240000]: 7951 ms  (1257 ops/s)
  batch 25/100 [240000..250000]: 7959 ms  (1256 ops/s)
  batch 26/100 [250000..260000]: 7702 ms  (1298 ops/s)
  batch 27/100 [260000..270000]: 7854 ms  (1273 ops/s)
  batch 28/100 [270000..280000]: 7953 ms  (1257 ops/s)
  batch 29/100 [280000..290000]: 8073 ms  (1238 ops/s)
  batch 30/100 [290000..300000]: 8132 ms  (1229 ops/s)
  batch 31/100 [300000..310000]: 8185 ms  (1221 ops/s)
  batch 32/100 [310000..320000]: 7740 ms  (1291 ops/s)
  batch 33/100 [320000..330000]: 7890 ms  (1267 ops/s)
  batch 34/100 [330000..340000]: 7885 ms  (1268 ops/s)
  batch 35/100 [340000..350000]: 8103 ms  (1234 ops/s)
  batch 36/100 [350000..360000]: 8171 ms  (1223 ops/s)
  batch 37/100 [360000..370000]: 8202 ms  (1219 ops/s)
  batch 38/100 [370000..380000]: 8164 ms  (1224 ops/s)
  batch 39/100 [380000..390000]: 7974 ms  (1253 ops/s)
  batch 40/100 [390000..400000]: 7950 ms  (1257 ops/s)
  batch 41/100 [400000..410000]: 8047 ms  (1242 ops/s)
  batch 42/100 [410000..420000]: 8109 ms  (1233 ops/s)
  batch 43/100 [420000..430000]: 8329 ms  (1200 ops/s)
  batch 44/100 [430000..440000]: 8441 ms  (1184 ops/s)
  batch 45/100 [440000..450000]: 8038 ms  (1243 ops/s)
  batch 46/100 [450000..460000]: 8001 ms  (1249 ops/s)
  batch 47/100 [460000..470000]: 8167 ms  (1224 ops/s)
  batch 48/100 [470000..480000]: 8256 ms  (1211 ops/s)
  batch 49/100 [480000..490000]: 8445 ms  (1184 ops/s)
  batch 50/100 [490000..500000]: 8492 ms  (1177 ops/s)
  batch 51/100 [500000..510000]: 8548 ms  (1169 ops/s)
  batch 52/100 [510000..520000]: 8197 ms  (1219 ops/s)
  batch 53/100 [520000..530000]: 8290 ms  (1206 ops/s)
  batch 54/100 [530000..540000]: 8378 ms  (1193 ops/s)
  batch 55/100 [540000..550000]: 8540 ms  (1170 ops/s)
  batch 56/100 [550000..560000]: 8648 ms  (1156 ops/s)
  batch 57/100 [560000..570000]: 8566 ms  (1167 ops/s)
  batch 58/100 [570000..580000]: 8311 ms  (1203 ops/s)
  batch 59/100 [580000..590000]: 8416 ms  (1188 ops/s)
  batch 60/100 [590000..600000]: 8375 ms  (1193 ops/s)
  batch 61/100 [600000..610000]: 8630 ms  (1158 ops/s)
  batch 62/100 [610000..620000]: 8648 ms  (1156 ops/s)
  batch 63/100 [620000..630000]: 8705 ms  (1148 ops/s)
  batch 64/100 [630000..640000]: 8893 ms  (1124 ops/s)
  batch 65/100 [640000..650000]: 8406 ms  (1189 ops/s)
  batch 66/100 [650000..660000]: 8641 ms  (1157 ops/s)
  batch 67/100 [660000..670000]: 8654 ms  (1155 ops/s)
  batch 68/100 [670000..680000]: 8614 ms  (1160 ops/s)
  batch 69/100 [680000..690000]: 8790 ms  (1137 ops/s)
  batch 70/100 [690000..700000]: 8916 ms  (1121 ops/s)
  batch 71/100 [700000..710000]: 8700 ms  (1149 ops/s)
  batch 72/100 [710000..720000]: 8732 ms  (1145 ops/s)
  batch 73/100 [720000..730000]: 8706 ms  (1148 ops/s)
  batch 74/100 [730000..740000]: 8899 ms  (1123 ops/s)
  batch 75/100 [740000..750000]: 8877 ms  (1126 ops/s)
  batch 76/100 [750000..760000]: 8958 ms  (1116 ops/s)
  batch 77/100 [760000..770000]: 9150 ms  (1092 ops/s)
  batch 78/100 [770000..780000]: 8682 ms  (1151 ops/s)
  batch 79/100 [780000..790000]: 8700 ms  (1149 ops/s)
  batch 80/100 [790000..800000]: 8977 ms  (1113 ops/s)
  batch 81/100 [800000..810000]: 9024 ms  (1108 ops/s)
  batch 82/100 [810000..820000]: 9044 ms  (1105 ops/s)
  batch 83/100 [820000..830000]: 9214 ms  (1085 ops/s)
  batch 84/100 [830000..840000]: 9001 ms  (1110 ops/s)
  batch 85/100 [840000..850000]: 8850 ms  (1129 ops/s)
  batch 86/100 [850000..860000]: 9015 ms  (1109 ops/s)
  batch 87/100 [860000..870000]: 8927 ms  (1120 ops/s)
  batch 88/100 [870000..880000]: 9192 ms  (1087 ops/s)
  batch 89/100 [880000..890000]: 9175 ms  (1089 ops/s)
  batch 90/100 [890000..900000]: 9394 ms  (1064 ops/s)
  batch 91/100 [900000..910000]: 8868 ms  (1127 ops/s)
  batch 92/100 [910000..920000]: 8887 ms  (1125 ops/s)
  batch 93/100 [920000..930000]: 9107 ms  (1098 ops/s)
  batch 94/100 [930000..940000]: 9255 ms  (1080 ops/s)
  batch 95/100 [940000..950000]: 9225 ms  (1083 ops/s)
  batch 96/100 [950000..960000]: 9405 ms  (1063 ops/s)
  batch 97/100 [960000..970000]: 9355 ms  (1068 ops/s)
  batch 98/100 [970000..980000]: 8979 ms  (1113 ops/s)
  batch 99/100 [980000..990000]: 9140 ms  (1094 ops/s)
  batch 100/100 [990000..1000000]: 9262 ms  (1079 ops/s)
  total: 833148 ms  (1200 ops/s)

=== Iteration 2 ===
  batch 1/100 [0..10000]: 6765 ms  (1478 ops/s)
  batch 2/100 [10000..20000]: 6837 ms  (1462 ops/s)
  batch 3/100 [20000..30000]: 7110 ms  (1406 ops/s)
  batch 4/100 [30000..40000]: 7071 ms  (1414 ops/s)
  batch 5/100 [40000..50000]: 7149 ms  (1398 ops/s)
  batch 6/100 [50000..60000]: 7315 ms  (1366 ops/s)
  batch 7/100 [60000..70000]: 7426 ms  (1346 ops/s)
  batch 8/100 [70000..80000]: 7447 ms  (1342 ops/s)
  batch 9/100 [80000..90000]: 7548 ms  (1324 ops/s)
  batch 10/100 [90000..100000]: 7709 ms  (1297 ops/s)
  batch 11/100 [100000..110000]: 7816 ms  (1279 ops/s)
  batch 12/100 [110000..120000]: 7557 ms  (1323 ops/s)
  batch 13/100 [120000..130000]: 7542 ms  (1325 ops/s)
  batch 14/100 [130000..140000]: 7572 ms  (1320 ops/s)
  batch 15/100 [140000..150000]: 7712 ms  (1296 ops/s)
  batch 16/100 [150000..160000]: 7707 ms  (1297 ops/s)
  batch 17/100 [160000..170000]: 7857 ms  (1272 ops/s)
  batch 18/100 [170000..180000]: 7885 ms  (1268 ops/s)
  batch 19/100 [180000..190000]: 7531 ms  (1327 ops/s)
  batch 20/100 [190000..200000]: 7685 ms  (1301 ops/s)
  batch 21/100 [200000..210000]: 7702 ms  (1298 ops/s)
  batch 22/100 [210000..220000]: 7853 ms  (1273 ops/s)
  batch 23/100 [220000..230000]: 8056 ms  (1241 ops/s)
  batch 24/100 [230000..240000]: 8054 ms  (1241 ops/s)
  batch 25/100 [240000..250000]: 7825 ms  (1277 ops/s)
  batch 26/100 [250000..260000]: 7735 ms  (1292 ops/s)
  batch 27/100 [260000..270000]: 7843 ms  (1274 ops/s)
  batch 28/100 [270000..280000]: 7945 ms  (1258 ops/s)
  batch 29/100 [280000..290000]: 7867 ms  (1271 ops/s)
  batch 30/100 [290000..300000]: 8079 ms  (1237 ops/s)
  batch 31/100 [300000..310000]: 8211 ms  (1217 ops/s)
  batch 32/100 [310000..320000]: 7845 ms  (1274 ops/s)
  batch 33/100 [320000..330000]: 7616 ms  (1312 ops/s)
  batch 34/100 [330000..340000]: 8001 ms  (1249 ops/s)
  batch 35/100 [340000..350000]: 8145 ms  (1227 ops/s)
  batch 36/100 [350000..360000]: 8293 ms  (1205 ops/s)
  batch 37/100 [360000..370000]: 8376 ms  (1193 ops/s)
  batch 38/100 [370000..380000]: 8226 ms  (1215 ops/s)
  batch 39/100 [380000..390000]: 7992 ms  (1251 ops/s)
  batch 40/100 [390000..400000]: 8089 ms  (1236 ops/s)
  batch 41/100 [400000..410000]: 8095 ms  (1235 ops/s)
  batch 42/100 [410000..420000]: 8321 ms  (1201 ops/s)
  batch 43/100 [420000..430000]: 8397 ms  (1190 ops/s)
  batch 44/100 [430000..440000]: 8348 ms  (1197 ops/s)
  batch 45/100 [440000..450000]: 8127 ms  (1230 ops/s)
  batch 46/100 [450000..460000]: 8111 ms  (1232 ops/s)
  batch 47/100 [460000..470000]: 8245 ms  (1212 ops/s)
  batch 48/100 [470000..480000]: 8322 ms  (1201 ops/s)
  batch 49/100 [480000..490000]: 8477 ms  (1179 ops/s)
  batch 50/100 [490000..500000]: 8499 ms  (1176 ops/s)
  batch 51/100 [500000..510000]: 8496 ms  (1176 ops/s)
  batch 52/100 [510000..520000]: 8189 ms  (1221 ops/s)
  batch 53/100 [520000..530000]: 8182 ms  (1222 ops/s)
  batch 54/100 [530000..540000]: 8467 ms  (1181 ops/s)
  batch 55/100 [540000..550000]: 8460 ms  (1181 ops/s)
  batch 56/100 [550000..560000]: 8628 ms  (1159 ops/s)
  batch 57/100 [560000..570000]: 8705 ms  (1148 ops/s)
  batch 58/100 [570000..580000]: 8403 ms  (1189 ops/s)
  batch 59/100 [580000..590000]: 8399 ms  (1190 ops/s)
  batch 60/100 [590000..600000]: 8340 ms  (1198 ops/s)
  batch 61/100 [600000..610000]: 8562 ms  (1167 ops/s)
  batch 62/100 [610000..620000]: 8651 ms  (1155 ops/s)
  batch 63/100 [620000..630000]: 8802 ms  (1136 ops/s)
  batch 64/100 [630000..640000]: 8836 ms  (1131 ops/s)
  batch 65/100 [640000..650000]: 8362 ms  (1195 ops/s)
  batch 66/100 [650000..660000]: 8538 ms  (1171 ops/s)
  batch 67/100 [660000..670000]: 8726 ms  (1145 ops/s)
  batch 68/100 [670000..680000]: 8790 ms  (1137 ops/s)
  batch 69/100 [680000..690000]: 8752 ms  (1142 ops/s)
  batch 70/100 [690000..700000]: 8798 ms  (1136 ops/s)
  batch 71/100 [700000..710000]: 8706 ms  (1148 ops/s)
  batch 72/100 [710000..720000]: 8666 ms  (1153 ops/s)
  batch 73/100 [720000..730000]: 8666 ms  (1153 ops/s)
  batch 74/100 [730000..740000]: 8811 ms  (1134 ops/s)
  batch 75/100 [740000..750000]: 8897 ms  (1123 ops/s)
  batch 76/100 [750000..760000]: 8964 ms  (1115 ops/s)
  batch 77/100 [760000..770000]: 9095 ms  (1099 ops/s)
  batch 78/100 [770000..780000]: 8618 ms  (1160 ops/s)
  batch 79/100 [780000..790000]: 8790 ms  (1137 ops/s)
  batch 80/100 [790000..800000]: 8850 ms  (1129 ops/s)
  batch 81/100 [800000..810000]: 9040 ms  (1106 ops/s)
  batch 82/100 [810000..820000]: 9314 ms  (1073 ops/s)
  batch 83/100 [820000..830000]: 9322 ms  (1072 ops/s)
  batch 84/100 [830000..840000]: 8778 ms  (1139 ops/s)
  batch 85/100 [840000..850000]: 8903 ms  (1123 ops/s)
  batch 86/100 [850000..860000]: 8991 ms  (1112 ops/s)
  batch 87/100 [860000..870000]: 9048 ms  (1105 ops/s)
  batch 88/100 [870000..880000]: 9138 ms  (1094 ops/s)
  batch 89/100 [880000..890000]: 9272 ms  (1078 ops/s)
  batch 90/100 [890000..900000]: 9301 ms  (1075 ops/s)
  batch 91/100 [900000..910000]: 8914 ms  (1121 ops/s)
  batch 92/100 [910000..920000]: 9029 ms  (1107 ops/s)
  batch 93/100 [920000..930000]: 9120 ms  (1096 ops/s)
  batch 94/100 [930000..940000]: 9291 ms  (1076 ops/s)
  batch 95/100 [940000..950000]: 9391 ms  (1064 ops/s)
  batch 96/100 [950000..960000]: 9349 ms  (1069 ops/s)
  batch 97/100 [960000..970000]: 9349 ms  (1069 ops/s)
  batch 98/100 [970000..980000]: 9170 ms  (1090 ops/s)
  batch 99/100 [980000..990000]: 9304 ms  (1074 ops/s)
  batch 100/100 [990000..1000000]: 9220 ms  (1084 ops/s)
  total: 834381 ms  (1198 ops/s)

=== Iteration 3 ===
  batch 1/100 [0..10000]: 6746 ms  (1482 ops/s)
  batch 2/100 [10000..20000]: 6970 ms  (1434 ops/s)
  batch 3/100 [20000..30000]: 7086 ms  (1411 ops/s)
  batch 4/100 [30000..40000]: 7057 ms  (1416 ops/s)
  batch 5/100 [40000..50000]: 7274 ms  (1374 ops/s)
  batch 6/100 [50000..60000]: 7246 ms  (1379 ops/s)
  batch 7/100 [60000..70000]: 7447 ms  (1342 ops/s)
  batch 8/100 [70000..80000]: 7506 ms  (1332 ops/s)
  batch 9/100 [80000..90000]: 7611 ms  (1313 ops/s)
  batch 10/100 [90000..100000]: 7744 ms  (1291 ops/s)
  batch 11/100 [100000..110000]: 7814 ms  (1279 ops/s)
  batch 12/100 [110000..120000]: 7598 ms  (1316 ops/s)
  batch 13/100 [120000..130000]: 7513 ms  (1330 ops/s)
  batch 14/100 [130000..140000]: 7635 ms  (1309 ops/s)
  batch 15/100 [140000..150000]: 7724 ms  (1294 ops/s)
  batch 16/100 [150000..160000]: 7821 ms  (1278 ops/s)
  batch 17/100 [160000..170000]: 7872 ms  (1270 ops/s)
  batch 18/100 [170000..180000]: 7933 ms  (1260 ops/s)
  batch 19/100 [180000..190000]: 7578 ms  (1319 ops/s)
  batch 20/100 [190000..200000]: 7728 ms  (1293 ops/s)
  batch 21/100 [200000..210000]: 7717 ms  (1295 ops/s)
  batch 22/100 [210000..220000]: 7890 ms  (1267 ops/s)
  batch 23/100 [220000..230000]: 7880 ms  (1269 ops/s)
  batch 24/100 [230000..240000]: 8132 ms  (1229 ops/s)
  batch 25/100 [240000..250000]: 7821 ms  (1278 ops/s)
  batch 26/100 [250000..260000]: 7692 ms  (1300 ops/s)
  batch 27/100 [260000..270000]: 7834 ms  (1276 ops/s)
  batch 28/100 [270000..280000]: 7913 ms  (1263 ops/s)
  batch 29/100 [280000..290000]: 8011 ms  (1248 ops/s)
  batch 30/100 [290000..300000]: 8010 ms  (1248 ops/s)
  batch 31/100 [300000..310000]: 8243 ms  (1213 ops/s)
  batch 32/100 [310000..320000]: 7711 ms  (1296 ops/s)
  batch 33/100 [320000..330000]: 7788 ms  (1283 ops/s)
  batch 34/100 [330000..340000]: 7990 ms  (1251 ops/s)
  batch 35/100 [340000..350000]: 8066 ms  (1239 ops/s)
  batch 36/100 [350000..360000]: 8202 ms  (1219 ops/s)
  batch 37/100 [360000..370000]: 8282 ms  (1207 ops/s)
  batch 38/100 [370000..380000]: 8003 ms  (1249 ops/s)
  batch 39/100 [380000..390000]: 8013 ms  (1247 ops/s)
  batch 40/100 [390000..400000]: 8129 ms  (1230 ops/s)
  batch 41/100 [400000..410000]: 8159 ms  (1225 ops/s)
  batch 42/100 [410000..420000]: 8266 ms  (1209 ops/s)
  batch 43/100 [420000..430000]: 8336 ms  (1199 ops/s)
  batch 44/100 [430000..440000]: 8550 ms  (1169 ops/s)
  batch 45/100 [440000..450000]: 8113 ms  (1232 ops/s)
  batch 46/100 [450000..460000]: 8070 ms  (1239 ops/s)
  batch 47/100 [460000..470000]: 8255 ms  (1211 ops/s)
  batch 48/100 [470000..480000]: 8352 ms  (1197 ops/s)
  batch 49/100 [480000..490000]: 8411 ms  (1188 ops/s)
  batch 50/100 [490000..500000]: 8552 ms  (1169 ops/s)
  batch 51/100 [500000..510000]: 8378 ms  (1193 ops/s)
  batch 52/100 [510000..520000]: 8208 ms  (1218 ops/s)
  batch 53/100 [520000..530000]: 8302 ms  (1204 ops/s)
  batch 54/100 [530000..540000]: 8377 ms  (1193 ops/s)
  batch 55/100 [540000..550000]: 8441 ms  (1184 ops/s)
  batch 56/100 [550000..560000]: 8644 ms  (1156 ops/s)
  batch 57/100 [560000..570000]: 8647 ms  (1156 ops/s)
  batch 58/100 [570000..580000]: 8365 ms  (1195 ops/s)
  batch 59/100 [580000..590000]: 8345 ms  (1198 ops/s)
  batch 60/100 [590000..600000]: 8494 ms  (1177 ops/s)
  batch 61/100 [600000..610000]: 8586 ms  (1164 ops/s)
  batch 62/100 [610000..620000]: 8677 ms  (1152 ops/s)
  batch 63/100 [620000..630000]: 8706 ms  (1148 ops/s)
  batch 64/100 [630000..640000]: 8818 ms  (1133 ops/s)
  batch 65/100 [640000..650000]: 8507 ms  (1175 ops/s)
  batch 66/100 [650000..660000]: 8503 ms  (1175 ops/s)
  batch 67/100 [660000..670000]: 8612 ms  (1161 ops/s)
  batch 68/100 [670000..680000]: 8717 ms  (1147 ops/s)
  batch 69/100 [680000..690000]: 8865 ms  (1127 ops/s)
  batch 70/100 [690000..700000]: 8777 ms  (1139 ops/s)
  batch 71/100 [700000..710000]: 8746 ms  (1143 ops/s)
  batch 72/100 [710000..720000]: 8614 ms  (1160 ops/s)
  batch 73/100 [720000..730000]: 8753 ms  (1142 ops/s)
  batch 74/100 [730000..740000]: 8836 ms  (1131 ops/s)
  batch 75/100 [740000..750000]: 8907 ms  (1122 ops/s)
  batch 76/100 [750000..760000]: 9029 ms  (1107 ops/s)
  batch 77/100 [760000..770000]: 9085 ms  (1100 ops/s)
  batch 78/100 [770000..780000]: 8727 ms  (1145 ops/s)
  batch 79/100 [780000..790000]: 8763 ms  (1141 ops/s)
  batch 80/100 [790000..800000]: 8932 ms  (1119 ops/s)
  batch 81/100 [800000..810000]: 9034 ms  (1106 ops/s)
  batch 82/100 [810000..820000]: 9083 ms  (1100 ops/s)
  batch 83/100 [820000..830000]: 9216 ms  (1084 ops/s)
  batch 84/100 [830000..840000]: 9077 ms  (1101 ops/s)
  batch 85/100 [840000..850000]: 8890 ms  (1124 ops/s)
  batch 86/100 [850000..860000]: 9023 ms  (1108 ops/s)
  batch 87/100 [860000..870000]: 9118 ms  (1096 ops/s)
  batch 88/100 [870000..880000]: 9149 ms  (1092 ops/s)
  batch 89/100 [880000..890000]: 9335 ms  (1071 ops/s)
  batch 90/100 [890000..900000]: 9271 ms  (1078 ops/s)
  batch 91/100 [900000..910000]: 8990 ms  (1112 ops/s)
  batch 92/100 [910000..920000]: 8964 ms  (1115 ops/s)
  batch 93/100 [920000..930000]: 9163 ms  (1091 ops/s)
  batch 94/100 [930000..940000]: 9342 ms  (1070 ops/s)
  batch 95/100 [940000..950000]: 9353 ms  (1069 ops/s)
  batch 96/100 [950000..960000]: 9523 ms  (1050 ops/s)
  batch 97/100 [960000..970000]: 9318 ms  (1073 ops/s)
  batch 98/100 [970000..980000]: 9206 ms  (1086 ops/s)
  batch 99/100 [980000..990000]: 9136 ms  (1094 ops/s)
  batch 100/100 [990000..1000000]: 9263 ms  (1079 ops/s)
  total: 835163 ms  (1197 ops/s)
  [T2] mixed_od_multi_v0.0_d0.1_random_t2_s1000000
dvi_txn_benchmark_naive
  experiment:      T2
  workload:        mixed
  mechanism:       od_multi
  violation:       0
  duplicate_rate:  0.1
  num_unique_lhs:  900000
  access:          random
  size:            1000000
  batch_size:      10000
  threads:         2
  pre_pop:         1000000

=== Iteration 1 ===
[PERF] operator[] used at src/lib/storage/value_segment.cpp:48
	Performance can be affected. This warning is only shown once.
[PERF] Unresolved iterator created for AbstractPosList at src/lib/storage/pos_lists/abstract_pos_list.cpp:8
	Performance can be affected. This warning is only shown once.
  batch 1/100 [0..10000]: 6627 ms  (1508 ops/s)
  batch 2/100 [10000..20000]: 6692 ms  (1494 ops/s)
  batch 3/100 [20000..30000]: 6860 ms  (1457 ops/s)
  batch 4/100 [30000..40000]: 6900 ms  (1449 ops/s)
[PERF] operator[] used at src/lib/storage/frame_of_reference_segment.cpp:49
	Performance can be affected. This warning is only shown once.
  batch 5/100 [40000..50000]: 6930 ms  (1442 ops/s)
  batch 6/100 [50000..60000]: 7090 ms  (1410 ops/s)
  batch 7/100 [60000..70000]: 7199 ms  (1388 ops/s)
  batch 8/100 [70000..80000]: 7246 ms  (1379 ops/s)
  batch 9/100 [80000..90000]: 7340 ms  (1362 ops/s)
  batch 10/100 [90000..100000]: 7462 ms  (1340 ops/s)
  batch 11/100 [100000..110000]: 7630 ms  (1310 ops/s)
  batch 12/100 [110000..120000]: 7299 ms  (1369 ops/s)
  batch 13/100 [120000..130000]: 7181 ms  (1392 ops/s)
  batch 14/100 [130000..140000]: 7232 ms  (1382 ops/s)
  batch 15/100 [140000..150000]: 7442 ms  (1343 ops/s)
  batch 16/100 [150000..160000]: 7509 ms  (1331 ops/s)
  batch 17/100 [160000..170000]: 7643 ms  (1308 ops/s)
  batch 18/100 [170000..180000]: 7715 ms  (1296 ops/s)
  batch 19/100 [180000..190000]: 7284 ms  (1372 ops/s)
  batch 20/100 [190000..200000]: 7523 ms  (1329 ops/s)
  batch 21/100 [200000..210000]: 7478 ms  (1337 ops/s)
  batch 22/100 [210000..220000]: 7664 ms  (1304 ops/s)
  batch 23/100 [220000..230000]: 7698 ms  (1298 ops/s)
  batch 24/100 [230000..240000]: 7772 ms  (1286 ops/s)
  batch 25/100 [240000..250000]: 7607 ms  (1314 ops/s)
  batch 26/100 [250000..260000]: 7520 ms  (1329 ops/s)
  batch 27/100 [260000..270000]: 7587 ms  (1317 ops/s)
  batch 28/100 [270000..280000]: 7709 ms  (1297 ops/s)
  batch 29/100 [280000..290000]: 7898 ms  (1266 ops/s)
  batch 30/100 [290000..300000]: 7788 ms  (1283 ops/s)
  batch 31/100 [300000..310000]: 7894 ms  (1266 ops/s)
  batch 32/100 [310000..320000]: 7625 ms  (1311 ops/s)
  batch 33/100 [320000..330000]: 7651 ms  (1306 ops/s)
  batch 34/100 [330000..340000]: 7761 ms  (1288 ops/s)
  batch 35/100 [340000..350000]: 7891 ms  (1267 ops/s)
  batch 36/100 [350000..360000]: 7970 ms  (1254 ops/s)
  batch 37/100 [360000..370000]: 8072 ms  (1238 ops/s)
  batch 38/100 [370000..380000]: 7990 ms  (1251 ops/s)
  batch 39/100 [380000..390000]: 7758 ms  (1288 ops/s)
  batch 40/100 [390000..400000]: 7908 ms  (1264 ops/s)
  batch 41/100 [400000..410000]: 7906 ms  (1264 ops/s)
  batch 42/100 [410000..420000]: 8021 ms  (1246 ops/s)
  batch 43/100 [420000..430000]: 8208 ms  (1218 ops/s)
  batch 44/100 [430000..440000]: 8295 ms  (1205 ops/s)
  batch 45/100 [440000..450000]: 7852 ms  (1273 ops/s)
  batch 46/100 [450000..460000]: 7910 ms  (1264 ops/s)
  batch 47/100 [460000..470000]: 7911 ms  (1264 ops/s)
  batch 48/100 [470000..480000]: 8153 ms  (1226 ops/s)
  batch 49/100 [480000..490000]: 8222 ms  (1216 ops/s)
  batch 50/100 [490000..500000]: 8317 ms  (1202 ops/s)
  batch 51/100 [500000..510000]: 8258 ms  (1210 ops/s)
  batch 52/100 [510000..520000]: 7974 ms  (1254 ops/s)
  batch 53/100 [520000..530000]: 8052 ms  (1241 ops/s)
  batch 54/100 [530000..540000]: 8129 ms  (1230 ops/s)
  batch 55/100 [540000..550000]: 8362 ms  (1195 ops/s)
  batch 56/100 [550000..560000]: 8420 ms  (1187 ops/s)
  batch 57/100 [560000..570000]: 8412 ms  (1188 ops/s)
  batch 58/100 [570000..580000]: 8161 ms  (1225 ops/s)
  batch 59/100 [580000..590000]: 8199 ms  (1219 ops/s)
  batch 60/100 [590000..600000]: 8231 ms  (1214 ops/s)
  batch 61/100 [600000..610000]: 8395 ms  (1191 ops/s)
  batch 62/100 [610000..620000]: 8311 ms  (1203 ops/s)
  batch 63/100 [620000..630000]: 8441 ms  (1184 ops/s)
  batch 64/100 [630000..640000]: 8610 ms  (1161 ops/s)
  batch 65/100 [640000..650000]: 8190 ms  (1220 ops/s)
  batch 66/100 [650000..660000]: 8362 ms  (1195 ops/s)
  batch 67/100 [660000..670000]: 8425 ms  (1186 ops/s)
  batch 68/100 [670000..680000]: 8390 ms  (1191 ops/s)
  batch 69/100 [680000..690000]: 8501 ms  (1176 ops/s)
  batch 70/100 [690000..700000]: 8639 ms  (1157 ops/s)
  batch 71/100 [700000..710000]: 8494 ms  (1177 ops/s)
  batch 72/100 [710000..720000]: 8234 ms  (1214 ops/s)
  batch 73/100 [720000..730000]: 8358 ms  (1196 ops/s)
  batch 74/100 [730000..740000]: 8651 ms  (1155 ops/s)
  batch 75/100 [740000..750000]: 8777 ms  (1139 ops/s)
  batch 76/100 [750000..760000]: 8923 ms  (1120 ops/s)
  batch 77/100 [760000..770000]: 8951 ms  (1117 ops/s)
  batch 78/100 [770000..780000]: 8387 ms  (1192 ops/s)
  batch 79/100 [780000..790000]: 8472 ms  (1180 ops/s)
  batch 80/100 [790000..800000]: 8686 ms  (1151 ops/s)
  batch 81/100 [800000..810000]: 8879 ms  (1126 ops/s)
  batch 82/100 [810000..820000]: 8814 ms  (1134 ops/s)
  batch 83/100 [820000..830000]: 9010 ms  (1109 ops/s)
  batch 84/100 [830000..840000]: 8837 ms  (1131 ops/s)
  batch 85/100 [840000..850000]: 8595 ms  (1163 ops/s)
  batch 86/100 [850000..860000]: 8802 ms  (1136 ops/s)
  batch 87/100 [860000..870000]: 8747 ms  (1143 ops/s)
  batch 88/100 [870000..880000]: 8956 ms  (1116 ops/s)
  batch 89/100 [880000..890000]: 8963 ms  (1115 ops/s)
  batch 90/100 [890000..900000]: 9151 ms  (1092 ops/s)
  batch 91/100 [900000..910000]: 8737 ms  (1144 ops/s)
  batch 92/100 [910000..920000]: 8893 ms  (1124 ops/s)
  batch 93/100 [920000..930000]: 8962 ms  (1115 ops/s)
  batch 94/100 [930000..940000]: 9048 ms  (1105 ops/s)
  batch 95/100 [940000..950000]: 9180 ms  (1089 ops/s)
  batch 96/100 [950000..960000]: 9055 ms  (1104 ops/s)
  batch 97/100 [960000..970000]: 9064 ms  (1103 ops/s)
  batch 98/100 [970000..980000]: 8822 ms  (1133 ops/s)
  batch 99/100 [980000..990000]: 8959 ms  (1116 ops/s)
  batch 100/100 [990000..1000000]: 9026 ms  (1107 ops/s)
  total: 811784 ms  (1231 ops/s)

=== Iteration 2 ===
  batch 1/100 [0..10000]: 6608 ms  (1513 ops/s)
  batch 2/100 [10000..20000]: 6768 ms  (1477 ops/s)
  batch 3/100 [20000..30000]: 6882 ms  (1452 ops/s)
  batch 4/100 [30000..40000]: 6930 ms  (1442 ops/s)
  batch 5/100 [40000..50000]: 6987 ms  (1431 ops/s)
  batch 6/100 [50000..60000]: 7144 ms  (1399 ops/s)
  batch 7/100 [60000..70000]: 7231 ms  (1382 ops/s)
  batch 8/100 [70000..80000]: 7246 ms  (1379 ops/s)
  batch 9/100 [80000..90000]: 7351 ms  (1360 ops/s)
  batch 10/100 [90000..100000]: 7396 ms  (1351 ops/s)
  batch 11/100 [100000..110000]: 7480 ms  (1336 ops/s)
  batch 12/100 [110000..120000]: 7347 ms  (1360 ops/s)
  batch 13/100 [120000..130000]: 7273 ms  (1374 ops/s)
  batch 14/100 [130000..140000]: 7453 ms  (1341 ops/s)
  batch 15/100 [140000..150000]: 7400 ms  (1351 ops/s)
  batch 16/100 [150000..160000]: 7550 ms  (1324 ops/s)
  batch 17/100 [160000..170000]: 7670 ms  (1303 ops/s)
  batch 18/100 [170000..180000]: 7790 ms  (1283 ops/s)
  batch 19/100 [180000..190000]: 7254 ms  (1378 ops/s)
  batch 20/100 [190000..200000]: 7456 ms  (1341 ops/s)
  batch 21/100 [200000..210000]: 7521 ms  (1329 ops/s)
  batch 22/100 [210000..220000]: 7672 ms  (1303 ops/s)
  batch 23/100 [220000..230000]: 7681 ms  (1301 ops/s)
  batch 24/100 [230000..240000]: 7829 ms  (1277 ops/s)
  batch 25/100 [240000..250000]: 7658 ms  (1305 ops/s)
  batch 26/100 [250000..260000]: 7568 ms  (1321 ops/s)
  batch 27/100 [260000..270000]: 7624 ms  (1311 ops/s)
  batch 28/100 [270000..280000]: 7737 ms  (1292 ops/s)
  batch 29/100 [280000..290000]: 7783 ms  (1284 ops/s)
  batch 30/100 [290000..300000]: 7846 ms  (1274 ops/s)
  batch 31/100 [300000..310000]: 7957 ms  (1256 ops/s)
  batch 32/100 [310000..320000]: 7641 ms  (1308 ops/s)
  batch 33/100 [320000..330000]: 7726 ms  (1294 ops/s)
  batch 34/100 [330000..340000]: 7859 ms  (1272 ops/s)
  batch 35/100 [340000..350000]: 7873 ms  (1270 ops/s)
  batch 36/100 [350000..360000]: 8013 ms  (1247 ops/s)
  batch 37/100 [360000..370000]: 7959 ms  (1256 ops/s)
  batch 38/100 [370000..380000]: 7988 ms  (1251 ops/s)
  batch 39/100 [380000..390000]: 7725 ms  (1294 ops/s)
  batch 40/100 [390000..400000]: 7917 ms  (1262 ops/s)
  batch 41/100 [400000..410000]: 8057 ms  (1241 ops/s)
  batch 42/100 [410000..420000]: 7958 ms  (1256 ops/s)
  batch 43/100 [420000..430000]: 8128 ms  (1230 ops/s)
  batch 44/100 [430000..440000]: 8232 ms  (1214 ops/s)
  batch 45/100 [440000..450000]: 7884 ms  (1268 ops/s)
  batch 46/100 [450000..460000]: 7980 ms  (1253 ops/s)
  batch 47/100 [460000..470000]: 7905 ms  (1264 ops/s)
  batch 48/100 [470000..480000]: 8066 ms  (1239 ops/s)
  batch 49/100 [480000..490000]: 8239 ms  (1213 ops/s)
  batch 50/100 [490000..500000]: 8358 ms  (1196 ops/s)
  batch 51/100 [500000..510000]: 8188 ms  (1221 ops/s)
  batch 52/100 [510000..520000]: 8016 ms  (1247 ops/s)
  batch 53/100 [520000..530000]: 7846 ms  (1274 ops/s)
  batch 54/100 [530000..540000]: 8169 ms  (1224 ops/s)
  batch 55/100 [540000..550000]: 8187 ms  (1221 ops/s)
  batch 56/100 [550000..560000]: 8315 ms  (1202 ops/s)
  batch 57/100 [560000..570000]: 8426 ms  (1186 ops/s)
  batch 58/100 [570000..580000]: 8244 ms  (1212 ops/s)
  batch 59/100 [580000..590000]: 8114 ms  (1232 ops/s)
  batch 60/100 [590000..600000]: 8254 ms  (1211 ops/s)
  batch 61/100 [600000..610000]: 8268 ms  (1209 ops/s)
  batch 62/100 [610000..620000]: 8328 ms  (1200 ops/s)
  batch 63/100 [620000..630000]: 8532 ms  (1171 ops/s)
  batch 64/100 [630000..640000]: 8320 ms  (1201 ops/s)
  batch 65/100 [640000..650000]: 8127 ms  (1230 ops/s)
  batch 66/100 [650000..660000]: 8296 ms  (1205 ops/s)
  batch 67/100 [660000..670000]: 8486 ms  (1178 ops/s)
  batch 68/100 [670000..680000]: 8357 ms  (1196 ops/s)
  batch 69/100 [680000..690000]: 8551 ms  (1169 ops/s)
  batch 70/100 [690000..700000]: 8654 ms  (1155 ops/s)
  batch 71/100 [700000..710000]: 8497 ms  (1176 ops/s)
  batch 72/100 [710000..720000]: 8345 ms  (1198 ops/s)
  batch 73/100 [720000..730000]: 8377 ms  (1193 ops/s)
  batch 74/100 [730000..740000]: 8558 ms  (1168 ops/s)
  batch 75/100 [740000..750000]: 8733 ms  (1145 ops/s)
  batch 76/100 [750000..760000]: 8754 ms  (1142 ops/s)
  batch 77/100 [760000..770000]: 8853 ms  (1129 ops/s)
  batch 78/100 [770000..780000]: 8382 ms  (1192 ops/s)
  batch 79/100 [780000..790000]: 8539 ms  (1171 ops/s)
  batch 80/100 [790000..800000]: 8640 ms  (1157 ops/s)
  batch 81/100 [800000..810000]: 8720 ms  (1146 ops/s)
  batch 82/100 [810000..820000]: 8818 ms  (1133 ops/s)
  batch 83/100 [820000..830000]: 8952 ms  (1117 ops/s)
  batch 84/100 [830000..840000]: 8820 ms  (1133 ops/s)
  batch 85/100 [840000..850000]: 8616 ms  (1160 ops/s)
  batch 86/100 [850000..860000]: 8693 ms  (1150 ops/s)
  batch 87/100 [860000..870000]: 8772 ms  (1139 ops/s)
  batch 88/100 [870000..880000]: 8892 ms  (1124 ops/s)
  batch 89/100 [880000..890000]: 9142 ms  (1093 ops/s)
  batch 90/100 [890000..900000]: 9116 ms  (1096 ops/s)
  batch 91/100 [900000..910000]: 8876 ms  (1126 ops/s)
  batch 92/100 [910000..920000]: 8777 ms  (1139 ops/s)
  batch 93/100 [920000..930000]: 8961 ms  (1115 ops/s)
  batch 94/100 [930000..940000]: 9068 ms  (1102 ops/s)
  batch 95/100 [940000..950000]: 9001 ms  (1110 ops/s)
  batch 96/100 [950000..960000]: 9126 ms  (1095 ops/s)
  batch 97/100 [960000..970000]: 9115 ms  (1097 ops/s)
  batch 98/100 [970000..980000]: 8823 ms  (1133 ops/s)
  batch 99/100 [980000..990000]: 9031 ms  (1107 ops/s)
  batch 100/100 [990000..1000000]: 9038 ms  (1106 ops/s)
  total: 811370 ms  (1232 ops/s)

=== Iteration 3 ===
  batch 1/100 [0..10000]: 6550 ms  (1526 ops/s)
  batch 2/100 [10000..20000]: 6782 ms  (1474 ops/s)
  batch 3/100 [20000..30000]: 6861 ms  (1457 ops/s)
  batch 4/100 [30000..40000]: 6843 ms  (1461 ops/s)
  batch 5/100 [40000..50000]: 7050 ms  (1418 ops/s)
  batch 6/100 [50000..60000]: 7106 ms  (1407 ops/s)
  batch 7/100 [60000..70000]: 7190 ms  (1390 ops/s)
  batch 8/100 [70000..80000]: 7287 ms  (1372 ops/s)
  batch 9/100 [80000..90000]: 7311 ms  (1367 ops/s)
  batch 10/100 [90000..100000]: 7416 ms  (1348 ops/s)
  batch 11/100 [100000..110000]: 7457 ms  (1340 ops/s)
  batch 12/100 [110000..120000]: 7265 ms  (1376 ops/s)
  batch 13/100 [120000..130000]: 7309 ms  (1368 ops/s)
  batch 14/100 [130000..140000]: 7234 ms  (1382 ops/s)
  batch 15/100 [140000..150000]: 7482 ms  (1336 ops/s)
  batch 16/100 [150000..160000]: 7513 ms  (1330 ops/s)
  batch 17/100 [160000..170000]: 7663 ms  (1304 ops/s)
  batch 18/100 [170000..180000]: 7710 ms  (1296 ops/s)
  batch 19/100 [180000..190000]: 7317 ms  (1366 ops/s)
  batch 20/100 [190000..200000]: 7420 ms  (1347 ops/s)
  batch 21/100 [200000..210000]: 7475 ms  (1337 ops/s)
  batch 22/100 [210000..220000]: 7620 ms  (1312 ops/s)
  batch 23/100 [220000..230000]: 7751 ms  (1290 ops/s)
  batch 24/100 [230000..240000]: 7826 ms  (1277 ops/s)
  batch 25/100 [240000..250000]: 7774 ms  (1286 ops/s)
  batch 26/100 [250000..260000]: 7557 ms  (1323 ops/s)
  batch 27/100 [260000..270000]: 7565 ms  (1321 ops/s)
  batch 28/100 [270000..280000]: 7707 ms  (1297 ops/s)
  batch 29/100 [280000..290000]: 7759 ms  (1288 ops/s)
  batch 30/100 [290000..300000]: 7769 ms  (1287 ops/s)
  batch 31/100 [300000..310000]: 7935 ms  (1260 ops/s)
  batch 32/100 [310000..320000]: 7561 ms  (1322 ops/s)
  batch 33/100 [320000..330000]: 7731 ms  (1293 ops/s)
  batch 34/100 [330000..340000]: 7611 ms  (1313 ops/s)
  batch 35/100 [340000..350000]: 7816 ms  (1279 ops/s)
  batch 36/100 [350000..360000]: 7945 ms  (1258 ops/s)
  batch 37/100 [360000..370000]: 7973 ms  (1254 ops/s)
  batch 38/100 [370000..380000]: 7986 ms  (1252 ops/s)
  batch 39/100 [380000..390000]: 7684 ms  (1301 ops/s)
  batch 40/100 [390000..400000]: 7946 ms  (1258 ops/s)
  batch 41/100 [400000..410000]: 7908 ms  (1264 ops/s)
  batch 42/100 [410000..420000]: 8069 ms  (1239 ops/s)
  batch 43/100 [420000..430000]: 8122 ms  (1231 ops/s)
  batch 44/100 [430000..440000]: 8163 ms  (1224 ops/s)
  batch 45/100 [440000..450000]: 7950 ms  (1257 ops/s)
  batch 46/100 [450000..460000]: 7873 ms  (1270 ops/s)
  batch 47/100 [460000..470000]: 8102 ms  (1234 ops/s)
  batch 48/100 [470000..480000]: 8010 ms  (1248 ops/s)
  batch 49/100 [480000..490000]: 8122 ms  (1231 ops/s)
  batch 50/100 [490000..500000]: 8186 ms  (1221 ops/s)
  batch 51/100 [500000..510000]: 8291 ms  (1206 ops/s)
  batch 52/100 [510000..520000]: 8101 ms  (1234 ops/s)
  batch 53/100 [520000..530000]: 8128 ms  (1230 ops/s)
  batch 54/100 [530000..540000]: 8191 ms  (1220 ops/s)
  batch 55/100 [540000..550000]: 8285 ms  (1206 ops/s)
  batch 56/100 [550000..560000]: 8370 ms  (1194 ops/s)
  batch 57/100 [560000..570000]: 8402 ms  (1190 ops/s)
  batch 58/100 [570000..580000]: 8191 ms  (1220 ops/s)
  batch 59/100 [580000..590000]: 8200 ms  (1219 ops/s)
  batch 60/100 [590000..600000]: 8162 ms  (1225 ops/s)
  batch 61/100 [600000..610000]: 8319 ms  (1202 ops/s)
  batch 62/100 [610000..620000]: 8441 ms  (1184 ops/s)
  batch 63/100 [620000..630000]: 8562 ms  (1167 ops/s)
  batch 64/100 [630000..640000]: 8628 ms  (1159 ops/s)
  batch 65/100 [640000..650000]: 8333 ms  (1199 ops/s)
  batch 66/100 [650000..660000]: 8357 ms  (1196 ops/s)
  batch 67/100 [660000..670000]: 8447 ms  (1183 ops/s)
  batch 68/100 [670000..680000]: 8493 ms  (1177 ops/s)
  batch 69/100 [680000..690000]: 8665 ms  (1154 ops/s)
  batch 70/100 [690000..700000]: 8674 ms  (1152 ops/s)
  batch 71/100 [700000..710000]: 8442 ms  (1184 ops/s)
  batch 72/100 [710000..720000]: 8395 ms  (1191 ops/s)
  batch 73/100 [720000..730000]: 8547 ms  (1169 ops/s)
  batch 74/100 [730000..740000]: 8579 ms  (1165 ops/s)
  batch 75/100 [740000..750000]: 8682 ms  (1151 ops/s)
  batch 76/100 [750000..760000]: 8751 ms  (1142 ops/s)
  batch 77/100 [760000..770000]: 8963 ms  (1115 ops/s)
  batch 78/100 [770000..780000]: 8511 ms  (1174 ops/s)
  batch 79/100 [780000..790000]: 8623 ms  (1159 ops/s)
  batch 80/100 [790000..800000]: 8609 ms  (1161 ops/s)
  batch 81/100 [800000..810000]: 8808 ms  (1135 ops/s)
  batch 82/100 [810000..820000]: 8804 ms  (1135 ops/s)
  batch 83/100 [820000..830000]: 8849 ms  (1130 ops/s)
  batch 84/100 [830000..840000]: 8805 ms  (1135 ops/s)
  batch 85/100 [840000..850000]: 8731 ms  (1145 ops/s)
  batch 86/100 [850000..860000]: 8726 ms  (1145 ops/s)
  batch 87/100 [860000..870000]: 8821 ms  (1133 ops/s)
  batch 88/100 [870000..880000]: 8920 ms  (1121 ops/s)
  batch 89/100 [880000..890000]: 9023 ms  (1108 ops/s)
  batch 90/100 [890000..900000]: 9127 ms  (1095 ops/s)
  batch 91/100 [900000..910000]: 8739 ms  (1144 ops/s)
  batch 92/100 [910000..920000]: 8826 ms  (1132 ops/s)
  batch 93/100 [920000..930000]: 8951 ms  (1117 ops/s)
  batch 94/100 [930000..940000]: 8883 ms  (1125 ops/s)
  batch 95/100 [940000..950000]: 9012 ms  (1109 ops/s)
  batch 96/100 [950000..960000]: 9131 ms  (1095 ops/s)
  batch 97/100 [960000..970000]: 9205 ms  (1086 ops/s)
  batch 98/100 [970000..980000]: 8863 ms  (1128 ops/s)
  batch 99/100 [980000..990000]: 9002 ms  (1110 ops/s)
  batch 100/100 [990000..1000000]: 9147 ms  (1093 ops/s)
  total: 812030 ms  (1231 ops/s)
  [T3] mixed_od_multi_v0.0_d0.1_random_t2_s1000000
dvi_txn_benchmark_naive
  experiment:      T3
  workload:        mixed
  mechanism:       od_multi
  violation:       0
  duplicate_rate:  0.1
  num_unique_lhs:  900000
  access:          random
  size:            1000000
  batch_size:      10000
  threads:         2
  pre_pop:         1000000

=== Iteration 1 ===
[PERF] operator[] used at src/lib/storage/value_segment.cpp:48
	Performance can be affected. This warning is only shown once.
[PERF] Unresolved iterator created for AbstractPosList at src/lib/storage/pos_lists/abstract_pos_list.cpp:8
	Performance can be affected. This warning is only shown once.
  batch 1/100 [0..10000]: 6666 ms  (1500 ops/s)
  batch 2/100 [10000..20000]: 6681 ms  (1496 ops/s)
  batch 3/100 [20000..30000]: 6869 ms  (1455 ops/s)
  batch 4/100 [30000..40000]: 6939 ms  (1441 ops/s)
[PERF] operator[] used at src/lib/storage/frame_of_reference_segment.cpp:49
	Performance can be affected. This warning is only shown once.
  batch 5/100 [40000..50000]: 6996 ms  (1429 ops/s)
  batch 6/100 [50000..60000]: 7085 ms  (1411 ops/s)
  batch 7/100 [60000..70000]: 7199 ms  (1388 ops/s)
  batch 8/100 [70000..80000]: 7325 ms  (1365 ops/s)
  batch 9/100 [80000..90000]: 7327 ms  (1364 ops/s)
  batch 10/100 [90000..100000]: 7553 ms  (1323 ops/s)
  batch 11/100 [100000..110000]: 7606 ms  (1314 ops/s)
  batch 12/100 [110000..120000]: 7382 ms  (1354 ops/s)
  batch 13/100 [120000..130000]: 7352 ms  (1360 ops/s)
  batch 14/100 [130000..140000]: 7391 ms  (1352 ops/s)
  batch 15/100 [140000..150000]: 7387 ms  (1353 ops/s)
  batch 16/100 [150000..160000]: 7479 ms  (1337 ops/s)
  batch 17/100 [160000..170000]: 7642 ms  (1308 ops/s)
  batch 18/100 [170000..180000]: 7396 ms  (1352 ops/s)
  batch 19/100 [180000..190000]: 7298 ms  (1370 ops/s)
  batch 20/100 [190000..200000]: 7367 ms  (1357 ops/s)
  batch 21/100 [200000..210000]: 7559 ms  (1322 ops/s)
  batch 22/100 [210000..220000]: 7579 ms  (1319 ops/s)
  batch 23/100 [220000..230000]: 7653 ms  (1306 ops/s)
  batch 24/100 [230000..240000]: 7858 ms  (1272 ops/s)
  batch 25/100 [240000..250000]: 7459 ms  (1340 ops/s)
  batch 26/100 [250000..260000]: 7623 ms  (1311 ops/s)
  batch 27/100 [260000..270000]: 7755 ms  (1289 ops/s)
  batch 28/100 [270000..280000]: 7678 ms  (1302 ops/s)
  batch 29/100 [280000..290000]: 7903 ms  (1265 ops/s)
  batch 30/100 [290000..300000]: 7897 ms  (1266 ops/s)
  batch 31/100 [300000..310000]: 8011 ms  (1248 ops/s)
  batch 32/100 [310000..320000]: 7607 ms  (1314 ops/s)
  batch 33/100 [320000..330000]: 7678 ms  (1302 ops/s)
  batch 34/100 [330000..340000]: 7759 ms  (1288 ops/s)
  batch 35/100 [340000..350000]: 7962 ms  (1255 ops/s)
  batch 36/100 [350000..360000]: 7945 ms  (1258 ops/s)
  batch 37/100 [360000..370000]: 8187 ms  (1221 ops/s)
  batch 38/100 [370000..380000]: 8076 ms  (1238 ops/s)
  batch 39/100 [380000..390000]: 7805 ms  (1281 ops/s)
  batch 40/100 [390000..400000]: 7762 ms  (1288 ops/s)
  batch 41/100 [400000..410000]: 8047 ms  (1242 ops/s)
  batch 42/100 [410000..420000]: 7995 ms  (1250 ops/s)
  batch 43/100 [420000..430000]: 8166 ms  (1224 ops/s)
  batch 44/100 [430000..440000]: 8217 ms  (1216 ops/s)
  batch 45/100 [440000..450000]: 7968 ms  (1254 ops/s)
  batch 46/100 [450000..460000]: 7919 ms  (1262 ops/s)
  batch 47/100 [460000..470000]: 8003 ms  (1249 ops/s)
  batch 48/100 [470000..480000]: 8059 ms  (1240 ops/s)
  batch 49/100 [480000..490000]: 8205 ms  (1218 ops/s)
  batch 50/100 [490000..500000]: 8269 ms  (1209 ops/s)
  batch 51/100 [500000..510000]: 8264 ms  (1210 ops/s)
  batch 52/100 [510000..520000]: 8082 ms  (1237 ops/s)
  batch 53/100 [520000..530000]: 8189 ms  (1221 ops/s)
  batch 54/100 [530000..540000]: 8340 ms  (1199 ops/s)
  batch 55/100 [540000..550000]: 8278 ms  (1207 ops/s)
  batch 56/100 [550000..560000]: 8444 ms  (1184 ops/s)
  batch 57/100 [560000..570000]: 8580 ms  (1165 ops/s)
  batch 58/100 [570000..580000]: 8216 ms  (1217 ops/s)
  batch 59/100 [580000..590000]: 8246 ms  (1212 ops/s)
  batch 60/100 [590000..600000]: 8385 ms  (1192 ops/s)
  batch 61/100 [600000..610000]: 8441 ms  (1184 ops/s)
  batch 62/100 [610000..620000]: 8554 ms  (1168 ops/s)
  batch 63/100 [620000..630000]: 8580 ms  (1165 ops/s)
  batch 64/100 [630000..640000]: 8675 ms  (1152 ops/s)
  batch 65/100 [640000..650000]: 8296 ms  (1205 ops/s)
  batch 66/100 [650000..660000]: 8466 ms  (1181 ops/s)
  batch 67/100 [660000..670000]: 8345 ms  (1198 ops/s)
  batch 68/100 [670000..680000]: 8484 ms  (1178 ops/s)
  batch 69/100 [680000..690000]: 8663 ms  (1154 ops/s)
  batch 70/100 [690000..700000]: 8707 ms  (1148 ops/s)
  batch 71/100 [700000..710000]: 8418 ms  (1187 ops/s)
  batch 72/100 [710000..720000]: 8411 ms  (1188 ops/s)
  batch 73/100 [720000..730000]: 8457 ms  (1182 ops/s)
  batch 74/100 [730000..740000]: 8592 ms  (1163 ops/s)
  batch 75/100 [740000..750000]: 8788 ms  (1137 ops/s)
  batch 76/100 [750000..760000]: 8831 ms  (1132 ops/s)
  batch 77/100 [760000..770000]: 8967 ms  (1115 ops/s)
  batch 78/100 [770000..780000]: 8444 ms  (1184 ops/s)
  batch 79/100 [780000..790000]: 8684 ms  (1151 ops/s)
  batch 80/100 [790000..800000]: 8669 ms  (1153 ops/s)
  batch 81/100 [800000..810000]: 8823 ms  (1133 ops/s)
  batch 82/100 [810000..820000]: 8837 ms  (1131 ops/s)
  batch 83/100 [820000..830000]: 9064 ms  (1103 ops/s)
  batch 84/100 [830000..840000]: 8798 ms  (1136 ops/s)
  batch 85/100 [840000..850000]: 8522 ms  (1173 ops/s)
  batch 86/100 [850000..860000]: 8817 ms  (1134 ops/s)
  batch 87/100 [860000..870000]: 8846 ms  (1130 ops/s)
  batch 88/100 [870000..880000]: 9017 ms  (1108 ops/s)
  batch 89/100 [880000..890000]: 9098 ms  (1099 ops/s)
  batch 90/100 [890000..900000]: 9267 ms  (1079 ops/s)
  batch 91/100 [900000..910000]: 8766 ms  (1140 ops/s)
  batch 92/100 [910000..920000]: 8762 ms  (1141 ops/s)
  batch 93/100 [920000..930000]: 8955 ms  (1116 ops/s)
  batch 94/100 [930000..940000]: 9016 ms  (1109 ops/s)
  batch 95/100 [940000..950000]: 9087 ms  (1100 ops/s)
  batch 96/100 [950000..960000]: 9262 ms  (1079 ops/s)
  batch 97/100 [960000..970000]: 8994 ms  (1111 ops/s)
  batch 98/100 [970000..980000]: 9007 ms  (1110 ops/s)
  batch 99/100 [980000..990000]: 8976 ms  (1114 ops/s)
  batch 100/100 [990000..1000000]: 9153 ms  (1092 ops/s)
  total: 815160 ms  (1226 ops/s)

=== Iteration 2 ===
  batch 1/100 [0..10000]: 6600 ms  (1515 ops/s)
  batch 2/100 [10000..20000]: 6729 ms  (1485 ops/s)
  batch 3/100 [20000..30000]: 6851 ms  (1459 ops/s)
  batch 4/100 [30000..40000]: 6897 ms  (1449 ops/s)
  batch 5/100 [40000..50000]: 6959 ms  (1436 ops/s)
  batch 6/100 [50000..60000]: 7123 ms  (1403 ops/s)
  batch 7/100 [60000..70000]: 7192 ms  (1390 ops/s)
  batch 8/100 [70000..80000]: 7154 ms  (1397 ops/s)
  batch 9/100 [80000..90000]: 7350 ms  (1360 ops/s)
  batch 10/100 [90000..100000]: 7445 ms  (1343 ops/s)
  batch 11/100 [100000..110000]: 7565 ms  (1321 ops/s)
  batch 12/100 [110000..120000]: 7208 ms  (1387 ops/s)
  batch 13/100 [120000..130000]: 7316 ms  (1366 ops/s)
  batch 14/100 [130000..140000]: 7334 ms  (1363 ops/s)
  batch 15/100 [140000..150000]: 7415 ms  (1348 ops/s)
  batch 16/100 [150000..160000]: 7539 ms  (1326 ops/s)
  batch 17/100 [160000..170000]: 7576 ms  (1319 ops/s)
  batch 18/100 [170000..180000]: 7682 ms  (1301 ops/s)
  batch 19/100 [180000..190000]: 7280 ms  (1373 ops/s)
  batch 20/100 [190000..200000]: 7360 ms  (1358 ops/s)
  batch 21/100 [200000..210000]: 7496 ms  (1333 ops/s)
  batch 22/100 [210000..220000]: 7415 ms  (1348 ops/s)
  batch 23/100 [220000..230000]: 7780 ms  (1285 ops/s)
  batch 24/100 [230000..240000]: 7824 ms  (1278 ops/s)
  batch 25/100 [240000..250000]: 7732 ms  (1293 ops/s)
  batch 26/100 [250000..260000]: 7536 ms  (1326 ops/s)
  batch 27/100 [260000..270000]: 7629 ms  (1310 ops/s)
  batch 28/100 [270000..280000]: 7807 ms  (1280 ops/s)
  batch 29/100 [280000..290000]: 7894 ms  (1266 ops/s)
  batch 30/100 [290000..300000]: 7909 ms  (1264 ops/s)
  batch 31/100 [300000..310000]: 7920 ms  (1262 ops/s)
  batch 32/100 [310000..320000]: 7515 ms  (1330 ops/s)
  batch 33/100 [320000..330000]: 7724 ms  (1294 ops/s)
  batch 34/100 [330000..340000]: 7822 ms  (1278 ops/s)
  batch 35/100 [340000..350000]: 7913 ms  (1263 ops/s)
  batch 36/100 [350000..360000]: 7955 ms  (1256 ops/s)
  batch 37/100 [360000..370000]: 8066 ms  (1239 ops/s)
  batch 38/100 [370000..380000]: 8008 ms  (1248 ops/s)
  batch 39/100 [380000..390000]: 7794 ms  (1282 ops/s)
  batch 40/100 [390000..400000]: 7898 ms  (1266 ops/s)
  batch 41/100 [400000..410000]: 7953 ms  (1257 ops/s)
  batch 42/100 [410000..420000]: 7868 ms  (1270 ops/s)
  batch 43/100 [420000..430000]: 8092 ms  (1235 ops/s)
  batch 44/100 [430000..440000]: 8150 ms  (1226 ops/s)
  batch 45/100 [440000..450000]: 7789 ms  (1283 ops/s)
  batch 46/100 [450000..460000]: 7807 ms  (1280 ops/s)
  batch 47/100 [460000..470000]: 8017 ms  (1247 ops/s)
  batch 48/100 [470000..480000]: 8100 ms  (1234 ops/s)
  batch 49/100 [480000..490000]: 8211 ms  (1217 ops/s)
  batch 50/100 [490000..500000]: 8229 ms  (1215 ops/s)
  batch 51/100 [500000..510000]: 8298 ms  (1205 ops/s)
  batch 52/100 [510000..520000]: 7985 ms  (1252 ops/s)
  batch 53/100 [520000..530000]: 8129 ms  (1230 ops/s)
  batch 54/100 [530000..540000]: 8155 ms  (1226 ops/s)
  batch 55/100 [540000..550000]: 8063 ms  (1240 ops/s)
  batch 56/100 [550000..560000]: 8341 ms  (1198 ops/s)
  batch 57/100 [560000..570000]: 8457 ms  (1182 ops/s)
  batch 58/100 [570000..580000]: 8062 ms  (1240 ops/s)
  batch 59/100 [580000..590000]: 8067 ms  (1239 ops/s)
  batch 60/100 [590000..600000]: 8239 ms  (1213 ops/s)
  batch 61/100 [600000..610000]: 8295 ms  (1205 ops/s)
  batch 62/100 [610000..620000]: 8404 ms  (1189 ops/s)
  batch 63/100 [620000..630000]: 8529 ms  (1172 ops/s)
  batch 64/100 [630000..640000]: 8559 ms  (1168 ops/s)
  batch 65/100 [640000..650000]: 8057 ms  (1241 ops/s)
  batch 66/100 [650000..660000]: 8309 ms  (1203 ops/s)
  batch 67/100 [660000..670000]: 8432 ms  (1185 ops/s)
  batch 68/100 [670000..680000]: 8441 ms  (1184 ops/s)
  batch 69/100 [680000..690000]: 8621 ms  (1159 ops/s)
  batch 70/100 [690000..700000]: 8707 ms  (1148 ops/s)
  batch 71/100 [700000..710000]: 8491 ms  (1177 ops/s)
  batch 72/100 [710000..720000]: 8211 ms  (1217 ops/s)
  batch 73/100 [720000..730000]: 8457 ms  (1182 ops/s)
  batch 74/100 [730000..740000]: 8581 ms  (1165 ops/s)
  batch 75/100 [740000..750000]: 8643 ms  (1156 ops/s)
  batch 76/100 [750000..760000]: 8828 ms  (1132 ops/s)
  batch 77/100 [760000..770000]: 8881 ms  (1125 ops/s)
  batch 78/100 [770000..780000]: 8416 ms  (1188 ops/s)
  batch 79/100 [780000..790000]: 8641 ms  (1157 ops/s)
  batch 80/100 [790000..800000]: 8666 ms  (1153 ops/s)
  batch 81/100 [800000..810000]: 8881 ms  (1125 ops/s)
  batch 82/100 [810000..820000]: 8812 ms  (1134 ops/s)
  batch 83/100 [820000..830000]: 9004 ms  (1110 ops/s)
  batch 84/100 [830000..840000]: 8765 ms  (1140 ops/s)
  batch 85/100 [840000..850000]: 8727 ms  (1145 ops/s)
  batch 86/100 [850000..860000]: 8702 ms  (1149 ops/s)
  batch 87/100 [860000..870000]: 8951 ms  (1117 ops/s)
  batch 88/100 [870000..880000]: 8991 ms  (1112 ops/s)
  batch 89/100 [880000..890000]: 9011 ms  (1109 ops/s)
  batch 90/100 [890000..900000]: 9194 ms  (1087 ops/s)
  batch 91/100 [900000..910000]: 8814 ms  (1134 ops/s)
  batch 92/100 [910000..920000]: 8902 ms  (1123 ops/s)
  batch 93/100 [920000..930000]: 8736 ms  (1144 ops/s)
  batch 94/100 [930000..940000]: 9129 ms  (1095 ops/s)
  batch 95/100 [940000..950000]: 9123 ms  (1096 ops/s)
  batch 96/100 [950000..960000]: 9156 ms  (1092 ops/s)
  batch 97/100 [960000..970000]: 9060 ms  (1103 ops/s)
  batch 98/100 [970000..980000]: 8890 ms  (1124 ops/s)
  batch 99/100 [980000..990000]: 9110 ms  (1097 ops/s)
  batch 100/100 [990000..1000000]: 9124 ms  (1095 ops/s)
  total: 811524 ms  (1232 ops/s)

=== Iteration 3 ===
  batch 1/100 [0..10000]: 6583 ms  (1518 ops/s)
  batch 2/100 [10000..20000]: 6624 ms  (1509 ops/s)
  batch 3/100 [20000..30000]: 6795 ms  (1471 ops/s)
  batch 4/100 [30000..40000]: 6897 ms  (1449 ops/s)
  batch 5/100 [40000..50000]: 6861 ms  (1457 ops/s)
  batch 6/100 [50000..60000]: 7127 ms  (1402 ops/s)
  batch 7/100 [60000..70000]: 7326 ms  (1364 ops/s)
  batch 8/100 [70000..80000]: 7288 ms  (1372 ops/s)
  batch 9/100 [80000..90000]: 7197 ms  (1389 ops/s)
  batch 10/100 [90000..100000]: 7330 ms  (1364 ops/s)
  batch 11/100 [100000..110000]: 7698 ms  (1299 ops/s)
  batch 12/100 [110000..120000]: 7338 ms  (1362 ops/s)
  batch 13/100 [120000..130000]: 7171 ms  (1394 ops/s)
  batch 14/100 [130000..140000]: 7395 ms  (1352 ops/s)
  batch 15/100 [140000..150000]: 7479 ms  (1336 ops/s)
  batch 16/100 [150000..160000]: 7679 ms  (1302 ops/s)
  batch 17/100 [160000..170000]: 7564 ms  (1321 ops/s)
  batch 18/100 [170000..180000]: 7845 ms  (1274 ops/s)
  batch 19/100 [180000..190000]: 7381 ms  (1354 ops/s)
  batch 20/100 [190000..200000]: 7489 ms  (1335 ops/s)
  batch 21/100 [200000..210000]: 7486 ms  (1335 ops/s)
  batch 22/100 [210000..220000]: 7546 ms  (1325 ops/s)
  batch 23/100 [220000..230000]: 7750 ms  (1290 ops/s)
  batch 24/100 [230000..240000]: 7876 ms  (1269 ops/s)
  batch 25/100 [240000..250000]: 7628 ms  (1310 ops/s)
  batch 26/100 [250000..260000]: 7537 ms  (1326 ops/s)
  batch 27/100 [260000..270000]: 7652 ms  (1306 ops/s)
  batch 28/100 [270000..280000]: 7693 ms  (1299 ops/s)
  batch 29/100 [280000..290000]: 7736 ms  (1292 ops/s)
  batch 30/100 [290000..300000]: 7931 ms  (1260 ops/s)
  batch 31/100 [300000..310000]: 8003 ms  (1249 ops/s)
  batch 32/100 [310000..320000]: 7589 ms  (1317 ops/s)
  batch 33/100 [320000..330000]: 7532 ms  (1327 ops/s)
  batch 34/100 [330000..340000]: 7806 ms  (1280 ops/s)
  batch 35/100 [340000..350000]: 7799 ms  (1282 ops/s)
  batch 36/100 [350000..360000]: 7991 ms  (1251 ops/s)
  batch 37/100 [360000..370000]: 8139 ms  (1228 ops/s)
  batch 38/100 [370000..380000]: 7959 ms  (1256 ops/s)
  batch 39/100 [380000..390000]: 7797 ms  (1282 ops/s)
  batch 40/100 [390000..400000]: 7915 ms  (1263 ops/s)
  batch 41/100 [400000..410000]: 8041 ms  (1243 ops/s)
  batch 42/100 [410000..420000]: 8026 ms  (1245 ops/s)
  batch 43/100 [420000..430000]: 8107 ms  (1233 ops/s)
  batch 44/100 [430000..440000]: 8192 ms  (1220 ops/s)
  batch 45/100 [440000..450000]: 7890 ms  (1267 ops/s)
  batch 46/100 [450000..460000]: 7985 ms  (1252 ops/s)
  batch 47/100 [460000..470000]: 8075 ms  (1238 ops/s)
  batch 48/100 [470000..480000]: 8097 ms  (1234 ops/s)
  batch 49/100 [480000..490000]: 8260 ms  (1210 ops/s)
  batch 50/100 [490000..500000]: 8276 ms  (1208 ops/s)
  batch 51/100 [500000..510000]: 8245 ms  (1212 ops/s)
  batch 52/100 [510000..520000]: 7936 ms  (1260 ops/s)
  batch 53/100 [520000..530000]: 8218 ms  (1216 ops/s)
  batch 54/100 [530000..540000]: 8193 ms  (1220 ops/s)
  batch 55/100 [540000..550000]: 8299 ms  (1204 ops/s)
  batch 56/100 [550000..560000]: 8489 ms  (1177 ops/s)
  batch 57/100 [560000..570000]: 8612 ms  (1161 ops/s)
  batch 58/100 [570000..580000]: 8259 ms  (1210 ops/s)
  batch 59/100 [580000..590000]: 8176 ms  (1223 ops/s)
  batch 60/100 [590000..600000]: 8377 ms  (1193 ops/s)
  batch 61/100 [600000..610000]: 8473 ms  (1180 ops/s)
  batch 62/100 [610000..620000]: 8539 ms  (1171 ops/s)
  batch 63/100 [620000..630000]: 8598 ms  (1162 ops/s)
  batch 64/100 [630000..640000]: 8600 ms  (1162 ops/s)
  batch 65/100 [640000..650000]: 8208 ms  (1218 ops/s)
  batch 66/100 [650000..660000]: 8351 ms  (1197 ops/s)
  batch 67/100 [660000..670000]: 8521 ms  (1173 ops/s)
  batch 68/100 [670000..680000]: 8561 ms  (1168 ops/s)
  batch 69/100 [680000..690000]: 8544 ms  (1170 ops/s)
  batch 70/100 [690000..700000]: 8795 ms  (1136 ops/s)
  batch 71/100 [700000..710000]: 8503 ms  (1176 ops/s)
  batch 72/100 [710000..720000]: 8519 ms  (1173 ops/s)
  batch 73/100 [720000..730000]: 8502 ms  (1176 ops/s)
  batch 74/100 [730000..740000]: 8688 ms  (1150 ops/s)
  batch 75/100 [740000..750000]: 8665 ms  (1153 ops/s)
  batch 76/100 [750000..760000]: 8788 ms  (1137 ops/s)
  batch 77/100 [760000..770000]: 8813 ms  (1134 ops/s)
  batch 78/100 [770000..780000]: 8414 ms  (1188 ops/s)
  batch 79/100 [780000..790000]: 8735 ms  (1144 ops/s)
  batch 80/100 [790000..800000]: 8713 ms  (1147 ops/s)
  batch 81/100 [800000..810000]: 8850 ms  (1129 ops/s)
  batch 82/100 [810000..820000]: 8834 ms  (1131 ops/s)
  batch 83/100 [820000..830000]: 8909 ms  (1122 ops/s)
  batch 84/100 [830000..840000]: 8786 ms  (1138 ops/s)
  batch 85/100 [840000..850000]: 8565 ms  (1167 ops/s)
  batch 86/100 [850000..860000]: 8750 ms  (1142 ops/s)
  batch 87/100 [860000..870000]: 8850 ms  (1129 ops/s)
  batch 88/100 [870000..880000]: 8996 ms  (1111 ops/s)
  batch 89/100 [880000..890000]: 9127 ms  (1095 ops/s)
  batch 90/100 [890000..900000]: 8916 ms  (1121 ops/s)
  batch 91/100 [900000..910000]: 8596 ms  (1163 ops/s)
  batch 92/100 [910000..920000]: 8857 ms  (1129 ops/s)
  batch 93/100 [920000..930000]: 8898 ms  (1123 ops/s)
  batch 94/100 [930000..940000]: 9080 ms  (1101 ops/s)
  batch 95/100 [940000..950000]: 9146 ms  (1093 ops/s)
  batch 96/100 [950000..960000]: 9246 ms  (1081 ops/s)
  batch 97/100 [960000..970000]: 9173 ms  (1090 ops/s)
  batch 98/100 [970000..980000]: 8860 ms  (1128 ops/s)
  batch 99/100 [980000..990000]: 8994 ms  (1111 ops/s)
  batch 100/100 [990000..1000000]: 9059 ms  (1103 ops/s)
  total: 814258 ms  (1228 ops/s)
  [T3] mixed_od_multi_v0.1_d0.1_random_t2_s1000000
dvi_txn_benchmark_naive
  experiment:      T3
  workload:        mixed
  mechanism:       od_multi
  violation:       0.1
  duplicate_rate:  0.1
  num_unique_lhs:  900000
  access:          random
  size:            1000000
  batch_size:      10000
  threads:         2
  pre_pop:         1000000

=== Iteration 1 ===
[PERF] operator[] used at src/lib/storage/value_segment.cpp:48
	Performance can be affected. This warning is only shown once.
[PERF] Unresolved iterator created for AbstractPosList at src/lib/storage/pos_lists/abstract_pos_list.cpp:8
	Performance can be affected. This warning is only shown once.
  batch 1/100 [0..10000]: 6457 ms  (1548 ops/s)
  batch 2/100 [10000..20000]: 6652 ms  (1503 ops/s)
  batch 3/100 [20000..30000]: 6795 ms  (1471 ops/s)
  batch 4/100 [30000..40000]: 6885 ms  (1452 ops/s)
[PERF] operator[] used at src/lib/storage/frame_of_reference_segment.cpp:49
	Performance can be affected. This warning is only shown once.
  batch 5/100 [40000..50000]: 7015 ms  (1425 ops/s)
  batch 6/100 [50000..60000]: 7103 ms  (1407 ops/s)
  batch 7/100 [60000..70000]: 7132 ms  (1401 ops/s)
  batch 8/100 [70000..80000]: 7244 ms  (1380 ops/s)
  batch 9/100 [80000..90000]: 7414 ms  (1348 ops/s)
  batch 10/100 [90000..100000]: 7339 ms  (1362 ops/s)
  batch 11/100 [100000..110000]: 7389 ms  (1353 ops/s)
  batch 12/100 [110000..120000]: 7279 ms  (1373 ops/s)
  batch 13/100 [120000..130000]: 7248 ms  (1379 ops/s)
  batch 14/100 [130000..140000]: 7299 ms  (1369 ops/s)
  batch 15/100 [140000..150000]: 7379 ms  (1355 ops/s)
  batch 16/100 [150000..160000]: 7468 ms  (1339 ops/s)
  batch 17/100 [160000..170000]: 7665 ms  (1304 ops/s)
  batch 18/100 [170000..180000]: 7717 ms  (1295 ops/s)
  batch 19/100 [180000..190000]: 7329 ms  (1364 ops/s)
  batch 20/100 [190000..200000]: 7491 ms  (1334 ops/s)
  batch 21/100 [200000..210000]: 7486 ms  (1335 ops/s)
  batch 22/100 [210000..220000]: 7718 ms  (1295 ops/s)
  batch 23/100 [220000..230000]: 7752 ms  (1289 ops/s)
  batch 24/100 [230000..240000]: 7756 ms  (1289 ops/s)
  batch 25/100 [240000..250000]: 7645 ms  (1307 ops/s)
  batch 26/100 [250000..260000]: 7512 ms  (1331 ops/s)
  batch 27/100 [260000..270000]: 7549 ms  (1324 ops/s)
  batch 28/100 [270000..280000]: 7673 ms  (1303 ops/s)
  batch 29/100 [280000..290000]: 7789 ms  (1283 ops/s)
  batch 30/100 [290000..300000]: 7814 ms  (1279 ops/s)
  batch 31/100 [300000..310000]: 7997 ms  (1250 ops/s)
  batch 32/100 [310000..320000]: 7651 ms  (1306 ops/s)
  batch 33/100 [320000..330000]: 7741 ms  (1291 ops/s)
  batch 34/100 [330000..340000]: 7807 ms  (1280 ops/s)
  batch 35/100 [340000..350000]: 7768 ms  (1287 ops/s)
  batch 36/100 [350000..360000]: 7952 ms  (1257 ops/s)
  batch 37/100 [360000..370000]: 7916 ms  (1263 ops/s)
  batch 38/100 [370000..380000]: 7972 ms  (1254 ops/s)
  batch 39/100 [380000..390000]: 7729 ms  (1293 ops/s)
  batch 40/100 [390000..400000]: 7844 ms  (1274 ops/s)
  batch 41/100 [400000..410000]: 8030 ms  (1245 ops/s)
  batch 42/100 [410000..420000]: 8008 ms  (1248 ops/s)
  batch 43/100 [420000..430000]: 8140 ms  (1228 ops/s)
  batch 44/100 [430000..440000]: 8204 ms  (1218 ops/s)
  batch 45/100 [440000..450000]: 7891 ms  (1267 ops/s)
  batch 46/100 [450000..460000]: 8014 ms  (1247 ops/s)
  batch 47/100 [460000..470000]: 8036 ms  (1244 ops/s)
  batch 48/100 [470000..480000]: 8024 ms  (1246 ops/s)
  batch 49/100 [480000..490000]: 8251 ms  (1211 ops/s)
  batch 50/100 [490000..500000]: 8273 ms  (1208 ops/s)
  batch 51/100 [500000..510000]: 8210 ms  (1217 ops/s)
  batch 52/100 [510000..520000]: 8019 ms  (1246 ops/s)
  batch 53/100 [520000..530000]: 8153 ms  (1226 ops/s)
  batch 54/100 [530000..540000]: 8199 ms  (1219 ops/s)
  batch 55/100 [540000..550000]: 8260 ms  (1210 ops/s)
  batch 56/100 [550000..560000]: 8431 ms  (1186 ops/s)
  batch 57/100 [560000..570000]: 8512 ms  (1174 ops/s)
  batch 58/100 [570000..580000]: 8228 ms  (1215 ops/s)
  batch 59/100 [580000..590000]: 8159 ms  (1225 ops/s)
  batch 60/100 [590000..600000]: 8136 ms  (1229 ops/s)
  batch 61/100 [600000..610000]: 8361 ms  (1195 ops/s)
  batch 62/100 [610000..620000]: 8427 ms  (1186 ops/s)
  batch 63/100 [620000..630000]: 8476 ms  (1179 ops/s)
  batch 64/100 [630000..640000]: 8591 ms  (1163 ops/s)
  batch 65/100 [640000..650000]: 8209 ms  (1218 ops/s)
  batch 66/100 [650000..660000]: 8304 ms  (1204 ops/s)
  batch 67/100 [660000..670000]: 8445 ms  (1183 ops/s)
  batch 68/100 [670000..680000]: 8463 ms  (1181 ops/s)
  batch 69/100 [680000..690000]: 8671 ms  (1153 ops/s)
  batch 70/100 [690000..700000]: 8683 ms  (1151 ops/s)
  batch 71/100 [700000..710000]: 8514 ms  (1174 ops/s)
  batch 72/100 [710000..720000]: 8399 ms  (1190 ops/s)
  batch 73/100 [720000..730000]: 8446 ms  (1183 ops/s)
  batch 74/100 [730000..740000]: 8681 ms  (1151 ops/s)
  batch 75/100 [740000..750000]: 8736 ms  (1144 ops/s)
  batch 76/100 [750000..760000]: 8827 ms  (1132 ops/s)
  batch 77/100 [760000..770000]: 8929 ms  (1119 ops/s)
  batch 78/100 [770000..780000]: 8463 ms  (1181 ops/s)
  batch 79/100 [780000..790000]: 8695 ms  (1149 ops/s)
  batch 80/100 [790000..800000]: 8739 ms  (1144 ops/s)
  batch 81/100 [800000..810000]: 8806 ms  (1135 ops/s)
  batch 82/100 [810000..820000]: 8691 ms  (1150 ops/s)
  batch 83/100 [820000..830000]: 8885 ms  (1125 ops/s)
  batch 84/100 [830000..840000]: 8737 ms  (1144 ops/s)
  batch 85/100 [840000..850000]: 8641 ms  (1157 ops/s)
  batch 86/100 [850000..860000]: 8671 ms  (1153 ops/s)
  batch 87/100 [860000..870000]: 8899 ms  (1123 ops/s)
  batch 88/100 [870000..880000]: 8954 ms  (1116 ops/s)
  batch 89/100 [880000..890000]: 9042 ms  (1105 ops/s)
  batch 90/100 [890000..900000]: 9175 ms  (1089 ops/s)
  batch 91/100 [900000..910000]: 8912 ms  (1121 ops/s)
  batch 92/100 [910000..920000]: 8699 ms  (1149 ops/s)
  batch 93/100 [920000..930000]: 8773 ms  (1139 ops/s)
  batch 94/100 [930000..940000]: 9030 ms  (1107 ops/s)
  batch 95/100 [940000..950000]: 9115 ms  (1097 ops/s)
  batch 96/100 [950000..960000]: 9104 ms  (1098 ops/s)
  batch 97/100 [960000..970000]: 9054 ms  (1104 ops/s)
  batch 98/100 [970000..980000]: 8886 ms  (1125 ops/s)
  batch 99/100 [980000..990000]: 9041 ms  (1105 ops/s)
  batch 100/100 [990000..1000000]: 9000 ms  (1111 ops/s)
  total: 811775 ms  (1231 ops/s)

=== Iteration 2 ===
  batch 1/100 [0..10000]: 6573 ms  (1521 ops/s)
  batch 2/100 [10000..20000]: 6748 ms  (1481 ops/s)
  batch 3/100 [20000..30000]: 6836 ms  (1462 ops/s)
  batch 4/100 [30000..40000]: 6978 ms  (1433 ops/s)
  batch 5/100 [40000..50000]: 7102 ms  (1407 ops/s)
  batch 6/100 [50000..60000]: 7138 ms  (1400 ops/s)
  batch 7/100 [60000..70000]: 7295 ms  (1370 ops/s)
  batch 8/100 [70000..80000]: 7326 ms  (1364 ops/s)
  batch 9/100 [80000..90000]: 7320 ms  (1366 ops/s)
  batch 10/100 [90000..100000]: 7540 ms  (1326 ops/s)
  batch 11/100 [100000..110000]: 7553 ms  (1323 ops/s)
  batch 12/100 [110000..120000]: 7317 ms  (1366 ops/s)
  batch 13/100 [120000..130000]: 7368 ms  (1357 ops/s)
  batch 14/100 [130000..140000]: 7350 ms  (1360 ops/s)
  batch 15/100 [140000..150000]: 7503 ms  (1332 ops/s)
  batch 16/100 [150000..160000]: 7605 ms  (1314 ops/s)
  batch 17/100 [160000..170000]: 7692 ms  (1299 ops/s)
  batch 18/100 [170000..180000]: 7771 ms  (1286 ops/s)
  batch 19/100 [180000..190000]: 7333 ms  (1363 ops/s)
  batch 20/100 [190000..200000]: 7488 ms  (1335 ops/s)
  batch 21/100 [200000..210000]: 7457 ms  (1340 ops/s)
  batch 22/100 [210000..220000]: 7601 ms  (1315 ops/s)
  batch 23/100 [220000..230000]: 7585 ms  (1318 ops/s)
  batch 24/100 [230000..240000]: 7737 ms  (1292 ops/s)
  batch 25/100 [240000..250000]: 7684 ms  (1301 ops/s)
  batch 26/100 [250000..260000]: 7543 ms  (1325 ops/s)
  batch 27/100 [260000..270000]: 7628 ms  (1310 ops/s)
  batch 28/100 [270000..280000]: 7736 ms  (1292 ops/s)
  batch 29/100 [280000..290000]: 7752 ms  (1289 ops/s)
  batch 30/100 [290000..300000]: 7925 ms  (1261 ops/s)
  batch 31/100 [300000..310000]: 7956 ms  (1256 ops/s)
  batch 32/100 [310000..320000]: 7612 ms  (1313 ops/s)
  batch 33/100 [320000..330000]: 7658 ms  (1305 ops/s)
  batch 34/100 [330000..340000]: 7810 ms  (1280 ops/s)
  batch 35/100 [340000..350000]: 7875 ms  (1269 ops/s)
  batch 36/100 [350000..360000]: 8064 ms  (1239 ops/s)
  batch 37/100 [360000..370000]: 8027 ms  (1245 ops/s)
  batch 38/100 [370000..380000]: 7859 ms  (1272 ops/s)
  batch 39/100 [380000..390000]: 7737 ms  (1292 ops/s)
  batch 40/100 [390000..400000]: 7862 ms  (1271 ops/s)
  batch 41/100 [400000..410000]: 7961 ms  (1256 ops/s)
  batch 42/100 [410000..420000]: 8054 ms  (1241 ops/s)
  batch 43/100 [420000..430000]: 8121 ms  (1231 ops/s)
  batch 44/100 [430000..440000]: 8304 ms  (1204 ops/s)
  batch 45/100 [440000..450000]: 7966 ms  (1255 ops/s)
  batch 46/100 [450000..460000]: 7808 ms  (1280 ops/s)
  batch 47/100 [460000..470000]: 8087 ms  (1236 ops/s)
  batch 48/100 [470000..480000]: 8138 ms  (1228 ops/s)
  batch 49/100 [480000..490000]: 8177 ms  (1222 ops/s)
  batch 50/100 [490000..500000]: 8305 ms  (1203 ops/s)
  batch 51/100 [500000..510000]: 8297 ms  (1205 ops/s)
  batch 52/100 [510000..520000]: 8072 ms  (1238 ops/s)
  batch 53/100 [520000..530000]: 8187 ms  (1221 ops/s)
  batch 54/100 [530000..540000]: 8221 ms  (1216 ops/s)
  batch 55/100 [540000..550000]: 8311 ms  (1203 ops/s)
  batch 56/100 [550000..560000]: 8369 ms  (1194 ops/s)
  batch 57/100 [560000..570000]: 8528 ms  (1172 ops/s)
  batch 58/100 [570000..580000]: 8140 ms  (1228 ops/s)
  batch 59/100 [580000..590000]: 8230 ms  (1214 ops/s)
  batch 60/100 [590000..600000]: 8303 ms  (1204 ops/s)
  batch 61/100 [600000..610000]: 8265 ms  (1209 ops/s)
  batch 62/100 [610000..620000]: 8468 ms  (1180 ops/s)
  batch 63/100 [620000..630000]: 8661 ms  (1154 ops/s)
  batch 64/100 [630000..640000]: 8623 ms  (1159 ops/s)
  batch 65/100 [640000..650000]: 8280 ms  (1207 ops/s)
  batch 66/100 [650000..660000]: 8268 ms  (1209 ops/s)
  batch 67/100 [660000..670000]: 8536 ms  (1171 ops/s)
  batch 68/100 [670000..680000]: 8698 ms  (1149 ops/s)
  batch 69/100 [680000..690000]: 8705 ms  (1148 ops/s)
  batch 70/100 [690000..700000]: 8732 ms  (1145 ops/s)
  batch 71/100 [700000..710000]: 8524 ms  (1173 ops/s)
  batch 72/100 [710000..720000]: 8501 ms  (1176 ops/s)
  batch 73/100 [720000..730000]: 8465 ms  (1181 ops/s)
  batch 74/100 [730000..740000]: 8678 ms  (1152 ops/s)
  batch 75/100 [740000..750000]: 8735 ms  (1144 ops/s)
  batch 76/100 [750000..760000]: 8593 ms  (1163 ops/s)
  batch 77/100 [760000..770000]: 8924 ms  (1120 ops/s)
  batch 78/100 [770000..780000]: 8475 ms  (1179 ops/s)
  batch 79/100 [780000..790000]: 8620 ms  (1159 ops/s)
  batch 80/100 [790000..800000]: 8659 ms  (1154 ops/s)
  batch 81/100 [800000..810000]: 8670 ms  (1153 ops/s)
  batch 82/100 [810000..820000]: 8865 ms  (1127 ops/s)
  batch 83/100 [820000..830000]: 9004 ms  (1110 ops/s)
  batch 84/100 [830000..840000]: 8661 ms  (1154 ops/s)
  batch 85/100 [840000..850000]: 8755 ms  (1142 ops/s)
  batch 86/100 [850000..860000]: 8833 ms  (1132 ops/s)
  batch 87/100 [860000..870000]: 8776 ms  (1139 ops/s)
  batch 88/100 [870000..880000]: 8934 ms  (1119 ops/s)
  batch 89/100 [880000..890000]: 8963 ms  (1115 ops/s)
  batch 90/100 [890000..900000]: 9057 ms  (1104 ops/s)
  batch 91/100 [900000..910000]: 8641 ms  (1157 ops/s)
  batch 92/100 [910000..920000]: 8835 ms  (1131 ops/s)
  batch 93/100 [920000..930000]: 9035 ms  (1106 ops/s)
  batch 94/100 [930000..940000]: 8964 ms  (1115 ops/s)
  batch 95/100 [940000..950000]: 9147 ms  (1093 ops/s)
  batch 96/100 [950000..960000]: 9204 ms  (1086 ops/s)
  batch 97/100 [960000..970000]: 9192 ms  (1087 ops/s)
  batch 98/100 [970000..980000]: 8970 ms  (1114 ops/s)
  batch 99/100 [980000..990000]: 9100 ms  (1098 ops/s)
  batch 100/100 [990000..1000000]: 9165 ms  (1091 ops/s)
  total: 814752 ms  (1227 ops/s)

=== Iteration 3 ===
  batch 1/100 [0..10000]: 6521 ms  (1533 ops/s)
  batch 2/100 [10000..20000]: 6772 ms  (1476 ops/s)
  batch 3/100 [20000..30000]: 6828 ms  (1464 ops/s)
  batch 4/100 [30000..40000]: 6805 ms  (1469 ops/s)
  batch 5/100 [40000..50000]: 7086 ms  (1411 ops/s)
  batch 6/100 [50000..60000]: 7183 ms  (1392 ops/s)
  batch 7/100 [60000..70000]: 7152 ms  (1398 ops/s)
  batch 8/100 [70000..80000]: 7221 ms  (1384 ops/s)
  batch 9/100 [80000..90000]: 7440 ms  (1343 ops/s)
  batch 10/100 [90000..100000]: 7237 ms  (1381 ops/s)
  batch 11/100 [100000..110000]: 7631 ms  (1310 ops/s)
  batch 12/100 [110000..120000]: 7280 ms  (1373 ops/s)
  batch 13/100 [120000..130000]: 7283 ms  (1372 ops/s)
  batch 14/100 [130000..140000]: 7332 ms  (1363 ops/s)
  batch 15/100 [140000..150000]: 7514 ms  (1330 ops/s)
  batch 16/100 [150000..160000]: 7512 ms  (1331 ops/s)
  batch 17/100 [160000..170000]: 7671 ms  (1303 ops/s)
  batch 18/100 [170000..180000]: 7769 ms  (1287 ops/s)
  batch 19/100 [180000..190000]: 7386 ms  (1353 ops/s)
  batch 20/100 [190000..200000]: 7439 ms  (1344 ops/s)
  batch 21/100 [200000..210000]: 7563 ms  (1322 ops/s)
  batch 22/100 [210000..220000]: 7559 ms  (1322 ops/s)
  batch 23/100 [220000..230000]: 7710 ms  (1296 ops/s)
  batch 24/100 [230000..240000]: 7766 ms  (1287 ops/s)
  batch 25/100 [240000..250000]: 7683 ms  (1301 ops/s)
  batch 26/100 [250000..260000]: 7565 ms  (1321 ops/s)
  batch 27/100 [260000..270000]: 7471 ms  (1338 ops/s)
  batch 28/100 [270000..280000]: 7691 ms  (1300 ops/s)
  batch 29/100 [280000..290000]: 7696 ms  (1299 ops/s)
  batch 30/100 [290000..300000]: 7812 ms  (1279 ops/s)
  batch 31/100 [300000..310000]: 7936 ms  (1260 ops/s)
  batch 32/100 [310000..320000]: 7659 ms  (1305 ops/s)
  batch 33/100 [320000..330000]: 7694 ms  (1299 ops/s)
  batch 34/100 [330000..340000]: 7691 ms  (1300 ops/s)
  batch 35/100 [340000..350000]: 7908 ms  (1264 ops/s)
  batch 36/100 [350000..360000]: 7933 ms  (1260 ops/s)
  batch 37/100 [360000..370000]: 8092 ms  (1235 ops/s)
  batch 38/100 [370000..380000]: 8023 ms  (1246 ops/s)
  batch 39/100 [380000..390000]: 7817 ms  (1279 ops/s)
  batch 40/100 [390000..400000]: 7646 ms  (1307 ops/s)
  batch 41/100 [400000..410000]: 7945 ms  (1258 ops/s)
  batch 42/100 [410000..420000]: 8075 ms  (1238 ops/s)
  batch 43/100 [420000..430000]: 8104 ms  (1233 ops/s)
  batch 44/100 [430000..440000]: 8242 ms  (1213 ops/s)
  batch 45/100 [440000..450000]: 7938 ms  (1259 ops/s)
  batch 46/100 [450000..460000]: 7863 ms  (1271 ops/s)
  batch 47/100 [460000..470000]: 8008 ms  (1248 ops/s)
  batch 48/100 [470000..480000]: 8204 ms  (1218 ops/s)
  batch 49/100 [480000..490000]: 8262 ms  (1210 ops/s)
  batch 50/100 [490000..500000]: 8301 ms  (1204 ops/s)
  batch 51/100 [500000..510000]: 8294 ms  (1205 ops/s)
  batch 52/100 [510000..520000]: 8060 ms  (1240 ops/s)
  batch 53/100 [520000..530000]: 8092 ms  (1235 ops/s)
  batch 54/100 [530000..540000]: 8192 ms  (1220 ops/s)
  batch 55/100 [540000..550000]: 8355 ms  (1196 ops/s)
  batch 56/100 [550000..560000]: 8444 ms  (1184 ops/s)
  batch 57/100 [560000..570000]: 8558 ms  (1168 ops/s)
  batch 58/100 [570000..580000]: 8165 ms  (1224 ops/s)
  batch 59/100 [580000..590000]: 8131 ms  (1229 ops/s)
  batch 60/100 [590000..600000]: 8284 ms  (1207 ops/s)
  batch 61/100 [600000..610000]: 8361 ms  (1195 ops/s)
  batch 62/100 [610000..620000]: 8517 ms  (1174 ops/s)
  batch 63/100 [620000..630000]: 8495 ms  (1177 ops/s)
  batch 64/100 [630000..640000]: 8625 ms  (1159 ops/s)
  batch 65/100 [640000..650000]: 8234 ms  (1214 ops/s)
  batch 66/100 [650000..660000]: 8268 ms  (1209 ops/s)
  batch 67/100 [660000..670000]: 8537 ms  (1171 ops/s)
  batch 68/100 [670000..680000]: 8589 ms  (1164 ops/s)
  batch 69/100 [680000..690000]: 8583 ms  (1165 ops/s)
  batch 70/100 [690000..700000]: 8669 ms  (1153 ops/s)
  batch 71/100 [700000..710000]: 8544 ms  (1170 ops/s)
  batch 72/100 [710000..720000]: 8426 ms  (1186 ops/s)
  batch 73/100 [720000..730000]: 8542 ms  (1170 ops/s)
  batch 74/100 [730000..740000]: 8653 ms  (1155 ops/s)
  batch 75/100 [740000..750000]: 8684 ms  (1151 ops/s)
  batch 76/100 [750000..760000]: 8785 ms  (1138 ops/s)
  batch 77/100 [760000..770000]: 8984 ms  (1113 ops/s)
  batch 78/100 [770000..780000]: 8486 ms  (1178 ops/s)
  batch 79/100 [780000..790000]: 8679 ms  (1152 ops/s)
  batch 80/100 [790000..800000]: 8602 ms  (1162 ops/s)
  batch 81/100 [800000..810000]: 8855 ms  (1129 ops/s)
  batch 82/100 [810000..820000]: 8783 ms  (1138 ops/s)
  batch 83/100 [820000..830000]: 9039 ms  (1106 ops/s)
  batch 84/100 [830000..840000]: 8790 ms  (1137 ops/s)
  batch 85/100 [840000..850000]: 8678 ms  (1152 ops/s)
  batch 86/100 [850000..860000]: 8763 ms  (1141 ops/s)
  batch 87/100 [860000..870000]: 8795 ms  (1136 ops/s)
  batch 88/100 [870000..880000]: 8935 ms  (1119 ops/s)
  batch 89/100 [880000..890000]: 8981 ms  (1113 ops/s)
  batch 90/100 [890000..900000]: 9120 ms  (1096 ops/s)
  batch 91/100 [900000..910000]: 8757 ms  (1141 ops/s)
  batch 92/100 [910000..920000]: 8842 ms  (1130 ops/s)
  batch 93/100 [920000..930000]: 8934 ms  (1119 ops/s)
  batch 94/100 [930000..940000]: 9067 ms  (1102 ops/s)
  batch 95/100 [940000..950000]: 9111 ms  (1097 ops/s)
  batch 96/100 [950000..960000]: 9209 ms  (1085 ops/s)
  batch 97/100 [960000..970000]: 8998 ms  (1111 ops/s)
  batch 98/100 [970000..980000]: 9011 ms  (1109 ops/s)
  batch 99/100 [980000..990000]: 9040 ms  (1106 ops/s)
  batch 100/100 [990000..1000000]: 9114 ms  (1097 ops/s)
  total: 813631 ms  (1229 ops/s)
  [T3] mixed_od_multi_v0.2_d0.1_random_t2_s1000000
dvi_txn_benchmark_naive
  experiment:      T3
  workload:        mixed
  mechanism:       od_multi
  violation:       0.2
  duplicate_rate:  0.1
  num_unique_lhs:  900000
  access:          random
  size:            1000000
  batch_size:      10000
  threads:         2
  pre_pop:         1000000

=== Iteration 1 ===
[PERF] operator[] used at src/lib/storage/value_segment.cpp:48
	Performance can be affected. This warning is only shown once.
[PERF] Unresolved iterator created for AbstractPosList at src/lib/storage/pos_lists/abstract_pos_list.cpp:8
	Performance can be affected. This warning is only shown once.
  batch 1/100 [0..10000]: 6608 ms  (1513 ops/s)
  batch 2/100 [10000..20000]: 6684 ms  (1496 ops/s)
  batch 3/100 [20000..30000]: 6728 ms  (1486 ops/s)
  batch 4/100 [30000..40000]: 6921 ms  (1444 ops/s)
[PERF] operator[] used at src/lib/storage/frame_of_reference_segment.cpp:49
	Performance can be affected. This warning is only shown once.
  batch 5/100 [40000..50000]: 7039 ms  (1420 ops/s)
  batch 6/100 [50000..60000]: 7142 ms  (1400 ops/s)
  batch 7/100 [60000..70000]: 7182 ms  (1392 ops/s)
  batch 8/100 [70000..80000]: 7328 ms  (1364 ops/s)
  batch 9/100 [80000..90000]: 7386 ms  (1353 ops/s)
  batch 10/100 [90000..100000]: 7567 ms  (1321 ops/s)
  batch 11/100 [100000..110000]: 7641 ms  (1308 ops/s)
  batch 12/100 [110000..120000]: 7259 ms  (1377 ops/s)
  batch 13/100 [120000..130000]: 7186 ms  (1391 ops/s)
  batch 14/100 [130000..140000]: 7314 ms  (1367 ops/s)
  batch 15/100 [140000..150000]: 7418 ms  (1347 ops/s)
  batch 16/100 [150000..160000]: 7538 ms  (1326 ops/s)
  batch 17/100 [160000..170000]: 7704 ms  (1297 ops/s)
  batch 18/100 [170000..180000]: 7717 ms  (1295 ops/s)
  batch 19/100 [180000..190000]: 7372 ms  (1356 ops/s)
  batch 20/100 [190000..200000]: 7429 ms  (1346 ops/s)
  batch 21/100 [200000..210000]: 7418 ms  (1347 ops/s)
  batch 22/100 [210000..220000]: 7666 ms  (1304 ops/s)
  batch 23/100 [220000..230000]: 7677 ms  (1302 ops/s)
  batch 24/100 [230000..240000]: 7905 ms  (1264 ops/s)
  batch 25/100 [240000..250000]: 7632 ms  (1310 ops/s)
  batch 26/100 [250000..260000]: 7582 ms  (1318 ops/s)
  batch 27/100 [260000..270000]: 7655 ms  (1306 ops/s)
  batch 28/100 [270000..280000]: 7845 ms  (1274 ops/s)
  batch 29/100 [280000..290000]: 7828 ms  (1277 ops/s)
  batch 30/100 [290000..300000]: 7901 ms  (1265 ops/s)
  batch 31/100 [300000..310000]: 8039 ms  (1243 ops/s)
  batch 32/100 [310000..320000]: 7704 ms  (1297 ops/s)
  batch 33/100 [320000..330000]: 7676 ms  (1302 ops/s)
  batch 34/100 [330000..340000]: 7875 ms  (1269 ops/s)
  batch 35/100 [340000..350000]: 7978 ms  (1253 ops/s)
  batch 36/100 [350000..360000]: 7800 ms  (1281 ops/s)
  batch 37/100 [360000..370000]: 7944 ms  (1258 ops/s)
  batch 38/100 [370000..380000]: 7726 ms  (1294 ops/s)
  batch 39/100 [380000..390000]: 7658 ms  (1305 ops/s)
  batch 40/100 [390000..400000]: 7847 ms  (1274 ops/s)
  batch 41/100 [400000..410000]: 8035 ms  (1244 ops/s)
  batch 42/100 [410000..420000]: 8071 ms  (1238 ops/s)
  batch 43/100 [420000..430000]: 8223 ms  (1216 ops/s)
  batch 44/100 [430000..440000]: 8268 ms  (1209 ops/s)
  batch 45/100 [440000..450000]: 7795 ms  (1282 ops/s)
  batch 46/100 [450000..460000]: 7859 ms  (1272 ops/s)
  batch 47/100 [460000..470000]: 7956 ms  (1256 ops/s)
  batch 48/100 [470000..480000]: 7979 ms  (1253 ops/s)
  batch 49/100 [480000..490000]: 8214 ms  (1217 ops/s)
  batch 50/100 [490000..500000]: 8348 ms  (1197 ops/s)
  batch 51/100 [500000..510000]: 8324 ms  (1201 ops/s)
  batch 52/100 [510000..520000]: 7937 ms  (1259 ops/s)
  batch 53/100 [520000..530000]: 8073 ms  (1238 ops/s)
  batch 54/100 [530000..540000]: 8110 ms  (1232 ops/s)
  batch 55/100 [540000..550000]: 8278 ms  (1207 ops/s)
  batch 56/100 [550000..560000]: 8457 ms  (1182 ops/s)
  batch 57/100 [560000..570000]: 8438 ms  (1185 ops/s)
  batch 58/100 [570000..580000]: 8158 ms  (1225 ops/s)
  batch 59/100 [580000..590000]: 8099 ms  (1234 ops/s)
  batch 60/100 [590000..600000]: 8296 ms  (1205 ops/s)
  batch 61/100 [600000..610000]: 8384 ms  (1192 ops/s)
  batch 62/100 [610000..620000]: 8317 ms  (1202 ops/s)
  batch 63/100 [620000..630000]: 8702 ms  (1149 ops/s)
  batch 64/100 [630000..640000]: 8436 ms  (1185 ops/s)
  batch 65/100 [640000..650000]: 8238 ms  (1213 ops/s)
  batch 66/100 [650000..660000]: 8209 ms  (1218 ops/s)
  batch 67/100 [660000..670000]: 8512 ms  (1174 ops/s)
  batch 68/100 [670000..680000]: 8430 ms  (1186 ops/s)
  batch 69/100 [680000..690000]: 8663 ms  (1154 ops/s)
  batch 70/100 [690000..700000]: 8766 ms  (1140 ops/s)
  batch 71/100 [700000..710000]: 8590 ms  (1164 ops/s)
  batch 72/100 [710000..720000]: 8470 ms  (1180 ops/s)
  batch 73/100 [720000..730000]: 8331 ms  (1200 ops/s)
  batch 74/100 [730000..740000]: 8646 ms  (1156 ops/s)
  batch 75/100 [740000..750000]: 8785 ms  (1138 ops/s)
  batch 76/100 [750000..760000]: 8723 ms  (1146 ops/s)
  batch 77/100 [760000..770000]: 8859 ms  (1128 ops/s)
  batch 78/100 [770000..780000]: 8452 ms  (1183 ops/s)
  batch 79/100 [780000..790000]: 8683 ms  (1151 ops/s)
  batch 80/100 [790000..800000]: 8736 ms  (1144 ops/s)
  batch 81/100 [800000..810000]: 8640 ms  (1157 ops/s)
  batch 82/100 [810000..820000]: 8708 ms  (1148 ops/s)
  batch 83/100 [820000..830000]: 9106 ms  (1098 ops/s)
  batch 84/100 [830000..840000]: 8788 ms  (1137 ops/s)
  batch 85/100 [840000..850000]: 8769 ms  (1140 ops/s)
  batch 86/100 [850000..860000]: 8804 ms  (1135 ops/s)
  batch 87/100 [860000..870000]: 8884 ms  (1125 ops/s)
  batch 88/100 [870000..880000]: 8866 ms  (1127 ops/s)
  batch 89/100 [880000..890000]: 9042 ms  (1105 ops/s)
  batch 90/100 [890000..900000]: 9126 ms  (1095 ops/s)
  batch 91/100 [900000..910000]: 8623 ms  (1159 ops/s)
  batch 92/100 [910000..920000]: 8833 ms  (1132 ops/s)
  batch 93/100 [920000..930000]: 8948 ms  (1117 ops/s)
  batch 94/100 [930000..940000]: 8974 ms  (1114 ops/s)
  batch 95/100 [940000..950000]: 9063 ms  (1103 ops/s)
  batch 96/100 [950000..960000]: 9190 ms  (1088 ops/s)
  batch 97/100 [960000..970000]: 9257 ms  (1080 ops/s)
  batch 98/100 [970000..980000]: 9002 ms  (1110 ops/s)
  batch 99/100 [980000..990000]: 9143 ms  (1093 ops/s)
  batch 100/100 [990000..1000000]: 9004 ms  (1110 ops/s)
  total: 813185 ms  (1229 ops/s)

=== Iteration 2 ===
  batch 1/100 [0..10000]: 6501 ms  (1538 ops/s)
  batch 2/100 [10000..20000]: 6660 ms  (1501 ops/s)
  batch 3/100 [20000..30000]: 6866 ms  (1456 ops/s)
  batch 4/100 [30000..40000]: 6908 ms  (1447 ops/s)
  batch 5/100 [40000..50000]: 6948 ms  (1439 ops/s)
  batch 6/100 [50000..60000]: 7122 ms  (1403 ops/s)
  batch 7/100 [60000..70000]: 7190 ms  (1390 ops/s)
  batch 8/100 [70000..80000]: 7291 ms  (1371 ops/s)
  batch 9/100 [80000..90000]: 7412 ms  (1349 ops/s)
  batch 10/100 [90000..100000]: 7431 ms  (1345 ops/s)
  batch 11/100 [100000..110000]: 7589 ms  (1317 ops/s)
  batch 12/100 [110000..120000]: 7347 ms  (1361 ops/s)
  batch 13/100 [120000..130000]: 7320 ms  (1366 ops/s)
  batch 14/100 [130000..140000]: 7412 ms  (1349 ops/s)
  batch 15/100 [140000..150000]: 7491 ms  (1334 ops/s)
  batch 16/100 [150000..160000]: 7449 ms  (1342 ops/s)
  batch 17/100 [160000..170000]: 7660 ms  (1305 ops/s)
  batch 18/100 [170000..180000]: 7777 ms  (1285 ops/s)
  batch 19/100 [180000..190000]: 7329 ms  (1364 ops/s)
  batch 20/100 [190000..200000]: 7450 ms  (1342 ops/s)
  batch 21/100 [200000..210000]: 7515 ms  (1330 ops/s)
  batch 22/100 [210000..220000]: 7503 ms  (1332 ops/s)
  batch 23/100 [220000..230000]: 7647 ms  (1307 ops/s)
  batch 24/100 [230000..240000]: 7894 ms  (1266 ops/s)
  batch 25/100 [240000..250000]: 7704 ms  (1297 ops/s)
  batch 26/100 [250000..260000]: 7466 ms  (1339 ops/s)
  batch 27/100 [260000..270000]: 7604 ms  (1315 ops/s)
  batch 28/100 [270000..280000]: 7814 ms  (1279 ops/s)
  batch 29/100 [280000..290000]: 7637 ms  (1309 ops/s)
  batch 30/100 [290000..300000]: 7924 ms  (1261 ops/s)
  batch 31/100 [300000..310000]: 7969 ms  (1254 ops/s)
  batch 32/100 [310000..320000]: 7566 ms  (1321 ops/s)
  batch 33/100 [320000..330000]: 7751 ms  (1290 ops/s)
  batch 34/100 [330000..340000]: 7859 ms  (1272 ops/s)
  batch 35/100 [340000..350000]: 7947 ms  (1258 ops/s)
  batch 36/100 [350000..360000]: 8006 ms  (1249 ops/s)
  batch 37/100 [360000..370000]: 8044 ms  (1243 ops/s)
  batch 38/100 [370000..380000]: 7992 ms  (1251 ops/s)
  batch 39/100 [380000..390000]: 7758 ms  (1288 ops/s)
  batch 40/100 [390000..400000]: 7881 ms  (1268 ops/s)
  batch 41/100 [400000..410000]: 7946 ms  (1258 ops/s)
  batch 42/100 [410000..420000]: 8011 ms  (1248 ops/s)
  batch 43/100 [420000..430000]: 8210 ms  (1218 ops/s)
  batch 44/100 [430000..440000]: 8292 ms  (1205 ops/s)
  batch 45/100 [440000..450000]: 7883 ms  (1268 ops/s)
  batch 46/100 [450000..460000]: 8058 ms  (1240 ops/s)
  batch 47/100 [460000..470000]: 8009 ms  (1248 ops/s)
  batch 48/100 [470000..480000]: 8078 ms  (1237 ops/s)
  batch 49/100 [480000..490000]: 8208 ms  (1218 ops/s)
  batch 50/100 [490000..500000]: 8395 ms  (1191 ops/s)
  batch 51/100 [500000..510000]: 8321 ms  (1201 ops/s)
  batch 52/100 [510000..520000]: 8037 ms  (1244 ops/s)
  batch 53/100 [520000..530000]: 8054 ms  (1241 ops/s)
  batch 54/100 [530000..540000]: 8313 ms  (1202 ops/s)
  batch 55/100 [540000..550000]: 8280 ms  (1207 ops/s)
  batch 56/100 [550000..560000]: 8366 ms  (1195 ops/s)
  batch 57/100 [560000..570000]: 8542 ms  (1170 ops/s)
  batch 58/100 [570000..580000]: 8177 ms  (1222 ops/s)
  batch 59/100 [580000..590000]: 8254 ms  (1211 ops/s)
  batch 60/100 [590000..600000]: 8296 ms  (1205 ops/s)
  batch 61/100 [600000..610000]: 8398 ms  (1190 ops/s)
  batch 62/100 [610000..620000]: 8505 ms  (1175 ops/s)
  batch 63/100 [620000..630000]: 8596 ms  (1163 ops/s)
  batch 64/100 [630000..640000]: 8540 ms  (1170 ops/s)
  batch 65/100 [640000..650000]: 8170 ms  (1223 ops/s)
  batch 66/100 [650000..660000]: 8422 ms  (1187 ops/s)
  batch 67/100 [660000..670000]: 8488 ms  (1178 ops/s)
  batch 68/100 [670000..680000]: 8561 ms  (1167 ops/s)
  batch 69/100 [680000..690000]: 8657 ms  (1155 ops/s)
  batch 70/100 [690000..700000]: 8776 ms  (1139 ops/s)
  batch 71/100 [700000..710000]: 8623 ms  (1159 ops/s)
  batch 72/100 [710000..720000]: 8494 ms  (1177 ops/s)
  batch 73/100 [720000..730000]: 8621 ms  (1159 ops/s)
  batch 74/100 [730000..740000]: 8691 ms  (1150 ops/s)
  batch 75/100 [740000..750000]: 8777 ms  (1139 ops/s)
  batch 76/100 [750000..760000]: 8772 ms  (1139 ops/s)
  batch 77/100 [760000..770000]: 8941 ms  (1118 ops/s)
  batch 78/100 [770000..780000]: 8499 ms  (1176 ops/s)
  batch 79/100 [780000..790000]: 8611 ms  (1161 ops/s)
  batch 80/100 [790000..800000]: 8737 ms  (1144 ops/s)
  batch 81/100 [800000..810000]: 8632 ms  (1158 ops/s)
  batch 82/100 [810000..820000]: 8912 ms  (1121 ops/s)
  batch 83/100 [820000..830000]: 9088 ms  (1100 ops/s)
  batch 84/100 [830000..840000]: 8719 ms  (1146 ops/s)
  batch 85/100 [840000..850000]: 8704 ms  (1148 ops/s)
  batch 86/100 [850000..860000]: 8735 ms  (1144 ops/s)
  batch 87/100 [860000..870000]: 8921 ms  (1120 ops/s)
  batch 88/100 [870000..880000]: 9040 ms  (1106 ops/s)
  batch 89/100 [880000..890000]: 9158 ms  (1091 ops/s)
  batch 90/100 [890000..900000]: 9209 ms  (1085 ops/s)
  batch 91/100 [900000..910000]: 8649 ms  (1156 ops/s)
  batch 92/100 [910000..920000]: 8887 ms  (1125 ops/s)
  batch 93/100 [920000..930000]: 8953 ms  (1116 ops/s)
  batch 94/100 [930000..940000]: 8888 ms  (1125 ops/s)
  batch 95/100 [940000..950000]: 9147 ms  (1093 ops/s)
  batch 96/100 [950000..960000]: 9086 ms  (1100 ops/s)
  batch 97/100 [960000..970000]: 9153 ms  (1092 ops/s)
  batch 98/100 [970000..980000]: 8708 ms  (1148 ops/s)
  batch 99/100 [980000..990000]: 9120 ms  (1096 ops/s)
  batch 100/100 [990000..1000000]: 9232 ms  (1083 ops/s)
  total: 815232 ms  (1226 ops/s)

=== Iteration 3 ===
  batch 1/100 [0..10000]: 6502 ms  (1537 ops/s)
  batch 2/100 [10000..20000]: 6750 ms  (1481 ops/s)
  batch 3/100 [20000..30000]: 6826 ms  (1464 ops/s)
  batch 4/100 [30000..40000]: 6886 ms  (1452 ops/s)
  batch 5/100 [40000..50000]: 6984 ms  (1431 ops/s)
  batch 6/100 [50000..60000]: 7084 ms  (1411 ops/s)
  batch 7/100 [60000..70000]: 7239 ms  (1381 ops/s)
  batch 8/100 [70000..80000]: 7282 ms  (1373 ops/s)
  batch 9/100 [80000..90000]: 7350 ms  (1360 ops/s)
  batch 10/100 [90000..100000]: 7389 ms  (1353 ops/s)
  batch 11/100 [100000..110000]: 7597 ms  (1316 ops/s)
  batch 12/100 [110000..120000]: 7281 ms  (1373 ops/s)
  batch 13/100 [120000..130000]: 7242 ms  (1380 ops/s)
  batch 14/100 [130000..140000]: 7274 ms  (1374 ops/s)
  batch 15/100 [140000..150000]: 7474 ms  (1337 ops/s)
  batch 16/100 [150000..160000]: 7574 ms  (1320 ops/s)
  batch 17/100 [160000..170000]: 7596 ms  (1316 ops/s)
  batch 18/100 [170000..180000]: 7676 ms  (1302 ops/s)
  batch 19/100 [180000..190000]: 7318 ms  (1366 ops/s)
  batch 20/100 [190000..200000]: 7541 ms  (1325 ops/s)
  batch 21/100 [200000..210000]: 7538 ms  (1326 ops/s)
  batch 22/100 [210000..220000]: 7528 ms  (1328 ops/s)
  batch 23/100 [220000..230000]: 7622 ms  (1311 ops/s)
  batch 24/100 [230000..240000]: 7638 ms  (1309 ops/s)
  batch 25/100 [240000..250000]: 7692 ms  (1299 ops/s)
  batch 26/100 [250000..260000]: 7524 ms  (1328 ops/s)
  batch 27/100 [260000..270000]: 7507 ms  (1331 ops/s)
  batch 28/100 [270000..280000]: 7679 ms  (1302 ops/s)
  batch 29/100 [280000..290000]: 7807 ms  (1280 ops/s)
  batch 30/100 [290000..300000]: 7865 ms  (1271 ops/s)
  batch 31/100 [300000..310000]: 7958 ms  (1256 ops/s)
  batch 32/100 [310000..320000]: 7528 ms  (1328 ops/s)
  batch 33/100 [320000..330000]: 7639 ms  (1309 ops/s)
  batch 34/100 [330000..340000]: 7874 ms  (1269 ops/s)
  batch 35/100 [340000..350000]: 7706 ms  (1297 ops/s)
  batch 36/100 [350000..360000]: 7913 ms  (1263 ops/s)
  batch 37/100 [360000..370000]: 8011 ms  (1248 ops/s)
  batch 38/100 [370000..380000]: 7989 ms  (1251 ops/s)
  batch 39/100 [380000..390000]: 7678 ms  (1302 ops/s)
  batch 40/100 [390000..400000]: 7806 ms  (1280 ops/s)
  batch 41/100 [400000..410000]: 7965 ms  (1255 ops/s)
  batch 42/100 [410000..420000]: 7999 ms  (1250 ops/s)
  batch 43/100 [420000..430000]: 8163 ms  (1224 ops/s)
  batch 44/100 [430000..440000]: 8213 ms  (1217 ops/s)
  batch 45/100 [440000..450000]: 7906 ms  (1264 ops/s)
  batch 46/100 [450000..460000]: 7905 ms  (1264 ops/s)
  batch 47/100 [460000..470000]: 8034 ms  (1244 ops/s)
  batch 48/100 [470000..480000]: 8139 ms  (1228 ops/s)
  batch 49/100 [480000..490000]: 8313 ms  (1202 ops/s)
  batch 50/100 [490000..500000]: 8321 ms  (1201 ops/s)
  batch 51/100 [500000..510000]: 8367 ms  (1195 ops/s)
  batch 52/100 [510000..520000]: 8034 ms  (1244 ops/s)
  batch 53/100 [520000..530000]: 8157 ms  (1225 ops/s)
  batch 54/100 [530000..540000]: 8238 ms  (1213 ops/s)
  batch 55/100 [540000..550000]: 8248 ms  (1212 ops/s)
  batch 56/100 [550000..560000]: 8390 ms  (1191 ops/s)
  batch 57/100 [560000..570000]: 8604 ms  (1162 ops/s)
  batch 58/100 [570000..580000]: 8235 ms  (1214 ops/s)
  batch 59/100 [580000..590000]: 8175 ms  (1223 ops/s)
  batch 60/100 [590000..600000]: 8188 ms  (1221 ops/s)
  batch 61/100 [600000..610000]: 8139 ms  (1228 ops/s)
  batch 62/100 [610000..620000]: 8377 ms  (1193 ops/s)
  batch 63/100 [620000..630000]: 8539 ms  (1171 ops/s)
  batch 64/100 [630000..640000]: 8646 ms  (1156 ops/s)
  batch 65/100 [640000..650000]: 8243 ms  (1213 ops/s)
  batch 66/100 [650000..660000]: 8350 ms  (1197 ops/s)
  batch 67/100 [660000..670000]: 8439 ms  (1184 ops/s)
  batch 68/100 [670000..680000]: 8513 ms  (1174 ops/s)
  batch 69/100 [680000..690000]: 8704 ms  (1148 ops/s)
  batch 70/100 [690000..700000]: 8746 ms  (1143 ops/s)
  batch 71/100 [700000..710000]: 8614 ms  (1160 ops/s)
  batch 72/100 [710000..720000]: 8480 ms  (1179 ops/s)
  batch 73/100 [720000..730000]: 8579 ms  (1165 ops/s)
  batch 74/100 [730000..740000]: 8586 ms  (1164 ops/s)
  batch 75/100 [740000..750000]: 8764 ms  (1141 ops/s)
  batch 76/100 [750000..760000]: 8902 ms  (1123 ops/s)
  batch 77/100 [760000..770000]: 8985 ms  (1112 ops/s)
  batch 78/100 [770000..780000]: 8570 ms  (1166 ops/s)
  batch 79/100 [780000..790000]: 8680 ms  (1152 ops/s)
  batch 80/100 [790000..800000]: 8761 ms  (1141 ops/s)
  batch 81/100 [800000..810000]: 8655 ms  (1155 ops/s)
  batch 82/100 [810000..820000]: 8903 ms  (1123 ops/s)
  batch 83/100 [820000..830000]: 9058 ms  (1103 ops/s)
  batch 84/100 [830000..840000]: 8651 ms  (1155 ops/s)
  batch 85/100 [840000..850000]: 8564 ms  (1167 ops/s)
  batch 86/100 [850000..860000]: 8598 ms  (1162 ops/s)
  batch 87/100 [860000..870000]: 8900 ms  (1123 ops/s)
  batch 88/100 [870000..880000]: 9006 ms  (1110 ops/s)
  batch 89/100 [880000..890000]: 8837 ms  (1131 ops/s)
  batch 90/100 [890000..900000]: 9136 ms  (1094 ops/s)
  batch 91/100 [900000..910000]: 8660 ms  (1154 ops/s)
  batch 92/100 [910000..920000]: 8814 ms  (1134 ops/s)
  batch 93/100 [920000..930000]: 8857 ms  (1128 ops/s)
  batch 94/100 [930000..940000]: 9091 ms  (1099 ops/s)
  batch 95/100 [940000..950000]: 9074 ms  (1102 ops/s)
  batch 96/100 [950000..960000]: 9215 ms  (1085 ops/s)
  batch 97/100 [960000..970000]: 9188 ms  (1088 ops/s)
  batch 98/100 [970000..980000]: 8860 ms  (1128 ops/s)
  batch 99/100 [980000..990000]: 8919 ms  (1121 ops/s)
  batch 100/100 [990000..1000000]: 9222 ms  (1084 ops/s)
  total: 812834 ms  (1230 ops/s)
  [T3] mixed_od_multi_v1.0_d0.1_random_t2_s1000000
dvi_txn_benchmark_naive
  experiment:      T3
  workload:        mixed
  mechanism:       od_multi
  violation:       1
  duplicate_rate:  0.1
  num_unique_lhs:  900000
  access:          random
  size:            1000000
  batch_size:      10000
  threads:         2
  pre_pop:         1000000

=== Iteration 1 ===
[PERF] operator[] used at src/lib/storage/value_segment.cpp:48
	Performance can be affected. This warning is only shown once.
[PERF] Unresolved iterator created for AbstractPosList at src/lib/storage/pos_lists/abstract_pos_list.cpp:8
	Performance can be affected. This warning is only shown once.
  batch 1/100 [0..10000]: 6539 ms  (1529 ops/s)
  batch 2/100 [10000..20000]: 6719 ms  (1488 ops/s)
  batch 3/100 [20000..30000]: 6810 ms  (1468 ops/s)
  batch 4/100 [30000..40000]: 6936 ms  (1441 ops/s)
[PERF] operator[] used at src/lib/storage/frame_of_reference_segment.cpp:49
	Performance can be affected. This warning is only shown once.
  batch 5/100 [40000..50000]: 6857 ms  (1458 ops/s)
  batch 6/100 [50000..60000]: 7077 ms  (1412 ops/s)
  batch 7/100 [60000..70000]: 7134 ms  (1401 ops/s)
  batch 8/100 [70000..80000]: 7272 ms  (1375 ops/s)
  batch 9/100 [80000..90000]: 7466 ms  (1339 ops/s)
  batch 10/100 [90000..100000]: 7387 ms  (1353 ops/s)
  batch 11/100 [100000..110000]: 7667 ms  (1304 ops/s)
  batch 12/100 [110000..120000]: 7335 ms  (1363 ops/s)
  batch 13/100 [120000..130000]: 7309 ms  (1368 ops/s)
  batch 14/100 [130000..140000]: 7411 ms  (1349 ops/s)
  batch 15/100 [140000..150000]: 7480 ms  (1336 ops/s)
  batch 16/100 [150000..160000]: 7589 ms  (1317 ops/s)
  batch 17/100 [160000..170000]: 7563 ms  (1322 ops/s)
  batch 18/100 [170000..180000]: 7774 ms  (1286 ops/s)
  batch 19/100 [180000..190000]: 7392 ms  (1352 ops/s)
  batch 20/100 [190000..200000]: 7507 ms  (1332 ops/s)
  batch 21/100 [200000..210000]: 7613 ms  (1313 ops/s)
  batch 22/100 [210000..220000]: 7685 ms  (1301 ops/s)
  batch 23/100 [220000..230000]: 7545 ms  (1325 ops/s)
  batch 24/100 [230000..240000]: 7810 ms  (1280 ops/s)
  batch 25/100 [240000..250000]: 7695 ms  (1299 ops/s)
  batch 26/100 [250000..260000]: 7518 ms  (1330 ops/s)
  batch 27/100 [260000..270000]: 7583 ms  (1318 ops/s)
  batch 28/100 [270000..280000]: 7776 ms  (1285 ops/s)
  batch 29/100 [280000..290000]: 7782 ms  (1284 ops/s)
  batch 30/100 [290000..300000]: 7922 ms  (1262 ops/s)
  batch 31/100 [300000..310000]: 8014 ms  (1247 ops/s)
  batch 32/100 [310000..320000]: 7701 ms  (1298 ops/s)
  batch 33/100 [320000..330000]: 7689 ms  (1300 ops/s)
  batch 34/100 [330000..340000]: 7809 ms  (1280 ops/s)
  batch 35/100 [340000..350000]: 7883 ms  (1268 ops/s)
  batch 36/100 [350000..360000]: 7939 ms  (1259 ops/s)
  batch 37/100 [360000..370000]: 8193 ms  (1220 ops/s)
  batch 38/100 [370000..380000]: 8023 ms  (1246 ops/s)
  batch 39/100 [380000..390000]: 7679 ms  (1302 ops/s)
  batch 40/100 [390000..400000]: 7867 ms  (1271 ops/s)
  batch 41/100 [400000..410000]: 8002 ms  (1249 ops/s)
  batch 42/100 [410000..420000]: 8030 ms  (1245 ops/s)
  batch 43/100 [420000..430000]: 8259 ms  (1210 ops/s)
  batch 44/100 [430000..440000]: 8252 ms  (1211 ops/s)
  batch 45/100 [440000..450000]: 7976 ms  (1253 ops/s)
  batch 46/100 [450000..460000]: 8080 ms  (1237 ops/s)
  batch 47/100 [460000..470000]: 7935 ms  (1260 ops/s)
  batch 48/100 [470000..480000]: 7996 ms  (1250 ops/s)
  batch 49/100 [480000..490000]: 8218 ms  (1216 ops/s)
  batch 50/100 [490000..500000]: 8330 ms  (1200 ops/s)
  batch 51/100 [500000..510000]: 8212 ms  (1217 ops/s)
  batch 52/100 [510000..520000]: 8057 ms  (1241 ops/s)
  batch 53/100 [520000..530000]: 8086 ms  (1236 ops/s)
  batch 54/100 [530000..540000]: 8251 ms  (1211 ops/s)
  batch 55/100 [540000..550000]: 8274 ms  (1208 ops/s)
  batch 56/100 [550000..560000]: 8372 ms  (1194 ops/s)
  batch 57/100 [560000..570000]: 8432 ms  (1185 ops/s)
  batch 58/100 [570000..580000]: 8228 ms  (1215 ops/s)
  batch 59/100 [580000..590000]: 8212 ms  (1217 ops/s)
  batch 60/100 [590000..600000]: 8290 ms  (1206 ops/s)
  batch 61/100 [600000..610000]: 8382 ms  (1193 ops/s)
  batch 62/100 [610000..620000]: 8465 ms  (1181 ops/s)
  batch 63/100 [620000..630000]: 8616 ms  (1160 ops/s)
  batch 64/100 [630000..640000]: 8628 ms  (1158 ops/s)
  batch 65/100 [640000..650000]: 8226 ms  (1215 ops/s)
  batch 66/100 [650000..660000]: 8298 ms  (1205 ops/s)
  batch 67/100 [660000..670000]: 8484 ms  (1178 ops/s)
  batch 68/100 [670000..680000]: 8509 ms  (1175 ops/s)
  batch 69/100 [680000..690000]: 8686 ms  (1151 ops/s)
  batch 70/100 [690000..700000]: 8793 ms  (1137 ops/s)
  batch 71/100 [700000..710000]: 8483 ms  (1178 ops/s)
  batch 72/100 [710000..720000]: 8401 ms  (1190 ops/s)
  batch 73/100 [720000..730000]: 8523 ms  (1173 ops/s)
  batch 74/100 [730000..740000]: 8671 ms  (1153 ops/s)
  batch 75/100 [740000..750000]: 8805 ms  (1135 ops/s)
  batch 76/100 [750000..760000]: 8654 ms  (1155 ops/s)
  batch 77/100 [760000..770000]: 8883 ms  (1125 ops/s)
  batch 78/100 [770000..780000]: 8458 ms  (1182 ops/s)
  batch 79/100 [780000..790000]: 8562 ms  (1167 ops/s)
  batch 80/100 [790000..800000]: 8573 ms  (1166 ops/s)
  batch 81/100 [800000..810000]: 8689 ms  (1150 ops/s)
  batch 82/100 [810000..820000]: 8819 ms  (1133 ops/s)
  batch 83/100 [820000..830000]: 8681 ms  (1151 ops/s)
  batch 84/100 [830000..840000]: 8593 ms  (1163 ops/s)
  batch 85/100 [840000..850000]: 8684 ms  (1151 ops/s)
  batch 86/100 [850000..860000]: 8611 ms  (1161 ops/s)
  batch 87/100 [860000..870000]: 8895 ms  (1124 ops/s)
  batch 88/100 [870000..880000]: 8837 ms  (1131 ops/s)
  batch 89/100 [880000..890000]: 8873 ms  (1126 ops/s)
  batch 90/100 [890000..900000]: 9243 ms  (1081 ops/s)
  batch 91/100 [900000..910000]: 8741 ms  (1143 ops/s)
  batch 92/100 [910000..920000]: 8948 ms  (1117 ops/s)
  batch 93/100 [920000..930000]: 8855 ms  (1129 ops/s)
  batch 94/100 [930000..940000]: 9096 ms  (1099 ops/s)
  batch 95/100 [940000..950000]: 9016 ms  (1109 ops/s)
  batch 96/100 [950000..960000]: 9006 ms  (1110 ops/s)
  batch 97/100 [960000..970000]: 8982 ms  (1113 ops/s)
  batch 98/100 [970000..980000]: 8953 ms  (1116 ops/s)
  batch 99/100 [980000..990000]: 8858 ms  (1128 ops/s)
  batch 100/100 [990000..1000000]: 9049 ms  (1105 ops/s)
  total: 813018 ms  (1229 ops/s)

=== Iteration 2 ===
  batch 1/100 [0..10000]: 6630 ms  (1508 ops/s)
  batch 2/100 [10000..20000]: 6655 ms  (1502 ops/s)
  batch 3/100 [20000..30000]: 6743 ms  (1482 ops/s)
  batch 4/100 [30000..40000]: 6782 ms  (1474 ops/s)
  batch 5/100 [40000..50000]: 7022 ms  (1423 ops/s)
  batch 6/100 [50000..60000]: 7049 ms  (1418 ops/s)
  batch 7/100 [60000..70000]: 7261 ms  (1377 ops/s)
  batch 8/100 [70000..80000]: 7409 ms  (1349 ops/s)
  batch 9/100 [80000..90000]: 7400 ms  (1351 ops/s)
  batch 10/100 [90000..100000]: 7443 ms  (1343 ops/s)
  batch 11/100 [100000..110000]: 7559 ms  (1322 ops/s)
  batch 12/100 [110000..120000]: 7344 ms  (1361 ops/s)
  batch 13/100 [120000..130000]: 7280 ms  (1373 ops/s)
  batch 14/100 [130000..140000]: 7309 ms  (1368 ops/s)
  batch 15/100 [140000..150000]: 7421 ms  (1347 ops/s)
  batch 16/100 [150000..160000]: 7525 ms  (1328 ops/s)
  batch 17/100 [160000..170000]: 7704 ms  (1298 ops/s)
  batch 18/100 [170000..180000]: 7802 ms  (1281 ops/s)
  batch 19/100 [180000..190000]: 7201 ms  (1388 ops/s)
  batch 20/100 [190000..200000]: 7483 ms  (1336 ops/s)
  batch 21/100 [200000..210000]: 7461 ms  (1340 ops/s)
  batch 22/100 [210000..220000]: 7557 ms  (1323 ops/s)
  batch 23/100 [220000..230000]: 7746 ms  (1290 ops/s)
  batch 24/100 [230000..240000]: 7693 ms  (1299 ops/s)
  batch 25/100 [240000..250000]: 7557 ms  (1323 ops/s)
  batch 26/100 [250000..260000]: 7507 ms  (1331 ops/s)
  batch 27/100 [260000..270000]: 7610 ms  (1313 ops/s)
  batch 28/100 [270000..280000]: 7687 ms  (1300 ops/s)
  batch 29/100 [280000..290000]: 7833 ms  (1276 ops/s)
  batch 30/100 [290000..300000]: 7917 ms  (1262 ops/s)
  batch 31/100 [300000..310000]: 7997 ms  (1250 ops/s)
  batch 32/100 [310000..320000]: 7567 ms  (1321 ops/s)
  batch 33/100 [320000..330000]: 7747 ms  (1290 ops/s)
  batch 34/100 [330000..340000]: 7634 ms  (1309 ops/s)
  batch 35/100 [340000..350000]: 7846 ms  (1274 ops/s)
  batch 36/100 [350000..360000]: 7767 ms  (1287 ops/s)
  batch 37/100 [360000..370000]: 8041 ms  (1243 ops/s)
  batch 38/100 [370000..380000]: 7962 ms  (1255 ops/s)
  batch 39/100 [380000..390000]: 7855 ms  (1273 ops/s)
  batch 40/100 [390000..400000]: 7811 ms  (1280 ops/s)
  batch 41/100 [400000..410000]: 7908 ms  (1264 ops/s)
  batch 42/100 [410000..420000]: 8043 ms  (1243 ops/s)
  batch 43/100 [420000..430000]: 8159 ms  (1225 ops/s)
  batch 44/100 [430000..440000]: 8184 ms  (1221 ops/s)
  batch 45/100 [440000..450000]: 7845 ms  (1274 ops/s)
  batch 46/100 [450000..460000]: 8000 ms  (1249 ops/s)
  batch 47/100 [460000..470000]: 8011 ms  (1248 ops/s)
  batch 48/100 [470000..480000]: 8119 ms  (1231 ops/s)
  batch 49/100 [480000..490000]: 8225 ms  (1215 ops/s)
  batch 50/100 [490000..500000]: 8281 ms  (1207 ops/s)
  batch 51/100 [500000..510000]: 8235 ms  (1214 ops/s)
  batch 52/100 [510000..520000]: 7878 ms  (1269 ops/s)
  batch 53/100 [520000..530000]: 8039 ms  (1243 ops/s)
  batch 54/100 [530000..540000]: 8201 ms  (1219 ops/s)
  batch 55/100 [540000..550000]: 8343 ms  (1198 ops/s)
  batch 56/100 [550000..560000]: 8316 ms  (1202 ops/s)
  batch 57/100 [560000..570000]: 8475 ms  (1179 ops/s)
  batch 58/100 [570000..580000]: 8100 ms  (1234 ops/s)
  batch 59/100 [580000..590000]: 8114 ms  (1232 ops/s)
  batch 60/100 [590000..600000]: 8293 ms  (1205 ops/s)
  batch 61/100 [600000..610000]: 8166 ms  (1224 ops/s)
  batch 62/100 [610000..620000]: 8394 ms  (1191 ops/s)
  batch 63/100 [620000..630000]: 8629 ms  (1158 ops/s)
  batch 64/100 [630000..640000]: 8673 ms  (1152 ops/s)
  batch 65/100 [640000..650000]: 8280 ms  (1207 ops/s)
  batch 66/100 [650000..660000]: 8346 ms  (1198 ops/s)
  batch 67/100 [660000..670000]: 8395 ms  (1191 ops/s)
  batch 68/100 [670000..680000]: 8530 ms  (1172 ops/s)
  batch 69/100 [680000..690000]: 8641 ms  (1157 ops/s)
  batch 70/100 [690000..700000]: 8768 ms  (1140 ops/s)
  batch 71/100 [700000..710000]: 8400 ms  (1190 ops/s)
  batch 72/100 [710000..720000]: 8372 ms  (1194 ops/s)
  batch 73/100 [720000..730000]: 8326 ms  (1200 ops/s)
  batch 74/100 [730000..740000]: 8473 ms  (1180 ops/s)
  batch 75/100 [740000..750000]: 8611 ms  (1161 ops/s)
  batch 76/100 [750000..760000]: 8770 ms  (1140 ops/s)
  batch 77/100 [760000..770000]: 8830 ms  (1132 ops/s)
  batch 78/100 [770000..780000]: 8474 ms  (1180 ops/s)
  batch 79/100 [780000..790000]: 8451 ms  (1183 ops/s)
  batch 80/100 [790000..800000]: 8532 ms  (1172 ops/s)
  batch 81/100 [800000..810000]: 8665 ms  (1154 ops/s)
  batch 82/100 [810000..820000]: 8835 ms  (1131 ops/s)
  batch 83/100 [820000..830000]: 8996 ms  (1111 ops/s)
  batch 84/100 [830000..840000]: 8732 ms  (1145 ops/s)
  batch 85/100 [840000..850000]: 8597 ms  (1163 ops/s)
  batch 86/100 [850000..860000]: 8773 ms  (1139 ops/s)
  batch 87/100 [860000..870000]: 8776 ms  (1139 ops/s)
  batch 88/100 [870000..880000]: 8846 ms  (1130 ops/s)
  batch 89/100 [880000..890000]: 9093 ms  (1099 ops/s)
  batch 90/100 [890000..900000]: 9138 ms  (1094 ops/s)
  batch 91/100 [900000..910000]: 8626 ms  (1159 ops/s)
  batch 92/100 [910000..920000]: 8851 ms  (1129 ops/s)
  batch 93/100 [920000..930000]: 8791 ms  (1137 ops/s)
  batch 94/100 [930000..940000]: 9023 ms  (1108 ops/s)
  batch 95/100 [940000..950000]: 9038 ms  (1106 ops/s)
  batch 96/100 [950000..960000]: 9207 ms  (1086 ops/s)
  batch 97/100 [960000..970000]: 8902 ms  (1123 ops/s)
  batch 98/100 [970000..980000]: 8930 ms  (1119 ops/s)
  batch 99/100 [980000..990000]: 9019 ms  (1108 ops/s)
  batch 100/100 [990000..1000000]: 9077 ms  (1101 ops/s)
  total: 810608 ms  (1233 ops/s)

=== Iteration 3 ===
  batch 1/100 [0..10000]: 6640 ms  (1506 ops/s)
  batch 2/100 [10000..20000]: 6718 ms  (1488 ops/s)
  batch 3/100 [20000..30000]: 6797 ms  (1471 ops/s)
  batch 4/100 [30000..40000]: 6936 ms  (1441 ops/s)
  batch 5/100 [40000..50000]: 7027 ms  (1423 ops/s)
  batch 6/100 [50000..60000]: 7119 ms  (1404 ops/s)
  batch 7/100 [60000..70000]: 7137 ms  (1401 ops/s)
  batch 8/100 [70000..80000]: 7302 ms  (1369 ops/s)
  batch 9/100 [80000..90000]: 7466 ms  (1339 ops/s)
  batch 10/100 [90000..100000]: 7521 ms  (1329 ops/s)
  batch 11/100 [100000..110000]: 7570 ms  (1321 ops/s)
  batch 12/100 [110000..120000]: 7288 ms  (1372 ops/s)
  batch 13/100 [120000..130000]: 7310 ms  (1367 ops/s)
  batch 14/100 [130000..140000]: 7287 ms  (1372 ops/s)
  batch 15/100 [140000..150000]: 7493 ms  (1334 ops/s)
  batch 16/100 [150000..160000]: 7588 ms  (1317 ops/s)
  batch 17/100 [160000..170000]: 7624 ms  (1311 ops/s)
  batch 18/100 [170000..180000]: 7584 ms  (1318 ops/s)
  batch 19/100 [180000..190000]: 7417 ms  (1348 ops/s)
  batch 20/100 [190000..200000]: 7450 ms  (1342 ops/s)
  batch 21/100 [200000..210000]: 7569 ms  (1321 ops/s)
  batch 22/100 [210000..220000]: 7660 ms  (1305 ops/s)
  batch 23/100 [220000..230000]: 7718 ms  (1295 ops/s)
  batch 24/100 [230000..240000]: 7862 ms  (1271 ops/s)
  batch 25/100 [240000..250000]: 7616 ms  (1313 ops/s)
  batch 26/100 [250000..260000]: 7512 ms  (1331 ops/s)
  batch 27/100 [260000..270000]: 7561 ms  (1322 ops/s)
  batch 28/100 [270000..280000]: 7636 ms  (1309 ops/s)
  batch 29/100 [280000..290000]: 7635 ms  (1309 ops/s)
  batch 30/100 [290000..300000]: 7943 ms  (1258 ops/s)
  batch 31/100 [300000..310000]: 7917 ms  (1263 ops/s)
  batch 32/100 [310000..320000]: 7633 ms  (1309 ops/s)
  batch 33/100 [320000..330000]: 7651 ms  (1306 ops/s)
  batch 34/100 [330000..340000]: 7647 ms  (1307 ops/s)
  batch 35/100 [340000..350000]: 7749 ms  (1290 ops/s)
  batch 36/100 [350000..360000]: 7963 ms  (1255 ops/s)
  batch 37/100 [360000..370000]: 8082 ms  (1237 ops/s)
  batch 38/100 [370000..380000]: 7957 ms  (1256 ops/s)
  batch 39/100 [380000..390000]: 7803 ms  (1281 ops/s)
  batch 40/100 [390000..400000]: 7964 ms  (1255 ops/s)
  batch 41/100 [400000..410000]: 7910 ms  (1264 ops/s)
  batch 42/100 [410000..420000]: 8072 ms  (1238 ops/s)
  batch 43/100 [420000..430000]: 8201 ms  (1219 ops/s)
  batch 44/100 [430000..440000]: 8353 ms  (1197 ops/s)
  batch 45/100 [440000..450000]: 7953 ms  (1257 ops/s)
  batch 46/100 [450000..460000]: 7968 ms  (1254 ops/s)
  batch 47/100 [460000..470000]: 8013 ms  (1247 ops/s)
  batch 48/100 [470000..480000]: 8077 ms  (1238 ops/s)
  batch 49/100 [480000..490000]: 8098 ms  (1234 ops/s)
  batch 50/100 [490000..500000]: 8313 ms  (1202 ops/s)
  batch 51/100 [500000..510000]: 8305 ms  (1204 ops/s)
  batch 52/100 [510000..520000]: 8004 ms  (1249 ops/s)
  batch 53/100 [520000..530000]: 8071 ms  (1238 ops/s)
  batch 54/100 [530000..540000]: 8218 ms  (1216 ops/s)
  batch 55/100 [540000..550000]: 8204 ms  (1218 ops/s)
  batch 56/100 [550000..560000]: 8414 ms  (1188 ops/s)
  batch 57/100 [560000..570000]: 8503 ms  (1175 ops/s)
  batch 58/100 [570000..580000]: 8245 ms  (1212 ops/s)
  batch 59/100 [580000..590000]: 8149 ms  (1227 ops/s)
  batch 60/100 [590000..600000]: 8391 ms  (1191 ops/s)
  batch 61/100 [600000..610000]: 8460 ms  (1181 ops/s)
  batch 62/100 [610000..620000]: 8456 ms  (1182 ops/s)
  batch 63/100 [620000..630000]: 8551 ms  (1169 ops/s)
  batch 64/100 [630000..640000]: 8612 ms  (1161 ops/s)
  batch 65/100 [640000..650000]: 8147 ms  (1227 ops/s)
  batch 66/100 [650000..660000]: 8470 ms  (1180 ops/s)
  batch 67/100 [660000..670000]: 8428 ms  (1186 ops/s)
  batch 68/100 [670000..680000]: 8518 ms  (1173 ops/s)
  batch 69/100 [680000..690000]: 8655 ms  (1155 ops/s)
  batch 70/100 [690000..700000]: 8699 ms  (1149 ops/s)
  batch 71/100 [700000..710000]: 8345 ms  (1198 ops/s)
  batch 72/100 [710000..720000]: 8381 ms  (1193 ops/s)
  batch 73/100 [720000..730000]: 8442 ms  (1184 ops/s)
  batch 74/100 [730000..740000]: 8635 ms  (1158 ops/s)
  batch 75/100 [740000..750000]: 8595 ms  (1163 ops/s)
  batch 76/100 [750000..760000]: 8827 ms  (1132 ops/s)
  batch 77/100 [760000..770000]: 8908 ms  (1122 ops/s)
  batch 78/100 [770000..780000]: 8543 ms  (1170 ops/s)
  batch 79/100 [780000..790000]: 8675 ms  (1152 ops/s)
  batch 80/100 [790000..800000]: 8729 ms  (1145 ops/s)
  batch 81/100 [800000..810000]: 8844 ms  (1130 ops/s)
  batch 82/100 [810000..820000]: 8885 ms  (1125 ops/s)
  batch 83/100 [820000..830000]: 9115 ms  (1096 ops/s)
  batch 84/100 [830000..840000]: 8860 ms  (1128 ops/s)
  batch 85/100 [840000..850000]: 8802 ms  (1136 ops/s)
  batch 86/100 [850000..860000]: 8835 ms  (1131 ops/s)
  batch 87/100 [860000..870000]: 8790 ms  (1137 ops/s)
  batch 88/100 [870000..880000]: 8963 ms  (1115 ops/s)
  batch 89/100 [880000..890000]: 9158 ms  (1091 ops/s)
  batch 90/100 [890000..900000]: 9168 ms  (1090 ops/s)
  batch 91/100 [900000..910000]: 8724 ms  (1146 ops/s)
  batch 92/100 [910000..920000]: 8757 ms  (1141 ops/s)
  batch 93/100 [920000..930000]: 8925 ms  (1120 ops/s)
  batch 94/100 [930000..940000]: 9004 ms  (1110 ops/s)
  batch 95/100 [940000..950000]: 9150 ms  (1092 ops/s)
  batch 96/100 [950000..960000]: 9133 ms  (1094 ops/s)
  batch 97/100 [960000..970000]: 9095 ms  (1099 ops/s)
  batch 98/100 [970000..980000]: 8992 ms  (1112 ops/s)
  batch 99/100 [980000..990000]: 9029 ms  (1107 ops/s)
  batch 100/100 [990000..1000000]: 9097 ms  (1099 ops/s)
  total: 814264 ms  (1228 ops/s)
  [T4] mixed_od_multi_v0.0_d0.1_random_t2_s1000000
dvi_txn_benchmark_naive
  experiment:      T4
  workload:        mixed
  mechanism:       od_multi
  violation:       0
  duplicate_rate:  0.1
  num_unique_lhs:  900000
  access:          random
  size:            1000000
  batch_size:      10000
  threads:         2
  pre_pop:         1000000

=== Iteration 1 ===
[PERF] operator[] used at src/lib/storage/value_segment.cpp:48
	Performance can be affected. This warning is only shown once.
[PERF] Unresolved iterator created for AbstractPosList at src/lib/storage/pos_lists/abstract_pos_list.cpp:8
	Performance can be affected. This warning is only shown once.
  batch 1/100 [0..10000]: 6536 ms  (1529 ops/s)
  batch 2/100 [10000..20000]: 6731 ms  (1485 ops/s)
  batch 3/100 [20000..30000]: 6861 ms  (1457 ops/s)
  batch 4/100 [30000..40000]: 6915 ms  (1446 ops/s)
[PERF] operator[] used at src/lib/storage/frame_of_reference_segment.cpp:49
	Performance can be affected. This warning is only shown once.
  batch 5/100 [40000..50000]: 6992 ms  (1430 ops/s)
  batch 6/100 [50000..60000]: 7074 ms  (1413 ops/s)
  batch 7/100 [60000..70000]: 7217 ms  (1385 ops/s)
  batch 8/100 [70000..80000]: 7355 ms  (1359 ops/s)
  batch 9/100 [80000..90000]: 7343 ms  (1361 ops/s)
  batch 10/100 [90000..100000]: 7425 ms  (1346 ops/s)
  batch 11/100 [100000..110000]: 7535 ms  (1327 ops/s)
  batch 12/100 [110000..120000]: 7360 ms  (1358 ops/s)
  batch 13/100 [120000..130000]: 7281 ms  (1373 ops/s)
  batch 14/100 [130000..140000]: 7461 ms  (1340 ops/s)
  batch 15/100 [140000..150000]: 7463 ms  (1339 ops/s)
  batch 16/100 [150000..160000]: 7541 ms  (1325 ops/s)
  batch 17/100 [160000..170000]: 7709 ms  (1297 ops/s)
  batch 18/100 [170000..180000]: 7782 ms  (1284 ops/s)
  batch 19/100 [180000..190000]: 7290 ms  (1371 ops/s)
  batch 20/100 [190000..200000]: 7418 ms  (1347 ops/s)
  batch 21/100 [200000..210000]: 7522 ms  (1329 ops/s)
  batch 22/100 [210000..220000]: 7560 ms  (1322 ops/s)
  batch 23/100 [220000..230000]: 7719 ms  (1295 ops/s)
  batch 24/100 [230000..240000]: 7731 ms  (1293 ops/s)
  batch 25/100 [240000..250000]: 7601 ms  (1315 ops/s)
  batch 26/100 [250000..260000]: 7502 ms  (1332 ops/s)
  batch 27/100 [260000..270000]: 7530 ms  (1327 ops/s)
  batch 28/100 [270000..280000]: 7646 ms  (1307 ops/s)
  batch 29/100 [280000..290000]: 7652 ms  (1306 ops/s)
  batch 30/100 [290000..300000]: 7880 ms  (1268 ops/s)
  batch 31/100 [300000..310000]: 7894 ms  (1266 ops/s)
  batch 32/100 [310000..320000]: 7525 ms  (1328 ops/s)
  batch 33/100 [320000..330000]: 7685 ms  (1301 ops/s)
  batch 34/100 [330000..340000]: 7799 ms  (1282 ops/s)
  batch 35/100 [340000..350000]: 7902 ms  (1265 ops/s)
  batch 36/100 [350000..360000]: 8030 ms  (1245 ops/s)
  batch 37/100 [360000..370000]: 7989 ms  (1251 ops/s)
  batch 38/100 [370000..380000]: 7887 ms  (1267 ops/s)
  batch 39/100 [380000..390000]: 7786 ms  (1284 ops/s)
  batch 40/100 [390000..400000]: 7914 ms  (1263 ops/s)
  batch 41/100 [400000..410000]: 7977 ms  (1253 ops/s)
  batch 42/100 [410000..420000]: 8080 ms  (1237 ops/s)
  batch 43/100 [420000..430000]: 8103 ms  (1234 ops/s)
  batch 44/100 [430000..440000]: 8127 ms  (1230 ops/s)
  batch 45/100 [440000..450000]: 7829 ms  (1277 ops/s)
  batch 46/100 [450000..460000]: 7929 ms  (1261 ops/s)
  batch 47/100 [460000..470000]: 7957 ms  (1256 ops/s)
  batch 48/100 [470000..480000]: 8014 ms  (1247 ops/s)
  batch 49/100 [480000..490000]: 8143 ms  (1228 ops/s)
  batch 50/100 [490000..500000]: 8274 ms  (1208 ops/s)
  batch 51/100 [500000..510000]: 8267 ms  (1209 ops/s)
  batch 52/100 [510000..520000]: 7944 ms  (1258 ops/s)
  batch 53/100 [520000..530000]: 8025 ms  (1246 ops/s)
  batch 54/100 [530000..540000]: 8172 ms  (1223 ops/s)
  batch 55/100 [540000..550000]: 8276 ms  (1208 ops/s)
  batch 56/100 [550000..560000]: 8422 ms  (1187 ops/s)
  batch 57/100 [560000..570000]: 8283 ms  (1207 ops/s)
  batch 58/100 [570000..580000]: 8209 ms  (1218 ops/s)
  batch 59/100 [580000..590000]: 8195 ms  (1220 ops/s)
  batch 60/100 [590000..600000]: 8180 ms  (1222 ops/s)
  batch 61/100 [600000..610000]: 8381 ms  (1193 ops/s)
  batch 62/100 [610000..620000]: 8425 ms  (1186 ops/s)
  batch 63/100 [620000..630000]: 8542 ms  (1170 ops/s)
  batch 64/100 [630000..640000]: 8506 ms  (1175 ops/s)
  batch 65/100 [640000..650000]: 8275 ms  (1208 ops/s)
  batch 66/100 [650000..660000]: 8386 ms  (1192 ops/s)
  batch 67/100 [660000..670000]: 8346 ms  (1198 ops/s)
  batch 68/100 [670000..680000]: 8407 ms  (1189 ops/s)
  batch 69/100 [680000..690000]: 8564 ms  (1167 ops/s)
  batch 70/100 [690000..700000]: 8684 ms  (1151 ops/s)
  batch 71/100 [700000..710000]: 8571 ms  (1166 ops/s)
  batch 72/100 [710000..720000]: 8469 ms  (1180 ops/s)
  batch 73/100 [720000..730000]: 8588 ms  (1164 ops/s)
  batch 74/100 [730000..740000]: 8483 ms  (1178 ops/s)
  batch 75/100 [740000..750000]: 8704 ms  (1148 ops/s)
  batch 76/100 [750000..760000]: 8781 ms  (1138 ops/s)
  batch 77/100 [760000..770000]: 8897 ms  (1123 ops/s)
  batch 78/100 [770000..780000]: 8340 ms  (1198 ops/s)
  batch 79/100 [780000..790000]: 8530 ms  (1172 ops/s)
  batch 80/100 [790000..800000]: 8726 ms  (1145 ops/s)
  batch 81/100 [800000..810000]: 8654 ms  (1155 ops/s)
  batch 82/100 [810000..820000]: 8899 ms  (1123 ops/s)
  batch 83/100 [820000..830000]: 8933 ms  (1119 ops/s)
  batch 84/100 [830000..840000]: 8792 ms  (1137 ops/s)
  batch 85/100 [840000..850000]: 8615 ms  (1160 ops/s)
  batch 86/100 [850000..860000]: 8797 ms  (1136 ops/s)
  batch 87/100 [860000..870000]: 8900 ms  (1123 ops/s)
  batch 88/100 [870000..880000]: 8920 ms  (1121 ops/s)
  batch 89/100 [880000..890000]: 9058 ms  (1103 ops/s)
  batch 90/100 [890000..900000]: 9153 ms  (1092 ops/s)
  batch 91/100 [900000..910000]: 8826 ms  (1132 ops/s)
  batch 92/100 [910000..920000]: 8853 ms  (1129 ops/s)
  batch 93/100 [920000..930000]: 8905 ms  (1122 ops/s)
  batch 94/100 [930000..940000]: 9110 ms  (1097 ops/s)
  batch 95/100 [940000..950000]: 9111 ms  (1097 ops/s)
  batch 96/100 [950000..960000]: 9233 ms  (1083 ops/s)
  batch 97/100 [960000..970000]: 9167 ms  (1090 ops/s)
  batch 98/100 [970000..980000]: 8709 ms  (1148 ops/s)
  batch 99/100 [980000..990000]: 9040 ms  (1106 ops/s)
  batch 100/100 [990000..1000000]: 9150 ms  (1092 ops/s)
  total: 811937 ms  (1231 ops/s)

=== Iteration 2 ===
  batch 1/100 [0..10000]: 6560 ms  (1524 ops/s)
  batch 2/100 [10000..20000]: 6752 ms  (1480 ops/s)
  batch 3/100 [20000..30000]: 6764 ms  (1478 ops/s)
  batch 4/100 [30000..40000]: 6957 ms  (1437 ops/s)
  batch 5/100 [40000..50000]: 6976 ms  (1433 ops/s)
  batch 6/100 [50000..60000]: 7065 ms  (1415 ops/s)
  batch 7/100 [60000..70000]: 7168 ms  (1395 ops/s)
  batch 8/100 [70000..80000]: 7265 ms  (1376 ops/s)
  batch 9/100 [80000..90000]: 7402 ms  (1350 ops/s)
  batch 10/100 [90000..100000]: 7575 ms  (1320 ops/s)
  batch 11/100 [100000..110000]: 7515 ms  (1330 ops/s)
  batch 12/100 [110000..120000]: 7398 ms  (1351 ops/s)
  batch 13/100 [120000..130000]: 7284 ms  (1372 ops/s)
  batch 14/100 [130000..140000]: 7366 ms  (1357 ops/s)
  batch 15/100 [140000..150000]: 7429 ms  (1346 ops/s)
  batch 16/100 [150000..160000]: 7530 ms  (1327 ops/s)
  batch 17/100 [160000..170000]: 7675 ms  (1302 ops/s)
  batch 18/100 [170000..180000]: 7773 ms  (1286 ops/s)
  batch 19/100 [180000..190000]: 7405 ms  (1350 ops/s)
  batch 20/100 [190000..200000]: 7525 ms  (1328 ops/s)
  batch 21/100 [200000..210000]: 7626 ms  (1311 ops/s)
  batch 22/100 [210000..220000]: 7652 ms  (1306 ops/s)
  batch 23/100 [220000..230000]: 7723 ms  (1294 ops/s)
  batch 24/100 [230000..240000]: 7841 ms  (1275 ops/s)
  batch 25/100 [240000..250000]: 7731 ms  (1293 ops/s)
  batch 26/100 [250000..260000]: 7452 ms  (1341 ops/s)
  batch 27/100 [260000..270000]: 7640 ms  (1308 ops/s)
  batch 28/100 [270000..280000]: 7708 ms  (1297 ops/s)
  batch 29/100 [280000..290000]: 7720 ms  (1295 ops/s)
  batch 30/100 [290000..300000]: 7860 ms  (1272 ops/s)
  batch 31/100 [300000..310000]: 8044 ms  (1243 ops/s)
  batch 32/100 [310000..320000]: 7712 ms  (1296 ops/s)
  batch 33/100 [320000..330000]: 7668 ms  (1303 ops/s)
  batch 34/100 [330000..340000]: 7802 ms  (1281 ops/s)
  batch 35/100 [340000..350000]: 7778 ms  (1285 ops/s)
  batch 36/100 [350000..360000]: 7948 ms  (1258 ops/s)
  batch 37/100 [360000..370000]: 8051 ms  (1241 ops/s)
  batch 38/100 [370000..380000]: 8037 ms  (1244 ops/s)
  batch 39/100 [380000..390000]: 7762 ms  (1288 ops/s)
  batch 40/100 [390000..400000]: 7916 ms  (1263 ops/s)
  batch 41/100 [400000..410000]: 7900 ms  (1265 ops/s)
  batch 42/100 [410000..420000]: 8059 ms  (1240 ops/s)
  batch 43/100 [420000..430000]: 8096 ms  (1235 ops/s)
  batch 44/100 [430000..440000]: 8319 ms  (1202 ops/s)
  batch 45/100 [440000..450000]: 7872 ms  (1270 ops/s)
  batch 46/100 [450000..460000]: 7987 ms  (1251 ops/s)
  batch 47/100 [460000..470000]: 8058 ms  (1240 ops/s)
  batch 48/100 [470000..480000]: 8155 ms  (1226 ops/s)
  batch 49/100 [480000..490000]: 8172 ms  (1223 ops/s)
  batch 50/100 [490000..500000]: 8340 ms  (1198 ops/s)
  batch 51/100 [500000..510000]: 8313 ms  (1202 ops/s)
  batch 52/100 [510000..520000]: 7988 ms  (1251 ops/s)
  batch 53/100 [520000..530000]: 8147 ms  (1227 ops/s)
  batch 54/100 [530000..540000]: 8240 ms  (1213 ops/s)
  batch 55/100 [540000..550000]: 8223 ms  (1215 ops/s)
  batch 56/100 [550000..560000]: 8395 ms  (1191 ops/s)
  batch 57/100 [560000..570000]: 8441 ms  (1184 ops/s)
  batch 58/100 [570000..580000]: 8243 ms  (1213 ops/s)
  batch 59/100 [580000..590000]: 8200 ms  (1219 ops/s)
  batch 60/100 [590000..600000]: 8237 ms  (1213 ops/s)
  batch 61/100 [600000..610000]: 8351 ms  (1197 ops/s)
  batch 62/100 [610000..620000]: 8549 ms  (1169 ops/s)
  batch 63/100 [620000..630000]: 8544 ms  (1170 ops/s)
  batch 64/100 [630000..640000]: 8618 ms  (1160 ops/s)
  batch 65/100 [640000..650000]: 8351 ms  (1197 ops/s)
  batch 66/100 [650000..660000]: 8319 ms  (1201 ops/s)
  batch 67/100 [660000..670000]: 8518 ms  (1173 ops/s)
  batch 68/100 [670000..680000]: 8529 ms  (1172 ops/s)
  batch 69/100 [680000..690000]: 8683 ms  (1151 ops/s)
  batch 70/100 [690000..700000]: 8744 ms  (1143 ops/s)
  batch 71/100 [700000..710000]: 8558 ms  (1168 ops/s)
  batch 72/100 [710000..720000]: 8444 ms  (1184 ops/s)
  batch 73/100 [720000..730000]: 8514 ms  (1174 ops/s)
  batch 74/100 [730000..740000]: 8555 ms  (1168 ops/s)
  batch 75/100 [740000..750000]: 8762 ms  (1141 ops/s)
  batch 76/100 [750000..760000]: 8868 ms  (1127 ops/s)
  batch 77/100 [760000..770000]: 8939 ms  (1118 ops/s)
  batch 78/100 [770000..780000]: 8542 ms  (1170 ops/s)
  batch 79/100 [780000..790000]: 8593 ms  (1163 ops/s)
  batch 80/100 [790000..800000]: 8741 ms  (1143 ops/s)
  batch 81/100 [800000..810000]: 8828 ms  (1132 ops/s)
  batch 82/100 [810000..820000]: 8975 ms  (1114 ops/s)
  batch 83/100 [820000..830000]: 9007 ms  (1110 ops/s)
  batch 84/100 [830000..840000]: 8722 ms  (1146 ops/s)
  batch 85/100 [840000..850000]: 8652 ms  (1155 ops/s)
  batch 86/100 [850000..860000]: 8729 ms  (1145 ops/s)
  batch 87/100 [860000..870000]: 8962 ms  (1115 ops/s)
  batch 88/100 [870000..880000]: 8972 ms  (1114 ops/s)
  batch 89/100 [880000..890000]: 9078 ms  (1101 ops/s)
  batch 90/100 [890000..900000]: 9119 ms  (1096 ops/s)
  batch 91/100 [900000..910000]: 8718 ms  (1147 ops/s)
  batch 92/100 [910000..920000]: 8860 ms  (1128 ops/s)
  batch 93/100 [920000..930000]: 8893 ms  (1124 ops/s)
  batch 94/100 [930000..940000]: 9073 ms  (1102 ops/s)
  batch 95/100 [940000..950000]: 9088 ms  (1100 ops/s)
  batch 96/100 [950000..960000]: 9278 ms  (1077 ops/s)
  batch 97/100 [960000..970000]: 8993 ms  (1111 ops/s)
  batch 98/100 [970000..980000]: 9012 ms  (1109 ops/s)
  batch 99/100 [980000..990000]: 9064 ms  (1103 ops/s)
  batch 100/100 [990000..1000000]: 9177 ms  (1089 ops/s)
  total: 815405 ms  (1226 ops/s)

=== Iteration 3 ===
  batch 1/100 [0..10000]: 6529 ms  (1531 ops/s)
  batch 2/100 [10000..20000]: 6746 ms  (1482 ops/s)
  batch 3/100 [20000..30000]: 6782 ms  (1474 ops/s)
  batch 4/100 [30000..40000]: 6871 ms  (1455 ops/s)
  batch 5/100 [40000..50000]: 7007 ms  (1427 ops/s)
  batch 6/100 [50000..60000]: 7138 ms  (1400 ops/s)
  batch 7/100 [60000..70000]: 7209 ms  (1387 ops/s)
  batch 8/100 [70000..80000]: 7257 ms  (1377 ops/s)
  batch 9/100 [80000..90000]: 7429 ms  (1346 ops/s)
  batch 10/100 [90000..100000]: 7424 ms  (1346 ops/s)
  batch 11/100 [100000..110000]: 7581 ms  (1319 ops/s)
  batch 12/100 [110000..120000]: 7470 ms  (1338 ops/s)
  batch 13/100 [120000..130000]: 7332 ms  (1363 ops/s)
  batch 14/100 [130000..140000]: 7457 ms  (1340 ops/s)
  batch 15/100 [140000..150000]: 7455 ms  (1341 ops/s)
  batch 16/100 [150000..160000]: 7591 ms  (1317 ops/s)
  batch 17/100 [160000..170000]: 7619 ms  (1312 ops/s)
  batch 18/100 [170000..180000]: 7735 ms  (1292 ops/s)
  batch 19/100 [180000..190000]: 7408 ms  (1349 ops/s)
  batch 20/100 [190000..200000]: 7488 ms  (1335 ops/s)
  batch 21/100 [200000..210000]: 7366 ms  (1357 ops/s)
  batch 22/100 [210000..220000]: 7707 ms  (1297 ops/s)
  batch 23/100 [220000..230000]: 7759 ms  (1288 ops/s)
  batch 24/100 [230000..240000]: 7823 ms  (1278 ops/s)
  batch 25/100 [240000..250000]: 7586 ms  (1318 ops/s)
  batch 26/100 [250000..260000]: 7627 ms  (1311 ops/s)
  batch 27/100 [260000..270000]: 7755 ms  (1289 ops/s)
  batch 28/100 [270000..280000]: 7703 ms  (1298 ops/s)
  batch 29/100 [280000..290000]: 7734 ms  (1292 ops/s)
  batch 30/100 [290000..300000]: 7902 ms  (1265 ops/s)
  batch 31/100 [300000..310000]: 8025 ms  (1245 ops/s)
  batch 32/100 [310000..320000]: 7632 ms  (1310 ops/s)
  batch 33/100 [320000..330000]: 7629 ms  (1310 ops/s)
  batch 34/100 [330000..340000]: 7723 ms  (1294 ops/s)
  batch 35/100 [340000..350000]: 7918 ms  (1262 ops/s)
  batch 36/100 [350000..360000]: 7981 ms  (1252 ops/s)
  batch 37/100 [360000..370000]: 8219 ms  (1216 ops/s)
  batch 38/100 [370000..380000]: 8024 ms  (1246 ops/s)
  batch 39/100 [380000..390000]: 7798 ms  (1282 ops/s)
  batch 40/100 [390000..400000]: 7819 ms  (1278 ops/s)
  batch 41/100 [400000..410000]: 7947 ms  (1258 ops/s)
  batch 42/100 [410000..420000]: 7950 ms  (1257 ops/s)
  batch 43/100 [420000..430000]: 8177 ms  (1222 ops/s)
  batch 44/100 [430000..440000]: 8236 ms  (1214 ops/s)
  batch 45/100 [440000..450000]: 7909 ms  (1264 ops/s)
  batch 46/100 [450000..460000]: 7985 ms  (1252 ops/s)
  batch 47/100 [460000..470000]: 7908 ms  (1264 ops/s)
  batch 48/100 [470000..480000]: 8198 ms  (1219 ops/s)
  batch 49/100 [480000..490000]: 8317 ms  (1202 ops/s)
  batch 50/100 [490000..500000]: 8347 ms  (1198 ops/s)
  batch 51/100 [500000..510000]: 8414 ms  (1188 ops/s)
  batch 52/100 [510000..520000]: 8041 ms  (1243 ops/s)
  batch 53/100 [520000..530000]: 8178 ms  (1222 ops/s)
  batch 54/100 [530000..540000]: 8167 ms  (1224 ops/s)
  batch 55/100 [540000..550000]: 8248 ms  (1212 ops/s)
  batch 56/100 [550000..560000]: 8447 ms  (1183 ops/s)
  batch 57/100 [560000..570000]: 8482 ms  (1178 ops/s)
  batch 58/100 [570000..580000]: 8254 ms  (1211 ops/s)
  batch 59/100 [580000..590000]: 8297 ms  (1205 ops/s)
  batch 60/100 [590000..600000]: 8342 ms  (1198 ops/s)
  batch 61/100 [600000..610000]: 8409 ms  (1189 ops/s)
  batch 62/100 [610000..620000]: 8490 ms  (1177 ops/s)
  batch 63/100 [620000..630000]: 8512 ms  (1174 ops/s)
  batch 64/100 [630000..640000]: 8548 ms  (1169 ops/s)
  batch 65/100 [640000..650000]: 8257 ms  (1211 ops/s)
  batch 66/100 [650000..660000]: 8467 ms  (1180 ops/s)
  batch 67/100 [660000..670000]: 8414 ms  (1188 ops/s)
  batch 68/100 [670000..680000]: 8570 ms  (1166 ops/s)
  batch 69/100 [680000..690000]: 8620 ms  (1160 ops/s)
  batch 70/100 [690000..700000]: 8713 ms  (1147 ops/s)
  batch 71/100 [700000..710000]: 8504 ms  (1175 ops/s)
  batch 72/100 [710000..720000]: 8431 ms  (1186 ops/s)
  batch 73/100 [720000..730000]: 8566 ms  (1167 ops/s)
  batch 74/100 [730000..740000]: 8567 ms  (1167 ops/s)
  batch 75/100 [740000..750000]: 8468 ms  (1180 ops/s)
  batch 76/100 [750000..760000]: 8757 ms  (1141 ops/s)
  batch 77/100 [760000..770000]: 8895 ms  (1124 ops/s)
  batch 78/100 [770000..780000]: 8400 ms  (1190 ops/s)
  batch 79/100 [780000..790000]: 8737 ms  (1144 ops/s)
  batch 80/100 [790000..800000]: 8717 ms  (1147 ops/s)
  batch 81/100 [800000..810000]: 8775 ms  (1139 ops/s)
  batch 82/100 [810000..820000]: 8901 ms  (1123 ops/s)
  batch 83/100 [820000..830000]: 9004 ms  (1110 ops/s)
  batch 84/100 [830000..840000]: 8760 ms  (1141 ops/s)
  batch 85/100 [840000..850000]: 8694 ms  (1150 ops/s)
  batch 86/100 [850000..860000]: 8915 ms  (1121 ops/s)
  batch 87/100 [860000..870000]: 8935 ms  (1119 ops/s)
  batch 88/100 [870000..880000]: 9105 ms  (1098 ops/s)
  batch 89/100 [880000..890000]: 9091 ms  (1099 ops/s)
  batch 90/100 [890000..900000]: 9089 ms  (1100 ops/s)
  batch 91/100 [900000..910000]: 8809 ms  (1135 ops/s)
  batch 92/100 [910000..920000]: 8823 ms  (1133 ops/s)
  batch 93/100 [920000..930000]: 8946 ms  (1117 ops/s)
  batch 94/100 [930000..940000]: 9069 ms  (1102 ops/s)
  batch 95/100 [940000..950000]: 9143 ms  (1093 ops/s)
  batch 96/100 [950000..960000]: 9302 ms  (1074 ops/s)
  batch 97/100 [960000..970000]: 8997 ms  (1111 ops/s)
  batch 98/100 [970000..980000]: 8960 ms  (1116 ops/s)
  batch 99/100 [980000..990000]: 9051 ms  (1104 ops/s)
  batch 100/100 [990000..1000000]: 9120 ms  (1096 ops/s)
  total: 815682 ms  (1225 ops/s)
  [T4] mixed_od_multi_v0.0_d0.0_random_t2_s1000000
dvi_txn_benchmark_naive
  experiment:      T4
  workload:        mixed
  mechanism:       od_multi
  violation:       0
  duplicate_rate:  0
  num_unique_lhs:  1000000
  access:          random
  size:            1000000
  batch_size:      10000
  threads:         2
  pre_pop:         1000000

=== Iteration 1 ===
[PERF] operator[] used at src/lib/storage/value_segment.cpp:48
	Performance can be affected. This warning is only shown once.
[PERF] Unresolved iterator created for AbstractPosList at src/lib/storage/pos_lists/abstract_pos_list.cpp:8
	Performance can be affected. This warning is only shown once.
  batch 1/100 [0..10000]: 6668 ms  (1499 ops/s)
  batch 2/100 [10000..20000]: 6644 ms  (1504 ops/s)
  batch 3/100 [20000..30000]: 6775 ms  (1475 ops/s)
  batch 4/100 [30000..40000]: 6762 ms  (1478 ops/s)
[PERF] operator[] used at src/lib/storage/frame_of_reference_segment.cpp:49
	Performance can be affected. This warning is only shown once.
  batch 5/100 [40000..50000]: 7002 ms  (1428 ops/s)
  batch 6/100 [50000..60000]: 7178 ms  (1393 ops/s)
  batch 7/100 [60000..70000]: 7181 ms  (1392 ops/s)
  batch 8/100 [70000..80000]: 7355 ms  (1359 ops/s)
  batch 9/100 [80000..90000]: 7434 ms  (1345 ops/s)
  batch 10/100 [90000..100000]: 7457 ms  (1340 ops/s)
  batch 11/100 [100000..110000]: 7557 ms  (1323 ops/s)
  batch 12/100 [110000..120000]: 7407 ms  (1350 ops/s)
  batch 13/100 [120000..130000]: 7191 ms  (1390 ops/s)
  batch 14/100 [130000..140000]: 7355 ms  (1359 ops/s)
  batch 15/100 [140000..150000]: 7502 ms  (1332 ops/s)
  batch 16/100 [150000..160000]: 7522 ms  (1329 ops/s)
  batch 17/100 [160000..170000]: 7615 ms  (1313 ops/s)
  batch 18/100 [170000..180000]: 7810 ms  (1280 ops/s)
  batch 19/100 [180000..190000]: 7354 ms  (1359 ops/s)
  batch 20/100 [190000..200000]: 7551 ms  (1324 ops/s)
  batch 21/100 [200000..210000]: 7591 ms  (1317 ops/s)
  batch 22/100 [210000..220000]: 7521 ms  (1329 ops/s)
  batch 23/100 [220000..230000]: 7602 ms  (1315 ops/s)
  batch 24/100 [230000..240000]: 7931 ms  (1260 ops/s)
  batch 25/100 [240000..250000]: 7737 ms  (1292 ops/s)
  batch 26/100 [250000..260000]: 7602 ms  (1315 ops/s)
  batch 27/100 [260000..270000]: 7674 ms  (1303 ops/s)
  batch 28/100 [270000..280000]: 7745 ms  (1291 ops/s)
  batch 29/100 [280000..290000]: 7861 ms  (1272 ops/s)
  batch 30/100 [290000..300000]: 7907 ms  (1264 ops/s)
  batch 31/100 [300000..310000]: 7997 ms  (1250 ops/s)
  batch 32/100 [310000..320000]: 7580 ms  (1319 ops/s)
  batch 33/100 [320000..330000]: 7794 ms  (1282 ops/s)
  batch 34/100 [330000..340000]: 7775 ms  (1286 ops/s)
  batch 35/100 [340000..350000]: 7867 ms  (1271 ops/s)
  batch 36/100 [350000..360000]: 7961 ms  (1255 ops/s)
  batch 37/100 [360000..370000]: 8024 ms  (1246 ops/s)
  batch 38/100 [370000..380000]: 8013 ms  (1247 ops/s)
  batch 39/100 [380000..390000]: 7785 ms  (1284 ops/s)
  batch 40/100 [390000..400000]: 7855 ms  (1273 ops/s)
  batch 41/100 [400000..410000]: 7956 ms  (1256 ops/s)
  batch 42/100 [410000..420000]: 8132 ms  (1229 ops/s)
  batch 43/100 [420000..430000]: 8128 ms  (1230 ops/s)
  batch 44/100 [430000..440000]: 8238 ms  (1213 ops/s)
  batch 45/100 [440000..450000]: 7926 ms  (1261 ops/s)
  batch 46/100 [450000..460000]: 8008 ms  (1248 ops/s)
  batch 47/100 [460000..470000]: 7926 ms  (1261 ops/s)
  batch 48/100 [470000..480000]: 8065 ms  (1239 ops/s)
  batch 49/100 [480000..490000]: 8254 ms  (1211 ops/s)
  batch 50/100 [490000..500000]: 8314 ms  (1202 ops/s)
  batch 51/100 [500000..510000]: 8248 ms  (1212 ops/s)
  batch 52/100 [510000..520000]: 8018 ms  (1247 ops/s)
  batch 53/100 [520000..530000]: 8097 ms  (1234 ops/s)
  batch 54/100 [530000..540000]: 8201 ms  (1219 ops/s)
  batch 55/100 [540000..550000]: 8052 ms  (1241 ops/s)
  batch 56/100 [550000..560000]: 8420 ms  (1187 ops/s)
  batch 57/100 [560000..570000]: 8451 ms  (1183 ops/s)
  batch 58/100 [570000..580000]: 8228 ms  (1215 ops/s)
  batch 59/100 [580000..590000]: 8199 ms  (1219 ops/s)
  batch 60/100 [590000..600000]: 8269 ms  (1209 ops/s)
  batch 61/100 [600000..610000]: 8318 ms  (1202 ops/s)
  batch 62/100 [610000..620000]: 8344 ms  (1198 ops/s)
  batch 63/100 [620000..630000]: 8559 ms  (1168 ops/s)
  batch 64/100 [630000..640000]: 8612 ms  (1161 ops/s)
  batch 65/100 [640000..650000]: 8264 ms  (1209 ops/s)
  batch 66/100 [650000..660000]: 8276 ms  (1208 ops/s)
  batch 67/100 [660000..670000]: 8430 ms  (1186 ops/s)
  batch 68/100 [670000..680000]: 8433 ms  (1185 ops/s)
  batch 69/100 [680000..690000]: 8677 ms  (1152 ops/s)
  batch 70/100 [690000..700000]: 8704 ms  (1148 ops/s)
  batch 71/100 [700000..710000]: 8495 ms  (1177 ops/s)
  batch 72/100 [710000..720000]: 8365 ms  (1195 ops/s)
  batch 73/100 [720000..730000]: 8565 ms  (1167 ops/s)
  batch 74/100 [730000..740000]: 8306 ms  (1203 ops/s)
  batch 75/100 [740000..750000]: 8778 ms  (1139 ops/s)
  batch 76/100 [750000..760000]: 8836 ms  (1131 ops/s)
  batch 77/100 [760000..770000]: 8799 ms  (1136 ops/s)
  batch 78/100 [770000..780000]: 8424 ms  (1187 ops/s)
  batch 79/100 [780000..790000]: 8563 ms  (1167 ops/s)
  batch 80/100 [790000..800000]: 8723 ms  (1146 ops/s)
  batch 81/100 [800000..810000]: 8809 ms  (1135 ops/s)
  batch 82/100 [810000..820000]: 8967 ms  (1115 ops/s)
  batch 83/100 [820000..830000]: 8999 ms  (1111 ops/s)
  batch 84/100 [830000..840000]: 8911 ms  (1122 ops/s)
  batch 85/100 [840000..850000]: 8602 ms  (1162 ops/s)
  batch 86/100 [850000..860000]: 8624 ms  (1159 ops/s)
  batch 87/100 [860000..870000]: 8732 ms  (1145 ops/s)
  batch 88/100 [870000..880000]: 8922 ms  (1120 ops/s)
  batch 89/100 [880000..890000]: 9093 ms  (1099 ops/s)
  batch 90/100 [890000..900000]: 9052 ms  (1104 ops/s)
  batch 91/100 [900000..910000]: 8823 ms  (1133 ops/s)
  batch 92/100 [910000..920000]: 8868 ms  (1127 ops/s)
  batch 93/100 [920000..930000]: 8755 ms  (1142 ops/s)
  batch 94/100 [930000..940000]: 8994 ms  (1111 ops/s)
  batch 95/100 [940000..950000]: 9232 ms  (1083 ops/s)
  batch 96/100 [950000..960000]: 9185 ms  (1088 ops/s)
  batch 97/100 [960000..970000]: 9141 ms  (1093 ops/s)
  batch 98/100 [970000..980000]: 8861 ms  (1128 ops/s)
  batch 99/100 [980000..990000]: 9078 ms  (1101 ops/s)
  batch 100/100 [990000..1000000]: 9108 ms  (1097 ops/s)
  total: 813543 ms  (1229 ops/s)

=== Iteration 2 ===
  batch 1/100 [0..10000]: 6510 ms  (1536 ops/s)
  batch 2/100 [10000..20000]: 6644 ms  (1504 ops/s)
  batch 3/100 [20000..30000]: 6786 ms  (1473 ops/s)
  batch 4/100 [30000..40000]: 6807 ms  (1468 ops/s)
  batch 5/100 [40000..50000]: 7054 ms  (1417 ops/s)
  batch 6/100 [50000..60000]: 7072 ms  (1413 ops/s)
  batch 7/100 [60000..70000]: 7222 ms  (1384 ops/s)
  batch 8/100 [70000..80000]: 7241 ms  (1380 ops/s)
  batch 9/100 [80000..90000]: 7353 ms  (1359 ops/s)
  batch 10/100 [90000..100000]: 7477 ms  (1337 ops/s)
  batch 11/100 [100000..110000]: 7509 ms  (1331 ops/s)
  batch 12/100 [110000..120000]: 7312 ms  (1367 ops/s)
  batch 13/100 [120000..130000]: 7245 ms  (1380 ops/s)
  batch 14/100 [130000..140000]: 7357 ms  (1359 ops/s)
  batch 15/100 [140000..150000]: 7473 ms  (1338 ops/s)
  batch 16/100 [150000..160000]: 7579 ms  (1319 ops/s)
  batch 17/100 [160000..170000]: 7688 ms  (1300 ops/s)
  batch 18/100 [170000..180000]: 7776 ms  (1285 ops/s)
  batch 19/100 [180000..190000]: 7157 ms  (1397 ops/s)
  batch 20/100 [190000..200000]: 7413 ms  (1348 ops/s)
  batch 21/100 [200000..210000]: 7496 ms  (1333 ops/s)
  batch 22/100 [210000..220000]: 7679 ms  (1302 ops/s)
  batch 23/100 [220000..230000]: 7672 ms  (1303 ops/s)
  batch 24/100 [230000..240000]: 7829 ms  (1277 ops/s)
  batch 25/100 [240000..250000]: 7689 ms  (1300 ops/s)
  batch 26/100 [250000..260000]: 7542 ms  (1325 ops/s)
  batch 27/100 [260000..270000]: 7629 ms  (1310 ops/s)
  batch 28/100 [270000..280000]: 7723 ms  (1294 ops/s)
  batch 29/100 [280000..290000]: 7698 ms  (1298 ops/s)
  batch 30/100 [290000..300000]: 7852 ms  (1273 ops/s)
  batch 31/100 [300000..310000]: 7977 ms  (1253 ops/s)
  batch 32/100 [310000..320000]: 7553 ms  (1323 ops/s)
  batch 33/100 [320000..330000]: 7675 ms  (1302 ops/s)
  batch 34/100 [330000..340000]: 7723 ms  (1294 ops/s)
  batch 35/100 [340000..350000]: 7809 ms  (1280 ops/s)
  batch 36/100 [350000..360000]: 7994 ms  (1250 ops/s)
  batch 37/100 [360000..370000]: 8081 ms  (1237 ops/s)
  batch 38/100 [370000..380000]: 7934 ms  (1260 ops/s)
  batch 39/100 [380000..390000]: 7849 ms  (1273 ops/s)
  batch 40/100 [390000..400000]: 7792 ms  (1283 ops/s)
  batch 41/100 [400000..410000]: 7809 ms  (1280 ops/s)
  batch 42/100 [410000..420000]: 7878 ms  (1269 ops/s)
  batch 43/100 [420000..430000]: 8069 ms  (1239 ops/s)
  batch 44/100 [430000..440000]: 8149 ms  (1227 ops/s)
  batch 45/100 [440000..450000]: 7932 ms  (1260 ops/s)
  batch 46/100 [450000..460000]: 7847 ms  (1274 ops/s)
  batch 47/100 [460000..470000]: 8010 ms  (1248 ops/s)
  batch 48/100 [470000..480000]: 8057 ms  (1241 ops/s)
  batch 49/100 [480000..490000]: 8172 ms  (1223 ops/s)
  batch 50/100 [490000..500000]: 8077 ms  (1237 ops/s)
  batch 51/100 [500000..510000]: 8301 ms  (1204 ops/s)
  batch 52/100 [510000..520000]: 7939 ms  (1259 ops/s)
  batch 53/100 [520000..530000]: 8064 ms  (1239 ops/s)
  batch 54/100 [530000..540000]: 8195 ms  (1220 ops/s)
  batch 55/100 [540000..550000]: 8270 ms  (1209 ops/s)
  batch 56/100 [550000..560000]: 8397 ms  (1190 ops/s)
  batch 57/100 [560000..570000]: 8550 ms  (1169 ops/s)
  batch 58/100 [570000..580000]: 8243 ms  (1213 ops/s)
  batch 59/100 [580000..590000]: 8302 ms  (1204 ops/s)
  batch 60/100 [590000..600000]: 8230 ms  (1214 ops/s)
  batch 61/100 [600000..610000]: 8418 ms  (1187 ops/s)
  batch 62/100 [610000..620000]: 8398 ms  (1190 ops/s)
  batch 63/100 [620000..630000]: 8597 ms  (1163 ops/s)
  batch 64/100 [630000..640000]: 8739 ms  (1144 ops/s)
  batch 65/100 [640000..650000]: 8210 ms  (1217 ops/s)
  batch 66/100 [650000..660000]: 8285 ms  (1206 ops/s)
  batch 67/100 [660000..670000]: 8511 ms  (1174 ops/s)
  batch 68/100 [670000..680000]: 8568 ms  (1167 ops/s)
  batch 69/100 [680000..690000]: 8585 ms  (1164 ops/s)
  batch 70/100 [690000..700000]: 8642 ms  (1157 ops/s)
  batch 71/100 [700000..710000]: 8539 ms  (1171 ops/s)
  batch 72/100 [710000..720000]: 8369 ms  (1194 ops/s)
  batch 73/100 [720000..730000]: 8491 ms  (1177 ops/s)
  batch 74/100 [730000..740000]: 8601 ms  (1162 ops/s)
  batch 75/100 [740000..750000]: 8723 ms  (1146 ops/s)
  batch 76/100 [750000..760000]: 8843 ms  (1130 ops/s)
  batch 77/100 [760000..770000]: 8895 ms  (1124 ops/s)
  batch 78/100 [770000..780000]: 8437 ms  (1185 ops/s)
  batch 79/100 [780000..790000]: 8662 ms  (1154 ops/s)
  batch 80/100 [790000..800000]: 8760 ms  (1141 ops/s)
  batch 81/100 [800000..810000]: 8671 ms  (1153 ops/s)
  batch 82/100 [810000..820000]: 8870 ms  (1127 ops/s)
  batch 83/100 [820000..830000]: 8827 ms  (1132 ops/s)
  batch 84/100 [830000..840000]: 8708 ms  (1148 ops/s)
  batch 85/100 [840000..850000]: 8645 ms  (1156 ops/s)
  batch 86/100 [850000..860000]: 8726 ms  (1145 ops/s)
  batch 87/100 [860000..870000]: 8828 ms  (1132 ops/s)
  batch 88/100 [870000..880000]: 8955 ms  (1116 ops/s)
  batch 89/100 [880000..890000]: 9051 ms  (1104 ops/s)
  batch 90/100 [890000..900000]: 9138 ms  (1094 ops/s)
  batch 91/100 [900000..910000]: 8725 ms  (1146 ops/s)
  batch 92/100 [910000..920000]: 8762 ms  (1141 ops/s)
  batch 93/100 [920000..930000]: 8943 ms  (1118 ops/s)
  batch 94/100 [930000..940000]: 8949 ms  (1117 ops/s)
  batch 95/100 [940000..950000]: 9101 ms  (1098 ops/s)
  batch 96/100 [950000..960000]: 9196 ms  (1087 ops/s)
  batch 97/100 [960000..970000]: 9131 ms  (1095 ops/s)
  batch 98/100 [970000..980000]: 8748 ms  (1142 ops/s)
  batch 99/100 [980000..990000]: 9002 ms  (1110 ops/s)
  batch 100/100 [990000..1000000]: 9030 ms  (1107 ops/s)
  total: 811691 ms  (1231 ops/s)

=== Iteration 3 ===
  batch 1/100 [0..10000]: 6489 ms  (1540 ops/s)
  batch 2/100 [10000..20000]: 6726 ms  (1486 ops/s)
  batch 3/100 [20000..30000]: 6833 ms  (1463 ops/s)
  batch 4/100 [30000..40000]: 6866 ms  (1456 ops/s)
  batch 5/100 [40000..50000]: 6994 ms  (1429 ops/s)
  batch 6/100 [50000..60000]: 7124 ms  (1403 ops/s)
  batch 7/100 [60000..70000]: 7256 ms  (1378 ops/s)
  batch 8/100 [70000..80000]: 7297 ms  (1370 ops/s)
  batch 9/100 [80000..90000]: 7286 ms  (1372 ops/s)
  batch 10/100 [90000..100000]: 7390 ms  (1353 ops/s)
  batch 11/100 [100000..110000]: 7645 ms  (1307 ops/s)
  batch 12/100 [110000..120000]: 7456 ms  (1341 ops/s)
  batch 13/100 [120000..130000]: 7290 ms  (1371 ops/s)
  batch 14/100 [130000..140000]: 7429 ms  (1345 ops/s)
  batch 15/100 [140000..150000]: 7500 ms  (1333 ops/s)
  batch 16/100 [150000..160000]: 7613 ms  (1313 ops/s)
  batch 17/100 [160000..170000]: 7699 ms  (1298 ops/s)
  batch 18/100 [170000..180000]: 7780 ms  (1285 ops/s)
  batch 19/100 [180000..190000]: 7385 ms  (1353 ops/s)
  batch 20/100 [190000..200000]: 7455 ms  (1341 ops/s)
  batch 21/100 [200000..210000]: 7638 ms  (1309 ops/s)
  batch 22/100 [210000..220000]: 7681 ms  (1301 ops/s)
  batch 23/100 [220000..230000]: 7730 ms  (1293 ops/s)
  batch 24/100 [230000..240000]: 7806 ms  (1281 ops/s)
  batch 25/100 [240000..250000]: 7595 ms  (1316 ops/s)
  batch 26/100 [250000..260000]: 7405 ms  (1350 ops/s)
  batch 27/100 [260000..270000]: 7640 ms  (1308 ops/s)
  batch 28/100 [270000..280000]: 7739 ms  (1292 ops/s)
  batch 29/100 [280000..290000]: 7795 ms  (1282 ops/s)
  batch 30/100 [290000..300000]: 7876 ms  (1269 ops/s)
  batch 31/100 [300000..310000]: 8074 ms  (1238 ops/s)
  batch 32/100 [310000..320000]: 7764 ms  (1287 ops/s)
  batch 33/100 [320000..330000]: 7729 ms  (1293 ops/s)
  batch 34/100 [330000..340000]: 7824 ms  (1277 ops/s)
  batch 35/100 [340000..350000]: 7895 ms  (1266 ops/s)
  batch 36/100 [350000..360000]: 7965 ms  (1255 ops/s)
  batch 37/100 [360000..370000]: 8115 ms  (1232 ops/s)
  batch 38/100 [370000..380000]: 7931 ms  (1260 ops/s)
  batch 39/100 [380000..390000]: 7814 ms  (1279 ops/s)
  batch 40/100 [390000..400000]: 7810 ms  (1280 ops/s)
  batch 41/100 [400000..410000]: 7941 ms  (1259 ops/s)
  batch 42/100 [410000..420000]: 8003 ms  (1249 ops/s)
  batch 43/100 [420000..430000]: 8167 ms  (1224 ops/s)
  batch 44/100 [430000..440000]: 8357 ms  (1196 ops/s)
  batch 45/100 [440000..450000]: 7816 ms  (1279 ops/s)
  batch 46/100 [450000..460000]: 7839 ms  (1275 ops/s)
  batch 47/100 [460000..470000]: 8115 ms  (1232 ops/s)
  batch 48/100 [470000..480000]: 8114 ms  (1232 ops/s)
  batch 49/100 [480000..490000]: 8291 ms  (1206 ops/s)
  batch 50/100 [490000..500000]: 8381 ms  (1193 ops/s)
  batch 51/100 [500000..510000]: 8374 ms  (1194 ops/s)
  batch 52/100 [510000..520000]: 8074 ms  (1238 ops/s)
  batch 53/100 [520000..530000]: 8161 ms  (1225 ops/s)
  batch 54/100 [530000..540000]: 8307 ms  (1203 ops/s)
  batch 55/100 [540000..550000]: 8391 ms  (1191 ops/s)
  batch 56/100 [550000..560000]: 8331 ms  (1200 ops/s)
  batch 57/100 [560000..570000]: 8469 ms  (1180 ops/s)
  batch 58/100 [570000..580000]: 8122 ms  (1231 ops/s)
  batch 59/100 [580000..590000]: 8345 ms  (1198 ops/s)
  batch 60/100 [590000..600000]: 8292 ms  (1205 ops/s)
  batch 61/100 [600000..610000]: 8392 ms  (1191 ops/s)
  batch 62/100 [610000..620000]: 8395 ms  (1191 ops/s)
  batch 63/100 [620000..630000]: 8619 ms  (1160 ops/s)
  batch 64/100 [630000..640000]: 8457 ms  (1182 ops/s)
  batch 65/100 [640000..650000]: 8231 ms  (1214 ops/s)
  batch 66/100 [650000..660000]: 8425 ms  (1186 ops/s)
  batch 67/100 [660000..670000]: 8415 ms  (1188 ops/s)
  batch 68/100 [670000..680000]: 8538 ms  (1171 ops/s)
  batch 69/100 [680000..690000]: 8627 ms  (1159 ops/s)
  batch 70/100 [690000..700000]: 8779 ms  (1139 ops/s)
  batch 71/100 [700000..710000]: 8505 ms  (1175 ops/s)
  batch 72/100 [710000..720000]: 8394 ms  (1191 ops/s)
  batch 73/100 [720000..730000]: 8405 ms  (1189 ops/s)
  batch 74/100 [730000..740000]: 8580 ms  (1165 ops/s)
  batch 75/100 [740000..750000]: 8718 ms  (1146 ops/s)
  batch 76/100 [750000..760000]: 8871 ms  (1127 ops/s)
  batch 77/100 [760000..770000]: 8772 ms  (1139 ops/s)
  batch 78/100 [770000..780000]: 8444 ms  (1184 ops/s)
  batch 79/100 [780000..790000]: 8545 ms  (1170 ops/s)
  batch 80/100 [790000..800000]: 8730 ms  (1145 ops/s)
  batch 81/100 [800000..810000]: 8648 ms  (1156 ops/s)
  batch 82/100 [810000..820000]: 8864 ms  (1128 ops/s)
  batch 83/100 [820000..830000]: 9007 ms  (1110 ops/s)
  batch 84/100 [830000..840000]: 8773 ms  (1139 ops/s)
  batch 85/100 [840000..850000]: 8691 ms  (1150 ops/s)
  batch 86/100 [850000..860000]: 8918 ms  (1121 ops/s)
  batch 87/100 [860000..870000]: 8748 ms  (1143 ops/s)
  batch 88/100 [870000..880000]: 8992 ms  (1112 ops/s)
  batch 89/100 [880000..890000]: 9124 ms  (1095 ops/s)
  batch 90/100 [890000..900000]: 9265 ms  (1079 ops/s)
  batch 91/100 [900000..910000]: 8494 ms  (1177 ops/s)
  batch 92/100 [910000..920000]: 8779 ms  (1139 ops/s)
  batch 93/100 [920000..930000]: 9093 ms  (1099 ops/s)
  batch 94/100 [930000..940000]: 9040 ms  (1106 ops/s)
  batch 95/100 [940000..950000]: 9152 ms  (1092 ops/s)
  batch 96/100 [950000..960000]: 9317 ms  (1073 ops/s)
  batch 97/100 [960000..970000]: 9021 ms  (1108 ops/s)
  batch 98/100 [970000..980000]: 8907 ms  (1122 ops/s)
  batch 99/100 [980000..990000]: 9096 ms  (1099 ops/s)
  batch 100/100 [990000..1000000]: 9154 ms  (1092 ops/s)
  total: 815205 ms  (1226 ops/s)
  [T5] mixed_od_multi_v0.0_d0.1_random_t1_s1000000
dvi_txn_benchmark_naive
  experiment:      T5
  workload:        mixed
  mechanism:       od_multi
  violation:       0
  duplicate_rate:  0.1
  num_unique_lhs:  900000
  access:          random
  size:            1000000
  batch_size:      10000
  threads:         1
  pre_pop:         1000000

=== Iteration 1 ===
[PERF] operator[] used at src/lib/storage/value_segment.cpp:48
	Performance can be affected. This warning is only shown once.
[PERF] Unresolved iterator created for AbstractPosList at src/lib/storage/pos_lists/abstract_pos_list.cpp:8
	Performance can be affected. This warning is only shown once.
  batch 1/100 [0..10000]: 11345 ms  (881 ops/s)
  batch 2/100 [10000..20000]: 11597 ms  (862 ops/s)
  batch 3/100 [20000..30000]: 11615 ms  (860 ops/s)
  batch 4/100 [30000..40000]: 11773 ms  (849 ops/s)
[PERF] operator[] used at src/lib/storage/frame_of_reference_segment.cpp:49
	Performance can be affected. This warning is only shown once.
  batch 5/100 [40000..50000]: 11904 ms  (839 ops/s)
  batch 6/100 [50000..60000]: 12090 ms  (827 ops/s)
  batch 7/100 [60000..70000]: 12271 ms  (814 ops/s)
  batch 8/100 [70000..80000]: 12441 ms  (803 ops/s)
  batch 9/100 [80000..90000]: 12543 ms  (797 ops/s)
  batch 10/100 [90000..100000]: 12618 ms  (792 ops/s)
  batch 11/100 [100000..110000]: 12686 ms  (788 ops/s)
  batch 12/100 [110000..120000]: 12539 ms  (797 ops/s)
  batch 13/100 [120000..130000]: 12325 ms  (811 ops/s)
  batch 14/100 [130000..140000]: 12459 ms  (802 ops/s)
  batch 15/100 [140000..150000]: 12589 ms  (794 ops/s)
  batch 16/100 [150000..160000]: 12693 ms  (787 ops/s)
  batch 17/100 [160000..170000]: 12801 ms  (781 ops/s)
  batch 18/100 [170000..180000]: 12911 ms  (774 ops/s)
  batch 19/100 [180000..190000]: 12480 ms  (801 ops/s)
  batch 20/100 [190000..200000]: 12622 ms  (792 ops/s)
  batch 21/100 [200000..210000]: 12706 ms  (786 ops/s)
  batch 22/100 [210000..220000]: 12789 ms  (781 ops/s)
  batch 23/100 [220000..230000]: 12995 ms  (769 ops/s)
  batch 24/100 [230000..240000]: 13175 ms  (758 ops/s)
  batch 25/100 [240000..250000]: 12967 ms  (771 ops/s)
  batch 26/100 [250000..260000]: 12764 ms  (783 ops/s)
  batch 27/100 [260000..270000]: 12841 ms  (778 ops/s)
  batch 28/100 [270000..280000]: 12941 ms  (772 ops/s)
  batch 29/100 [280000..290000]: 13051 ms  (766 ops/s)
  batch 30/100 [290000..300000]: 13219 ms  (756 ops/s)
  batch 31/100 [300000..310000]: 13487 ms  (741 ops/s)
  batch 32/100 [310000..320000]: 13029 ms  (767 ops/s)
  batch 33/100 [320000..330000]: 13113 ms  (762 ops/s)
  batch 34/100 [330000..340000]: 13130 ms  (761 ops/s)
  batch 35/100 [340000..350000]: 13360 ms  (748 ops/s)
  batch 36/100 [350000..360000]: 13560 ms  (737 ops/s)
  batch 37/100 [360000..370000]: 13587 ms  (735 ops/s)
  batch 38/100 [370000..380000]: 13442 ms  (743 ops/s)
  batch 39/100 [380000..390000]: 13212 ms  (756 ops/s)
  batch 40/100 [390000..400000]: 13296 ms  (752 ops/s)
  batch 41/100 [400000..410000]: 13468 ms  (742 ops/s)
  batch 42/100 [410000..420000]: 13482 ms  (741 ops/s)
  batch 43/100 [420000..430000]: 13572 ms  (736 ops/s)
  batch 44/100 [430000..440000]: 13880 ms  (720 ops/s)
  batch 45/100 [440000..450000]: 13475 ms  (742 ops/s)
  batch 46/100 [450000..460000]: 13518 ms  (739 ops/s)
  batch 47/100 [460000..470000]: 13570 ms  (736 ops/s)
  batch 48/100 [470000..480000]: 13717 ms  (728 ops/s)
  batch 49/100 [480000..490000]: 13808 ms  (724 ops/s)
  batch 50/100 [490000..500000]: 13993 ms  (714 ops/s)
  batch 51/100 [500000..510000]: 13990 ms  (714 ops/s)
  batch 52/100 [510000..520000]: 13543 ms  (738 ops/s)
  batch 53/100 [520000..530000]: 13690 ms  (730 ops/s)
  batch 54/100 [530000..540000]: 13834 ms  (722 ops/s)
  batch 55/100 [540000..550000]: 13902 ms  (719 ops/s)
  batch 56/100 [550000..560000]: 14390 ms  (694 ops/s)
  batch 57/100 [560000..570000]: 14239 ms  (702 ops/s)
  batch 58/100 [570000..580000]: 13955 ms  (716 ops/s)
  batch 59/100 [580000..590000]: 13793 ms  (724 ops/s)
  batch 60/100 [590000..600000]: 13983 ms  (715 ops/s)
  batch 61/100 [600000..610000]: 14165 ms  (705 ops/s)
  batch 62/100 [610000..620000]: 14280 ms  (700 ops/s)
  batch 63/100 [620000..630000]: 14426 ms  (693 ops/s)
  batch 64/100 [630000..640000]: 14459 ms  (691 ops/s)
  batch 65/100 [640000..650000]: 14008 ms  (713 ops/s)
  batch 66/100 [650000..660000]: 14101 ms  (709 ops/s)
  batch 67/100 [660000..670000]: 14243 ms  (702 ops/s)
  batch 68/100 [670000..680000]: 14499 ms  (689 ops/s)
  batch 69/100 [680000..690000]: 14561 ms  (686 ops/s)
  batch 70/100 [690000..700000]: 14743 ms  (678 ops/s)
  batch 71/100 [700000..710000]: 14413 ms  (693 ops/s)
  batch 72/100 [710000..720000]: 14333 ms  (697 ops/s)
  batch 73/100 [720000..730000]: 14482 ms  (690 ops/s)
  batch 74/100 [730000..740000]: 14563 ms  (686 ops/s)
  batch 75/100 [740000..750000]: 14564 ms  (686 ops/s)
  batch 76/100 [750000..760000]: 14796 ms  (675 ops/s)
  batch 77/100 [760000..770000]: 14856 ms  (673 ops/s)
  batch 78/100 [770000..780000]: 14437 ms  (692 ops/s)
  batch 79/100 [780000..790000]: 14582 ms  (685 ops/s)
  batch 80/100 [790000..800000]: 14713 ms  (679 ops/s)
  batch 81/100 [800000..810000]: 14817 ms  (674 ops/s)
  batch 82/100 [810000..820000]: 14971 ms  (667 ops/s)
  batch 83/100 [820000..830000]: 15137 ms  (660 ops/s)
  batch 84/100 [830000..840000]: 14954 ms  (668 ops/s)
  batch 85/100 [840000..850000]: 14641 ms  (682 ops/s)
  batch 86/100 [850000..860000]: 14852 ms  (673 ops/s)
  batch 87/100 [860000..870000]: 14860 ms  (672 ops/s)
  batch 88/100 [870000..880000]: 14990 ms  (667 ops/s)
  batch 89/100 [880000..890000]: 15240 ms  (656 ops/s)
  batch 90/100 [890000..900000]: 15427 ms  (648 ops/s)
  batch 91/100 [900000..910000]: 14989 ms  (667 ops/s)
  batch 92/100 [910000..920000]: 14962 ms  (668 ops/s)
  batch 93/100 [920000..930000]: 15125 ms  (661 ops/s)
  batch 94/100 [930000..940000]: 15226 ms  (656 ops/s)
  batch 95/100 [940000..950000]: 15417 ms  (648 ops/s)
  batch 96/100 [950000..960000]: 15482 ms  (645 ops/s)
  batch 97/100 [960000..970000]: 15348 ms  (651 ops/s)
  batch 98/100 [970000..980000]: 15086 ms  (662 ops/s)
  batch 99/100 [980000..990000]: 15270 ms  (654 ops/s)
  batch 100/100 [990000..1000000]: 15358 ms  (651 ops/s)
  total: 1376190 ms  (726 ops/s)

=== Iteration 2 ===
  batch 1/100 [0..10000]: 11331 ms  (882 ops/s)
  batch 2/100 [10000..20000]: 11546 ms  (866 ops/s)
  batch 3/100 [20000..30000]: 11658 ms  (857 ops/s)
  batch 4/100 [30000..40000]: 11768 ms  (849 ops/s)
  batch 5/100 [40000..50000]: 11903 ms  (840 ops/s)
  batch 6/100 [50000..60000]: 12141 ms  (823 ops/s)
  batch 7/100 [60000..70000]: 12186 ms  (820 ops/s)
  batch 8/100 [70000..80000]: 12347 ms  (809 ops/s)
  batch 9/100 [80000..90000]: 12508 ms  (799 ops/s)
  batch 10/100 [90000..100000]: 12571 ms  (795 ops/s)
  batch 11/100 [100000..110000]: 12761 ms  (783 ops/s)
  batch 12/100 [110000..120000]: 12469 ms  (801 ops/s)
  batch 13/100 [120000..130000]: 12396 ms  (806 ops/s)
  batch 14/100 [130000..140000]: 12420 ms  (805 ops/s)
  batch 15/100 [140000..150000]: 12533 ms  (797 ops/s)
  batch 16/100 [150000..160000]: 12638 ms  (791 ops/s)
  batch 17/100 [160000..170000]: 12797 ms  (781 ops/s)
  batch 18/100 [170000..180000]: 12961 ms  (771 ops/s)
  batch 19/100 [180000..190000]: 12507 ms  (799 ops/s)
  batch 20/100 [190000..200000]: 12605 ms  (793 ops/s)
  batch 21/100 [200000..210000]: 12746 ms  (784 ops/s)
  batch 22/100 [210000..220000]: 12799 ms  (781 ops/s)
  batch 23/100 [220000..230000]: 12924 ms  (773 ops/s)
  batch 24/100 [230000..240000]: 13066 ms  (765 ops/s)
  batch 25/100 [240000..250000]: 12969 ms  (771 ops/s)
  batch 26/100 [250000..260000]: 12725 ms  (785 ops/s)
  batch 27/100 [260000..270000]: 12884 ms  (776 ops/s)
  batch 28/100 [270000..280000]: 12984 ms  (770 ops/s)
  batch 29/100 [280000..290000]: 13069 ms  (765 ops/s)
  batch 30/100 [290000..300000]: 13219 ms  (756 ops/s)
  batch 31/100 [300000..310000]: 13332 ms  (750 ops/s)
  batch 32/100 [310000..320000]: 12961 ms  (771 ops/s)
  batch 33/100 [320000..330000]: 12999 ms  (769 ops/s)
  batch 34/100 [330000..340000]: 13128 ms  (761 ops/s)
  batch 35/100 [340000..350000]: 13267 ms  (753 ops/s)
  batch 36/100 [350000..360000]: 13346 ms  (749 ops/s)
  batch 37/100 [360000..370000]: 13453 ms  (743 ops/s)
  batch 38/100 [370000..380000]: 13407 ms  (745 ops/s)
  batch 39/100 [380000..390000]: 13075 ms  (764 ops/s)
  batch 40/100 [390000..400000]: 13259 ms  (754 ops/s)
  batch 41/100 [400000..410000]: 13365 ms  (748 ops/s)
  batch 42/100 [410000..420000]: 13488 ms  (741 ops/s)
  batch 43/100 [420000..430000]: 13597 ms  (735 ops/s)
  batch 44/100 [430000..440000]: 13698 ms  (730 ops/s)
  batch 45/100 [440000..450000]: 13448 ms  (743 ops/s)
  batch 46/100 [450000..460000]: 13413 ms  (745 ops/s)
  batch 47/100 [460000..470000]: 13551 ms  (737 ops/s)
  batch 48/100 [470000..480000]: 13614 ms  (734 ops/s)
  batch 49/100 [480000..490000]: 13731 ms  (728 ops/s)
  batch 50/100 [490000..500000]: 13885 ms  (720 ops/s)
  batch 51/100 [500000..510000]: 13902 ms  (719 ops/s)
  batch 52/100 [510000..520000]: 13579 ms  (736 ops/s)
  batch 53/100 [520000..530000]: 13683 ms  (730 ops/s)
  batch 54/100 [530000..540000]: 13777 ms  (725 ops/s)
  batch 55/100 [540000..550000]: 13912 ms  (718 ops/s)
  batch 56/100 [550000..560000]: 14137 ms  (707 ops/s)
  batch 57/100 [560000..570000]: 14272 ms  (700 ops/s)
  batch 58/100 [570000..580000]: 13976 ms  (715 ops/s)
  batch 59/100 [580000..590000]: 13837 ms  (722 ops/s)
  batch 60/100 [590000..600000]: 13943 ms  (717 ops/s)
  batch 61/100 [600000..610000]: 14126 ms  (707 ops/s)
  batch 62/100 [610000..620000]: 14283 ms  (700 ops/s)
  batch 63/100 [620000..630000]: 14447 ms  (692 ops/s)
  batch 64/100 [630000..640000]: 14462 ms  (691 ops/s)
  batch 65/100 [640000..650000]: 14019 ms  (713 ops/s)
  batch 66/100 [650000..660000]: 14179 ms  (705 ops/s)
  batch 67/100 [660000..670000]: 14387 ms  (695 ops/s)
  batch 68/100 [670000..680000]: 14361 ms  (696 ops/s)
  batch 69/100 [680000..690000]: 14467 ms  (691 ops/s)
  batch 70/100 [690000..700000]: 14709 ms  (679 ops/s)
  batch 71/100 [700000..710000]: 14417 ms  (693 ops/s)
  batch 72/100 [710000..720000]: 14257 ms  (701 ops/s)
  batch 73/100 [720000..730000]: 14355 ms  (696 ops/s)
  batch 74/100 [730000..740000]: 14525 ms  (688 ops/s)
  batch 75/100 [740000..750000]: 14680 ms  (681 ops/s)
  batch 76/100 [750000..760000]: 14798 ms  (675 ops/s)
  batch 77/100 [760000..770000]: 14955 ms  (668 ops/s)
  batch 78/100 [770000..780000]: 14490 ms  (690 ops/s)
  batch 79/100 [780000..790000]: 14544 ms  (687 ops/s)
  batch 80/100 [790000..800000]: 14726 ms  (679 ops/s)
  batch 81/100 [800000..810000]: 14894 ms  (671 ops/s)
  batch 82/100 [810000..820000]: 14941 ms  (669 ops/s)
  batch 83/100 [820000..830000]: 15166 ms  (659 ops/s)
  batch 84/100 [830000..840000]: 14935 ms  (669 ops/s)
  batch 85/100 [840000..850000]: 14714 ms  (679 ops/s)
  batch 86/100 [850000..860000]: 14792 ms  (676 ops/s)
  batch 87/100 [860000..870000]: 15038 ms  (664 ops/s)
  batch 88/100 [870000..880000]: 15122 ms  (661 ops/s)
  batch 89/100 [880000..890000]: 15185 ms  (658 ops/s)
  batch 90/100 [890000..900000]: 15244 ms  (655 ops/s)
  batch 91/100 [900000..910000]: 14910 ms  (670 ops/s)
  batch 92/100 [910000..920000]: 14914 ms  (670 ops/s)
  batch 93/100 [920000..930000]: 15086 ms  (662 ops/s)
  batch 94/100 [930000..940000]: 15213 ms  (657 ops/s)
  batch 95/100 [940000..950000]: 15290 ms  (653 ops/s)
  batch 96/100 [950000..960000]: 15461 ms  (646 ops/s)
  batch 97/100 [960000..970000]: 15411 ms  (648 ops/s)
  batch 98/100 [970000..980000]: 15137 ms  (660 ops/s)
  batch 99/100 [980000..990000]: 15163 ms  (659 ops/s)
  batch 100/100 [990000..1000000]: 15343 ms  (651 ops/s)
  total: 1373662 ms  (727 ops/s)

=== Iteration 3 ===
  batch 1/100 [0..10000]: 11348 ms  (881 ops/s)
  batch 2/100 [10000..20000]: 11512 ms  (868 ops/s)
  batch 3/100 [20000..30000]: 11643 ms  (858 ops/s)
  batch 4/100 [30000..40000]: 11855 ms  (843 ops/s)
  batch 5/100 [40000..50000]: 12014 ms  (832 ops/s)
  batch 6/100 [50000..60000]: 12043 ms  (830 ops/s)
  batch 7/100 [60000..70000]: 12158 ms  (822 ops/s)
  batch 8/100 [70000..80000]: 12304 ms  (812 ops/s)
  batch 9/100 [80000..90000]: 12424 ms  (804 ops/s)
  batch 10/100 [90000..100000]: 12589 ms  (794 ops/s)
  batch 11/100 [100000..110000]: 12683 ms  (788 ops/s)
  batch 12/100 [110000..120000]: 12475 ms  (801 ops/s)
  batch 13/100 [120000..130000]: 12360 ms  (809 ops/s)
  batch 14/100 [130000..140000]: 12486 ms  (800 ops/s)
  batch 15/100 [140000..150000]: 12588 ms  (794 ops/s)
  batch 16/100 [150000..160000]: 12696 ms  (787 ops/s)
  batch 17/100 [160000..170000]: 12741 ms  (784 ops/s)
  batch 18/100 [170000..180000]: 12895 ms  (775 ops/s)
  batch 19/100 [180000..190000]: 12467 ms  (802 ops/s)
  batch 20/100 [190000..200000]: 12585 ms  (794 ops/s)
  batch 21/100 [200000..210000]: 12731 ms  (785 ops/s)
  batch 22/100 [210000..220000]: 12826 ms  (779 ops/s)
  batch 23/100 [220000..230000]: 12948 ms  (772 ops/s)
  batch 24/100 [230000..240000]: 13169 ms  (759 ops/s)
  batch 25/100 [240000..250000]: 13018 ms  (768 ops/s)
  batch 26/100 [250000..260000]: 12767 ms  (783 ops/s)
  batch 27/100 [260000..270000]: 12866 ms  (777 ops/s)
  batch 28/100 [270000..280000]: 13000 ms  (769 ops/s)
  batch 29/100 [280000..290000]: 13187 ms  (758 ops/s)
  batch 30/100 [290000..300000]: 13347 ms  (749 ops/s)
  batch 31/100 [300000..310000]: 13426 ms  (744 ops/s)
  batch 32/100 [310000..320000]: 12951 ms  (772 ops/s)
  batch 33/100 [320000..330000]: 12982 ms  (770 ops/s)
  batch 34/100 [330000..340000]: 13145 ms  (760 ops/s)
  batch 35/100 [340000..350000]: 13215 ms  (756 ops/s)
  batch 36/100 [350000..360000]: 13347 ms  (749 ops/s)
  batch 37/100 [360000..370000]: 13440 ms  (743 ops/s)
  batch 38/100 [370000..380000]: 13416 ms  (745 ops/s)
  batch 39/100 [380000..390000]: 13126 ms  (761 ops/s)
  batch 40/100 [390000..400000]: 13262 ms  (753 ops/s)
  batch 41/100 [400000..410000]: 13351 ms  (748 ops/s)
  batch 42/100 [410000..420000]: 13490 ms  (741 ops/s)
  batch 43/100 [420000..430000]: 13574 ms  (736 ops/s)
  batch 44/100 [430000..440000]: 13702 ms  (729 ops/s)
  batch 45/100 [440000..450000]: 13423 ms  (744 ops/s)
  batch 46/100 [450000..460000]: 13444 ms  (743 ops/s)
  batch 47/100 [460000..470000]: 13485 ms  (741 ops/s)
  batch 48/100 [470000..480000]: 13631 ms  (733 ops/s)
  batch 49/100 [480000..490000]: 13730 ms  (728 ops/s)
  batch 50/100 [490000..500000]: 13835 ms  (722 ops/s)
  batch 51/100 [500000..510000]: 13839 ms  (722 ops/s)
  batch 52/100 [510000..520000]: 13536 ms  (738 ops/s)
  batch 53/100 [520000..530000]: 13667 ms  (731 ops/s)
  batch 54/100 [530000..540000]: 13772 ms  (726 ops/s)
  batch 55/100 [540000..550000]: 13889 ms  (719 ops/s)
  batch 56/100 [550000..560000]: 14000 ms  (714 ops/s)
  batch 57/100 [560000..570000]: 14100 ms  (709 ops/s)
  batch 58/100 [570000..580000]: 13911 ms  (718 ops/s)
  batch 59/100 [580000..590000]: 13876 ms  (720 ops/s)
  batch 60/100 [590000..600000]: 14063 ms  (711 ops/s)
  batch 61/100 [600000..610000]: 14170 ms  (705 ops/s)
  batch 62/100 [610000..620000]: 14160 ms  (706 ops/s)
  batch 63/100 [620000..630000]: 14397 ms  (694 ops/s)
  batch 64/100 [630000..640000]: 14455 ms  (691 ops/s)
  batch 65/100 [640000..650000]: 14101 ms  (709 ops/s)
  batch 66/100 [650000..660000]: 14095 ms  (709 ops/s)
  batch 67/100 [660000..670000]: 14215 ms  (703 ops/s)
  batch 68/100 [670000..680000]: 14461 ms  (691 ops/s)
  batch 69/100 [680000..690000]: 14562 ms  (686 ops/s)
  batch 70/100 [690000..700000]: 14625 ms  (683 ops/s)
  batch 71/100 [700000..710000]: 14405 ms  (694 ops/s)
  batch 72/100 [710000..720000]: 14280 ms  (700 ops/s)
  batch 73/100 [720000..730000]: 14353 ms  (696 ops/s)
  batch 74/100 [730000..740000]: 14656 ms  (682 ops/s)
  batch 75/100 [740000..750000]: 14753 ms  (677 ops/s)
  batch 76/100 [750000..760000]: 14901 ms  (671 ops/s)
  batch 77/100 [760000..770000]: 14992 ms  (667 ops/s)
  batch 78/100 [770000..780000]: 14451 ms  (691 ops/s)
  batch 79/100 [780000..790000]: 14610 ms  (684 ops/s)
  batch 80/100 [790000..800000]: 14694 ms  (680 ops/s)
  batch 81/100 [800000..810000]: 14713 ms  (679 ops/s)
  batch 82/100 [810000..820000]: 14979 ms  (667 ops/s)
  batch 83/100 [820000..830000]: 15161 ms  (659 ops/s)
  batch 84/100 [830000..840000]: 14886 ms  (671 ops/s)
  batch 85/100 [840000..850000]: 14694 ms  (680 ops/s)
  batch 86/100 [850000..860000]: 14739 ms  (678 ops/s)
  batch 87/100 [860000..870000]: 14974 ms  (667 ops/s)
  batch 88/100 [870000..880000]: 14993 ms  (666 ops/s)
  batch 89/100 [880000..890000]: 15122 ms  (661 ops/s)
  batch 90/100 [890000..900000]: 15267 ms  (654 ops/s)
  batch 91/100 [900000..910000]: 14918 ms  (670 ops/s)
  batch 92/100 [910000..920000]: 14921 ms  (670 ops/s)
  batch 93/100 [920000..930000]: 15117 ms  (661 ops/s)
  batch 94/100 [930000..940000]: 15207 ms  (657 ops/s)
  batch 95/100 [940000..950000]: 15263 ms  (655 ops/s)
  batch 96/100 [950000..960000]: 15399 ms  (649 ops/s)
  batch 97/100 [960000..970000]: 15314 ms  (652 ops/s)
  batch 98/100 [970000..980000]: 15063 ms  (663 ops/s)
  batch 99/100 [980000..990000]: 15174 ms  (658 ops/s)
  batch 100/100 [990000..1000000]: 15289 ms  (654 ops/s)
  total: 1372935 ms  (728 ops/s)
  [T5] mixed_od_multi_v0.0_d0.1_random_t2_s1000000
dvi_txn_benchmark_naive
  experiment:      T5
  workload:        mixed
  mechanism:       od_multi
  violation:       0
  duplicate_rate:  0.1
  num_unique_lhs:  900000
  access:          random
  size:            1000000
  batch_size:      10000
  threads:         2
  pre_pop:         1000000

=== Iteration 1 ===
[PERF] operator[] used at src/lib/storage/value_segment.cpp:48
	Performance can be affected. This warning is only shown once.
[PERF] Unresolved iterator created for AbstractPosList at src/lib/storage/pos_lists/abstract_pos_list.cpp:8
	Performance can be affected. This warning is only shown once.
  batch 1/100 [0..10000]: 6599 ms  (1515 ops/s)
  batch 2/100 [10000..20000]: 6809 ms  (1468 ops/s)
  batch 3/100 [20000..30000]: 6801 ms  (1470 ops/s)
  batch 4/100 [30000..40000]: 6923 ms  (1444 ops/s)
[PERF] operator[] used at src/lib/storage/frame_of_reference_segment.cpp:49
	Performance can be affected. This warning is only shown once.
  batch 5/100 [40000..50000]: 7069 ms  (1414 ops/s)
  batch 6/100 [50000..60000]: 7116 ms  (1405 ops/s)
  batch 7/100 [60000..70000]: 7166 ms  (1395 ops/s)
  batch 8/100 [70000..80000]: 7349 ms  (1360 ops/s)
  batch 9/100 [80000..90000]: 7351 ms  (1360 ops/s)
  batch 10/100 [90000..100000]: 7470 ms  (1338 ops/s)
  batch 11/100 [100000..110000]: 7704 ms  (1297 ops/s)
  batch 12/100 [110000..120000]: 7285 ms  (1372 ops/s)
  batch 13/100 [120000..130000]: 7353 ms  (1359 ops/s)
  batch 14/100 [130000..140000]: 7426 ms  (1346 ops/s)
  batch 15/100 [140000..150000]: 7480 ms  (1336 ops/s)
  batch 16/100 [150000..160000]: 7673 ms  (1303 ops/s)
  batch 17/100 [160000..170000]: 7762 ms  (1288 ops/s)
  batch 18/100 [170000..180000]: 7865 ms  (1271 ops/s)
  batch 19/100 [180000..190000]: 7398 ms  (1351 ops/s)
  batch 20/100 [190000..200000]: 7438 ms  (1344 ops/s)
  batch 21/100 [200000..210000]: 7590 ms  (1317 ops/s)
  batch 22/100 [210000..220000]: 7725 ms  (1294 ops/s)
  batch 23/100 [220000..230000]: 7589 ms  (1317 ops/s)
  batch 24/100 [230000..240000]: 7788 ms  (1283 ops/s)
  batch 25/100 [240000..250000]: 7629 ms  (1310 ops/s)
  batch 26/100 [250000..260000]: 7469 ms  (1338 ops/s)
  batch 27/100 [260000..270000]: 7654 ms  (1306 ops/s)
  batch 28/100 [270000..280000]: 7809 ms  (1280 ops/s)
  batch 29/100 [280000..290000]: 7866 ms  (1271 ops/s)
  batch 30/100 [290000..300000]: 7894 ms  (1266 ops/s)
  batch 31/100 [300000..310000]: 8066 ms  (1239 ops/s)
  batch 32/100 [310000..320000]: 7694 ms  (1299 ops/s)
  batch 33/100 [320000..330000]: 7684 ms  (1301 ops/s)
  batch 34/100 [330000..340000]: 7613 ms  (1313 ops/s)
  batch 35/100 [340000..350000]: 7827 ms  (1277 ops/s)
  batch 36/100 [350000..360000]: 7956 ms  (1256 ops/s)
  batch 37/100 [360000..370000]: 8045 ms  (1242 ops/s)
  batch 38/100 [370000..380000]: 8011 ms  (1248 ops/s)
  batch 39/100 [380000..390000]: 7902 ms  (1265 ops/s)
  batch 40/100 [390000..400000]: 7697 ms  (1299 ops/s)
  batch 41/100 [400000..410000]: 7909 ms  (1264 ops/s)
  batch 42/100 [410000..420000]: 7978 ms  (1253 ops/s)
  batch 43/100 [420000..430000]: 8098 ms  (1234 ops/s)
  batch 44/100 [430000..440000]: 8389 ms  (1192 ops/s)
  batch 45/100 [440000..450000]: 7689 ms  (1300 ops/s)
  batch 46/100 [450000..460000]: 7871 ms  (1270 ops/s)
  batch 47/100 [460000..470000]: 8112 ms  (1232 ops/s)
  batch 48/100 [470000..480000]: 8123 ms  (1230 ops/s)
  batch 49/100 [480000..490000]: 8181 ms  (1222 ops/s)
  batch 50/100 [490000..500000]: 8425 ms  (1186 ops/s)
  batch 51/100 [500000..510000]: 8292 ms  (1205 ops/s)
  batch 52/100 [510000..520000]: 8138 ms  (1228 ops/s)
  batch 53/100 [520000..530000]: 7998 ms  (1250 ops/s)
  batch 54/100 [530000..540000]: 8262 ms  (1210 ops/s)
  batch 55/100 [540000..550000]: 8341 ms  (1198 ops/s)
  batch 56/100 [550000..560000]: 8448 ms  (1183 ops/s)
  batch 57/100 [560000..570000]: 8494 ms  (1177 ops/s)
  batch 58/100 [570000..580000]: 8201 ms  (1219 ops/s)
  batch 59/100 [580000..590000]: 8239 ms  (1213 ops/s)
  batch 60/100 [590000..600000]: 8280 ms  (1207 ops/s)
  batch 61/100 [600000..610000]: 8366 ms  (1195 ops/s)
  batch 62/100 [610000..620000]: 8520 ms  (1173 ops/s)
  batch 63/100 [620000..630000]: 8590 ms  (1164 ops/s)
  batch 64/100 [630000..640000]: 8607 ms  (1161 ops/s)
  batch 65/100 [640000..650000]: 8263 ms  (1210 ops/s)
  batch 66/100 [650000..660000]: 8426 ms  (1186 ops/s)
  batch 67/100 [660000..670000]: 8506 ms  (1175 ops/s)
  batch 68/100 [670000..680000]: 8558 ms  (1168 ops/s)
  batch 69/100 [680000..690000]: 8703 ms  (1149 ops/s)
  batch 70/100 [690000..700000]: 8731 ms  (1145 ops/s)
  batch 71/100 [700000..710000]: 8440 ms  (1184 ops/s)
  batch 72/100 [710000..720000]: 8524 ms  (1173 ops/s)
  batch 73/100 [720000..730000]: 8511 ms  (1174 ops/s)
  batch 74/100 [730000..740000]: 8574 ms  (1166 ops/s)
  batch 75/100 [740000..750000]: 8765 ms  (1140 ops/s)
  batch 76/100 [750000..760000]: 8776 ms  (1139 ops/s)
  batch 77/100 [760000..770000]: 8902 ms  (1123 ops/s)
  batch 78/100 [770000..780000]: 8507 ms  (1175 ops/s)
  batch 79/100 [780000..790000]: 8639 ms  (1157 ops/s)
  batch 80/100 [790000..800000]: 8711 ms  (1147 ops/s)
  batch 81/100 [800000..810000]: 8798 ms  (1136 ops/s)
  batch 82/100 [810000..820000]: 8830 ms  (1132 ops/s)
  batch 83/100 [820000..830000]: 8999 ms  (1111 ops/s)
  batch 84/100 [830000..840000]: 8730 ms  (1145 ops/s)
  batch 85/100 [840000..850000]: 8632 ms  (1158 ops/s)
  batch 86/100 [850000..860000]: 8733 ms  (1145 ops/s)
  batch 87/100 [860000..870000]: 8976 ms  (1113 ops/s)
  batch 88/100 [870000..880000]: 9034 ms  (1106 ops/s)
  batch 89/100 [880000..890000]: 9169 ms  (1090 ops/s)
  batch 90/100 [890000..900000]: 9186 ms  (1088 ops/s)
  batch 91/100 [900000..910000]: 8725 ms  (1146 ops/s)
  batch 92/100 [910000..920000]: 8910 ms  (1122 ops/s)
  batch 93/100 [920000..930000]: 8976 ms  (1114 ops/s)
  batch 94/100 [930000..940000]: 8985 ms  (1112 ops/s)
  batch 95/100 [940000..950000]: 9245 ms  (1081 ops/s)
  batch 96/100 [950000..960000]: 9294 ms  (1075 ops/s)
  batch 97/100 [960000..970000]: 9175 ms  (1089 ops/s)
  batch 98/100 [970000..980000]: 8849 ms  (1130 ops/s)
  batch 99/100 [980000..990000]: 8978 ms  (1113 ops/s)
  batch 100/100 [990000..1000000]: 9154 ms  (1092 ops/s)
  total: 816057 ms  (1225 ops/s)

=== Iteration 2 ===
  batch 1/100 [0..10000]: 6668 ms  (1499 ops/s)
  batch 2/100 [10000..20000]: 6752 ms  (1481 ops/s)
  batch 3/100 [20000..30000]: 6872 ms  (1455 ops/s)
  batch 4/100 [30000..40000]: 6795 ms  (1471 ops/s)
  batch 5/100 [40000..50000]: 6979 ms  (1432 ops/s)
  batch 6/100 [50000..60000]: 7049 ms  (1418 ops/s)
  batch 7/100 [60000..70000]: 7162 ms  (1396 ops/s)
  batch 8/100 [70000..80000]: 7309 ms  (1368 ops/s)
  batch 9/100 [80000..90000]: 7384 ms  (1354 ops/s)
  batch 10/100 [90000..100000]: 7423 ms  (1347 ops/s)
  batch 11/100 [100000..110000]: 7582 ms  (1318 ops/s)
  batch 12/100 [110000..120000]: 7352 ms  (1360 ops/s)
  batch 13/100 [120000..130000]: 7244 ms  (1380 ops/s)
  batch 14/100 [130000..140000]: 7434 ms  (1345 ops/s)
  batch 15/100 [140000..150000]: 7326 ms  (1364 ops/s)
  batch 16/100 [150000..160000]: 7568 ms  (1321 ops/s)
  batch 17/100 [160000..170000]: 7648 ms  (1307 ops/s)
  batch 18/100 [170000..180000]: 7736 ms  (1292 ops/s)
  batch 19/100 [180000..190000]: 7309 ms  (1368 ops/s)
  batch 20/100 [190000..200000]: 7471 ms  (1338 ops/s)
  batch 21/100 [200000..210000]: 7540 ms  (1326 ops/s)
  batch 22/100 [210000..220000]: 7773 ms  (1286 ops/s)
  batch 23/100 [220000..230000]: 7693 ms  (1299 ops/s)
  batch 24/100 [230000..240000]: 7766 ms  (1287 ops/s)
  batch 25/100 [240000..250000]: 7751 ms  (1290 ops/s)
  batch 26/100 [250000..260000]: 7555 ms  (1323 ops/s)
  batch 27/100 [260000..270000]: 7621 ms  (1312 ops/s)
  batch 28/100 [270000..280000]: 7748 ms  (1290 ops/s)
  batch 29/100 [280000..290000]: 7845 ms  (1274 ops/s)
  batch 30/100 [290000..300000]: 7870 ms  (1270 ops/s)
  batch 31/100 [300000..310000]: 8011 ms  (1248 ops/s)
  batch 32/100 [310000..320000]: 7643 ms  (1308 ops/s)
  batch 33/100 [320000..330000]: 7759 ms  (1288 ops/s)
  batch 34/100 [330000..340000]: 7746 ms  (1290 ops/s)
  batch 35/100 [340000..350000]: 7854 ms  (1273 ops/s)
  batch 36/100 [350000..360000]: 8005 ms  (1249 ops/s)
  batch 37/100 [360000..370000]: 8176 ms  (1222 ops/s)
  batch 38/100 [370000..380000]: 7889 ms  (1267 ops/s)
  batch 39/100 [380000..390000]: 7779 ms  (1285 ops/s)
  batch 40/100 [390000..400000]: 7897 ms  (1266 ops/s)
  batch 41/100 [400000..410000]: 7862 ms  (1271 ops/s)
  batch 42/100 [410000..420000]: 8043 ms  (1243 ops/s)
  batch 43/100 [420000..430000]: 8198 ms  (1219 ops/s)
  batch 44/100 [430000..440000]: 8175 ms  (1223 ops/s)
  batch 45/100 [440000..450000]: 7845 ms  (1274 ops/s)
  batch 46/100 [450000..460000]: 7868 ms  (1270 ops/s)
  batch 47/100 [460000..470000]: 7981 ms  (1252 ops/s)
  batch 48/100 [470000..480000]: 8048 ms  (1242 ops/s)
  batch 49/100 [480000..490000]: 8170 ms  (1223 ops/s)
  batch 50/100 [490000..500000]: 8220 ms  (1216 ops/s)
  batch 51/100 [500000..510000]: 8199 ms  (1219 ops/s)
  batch 52/100 [510000..520000]: 7937 ms  (1259 ops/s)
  batch 53/100 [520000..530000]: 8109 ms  (1233 ops/s)
  batch 54/100 [530000..540000]: 8142 ms  (1228 ops/s)
  batch 55/100 [540000..550000]: 8116 ms  (1232 ops/s)
  batch 56/100 [550000..560000]: 8264 ms  (1209 ops/s)
  batch 57/100 [560000..570000]: 8454 ms  (1182 ops/s)
  batch 58/100 [570000..580000]: 8252 ms  (1211 ops/s)
  batch 59/100 [580000..590000]: 8101 ms  (1234 ops/s)
  batch 60/100 [590000..600000]: 8383 ms  (1192 ops/s)
  batch 61/100 [600000..610000]: 8384 ms  (1192 ops/s)
  batch 62/100 [610000..620000]: 8446 ms  (1183 ops/s)
  batch 63/100 [620000..630000]: 8549 ms  (1169 ops/s)
  batch 64/100 [630000..640000]: 8693 ms  (1150 ops/s)
  batch 65/100 [640000..650000]: 8245 ms  (1212 ops/s)
  batch 66/100 [650000..660000]: 8407 ms  (1189 ops/s)
  batch 67/100 [660000..670000]: 8462 ms  (1181 ops/s)
  batch 68/100 [670000..680000]: 8558 ms  (1168 ops/s)
  batch 69/100 [680000..690000]: 8656 ms  (1155 ops/s)
  batch 70/100 [690000..700000]: 8753 ms  (1142 ops/s)
  batch 71/100 [700000..710000]: 8468 ms  (1180 ops/s)
  batch 72/100 [710000..720000]: 8421 ms  (1187 ops/s)
  batch 73/100 [720000..730000]: 8615 ms  (1160 ops/s)
  batch 74/100 [730000..740000]: 8444 ms  (1184 ops/s)
  batch 75/100 [740000..750000]: 8515 ms  (1174 ops/s)
  batch 76/100 [750000..760000]: 8850 ms  (1129 ops/s)
  batch 77/100 [760000..770000]: 8907 ms  (1122 ops/s)
  batch 78/100 [770000..780000]: 8436 ms  (1185 ops/s)
  batch 79/100 [780000..790000]: 8630 ms  (1158 ops/s)
  batch 80/100 [790000..800000]: 8681 ms  (1151 ops/s)
  batch 81/100 [800000..810000]: 8833 ms  (1132 ops/s)
  batch 82/100 [810000..820000]: 8898 ms  (1123 ops/s)
  batch 83/100 [820000..830000]: 8985 ms  (1112 ops/s)
  batch 84/100 [830000..840000]: 8803 ms  (1135 ops/s)
  batch 85/100 [840000..850000]: 8570 ms  (1166 ops/s)
  batch 86/100 [850000..860000]: 8751 ms  (1142 ops/s)
  batch 87/100 [860000..870000]: 8758 ms  (1141 ops/s)
  batch 88/100 [870000..880000]: 8994 ms  (1111 ops/s)
  batch 89/100 [880000..890000]: 9108 ms  (1097 ops/s)
  batch 90/100 [890000..900000]: 9196 ms  (1087 ops/s)
  batch 91/100 [900000..910000]: 8829 ms  (1132 ops/s)
  batch 92/100 [910000..920000]: 8803 ms  (1135 ops/s)
  batch 93/100 [920000..930000]: 8937 ms  (1118 ops/s)
  batch 94/100 [930000..940000]: 9022 ms  (1108 ops/s)
  batch 95/100 [940000..950000]: 9152 ms  (1092 ops/s)
  batch 96/100 [950000..960000]: 9299 ms  (1075 ops/s)
  batch 97/100 [960000..970000]: 9111 ms  (1097 ops/s)
  batch 98/100 [970000..980000]: 9014 ms  (1109 ops/s)
  batch 99/100 [980000..990000]: 8912 ms  (1122 ops/s)
  batch 100/100 [990000..1000000]: 9199 ms  (1086 ops/s)
  total: 813698 ms  (1228 ops/s)

=== Iteration 3 ===
  batch 1/100 [0..10000]: 6536 ms  (1529 ops/s)
  batch 2/100 [10000..20000]: 6737 ms  (1484 ops/s)
  batch 3/100 [20000..30000]: 6817 ms  (1466 ops/s)
  batch 4/100 [30000..40000]: 6799 ms  (1470 ops/s)
  batch 5/100 [40000..50000]: 6964 ms  (1435 ops/s)
  batch 6/100 [50000..60000]: 7100 ms  (1408 ops/s)
  batch 7/100 [60000..70000]: 7238 ms  (1381 ops/s)
  batch 8/100 [70000..80000]: 7401 ms  (1351 ops/s)
  batch 9/100 [80000..90000]: 7376 ms  (1355 ops/s)
  batch 10/100 [90000..100000]: 7426 ms  (1346 ops/s)
  batch 11/100 [100000..110000]: 7582 ms  (1318 ops/s)
  batch 12/100 [110000..120000]: 7316 ms  (1366 ops/s)
  batch 13/100 [120000..130000]: 7342 ms  (1361 ops/s)
  batch 14/100 [130000..140000]: 7430 ms  (1345 ops/s)
  batch 15/100 [140000..150000]: 7459 ms  (1340 ops/s)
  batch 16/100 [150000..160000]: 7650 ms  (1307 ops/s)
  batch 17/100 [160000..170000]: 7672 ms  (1303 ops/s)
  batch 18/100 [170000..180000]: 7827 ms  (1277 ops/s)
  batch 19/100 [180000..190000]: 7300 ms  (1369 ops/s)
  batch 20/100 [190000..200000]: 7487 ms  (1335 ops/s)
  batch 21/100 [200000..210000]: 7577 ms  (1319 ops/s)
  batch 22/100 [210000..220000]: 7559 ms  (1322 ops/s)
  batch 23/100 [220000..230000]: 7699 ms  (1298 ops/s)
  batch 24/100 [230000..240000]: 7889 ms  (1267 ops/s)
  batch 25/100 [240000..250000]: 7637 ms  (1309 ops/s)
  batch 26/100 [250000..260000]: 7509 ms  (1331 ops/s)
  batch 27/100 [260000..270000]: 7707 ms  (1297 ops/s)
  batch 28/100 [270000..280000]: 7694 ms  (1299 ops/s)
  batch 29/100 [280000..290000]: 7871 ms  (1270 ops/s)
  batch 30/100 [290000..300000]: 7941 ms  (1259 ops/s)
  batch 31/100 [300000..310000]: 8021 ms  (1246 ops/s)
  batch 32/100 [310000..320000]: 7624 ms  (1311 ops/s)
  batch 33/100 [320000..330000]: 7637 ms  (1309 ops/s)
  batch 34/100 [330000..340000]: 7752 ms  (1289 ops/s)
  batch 35/100 [340000..350000]: 7951 ms  (1257 ops/s)
  batch 36/100 [350000..360000]: 7990 ms  (1251 ops/s)
  batch 37/100 [360000..370000]: 7909 ms  (1264 ops/s)
  batch 38/100 [370000..380000]: 7959 ms  (1256 ops/s)
  batch 39/100 [380000..390000]: 7830 ms  (1277 ops/s)
  batch 40/100 [390000..400000]: 7804 ms  (1281 ops/s)
  batch 41/100 [400000..410000]: 7994 ms  (1250 ops/s)
  batch 42/100 [410000..420000]: 8012 ms  (1248 ops/s)
  batch 43/100 [420000..430000]: 8157 ms  (1225 ops/s)
  batch 44/100 [430000..440000]: 8247 ms  (1212 ops/s)
  batch 45/100 [440000..450000]: 7872 ms  (1270 ops/s)
  batch 46/100 [450000..460000]: 7991 ms  (1251 ops/s)
  batch 47/100 [460000..470000]: 8027 ms  (1245 ops/s)
  batch 48/100 [470000..480000]: 8036 ms  (1244 ops/s)
  batch 49/100 [480000..490000]: 8157 ms  (1225 ops/s)
  batch 50/100 [490000..500000]: 8271 ms  (1208 ops/s)
  batch 51/100 [500000..510000]: 8296 ms  (1205 ops/s)
  batch 52/100 [510000..520000]: 7718 ms  (1295 ops/s)
  batch 53/100 [520000..530000]: 7998 ms  (1250 ops/s)
  batch 54/100 [530000..540000]: 8181 ms  (1222 ops/s)
  batch 55/100 [540000..550000]: 8243 ms  (1213 ops/s)
  batch 56/100 [550000..560000]: 8416 ms  (1188 ops/s)
  batch 57/100 [560000..570000]: 8447 ms  (1183 ops/s)
  batch 58/100 [570000..580000]: 8141 ms  (1228 ops/s)
  batch 59/100 [580000..590000]: 8199 ms  (1219 ops/s)
  batch 60/100 [590000..600000]: 8178 ms  (1222 ops/s)
  batch 61/100 [600000..610000]: 8289 ms  (1206 ops/s)
  batch 62/100 [610000..620000]: 8394 ms  (1191 ops/s)
  batch 63/100 [620000..630000]: 8578 ms  (1165 ops/s)
  batch 64/100 [630000..640000]: 8498 ms  (1176 ops/s)
  batch 65/100 [640000..650000]: 8323 ms  (1201 ops/s)
  batch 66/100 [650000..660000]: 8439 ms  (1184 ops/s)
  batch 67/100 [660000..670000]: 8481 ms  (1179 ops/s)
  batch 68/100 [670000..680000]: 8616 ms  (1160 ops/s)
  batch 69/100 [680000..690000]: 8670 ms  (1153 ops/s)
  batch 70/100 [690000..700000]: 8775 ms  (1139 ops/s)
  batch 71/100 [700000..710000]: 8557 ms  (1168 ops/s)
  batch 72/100 [710000..720000]: 8368 ms  (1195 ops/s)
  batch 73/100 [720000..730000]: 8387 ms  (1192 ops/s)
  batch 74/100 [730000..740000]: 8618 ms  (1160 ops/s)
  batch 75/100 [740000..750000]: 8666 ms  (1153 ops/s)
  batch 76/100 [750000..760000]: 8895 ms  (1124 ops/s)
  batch 77/100 [760000..770000]: 8864 ms  (1128 ops/s)
  batch 78/100 [770000..780000]: 8501 ms  (1176 ops/s)
  batch 79/100 [780000..790000]: 8627 ms  (1159 ops/s)
  batch 80/100 [790000..800000]: 8704 ms  (1148 ops/s)
  batch 81/100 [800000..810000]: 8738 ms  (1144 ops/s)
  batch 82/100 [810000..820000]: 8974 ms  (1114 ops/s)
  batch 83/100 [820000..830000]: 9028 ms  (1107 ops/s)
  batch 84/100 [830000..840000]: 8847 ms  (1130 ops/s)
  batch 85/100 [840000..850000]: 8827 ms  (1132 ops/s)
  batch 86/100 [850000..860000]: 8737 ms  (1144 ops/s)
  batch 87/100 [860000..870000]: 9002 ms  (1110 ops/s)
  batch 88/100 [870000..880000]: 9059 ms  (1103 ops/s)
  batch 89/100 [880000..890000]: 8884 ms  (1125 ops/s)
  batch 90/100 [890000..900000]: 9082 ms  (1100 ops/s)
  batch 91/100 [900000..910000]: 8769 ms  (1140 ops/s)
  batch 92/100 [910000..920000]: 8825 ms  (1133 ops/s)
  batch 93/100 [920000..930000]: 8850 ms  (1129 ops/s)
  batch 94/100 [930000..940000]: 9008 ms  (1110 ops/s)
  batch 95/100 [940000..950000]: 9290 ms  (1076 ops/s)
  batch 96/100 [950000..960000]: 9227 ms  (1083 ops/s)
  batch 97/100 [960000..970000]: 9222 ms  (1084 ops/s)
  batch 98/100 [970000..980000]: 8895 ms  (1124 ops/s)
  batch 99/100 [980000..990000]: 8991 ms  (1112 ops/s)
  batch 100/100 [990000..1000000]: 9225 ms  (1083 ops/s)
  total: 814382 ms  (1227 ops/s)
  [T5] mixed_od_multi_v0.0_d0.1_random_t4_s1000000
dvi_txn_benchmark_naive
  experiment:      T5
  workload:        mixed
  mechanism:       od_multi
  violation:       0
  duplicate_rate:  0.1
  num_unique_lhs:  900000
  access:          random
  size:            1000000
  batch_size:      10000
  threads:         4
  pre_pop:         1000000

=== Iteration 1 ===
[PERF] operator[] used at src/lib/storage/value_segment.cpp:48
	Performance can be affected. This warning is only shown once.
[PERF] Unresolved iterator created for AbstractPosList at src/lib/storage/pos_lists/abstract_pos_list.cpp:8
	Performance can be affected. This warning is only shown once.
  batch 1/100 [0..10000]: 4218 ms  (2370 ops/s)
  batch 2/100 [10000..20000]: 4282 ms  (2335 ops/s)
  batch 3/100 [20000..30000]: 4322 ms  (2313 ops/s)
  batch 4/100 [30000..40000]: 4398 ms  (2273 ops/s)
[PERF] operator[] used at src/lib/storage/frame_of_reference_segment.cpp:49
	Performance can be affected. This warning is only shown once.
  batch 5/100 [40000..50000]: 4472 ms  (2235 ops/s)
  batch 6/100 [50000..60000]: 4532 ms  (2206 ops/s)
  batch 7/100 [60000..70000]: 4598 ms  (2174 ops/s)
  batch 8/100 [70000..80000]: 4672 ms  (2140 ops/s)
  batch 9/100 [80000..90000]: 4701 ms  (2127 ops/s)
  batch 10/100 [90000..100000]: 4760 ms  (2100 ops/s)
  batch 11/100 [100000..110000]: 4868 ms  (2053 ops/s)
  batch 12/100 [110000..120000]: 4663 ms  (2144 ops/s)
  batch 13/100 [120000..130000]: 4645 ms  (2152 ops/s)
  batch 14/100 [130000..140000]: 4684 ms  (2134 ops/s)
  batch 15/100 [140000..150000]: 4752 ms  (2104 ops/s)
  batch 16/100 [150000..160000]: 4822 ms  (2073 ops/s)
  batch 17/100 [160000..170000]: 4864 ms  (2055 ops/s)
  batch 18/100 [170000..180000]: 4953 ms  (2018 ops/s)
  batch 19/100 [180000..190000]: 4618 ms  (2165 ops/s)
  batch 20/100 [190000..200000]: 4742 ms  (2108 ops/s)
  batch 21/100 [200000..210000]: 4769 ms  (2096 ops/s)
  batch 22/100 [210000..220000]: 4832 ms  (2069 ops/s)
  batch 23/100 [220000..230000]: 4907 ms  (2037 ops/s)
  batch 24/100 [230000..240000]: 4986 ms  (2005 ops/s)
  batch 25/100 [240000..250000]: 4828 ms  (2070 ops/s)
  batch 26/100 [250000..260000]: 4679 ms  (2136 ops/s)
  batch 27/100 [260000..270000]: 4826 ms  (2071 ops/s)
  batch 28/100 [270000..280000]: 4867 ms  (2054 ops/s)
  batch 29/100 [280000..290000]: 4916 ms  (2033 ops/s)
  batch 30/100 [290000..300000]: 4955 ms  (2018 ops/s)
  batch 31/100 [300000..310000]: 5080 ms  (1968 ops/s)
  batch 32/100 [310000..320000]: 4842 ms  (2065 ops/s)
  batch 33/100 [320000..330000]: 4882 ms  (2048 ops/s)
  batch 34/100 [330000..340000]: 4884 ms  (2047 ops/s)
  batch 35/100 [340000..350000]: 4966 ms  (2013 ops/s)
  batch 36/100 [350000..360000]: 5031 ms  (1987 ops/s)
  batch 37/100 [360000..370000]: 5057 ms  (1977 ops/s)
  batch 38/100 [370000..380000]: 4981 ms  (2007 ops/s)
  batch 39/100 [380000..390000]: 4833 ms  (2068 ops/s)
  batch 40/100 [390000..400000]: 4964 ms  (2014 ops/s)
  batch 41/100 [400000..410000]: 4978 ms  (2008 ops/s)
  batch 42/100 [410000..420000]: 5092 ms  (1963 ops/s)
  batch 43/100 [420000..430000]: 5082 ms  (1967 ops/s)
  batch 44/100 [430000..440000]: 5178 ms  (1930 ops/s)
  batch 45/100 [440000..450000]: 4998 ms  (2000 ops/s)
  batch 46/100 [450000..460000]: 4975 ms  (2009 ops/s)
  batch 47/100 [460000..470000]: 5048 ms  (1980 ops/s)
  batch 48/100 [470000..480000]: 5073 ms  (1971 ops/s)
  batch 49/100 [480000..490000]: 5163 ms  (1936 ops/s)
  batch 50/100 [490000..500000]: 5235 ms  (1910 ops/s)
  batch 51/100 [500000..510000]: 5205 ms  (1920 ops/s)
  batch 52/100 [510000..520000]: 4957 ms  (2017 ops/s)
  batch 53/100 [520000..530000]: 5085 ms  (1966 ops/s)
  batch 54/100 [530000..540000]: 5146 ms  (1943 ops/s)
  batch 55/100 [540000..550000]: 5163 ms  (1936 ops/s)
  batch 56/100 [550000..560000]: 5247 ms  (1905 ops/s)
  batch 57/100 [560000..570000]: 5278 ms  (1894 ops/s)
  batch 58/100 [570000..580000]: 5151 ms  (1941 ops/s)
  batch 59/100 [580000..590000]: 5105 ms  (1958 ops/s)
  batch 60/100 [590000..600000]: 5150 ms  (1941 ops/s)
  batch 61/100 [600000..610000]: 5238 ms  (1909 ops/s)
  batch 62/100 [610000..620000]: 5280 ms  (1893 ops/s)
  batch 63/100 [620000..630000]: 5335 ms  (1874 ops/s)
  batch 64/100 [630000..640000]: 5381 ms  (1858 ops/s)
  batch 65/100 [640000..650000]: 5162 ms  (1937 ops/s)
  batch 66/100 [650000..660000]: 5191 ms  (1926 ops/s)
  batch 67/100 [660000..670000]: 5243 ms  (1907 ops/s)
  batch 68/100 [670000..680000]: 5207 ms  (1920 ops/s)
  batch 69/100 [680000..690000]: 5358 ms  (1866 ops/s)
  batch 70/100 [690000..700000]: 5433 ms  (1840 ops/s)
  batch 71/100 [700000..710000]: 5305 ms  (1885 ops/s)
  batch 72/100 [710000..720000]: 5273 ms  (1896 ops/s)
  batch 73/100 [720000..730000]: 5234 ms  (1910 ops/s)
  batch 74/100 [730000..740000]: 5349 ms  (1869 ops/s)
  batch 75/100 [740000..750000]: 5373 ms  (1860 ops/s)
  batch 76/100 [750000..760000]: 5469 ms  (1828 ops/s)
  batch 77/100 [760000..770000]: 5570 ms  (1795 ops/s)
  batch 78/100 [770000..780000]: 5206 ms  (1920 ops/s)
  batch 79/100 [780000..790000]: 5346 ms  (1870 ops/s)
  batch 80/100 [790000..800000]: 5430 ms  (1841 ops/s)
  batch 81/100 [800000..810000]: 5422 ms  (1844 ops/s)
  batch 82/100 [810000..820000]: 5502 ms  (1817 ops/s)
  batch 83/100 [820000..830000]: 5561 ms  (1798 ops/s)
  batch 84/100 [830000..840000]: 5483 ms  (1823 ops/s)
  batch 85/100 [840000..850000]: 5363 ms  (1864 ops/s)
  batch 86/100 [850000..860000]: 5417 ms  (1845 ops/s)
  batch 87/100 [860000..870000]: 5451 ms  (1834 ops/s)
  batch 88/100 [870000..880000]: 5441 ms  (1837 ops/s)
  batch 89/100 [880000..890000]: 5548 ms  (1802 ops/s)
  batch 90/100 [890000..900000]: 5546 ms  (1802 ops/s)
  batch 91/100 [900000..910000]: 5366 ms  (1863 ops/s)
  batch 92/100 [910000..920000]: 5401 ms  (1851 ops/s)
  batch 93/100 [920000..930000]: 5485 ms  (1822 ops/s)
  batch 94/100 [930000..940000]: 5522 ms  (1810 ops/s)
  batch 95/100 [940000..950000]: 5619 ms  (1779 ops/s)
  batch 96/100 [950000..960000]: 5619 ms  (1779 ops/s)
  batch 97/100 [960000..970000]: 5620 ms  (1779 ops/s)
  batch 98/100 [970000..980000]: 5455 ms  (1833 ops/s)
  batch 99/100 [980000..990000]: 5537 ms  (1805 ops/s)
  batch 100/100 [990000..1000000]: 5635 ms  (1774 ops/s)
  total: 509385 ms  (1963 ops/s)

=== Iteration 2 ===
  batch 1/100 [0..10000]: 4191 ms  (2385 ops/s)
  batch 2/100 [10000..20000]: 4298 ms  (2326 ops/s)
  batch 3/100 [20000..30000]: 4326 ms  (2311 ops/s)
  batch 4/100 [30000..40000]: 4394 ms  (2275 ops/s)
  batch 5/100 [40000..50000]: 4504 ms  (2219 ops/s)
  batch 6/100 [50000..60000]: 4529 ms  (2207 ops/s)
  batch 7/100 [60000..70000]: 4622 ms  (2163 ops/s)
  batch 8/100 [70000..80000]: 4604 ms  (2171 ops/s)
  batch 9/100 [80000..90000]: 4674 ms  (2139 ops/s)
  batch 10/100 [90000..100000]: 4738 ms  (2110 ops/s)
  batch 11/100 [100000..110000]: 4775 ms  (2094 ops/s)
  batch 12/100 [110000..120000]: 4731 ms  (2113 ops/s)
  batch 13/100 [120000..130000]: 4601 ms  (2173 ops/s)
  batch 14/100 [130000..140000]: 4670 ms  (2141 ops/s)
  batch 15/100 [140000..150000]: 4779 ms  (2092 ops/s)
  batch 16/100 [150000..160000]: 4800 ms  (2083 ops/s)
  batch 17/100 [160000..170000]: 4838 ms  (2066 ops/s)
  batch 18/100 [170000..180000]: 4925 ms  (2030 ops/s)
  batch 19/100 [180000..190000]: 4674 ms  (2139 ops/s)
  batch 20/100 [190000..200000]: 4757 ms  (2102 ops/s)
  batch 21/100 [200000..210000]: 4781 ms  (2091 ops/s)
  batch 22/100 [210000..220000]: 4855 ms  (2059 ops/s)
  batch 23/100 [220000..230000]: 4882 ms  (2048 ops/s)
  batch 24/100 [230000..240000]: 4905 ms  (2038 ops/s)
  batch 25/100 [240000..250000]: 4852 ms  (2060 ops/s)
  batch 26/100 [250000..260000]: 4763 ms  (2099 ops/s)
  batch 27/100 [260000..270000]: 4812 ms  (2077 ops/s)
  batch 28/100 [270000..280000]: 4872 ms  (2052 ops/s)
  batch 29/100 [280000..290000]: 4968 ms  (2012 ops/s)
  batch 30/100 [290000..300000]: 4935 ms  (2026 ops/s)
  batch 31/100 [300000..310000]: 4998 ms  (2000 ops/s)
  batch 32/100 [310000..320000]: 4789 ms  (2087 ops/s)
  batch 33/100 [320000..330000]: 4857 ms  (2058 ops/s)
  batch 34/100 [330000..340000]: 4916 ms  (2034 ops/s)
  batch 35/100 [340000..350000]: 4962 ms  (2015 ops/s)
  batch 36/100 [350000..360000]: 5025 ms  (1989 ops/s)
  batch 37/100 [360000..370000]: 5107 ms  (1957 ops/s)
  batch 38/100 [370000..380000]: 5017 ms  (1993 ops/s)
  batch 39/100 [380000..390000]: 4875 ms  (2051 ops/s)
  batch 40/100 [390000..400000]: 4886 ms  (2046 ops/s)
  batch 41/100 [400000..410000]: 5000 ms  (1999 ops/s)
  batch 42/100 [410000..420000]: 5020 ms  (1991 ops/s)
  batch 43/100 [420000..430000]: 5076 ms  (1969 ops/s)
  batch 44/100 [430000..440000]: 5155 ms  (1939 ops/s)
  batch 45/100 [440000..450000]: 5024 ms  (1990 ops/s)
  batch 46/100 [450000..460000]: 4992 ms  (2002 ops/s)
  batch 47/100 [460000..470000]: 5030 ms  (1987 ops/s)
  batch 48/100 [470000..480000]: 5087 ms  (1965 ops/s)
  batch 49/100 [480000..490000]: 5163 ms  (1936 ops/s)
  batch 50/100 [490000..500000]: 5195 ms  (1924 ops/s)
  batch 51/100 [500000..510000]: 5204 ms  (1921 ops/s)
  batch 52/100 [510000..520000]: 5044 ms  (1982 ops/s)
  batch 53/100 [520000..530000]: 5061 ms  (1975 ops/s)
  batch 54/100 [530000..540000]: 5120 ms  (1953 ops/s)
  batch 55/100 [540000..550000]: 5205 ms  (1920 ops/s)
  batch 56/100 [550000..560000]: 5261 ms  (1900 ops/s)
  batch 57/100 [560000..570000]: 5287 ms  (1891 ops/s)
  batch 58/100 [570000..580000]: 5183 ms  (1929 ops/s)
  batch 59/100 [580000..590000]: 5129 ms  (1949 ops/s)
  batch 60/100 [590000..600000]: 5153 ms  (1940 ops/s)
  batch 61/100 [600000..610000]: 5255 ms  (1902 ops/s)
  batch 62/100 [610000..620000]: 5262 ms  (1900 ops/s)
  batch 63/100 [620000..630000]: 5297 ms  (1887 ops/s)
  batch 64/100 [630000..640000]: 5385 ms  (1856 ops/s)
  batch 65/100 [640000..650000]: 5068 ms  (1973 ops/s)
  batch 66/100 [650000..660000]: 5248 ms  (1905 ops/s)
  batch 67/100 [660000..670000]: 5266 ms  (1898 ops/s)
  batch 68/100 [670000..680000]: 5321 ms  (1879 ops/s)
  batch 69/100 [680000..690000]: 5402 ms  (1851 ops/s)
  batch 70/100 [690000..700000]: 5419 ms  (1845 ops/s)
  batch 71/100 [700000..710000]: 5304 ms  (1885 ops/s)
  batch 72/100 [710000..720000]: 5229 ms  (1912 ops/s)
  batch 73/100 [720000..730000]: 5308 ms  (1883 ops/s)
  batch 74/100 [730000..740000]: 5373 ms  (1861 ops/s)
  batch 75/100 [740000..750000]: 5449 ms  (1835 ops/s)
  batch 76/100 [750000..760000]: 5470 ms  (1827 ops/s)
  batch 77/100 [760000..770000]: 5566 ms  (1796 ops/s)
  batch 78/100 [770000..780000]: 5283 ms  (1892 ops/s)
  batch 79/100 [780000..790000]: 5370 ms  (1861 ops/s)
  batch 80/100 [790000..800000]: 5393 ms  (1854 ops/s)
  batch 81/100 [800000..810000]: 5472 ms  (1827 ops/s)
  batch 82/100 [810000..820000]: 5503 ms  (1817 ops/s)
  batch 83/100 [820000..830000]: 5583 ms  (1790 ops/s)
  batch 84/100 [830000..840000]: 5499 ms  (1818 ops/s)
  batch 85/100 [840000..850000]: 5374 ms  (1860 ops/s)
  batch 86/100 [850000..860000]: 5443 ms  (1837 ops/s)
  batch 87/100 [860000..870000]: 5499 ms  (1818 ops/s)
  batch 88/100 [870000..880000]: 5551 ms  (1801 ops/s)
  batch 89/100 [880000..890000]: 5577 ms  (1792 ops/s)
  batch 90/100 [890000..900000]: 5645 ms  (1771 ops/s)
  batch 91/100 [900000..910000]: 5405 ms  (1850 ops/s)
  batch 92/100 [910000..920000]: 5487 ms  (1822 ops/s)
  batch 93/100 [920000..930000]: 5507 ms  (1815 ops/s)
  batch 94/100 [930000..940000]: 5593 ms  (1787 ops/s)
  batch 95/100 [940000..950000]: 5605 ms  (1784 ops/s)
  batch 96/100 [950000..960000]: 5714 ms  (1749 ops/s)
  batch 97/100 [960000..970000]: 5613 ms  (1781 ops/s)
  batch 98/100 [970000..980000]: 5528 ms  (1808 ops/s)
  batch 99/100 [980000..990000]: 5539 ms  (1805 ops/s)
  batch 100/100 [990000..1000000]: 5616 ms  (1780 ops/s)
  total: 510342 ms  (1959 ops/s)

=== Iteration 3 ===
  batch 1/100 [0..10000]: 4191 ms  (2386 ops/s)
  batch 2/100 [10000..20000]: 4299 ms  (2325 ops/s)
  batch 3/100 [20000..30000]: 4294 ms  (2328 ops/s)
  batch 4/100 [30000..40000]: 4416 ms  (2264 ops/s)
  batch 5/100 [40000..50000]: 4490 ms  (2226 ops/s)
  batch 6/100 [50000..60000]: 4546 ms  (2199 ops/s)
  batch 7/100 [60000..70000]: 4629 ms  (2159 ops/s)
  batch 8/100 [70000..80000]: 4654 ms  (2148 ops/s)
  batch 9/100 [80000..90000]: 4720 ms  (2118 ops/s)
  batch 10/100 [90000..100000]: 4772 ms  (2095 ops/s)
  batch 11/100 [100000..110000]: 4839 ms  (2066 ops/s)
  batch 12/100 [110000..120000]: 4734 ms  (2112 ops/s)
  batch 13/100 [120000..130000]: 4641 ms  (2154 ops/s)
  batch 14/100 [130000..140000]: 4723 ms  (2117 ops/s)
  batch 15/100 [140000..150000]: 4769 ms  (2096 ops/s)
  batch 16/100 [150000..160000]: 4804 ms  (2081 ops/s)
  batch 17/100 [160000..170000]: 4891 ms  (2044 ops/s)
  batch 18/100 [170000..180000]: 4926 ms  (2030 ops/s)
  batch 19/100 [180000..190000]: 4708 ms  (2123 ops/s)
  batch 20/100 [190000..200000]: 4708 ms  (2123 ops/s)
  batch 21/100 [200000..210000]: 4817 ms  (2075 ops/s)
  batch 22/100 [210000..220000]: 4843 ms  (2064 ops/s)
  batch 23/100 [220000..230000]: 4914 ms  (2034 ops/s)
  batch 24/100 [230000..240000]: 4973 ms  (2010 ops/s)
  batch 25/100 [240000..250000]: 4893 ms  (2043 ops/s)
  batch 26/100 [250000..260000]: 4764 ms  (2099 ops/s)
  batch 27/100 [260000..270000]: 4832 ms  (2069 ops/s)
  batch 28/100 [270000..280000]: 4890 ms  (2044 ops/s)
  batch 29/100 [280000..290000]: 4937 ms  (2025 ops/s)
  batch 30/100 [290000..300000]: 4992 ms  (2002 ops/s)
  batch 31/100 [300000..310000]: 5042 ms  (1983 ops/s)
  batch 32/100 [310000..320000]: 4836 ms  (2067 ops/s)
  batch 33/100 [320000..330000]: 4865 ms  (2055 ops/s)
  batch 34/100 [330000..340000]: 4933 ms  (2027 ops/s)
  batch 35/100 [340000..350000]: 4980 ms  (2007 ops/s)
  batch 36/100 [350000..360000]: 5041 ms  (1983 ops/s)
  batch 37/100 [360000..370000]: 5050 ms  (1980 ops/s)
  batch 38/100 [370000..380000]: 5012 ms  (1995 ops/s)
  batch 39/100 [380000..390000]: 4893 ms  (2043 ops/s)
  batch 40/100 [390000..400000]: 4950 ms  (2019 ops/s)
  batch 41/100 [400000..410000]: 5018 ms  (1992 ops/s)
  batch 42/100 [410000..420000]: 5061 ms  (1975 ops/s)
  batch 43/100 [420000..430000]: 5173 ms  (1932 ops/s)
  batch 44/100 [430000..440000]: 5153 ms  (1940 ops/s)
  batch 45/100 [440000..450000]: 5019 ms  (1992 ops/s)
  batch 46/100 [450000..460000]: 5002 ms  (1999 ops/s)
  batch 47/100 [460000..470000]: 5072 ms  (1971 ops/s)
  batch 48/100 [470000..480000]: 5094 ms  (1962 ops/s)
  batch 49/100 [480000..490000]: 5159 ms  (1938 ops/s)
  batch 50/100 [490000..500000]: 5218 ms  (1916 ops/s)
  batch 51/100 [500000..510000]: 5234 ms  (1910 ops/s)
  batch 52/100 [510000..520000]: 4983 ms  (2006 ops/s)
  batch 53/100 [520000..530000]: 5042 ms  (1983 ops/s)
  batch 54/100 [530000..540000]: 5132 ms  (1948 ops/s)
  batch 55/100 [540000..550000]: 5201 ms  (1922 ops/s)
  batch 56/100 [550000..560000]: 5259 ms  (1901 ops/s)
  batch 57/100 [560000..570000]: 5336 ms  (1873 ops/s)
  batch 58/100 [570000..580000]: 5147 ms  (1942 ops/s)
  batch 59/100 [580000..590000]: 5112 ms  (1955 ops/s)
  batch 60/100 [590000..600000]: 5200 ms  (1923 ops/s)
  batch 61/100 [600000..610000]: 5192 ms  (1925 ops/s)
  batch 62/100 [610000..620000]: 5267 ms  (1898 ops/s)
  batch 63/100 [620000..630000]: 5317 ms  (1880 ops/s)
  batch 64/100 [630000..640000]: 5362 ms  (1864 ops/s)
  batch 65/100 [640000..650000]: 5166 ms  (1935 ops/s)
  batch 66/100 [650000..660000]: 5207 ms  (1920 ops/s)
  batch 67/100 [660000..670000]: 5295 ms  (1888 ops/s)
  batch 68/100 [670000..680000]: 5289 ms  (1890 ops/s)
  batch 69/100 [680000..690000]: 5370 ms  (1862 ops/s)
  batch 70/100 [690000..700000]: 5441 ms  (1837 ops/s)
  batch 71/100 [700000..710000]: 5319 ms  (1880 ops/s)
  batch 72/100 [710000..720000]: 5248 ms  (1905 ops/s)
  batch 73/100 [720000..730000]: 5311 ms  (1882 ops/s)
  batch 74/100 [730000..740000]: 5363 ms  (1864 ops/s)
  batch 75/100 [740000..750000]: 5423 ms  (1843 ops/s)
  batch 76/100 [750000..760000]: 5487 ms  (1822 ops/s)
  batch 77/100 [760000..770000]: 5537 ms  (1805 ops/s)
  batch 78/100 [770000..780000]: 5266 ms  (1898 ops/s)
  batch 79/100 [780000..790000]: 5343 ms  (1871 ops/s)
  batch 80/100 [790000..800000]: 5403 ms  (1850 ops/s)
  batch 81/100 [800000..810000]: 5455 ms  (1832 ops/s)
  batch 82/100 [810000..820000]: 5518 ms  (1812 ops/s)
  batch 83/100 [820000..830000]: 5550 ms  (1801 ops/s)
  batch 84/100 [830000..840000]: 5442 ms  (1837 ops/s)
  batch 85/100 [840000..850000]: 5337 ms  (1873 ops/s)
  batch 86/100 [850000..860000]: 5393 ms  (1854 ops/s)
  batch 87/100 [860000..870000]: 5478 ms  (1825 ops/s)
  batch 88/100 [870000..880000]: 5547 ms  (1802 ops/s)
  batch 89/100 [880000..890000]: 5561 ms  (1797 ops/s)
  batch 90/100 [890000..900000]: 5623 ms  (1778 ops/s)
  batch 91/100 [900000..910000]: 5396 ms  (1853 ops/s)
  batch 92/100 [910000..920000]: 5479 ms  (1825 ops/s)
  batch 93/100 [920000..930000]: 5510 ms  (1814 ops/s)
  batch 94/100 [930000..940000]: 5521 ms  (1810 ops/s)
  batch 95/100 [940000..950000]: 5559 ms  (1798 ops/s)
  batch 96/100 [950000..960000]: 5689 ms  (1757 ops/s)
  batch 97/100 [960000..970000]: 5632 ms  (1775 ops/s)
  batch 98/100 [970000..980000]: 5472 ms  (1827 ops/s)
  batch 99/100 [980000..990000]: 5535 ms  (1806 ops/s)
  batch 100/100 [990000..1000000]: 5574 ms  (1793 ops/s)
  total: 510749 ms  (1957 ops/s)
  [T5] mixed_od_multi_v0.0_d0.1_random_t8_s1000000
dvi_txn_benchmark_naive
  experiment:      T5
  workload:        mixed
  mechanism:       od_multi
  violation:       0
  duplicate_rate:  0.1
  num_unique_lhs:  900000
  access:          random
  size:            1000000
  batch_size:      10000
  threads:         8
  pre_pop:         1000000

=== Iteration 1 ===
[PERF] operator[] used at src/lib/storage/value_segment.cpp:48
	Performance can be affected. This warning is only shown once.
[PERF] Unresolved iterator created for AbstractPosList at src/lib/storage/pos_lists/abstract_pos_list.cpp:8
	Performance can be affected. This warning is only shown once.
  batch 1/100 [0..10000]: 2590 ms  (3860 ops/s)
  batch 2/100 [10000..20000]: 2682 ms  (3728 ops/s)
  batch 3/100 [20000..30000]: 2697 ms  (3707 ops/s)
  batch 4/100 [30000..40000]: 2725 ms  (3668 ops/s)
[PERF] operator[] used at src/lib/storage/frame_of_reference_segment.cpp:49
	Performance can be affected. This warning is only shown once.
  batch 5/100 [40000..50000]: 2790 ms  (3584 ops/s)
  batch 6/100 [50000..60000]: 2775 ms  (3602 ops/s)
  batch 7/100 [60000..70000]: 2816 ms  (3551 ops/s)
  batch 8/100 [70000..80000]: 2852 ms  (3505 ops/s)
  batch 9/100 [80000..90000]: 2862 ms  (3493 ops/s)
  batch 10/100 [90000..100000]: 2734 ms  (3656 ops/s)
  batch 11/100 [100000..110000]: 2900 ms  (3447 ops/s)
  batch 12/100 [110000..120000]: 2843 ms  (3516 ops/s)
  batch 13/100 [120000..130000]: 2855 ms  (3501 ops/s)
  batch 14/100 [130000..140000]: 2870 ms  (3483 ops/s)
  batch 15/100 [140000..150000]: 2883 ms  (3467 ops/s)
  batch 16/100 [150000..160000]: 2792 ms  (3581 ops/s)
  batch 17/100 [160000..170000]: 2935 ms  (3406 ops/s)
  batch 18/100 [170000..180000]: 2987 ms  (3347 ops/s)
  batch 19/100 [180000..190000]: 2717 ms  (3680 ops/s)
  batch 20/100 [190000..200000]: 2849 ms  (3509 ops/s)
  batch 21/100 [200000..210000]: 2858 ms  (3498 ops/s)
  batch 22/100 [210000..220000]: 2909 ms  (3436 ops/s)
  batch 23/100 [220000..230000]: 2967 ms  (3369 ops/s)
  batch 24/100 [230000..240000]: 2976 ms  (3359 ops/s)
  batch 25/100 [240000..250000]: 2951 ms  (3387 ops/s)
  batch 26/100 [250000..260000]: 2907 ms  (3439 ops/s)
  batch 27/100 [260000..270000]: 2932 ms  (3410 ops/s)
  batch 28/100 [270000..280000]: 2941 ms  (3399 ops/s)
  batch 29/100 [280000..290000]: 2954 ms  (3384 ops/s)
  batch 30/100 [290000..300000]: 2977 ms  (3358 ops/s)
  batch 31/100 [300000..310000]: 3013 ms  (3318 ops/s)
  batch 32/100 [310000..320000]: 2906 ms  (3440 ops/s)
  batch 33/100 [320000..330000]: 2900 ms  (3448 ops/s)
  batch 34/100 [330000..340000]: 2953 ms  (3385 ops/s)
  batch 35/100 [340000..350000]: 2965 ms  (3372 ops/s)
  batch 36/100 [350000..360000]: 2997 ms  (3335 ops/s)
  batch 37/100 [360000..370000]: 3015 ms  (3315 ops/s)
  batch 38/100 [370000..380000]: 3046 ms  (3282 ops/s)
  batch 39/100 [380000..390000]: 2987 ms  (3347 ops/s)
  batch 40/100 [390000..400000]: 2984 ms  (3351 ops/s)
  batch 41/100 [400000..410000]: 3007 ms  (3324 ops/s)
  batch 42/100 [410000..420000]: 2941 ms  (3399 ops/s)
  batch 43/100 [420000..430000]: 3067 ms  (3260 ops/s)
  batch 44/100 [430000..440000]: 3079 ms  (3247 ops/s)
  batch 45/100 [440000..450000]: 3029 ms  (3301 ops/s)
  batch 46/100 [450000..460000]: 3002 ms  (3330 ops/s)
  batch 47/100 [460000..470000]: 3016 ms  (3314 ops/s)
  batch 48/100 [470000..480000]: 3054 ms  (3273 ops/s)
  batch 49/100 [480000..490000]: 2898 ms  (3450 ops/s)
  batch 50/100 [490000..500000]: 2914 ms  (3430 ops/s)
  batch 51/100 [500000..510000]: 3097 ms  (3228 ops/s)
  batch 52/100 [510000..520000]: 3046 ms  (3282 ops/s)
  batch 53/100 [520000..530000]: 2869 ms  (3484 ops/s)
  batch 54/100 [530000..540000]: 3083 ms  (3242 ops/s)
  batch 55/100 [540000..550000]: 3092 ms  (3233 ops/s)
  batch 56/100 [550000..560000]: 3085 ms  (3240 ops/s)
  batch 57/100 [560000..570000]: 3102 ms  (3223 ops/s)
  batch 58/100 [570000..580000]: 3085 ms  (3240 ops/s)
  batch 59/100 [580000..590000]: 3057 ms  (3270 ops/s)
  batch 60/100 [590000..600000]: 2984 ms  (3350 ops/s)
  batch 61/100 [600000..610000]: 3090 ms  (3236 ops/s)
  batch 62/100 [610000..620000]: 3021 ms  (3309 ops/s)
  batch 63/100 [620000..630000]: 3154 ms  (3170 ops/s)
  batch 64/100 [630000..640000]: 3192 ms  (3132 ops/s)
  batch 65/100 [640000..650000]: 2927 ms  (3415 ops/s)
  batch 66/100 [650000..660000]: 3104 ms  (3221 ops/s)
  batch 67/100 [660000..670000]: 3101 ms  (3224 ops/s)
  batch 68/100 [670000..680000]: 3172 ms  (3152 ops/s)
  batch 69/100 [680000..690000]: 3083 ms  (3243 ops/s)
  batch 70/100 [690000..700000]: 3180 ms  (3144 ops/s)
  batch 71/100 [700000..710000]: 3185 ms  (3139 ops/s)
  batch 72/100 [710000..720000]: 3091 ms  (3235 ops/s)
  batch 73/100 [720000..730000]: 3068 ms  (3258 ops/s)
  batch 74/100 [730000..740000]: 3178 ms  (3145 ops/s)
  batch 75/100 [740000..750000]: 3219 ms  (3106 ops/s)
  batch 76/100 [750000..760000]: 3202 ms  (3122 ops/s)
  batch 77/100 [760000..770000]: 3269 ms  (3058 ops/s)
  batch 78/100 [770000..780000]: 3029 ms  (3301 ops/s)
  batch 79/100 [780000..790000]: 3189 ms  (3135 ops/s)
  batch 80/100 [790000..800000]: 3068 ms  (3258 ops/s)
  batch 81/100 [800000..810000]: 3239 ms  (3086 ops/s)
  batch 82/100 [810000..820000]: 3120 ms  (3204 ops/s)
  batch 83/100 [820000..830000]: 3157 ms  (3167 ops/s)
  batch 84/100 [830000..840000]: 3168 ms  (3155 ops/s)
  batch 85/100 [840000..850000]: 3205 ms  (3119 ops/s)
  batch 86/100 [850000..860000]: 3194 ms  (3130 ops/s)
  batch 87/100 [860000..870000]: 3125 ms  (3199 ops/s)
  batch 88/100 [870000..880000]: 3077 ms  (3249 ops/s)
  batch 89/100 [880000..890000]: 3289 ms  (3039 ops/s)
  batch 90/100 [890000..900000]: 3168 ms  (3156 ops/s)
  batch 91/100 [900000..910000]: 3069 ms  (3258 ops/s)
  batch 92/100 [910000..920000]: 3220 ms  (3105 ops/s)
  batch 93/100 [920000..930000]: 3109 ms  (3216 ops/s)
  batch 94/100 [930000..940000]: 3196 ms  (3128 ops/s)
  batch 95/100 [940000..950000]: 3258 ms  (3069 ops/s)
  batch 96/100 [950000..960000]: 3307 ms  (3023 ops/s)
  batch 97/100 [960000..970000]: 3313 ms  (3017 ops/s)
  batch 98/100 [970000..980000]: 3130 ms  (3194 ops/s)
  batch 99/100 [980000..990000]: 3275 ms  (3052 ops/s)
  batch 100/100 [990000..1000000]: 3138 ms  (3186 ops/s)
  total: 302130 ms  (3309 ops/s)

=== Iteration 2 ===
  batch 1/100 [0..10000]: 2595 ms  (3853 ops/s)
  batch 2/100 [10000..20000]: 2663 ms  (3754 ops/s)
  batch 3/100 [20000..30000]: 2698 ms  (3705 ops/s)
  batch 4/100 [30000..40000]: 2697 ms  (3706 ops/s)
  batch 5/100 [40000..50000]: 2771 ms  (3608 ops/s)
  batch 6/100 [50000..60000]: 2692 ms  (3713 ops/s)
  batch 7/100 [60000..70000]: 2812 ms  (3555 ops/s)
  batch 8/100 [70000..80000]: 2824 ms  (3540 ops/s)
  batch 9/100 [80000..90000]: 2699 ms  (3704 ops/s)
  batch 10/100 [90000..100000]: 2710 ms  (3688 ops/s)
  batch 11/100 [100000..110000]: 2896 ms  (3452 ops/s)
  batch 12/100 [110000..120000]: 2800 ms  (3570 ops/s)
  batch 13/100 [120000..130000]: 2825 ms  (3539 ops/s)
  batch 14/100 [130000..140000]: 2849 ms  (3509 ops/s)
  batch 15/100 [140000..150000]: 2845 ms  (3514 ops/s)
  batch 16/100 [150000..160000]: 2904 ms  (3443 ops/s)
  batch 17/100 [160000..170000]: 2926 ms  (3416 ops/s)
  batch 18/100 [170000..180000]: 2975 ms  (3360 ops/s)
  batch 19/100 [180000..190000]: 2838 ms  (3522 ops/s)
  batch 20/100 [190000..200000]: 2867 ms  (3487 ops/s)
  batch 21/100 [200000..210000]: 2906 ms  (3440 ops/s)
  batch 22/100 [210000..220000]: 2816 ms  (3550 ops/s)
  batch 23/100 [220000..230000]: 2942 ms  (3399 ops/s)
  batch 24/100 [230000..240000]: 2980 ms  (3355 ops/s)
  batch 25/100 [240000..250000]: 2857 ms  (3499 ops/s)
  batch 26/100 [250000..260000]: 2862 ms  (3492 ops/s)
  batch 27/100 [260000..270000]: 2821 ms  (3543 ops/s)
  batch 28/100 [270000..280000]: 2949 ms  (3390 ops/s)
  batch 29/100 [280000..290000]: 2766 ms  (3615 ops/s)
  batch 30/100 [290000..300000]: 2959 ms  (3378 ops/s)
  batch 31/100 [300000..310000]: 2995 ms  (3338 ops/s)
  batch 32/100 [310000..320000]: 2881 ms  (3470 ops/s)
  batch 33/100 [320000..330000]: 2929 ms  (3413 ops/s)
  batch 34/100 [330000..340000]: 2949 ms  (3390 ops/s)
  batch 35/100 [340000..350000]: 2830 ms  (3532 ops/s)
  batch 36/100 [350000..360000]: 2984 ms  (3351 ops/s)
  batch 37/100 [360000..370000]: 3024 ms  (3306 ops/s)
  batch 38/100 [370000..380000]: 2940 ms  (3401 ops/s)
  batch 39/100 [380000..390000]: 2823 ms  (3541 ops/s)
  batch 40/100 [390000..400000]: 2858 ms  (3497 ops/s)
  batch 41/100 [400000..410000]: 2842 ms  (3518 ops/s)
  batch 42/100 [410000..420000]: 3021 ms  (3309 ops/s)
  batch 43/100 [420000..430000]: 2893 ms  (3455 ops/s)
  batch 44/100 [430000..440000]: 3072 ms  (3255 ops/s)
  batch 45/100 [440000..450000]: 3051 ms  (3276 ops/s)
  batch 46/100 [450000..460000]: 2841 ms  (3519 ops/s)
  batch 47/100 [460000..470000]: 2871 ms  (3482 ops/s)
  batch 48/100 [470000..480000]: 3030 ms  (3299 ops/s)
  batch 49/100 [480000..490000]: 3065 ms  (3261 ops/s)
  batch 50/100 [490000..500000]: 2940 ms  (3400 ops/s)
  batch 51/100 [500000..510000]: 3026 ms  (3303 ops/s)
  batch 52/100 [510000..520000]: 3015 ms  (3315 ops/s)
  batch 53/100 [520000..530000]: 3051 ms  (3277 ops/s)
  batch 54/100 [530000..540000]: 2960 ms  (3377 ops/s)
  batch 55/100 [540000..550000]: 2918 ms  (3426 ops/s)
  batch 56/100 [550000..560000]: 3076 ms  (3249 ops/s)
  batch 57/100 [560000..570000]: 2993 ms  (3340 ops/s)
  batch 58/100 [570000..580000]: 2942 ms  (3398 ops/s)
  batch 59/100 [580000..590000]: 2987 ms  (3347 ops/s)
  batch 60/100 [590000..600000]: 3091 ms  (3235 ops/s)
  batch 61/100 [600000..610000]: 2975 ms  (3361 ops/s)
  batch 62/100 [610000..620000]: 3165 ms  (3159 ops/s)
  batch 63/100 [620000..630000]: 3075 ms  (3251 ops/s)
  batch 64/100 [630000..640000]: 3199 ms  (3125 ops/s)
  batch 65/100 [640000..650000]: 3040 ms  (3289 ops/s)
  batch 66/100 [650000..660000]: 3043 ms  (3285 ops/s)
  batch 67/100 [660000..670000]: 3060 ms  (3267 ops/s)
  batch 68/100 [670000..680000]: 3138 ms  (3186 ops/s)
  batch 69/100 [680000..690000]: 3157 ms  (3167 ops/s)
  batch 70/100 [690000..700000]: 3044 ms  (3284 ops/s)
  batch 71/100 [700000..710000]: 3179 ms  (3145 ops/s)
  batch 72/100 [710000..720000]: 3028 ms  (3302 ops/s)
  batch 73/100 [720000..730000]: 3052 ms  (3275 ops/s)
  batch 74/100 [730000..740000]: 3094 ms  (3231 ops/s)
  batch 75/100 [740000..750000]: 3100 ms  (3225 ops/s)
  batch 76/100 [750000..760000]: 3241 ms  (3084 ops/s)
  batch 77/100 [760000..770000]: 3220 ms  (3104 ops/s)
  batch 78/100 [770000..780000]: 3138 ms  (3186 ops/s)
  batch 79/100 [780000..790000]: 3188 ms  (3136 ops/s)
  batch 80/100 [790000..800000]: 3050 ms  (3277 ops/s)
  batch 81/100 [800000..810000]: 3199 ms  (3125 ops/s)
  batch 82/100 [810000..820000]: 3128 ms  (3196 ops/s)
  batch 83/100 [820000..830000]: 3262 ms  (3065 ops/s)
  batch 84/100 [830000..840000]: 3101 ms  (3223 ops/s)
  batch 85/100 [840000..850000]: 3152 ms  (3172 ops/s)
  batch 86/100 [850000..860000]: 3062 ms  (3265 ops/s)
  batch 87/100 [860000..870000]: 3247 ms  (3079 ops/s)
  batch 88/100 [870000..880000]: 3227 ms  (3098 ops/s)
  batch 89/100 [880000..890000]: 3182 ms  (3142 ops/s)
  batch 90/100 [890000..900000]: 3301 ms  (3029 ops/s)
  batch 91/100 [900000..910000]: 3081 ms  (3245 ops/s)
  batch 92/100 [910000..920000]: 3196 ms  (3128 ops/s)
  batch 93/100 [920000..930000]: 3270 ms  (3057 ops/s)
  batch 94/100 [930000..940000]: 3157 ms  (3166 ops/s)
  batch 95/100 [940000..950000]: 3292 ms  (3037 ops/s)
  batch 96/100 [950000..960000]: 3293 ms  (3036 ops/s)
  batch 97/100 [960000..970000]: 3328 ms  (3004 ops/s)
  batch 98/100 [970000..980000]: 3096 ms  (3229 ops/s)
  batch 99/100 [980000..990000]: 3263 ms  (3063 ops/s)
  batch 100/100 [990000..1000000]: 3172 ms  (3152 ops/s)
  total: 299889 ms  (3334 ops/s)

=== Iteration 3 ===
  batch 1/100 [0..10000]: 2670 ms  (3744 ops/s)
  batch 2/100 [10000..20000]: 2666 ms  (3750 ops/s)
  batch 3/100 [20000..30000]: 2664 ms  (3753 ops/s)
  batch 4/100 [30000..40000]: 2700 ms  (3702 ops/s)
  batch 5/100 [40000..50000]: 2808 ms  (3560 ops/s)
  batch 6/100 [50000..60000]: 2744 ms  (3644 ops/s)
  batch 7/100 [60000..70000]: 2796 ms  (3575 ops/s)
  batch 8/100 [70000..80000]: 2813 ms  (3554 ops/s)
  batch 9/100 [80000..90000]: 2836 ms  (3524 ops/s)
  batch 10/100 [90000..100000]: 2881 ms  (3470 ops/s)
  batch 11/100 [100000..110000]: 2898 ms  (3449 ops/s)
  batch 12/100 [110000..120000]: 2888 ms  (3461 ops/s)
  batch 13/100 [120000..130000]: 2829 ms  (3534 ops/s)
  batch 14/100 [130000..140000]: 2763 ms  (3618 ops/s)
  batch 15/100 [140000..150000]: 2883 ms  (3467 ops/s)
  batch 16/100 [150000..160000]: 2815 ms  (3551 ops/s)
  batch 17/100 [160000..170000]: 2903 ms  (3444 ops/s)
  batch 18/100 [170000..180000]: 2930 ms  (3412 ops/s)
  batch 19/100 [180000..190000]: 2844 ms  (3515 ops/s)
  batch 20/100 [190000..200000]: 2842 ms  (3517 ops/s)
  batch 21/100 [200000..210000]: 2755 ms  (3629 ops/s)
  batch 22/100 [210000..220000]: 2903 ms  (3444 ops/s)
  batch 23/100 [220000..230000]: 2908 ms  (3437 ops/s)
  batch 24/100 [230000..240000]: 2973 ms  (3363 ops/s)
  batch 25/100 [240000..250000]: 2937 ms  (3404 ops/s)
  batch 26/100 [250000..260000]: 2901 ms  (3446 ops/s)
  batch 27/100 [260000..270000]: 2885 ms  (3465 ops/s)
  batch 28/100 [270000..280000]: 2854 ms  (3503 ops/s)
  batch 29/100 [280000..290000]: 2923 ms  (3420 ops/s)
  batch 30/100 [290000..300000]: 2837 ms  (3524 ops/s)
  batch 31/100 [300000..310000]: 3017 ms  (3314 ops/s)
  batch 32/100 [310000..320000]: 2908 ms  (3438 ops/s)
  batch 33/100 [320000..330000]: 2913 ms  (3431 ops/s)
  batch 34/100 [330000..340000]: 2967 ms  (3369 ops/s)
  batch 35/100 [340000..350000]: 2961 ms  (3376 ops/s)
  batch 36/100 [350000..360000]: 2998 ms  (3335 ops/s)
  batch 37/100 [360000..370000]: 2999 ms  (3334 ops/s)
  batch 38/100 [370000..380000]: 3004 ms  (3328 ops/s)
  batch 39/100 [380000..390000]: 2911 ms  (3434 ops/s)
  batch 40/100 [390000..400000]: 2896 ms  (3452 ops/s)
  batch 41/100 [400000..410000]: 3011 ms  (3320 ops/s)
  batch 42/100 [410000..420000]: 3019 ms  (3311 ops/s)
  batch 43/100 [420000..430000]: 3033 ms  (3297 ops/s)
  batch 44/100 [430000..440000]: 3062 ms  (3265 ops/s)
  batch 45/100 [440000..450000]: 3009 ms  (3322 ops/s)
  batch 46/100 [450000..460000]: 2993 ms  (3340 ops/s)
  batch 47/100 [460000..470000]: 2880 ms  (3471 ops/s)
  batch 48/100 [470000..480000]: 3032 ms  (3297 ops/s)
  batch 49/100 [480000..490000]: 3077 ms  (3249 ops/s)
  batch 50/100 [490000..500000]: 3117 ms  (3207 ops/s)
  batch 51/100 [500000..510000]: 2984 ms  (3351 ops/s)
  batch 52/100 [510000..520000]: 2984 ms  (3351 ops/s)
  batch 53/100 [520000..530000]: 3057 ms  (3270 ops/s)
  batch 54/100 [530000..540000]: 3059 ms  (3268 ops/s)
  batch 55/100 [540000..550000]: 3095 ms  (3230 ops/s)
  batch 56/100 [550000..560000]: 3114 ms  (3210 ops/s)
  batch 57/100 [560000..570000]: 3129 ms  (3195 ops/s)
  batch 58/100 [570000..580000]: 3095 ms  (3230 ops/s)
  batch 59/100 [580000..590000]: 3052 ms  (3275 ops/s)
  batch 60/100 [590000..600000]: 3053 ms  (3274 ops/s)
  batch 61/100 [600000..610000]: 3091 ms  (3234 ops/s)
  batch 62/100 [610000..620000]: 3134 ms  (3190 ops/s)
  batch 63/100 [620000..630000]: 3060 ms  (3267 ops/s)
  batch 64/100 [630000..640000]: 3191 ms  (3133 ops/s)
  batch 65/100 [640000..650000]: 3068 ms  (3258 ops/s)
  batch 66/100 [650000..660000]: 3106 ms  (3219 ops/s)
  batch 67/100 [660000..670000]: 3053 ms  (3274 ops/s)
  batch 68/100 [670000..680000]: 3165 ms  (3159 ops/s)
  batch 69/100 [680000..690000]: 3178 ms  (3146 ops/s)
  batch 70/100 [690000..700000]: 3152 ms  (3172 ops/s)
  batch 71/100 [700000..710000]: 3107 ms  (3218 ops/s)
  batch 72/100 [710000..720000]: 3146 ms  (3178 ops/s)
  batch 73/100 [720000..730000]: 3143 ms  (3181 ops/s)
  batch 74/100 [730000..740000]: 3155 ms  (3169 ops/s)
  batch 75/100 [740000..750000]: 3211 ms  (3114 ops/s)
  batch 76/100 [750000..760000]: 3223 ms  (3102 ops/s)
  batch 77/100 [760000..770000]: 3249 ms  (3077 ops/s)
  batch 78/100 [770000..780000]: 3159 ms  (3164 ops/s)
  batch 79/100 [780000..790000]: 3124 ms  (3200 ops/s)
  batch 80/100 [790000..800000]: 3189 ms  (3135 ops/s)
  batch 81/100 [800000..810000]: 3193 ms  (3131 ops/s)
  batch 82/100 [810000..820000]: 3183 ms  (3141 ops/s)
  batch 83/100 [820000..830000]: 3141 ms  (3183 ops/s)
  batch 84/100 [830000..840000]: 3247 ms  (3079 ops/s)
  batch 85/100 [840000..850000]: 3210 ms  (3114 ops/s)
  batch 86/100 [850000..860000]: 3225 ms  (3100 ops/s)
  batch 87/100 [860000..870000]: 3229 ms  (3096 ops/s)
  batch 88/100 [870000..880000]: 3262 ms  (3065 ops/s)
  batch 89/100 [880000..890000]: 3287 ms  (3041 ops/s)
  batch 90/100 [890000..900000]: 3276 ms  (3051 ops/s)
  batch 91/100 [900000..910000]: 3108 ms  (3216 ops/s)
  batch 92/100 [910000..920000]: 3187 ms  (3137 ops/s)
  batch 93/100 [920000..930000]: 3221 ms  (3104 ops/s)
  batch 94/100 [930000..940000]: 3208 ms  (3117 ops/s)
  batch 95/100 [940000..950000]: 3298 ms  (3031 ops/s)
  batch 96/100 [950000..960000]: 3315 ms  (3016 ops/s)
  batch 97/100 [960000..970000]: 3276 ms  (3051 ops/s)
  batch 98/100 [970000..980000]: 3117 ms  (3207 ops/s)
  batch 99/100 [980000..990000]: 3260 ms  (3067 ops/s)
  batch 100/100 [990000..1000000]: 3288 ms  (3040 ops/s)
  total: 302959 ms  (3300 ops/s)
  [T5] mixed_od_multi_v0.0_d0.1_random_t16_s1000000
dvi_txn_benchmark_naive
  experiment:      T5
  workload:        mixed
  mechanism:       od_multi
  violation:       0
  duplicate_rate:  0.1
  num_unique_lhs:  900000
  access:          random
  size:            1000000
  batch_size:      10000
  threads:         16
  pre_pop:         1000000

=== Iteration 1 ===
[PERF] operator[] used at src/lib/storage/value_segment.cpp:48
	Performance can be affected. This warning is only shown once.
[PERF] Unresolved iterator created for AbstractPosList at src/lib/storage/pos_lists/abstract_pos_list.cpp:8
	Performance can be affected. This warning is only shown once.
  batch 1/100 [0..10000]: 1850 ms  (5402 ops/s)
  batch 2/100 [10000..20000]: 1692 ms  (5910 ops/s)
  batch 3/100 [20000..30000]: 1745 ms  (5729 ops/s)
  batch 4/100 [30000..40000]: 1799 ms  (5555 ops/s)
[PERF] operator[] used at src/lib/storage/frame_of_reference_segment.cpp:49
	Performance can be affected. This warning is only shown once.
  batch 5/100 [40000..50000]: 1774 ms  (5636 ops/s)
  batch 6/100 [50000..60000]: 1893 ms  (5282 ops/s)
  batch 7/100 [60000..70000]: 1787 ms  (5594 ops/s)
  batch 8/100 [70000..80000]: 1861 ms  (5371 ops/s)
  batch 9/100 [80000..90000]: 1873 ms  (5337 ops/s)
  batch 10/100 [90000..100000]: 1864 ms  (5363 ops/s)
  batch 11/100 [100000..110000]: 1895 ms  (5274 ops/s)
  batch 12/100 [110000..120000]: 1876 ms  (5329 ops/s)
  batch 13/100 [120000..130000]: 1872 ms  (5339 ops/s)
  batch 14/100 [130000..140000]: 1869 ms  (5349 ops/s)
  batch 15/100 [140000..150000]: 1872 ms  (5339 ops/s)
  batch 16/100 [150000..160000]: 1870 ms  (5346 ops/s)
  batch 17/100 [160000..170000]: 1931 ms  (5176 ops/s)
  batch 18/100 [170000..180000]: 1929 ms  (5183 ops/s)
  batch 19/100 [180000..190000]: 1934 ms  (5170 ops/s)
  batch 20/100 [190000..200000]: 1845 ms  (5419 ops/s)
  batch 21/100 [200000..210000]: 1900 ms  (5260 ops/s)
  batch 22/100 [210000..220000]: 1945 ms  (5138 ops/s)
  batch 23/100 [220000..230000]: 1887 ms  (5297 ops/s)
  batch 24/100 [230000..240000]: 1945 ms  (5138 ops/s)
  batch 25/100 [240000..250000]: 1977 ms  (5057 ops/s)
  batch 26/100 [250000..260000]: 1878 ms  (5322 ops/s)
  batch 27/100 [260000..270000]: 1889 ms  (5291 ops/s)
  batch 28/100 [270000..280000]: 1886 ms  (5300 ops/s)
  batch 29/100 [280000..290000]: 1892 ms  (5283 ops/s)
  batch 30/100 [290000..300000]: 1975 ms  (5061 ops/s)
  batch 31/100 [300000..310000]: 1979 ms  (5052 ops/s)
  batch 32/100 [310000..320000]: 1929 ms  (5183 ops/s)
  batch 33/100 [320000..330000]: 1900 ms  (5260 ops/s)
  batch 34/100 [330000..340000]: 1927 ms  (5189 ops/s)
  batch 35/100 [340000..350000]: 1941 ms  (5149 ops/s)
  batch 36/100 [350000..360000]: 2060 ms  (4853 ops/s)
  batch 37/100 [360000..370000]: 2032 ms  (4919 ops/s)
  batch 38/100 [370000..380000]: 2068 ms  (4834 ops/s)
  batch 39/100 [380000..390000]: 1928 ms  (5184 ops/s)
  batch 40/100 [390000..400000]: 1972 ms  (5068 ops/s)
  batch 41/100 [400000..410000]: 1908 ms  (5240 ops/s)
  batch 42/100 [410000..420000]: 1932 ms  (5174 ops/s)
  batch 43/100 [420000..430000]: 1913 ms  (5225 ops/s)
  batch 44/100 [430000..440000]: 1983 ms  (5041 ops/s)
  batch 45/100 [440000..450000]: 1987 ms  (5030 ops/s)
  batch 46/100 [450000..460000]: 1944 ms  (5141 ops/s)
  batch 47/100 [460000..470000]: 1958 ms  (5106 ops/s)
  batch 48/100 [470000..480000]: 1969 ms  (5076 ops/s)
  batch 49/100 [480000..490000]: 1975 ms  (5062 ops/s)
  batch 50/100 [490000..500000]: 2049 ms  (4879 ops/s)
  batch 51/100 [500000..510000]: 2085 ms  (4794 ops/s)
  batch 52/100 [510000..520000]: 2018 ms  (4953 ops/s)
  batch 53/100 [520000..530000]: 1938 ms  (5157 ops/s)
  batch 54/100 [530000..540000]: 1995 ms  (5010 ops/s)
  batch 55/100 [540000..550000]: 1965 ms  (5087 ops/s)
  batch 56/100 [550000..560000]: 2017 ms  (4955 ops/s)
  batch 57/100 [560000..570000]: 1996 ms  (5010 ops/s)
  batch 58/100 [570000..580000]: 2055 ms  (4864 ops/s)
  batch 59/100 [580000..590000]: 2013 ms  (4967 ops/s)
  batch 60/100 [590000..600000]: 2024 ms  (4939 ops/s)
  batch 61/100 [600000..610000]: 2008 ms  (4979 ops/s)
  batch 62/100 [610000..620000]: 2003 ms  (4990 ops/s)
  batch 63/100 [620000..630000]: 2010 ms  (4972 ops/s)
  batch 64/100 [630000..640000]: 2195 ms  (4555 ops/s)
  batch 65/100 [640000..650000]: 1971 ms  (5073 ops/s)
  batch 66/100 [650000..660000]: 2064 ms  (4842 ops/s)
  batch 67/100 [660000..670000]: 2028 ms  (4929 ops/s)
  batch 68/100 [670000..680000]: 2053 ms  (4869 ops/s)
  batch 69/100 [680000..690000]: 2084 ms  (4796 ops/s)
  batch 70/100 [690000..700000]: 2111 ms  (4737 ops/s)
  batch 71/100 [700000..710000]: 2019 ms  (4951 ops/s)
  batch 72/100 [710000..720000]: 2017 ms  (4957 ops/s)
  batch 73/100 [720000..730000]: 2019 ms  (4951 ops/s)
  batch 74/100 [730000..740000]: 2056 ms  (4861 ops/s)
  batch 75/100 [740000..750000]: 2106 ms  (4747 ops/s)
  batch 76/100 [750000..760000]: 2108 ms  (4742 ops/s)
  batch 77/100 [760000..770000]: 2237 ms  (4469 ops/s)
  batch 78/100 [770000..780000]: 2014 ms  (4963 ops/s)
  batch 79/100 [780000..790000]: 2044 ms  (4892 ops/s)
  batch 80/100 [790000..800000]: 2014 ms  (4964 ops/s)
  batch 81/100 [800000..810000]: 2047 ms  (4883 ops/s)
  batch 82/100 [810000..820000]: 2077 ms  (4812 ops/s)
  batch 83/100 [820000..830000]: 2110 ms  (4738 ops/s)
  batch 84/100 [830000..840000]: 2131 ms  (4692 ops/s)
  batch 85/100 [840000..850000]: 1989 ms  (5027 ops/s)
  batch 86/100 [850000..860000]: 2031 ms  (4922 ops/s)
  batch 87/100 [860000..870000]: 2118 ms  (4719 ops/s)
  batch 88/100 [870000..880000]: 2136 ms  (4680 ops/s)
  batch 89/100 [880000..890000]: 2054 ms  (4866 ops/s)
  batch 90/100 [890000..900000]: 2103 ms  (4754 ops/s)
  batch 91/100 [900000..910000]: 2042 ms  (4896 ops/s)
  batch 92/100 [910000..920000]: 2158 ms  (4632 ops/s)
  batch 93/100 [920000..930000]: 2038 ms  (4905 ops/s)
  batch 94/100 [930000..940000]: 2084 ms  (4798 ops/s)
  batch 95/100 [940000..950000]: 2061 ms  (4849 ops/s)
  batch 96/100 [950000..960000]: 2112 ms  (4734 ops/s)
  batch 97/100 [960000..970000]: 2142 ms  (4668 ops/s)
  batch 98/100 [970000..980000]: 2112 ms  (4734 ops/s)
  batch 99/100 [980000..990000]: 2064 ms  (4844 ops/s)
  batch 100/100 [990000..1000000]: 2080 ms  (4806 ops/s)
  total: 198568 ms  (5036 ops/s)

=== Iteration 2 ===
  batch 1/100 [0..10000]: 1721 ms  (5808 ops/s)
  batch 2/100 [10000..20000]: 1710 ms  (5847 ops/s)
  batch 3/100 [20000..30000]: 1716 ms  (5825 ops/s)
  batch 4/100 [30000..40000]: 1776 ms  (5630 ops/s)
  batch 5/100 [40000..50000]: 1862 ms  (5369 ops/s)
  batch 6/100 [50000..60000]: 1790 ms  (5584 ops/s)
  batch 7/100 [60000..70000]: 1821 ms  (5490 ops/s)
  batch 8/100 [70000..80000]: 1866 ms  (5358 ops/s)
  batch 9/100 [80000..90000]: 1846 ms  (5415 ops/s)
  batch 10/100 [90000..100000]: 1870 ms  (5345 ops/s)
  batch 11/100 [100000..110000]: 1886 ms  (5300 ops/s)
  batch 12/100 [110000..120000]: 1915 ms  (5221 ops/s)
  batch 13/100 [120000..130000]: 1812 ms  (5516 ops/s)
  batch 14/100 [130000..140000]: 1837 ms  (5442 ops/s)
  batch 15/100 [140000..150000]: 1902 ms  (5256 ops/s)
  batch 16/100 [150000..160000]: 1946 ms  (5136 ops/s)
  batch 17/100 [160000..170000]: 1976 ms  (5059 ops/s)
  batch 18/100 [170000..180000]: 1962 ms  (5096 ops/s)
  batch 19/100 [180000..190000]: 1877 ms  (5326 ops/s)
  batch 20/100 [190000..200000]: 1896 ms  (5273 ops/s)
  batch 21/100 [200000..210000]: 1884 ms  (5307 ops/s)
  batch 22/100 [210000..220000]: 1953 ms  (5118 ops/s)
  batch 23/100 [220000..230000]: 1945 ms  (5140 ops/s)
  batch 24/100 [230000..240000]: 1961 ms  (5097 ops/s)
  batch 25/100 [240000..250000]: 1958 ms  (5105 ops/s)
  batch 26/100 [250000..260000]: 1880 ms  (5318 ops/s)
  batch 27/100 [260000..270000]: 1878 ms  (5324 ops/s)
  batch 28/100 [270000..280000]: 1834 ms  (5449 ops/s)
  batch 29/100 [280000..290000]: 1903 ms  (5252 ops/s)
  batch 30/100 [290000..300000]: 1989 ms  (5025 ops/s)
  batch 31/100 [300000..310000]: 1925 ms  (5193 ops/s)
  batch 32/100 [310000..320000]: 1935 ms  (5166 ops/s)
  batch 33/100 [320000..330000]: 1934 ms  (5170 ops/s)
  batch 34/100 [330000..340000]: 1959 ms  (5102 ops/s)
  batch 35/100 [340000..350000]: 1954 ms  (5116 ops/s)
  batch 36/100 [350000..360000]: 1953 ms  (5118 ops/s)
  batch 37/100 [360000..370000]: 1966 ms  (5084 ops/s)
  batch 38/100 [370000..380000]: 2049 ms  (4879 ops/s)
  batch 39/100 [380000..390000]: 1991 ms  (5020 ops/s)
  batch 40/100 [390000..400000]: 2009 ms  (4976 ops/s)
  batch 41/100 [400000..410000]: 1915 ms  (5219 ops/s)
  batch 42/100 [410000..420000]: 1923 ms  (5199 ops/s)
  batch 43/100 [420000..430000]: 1960 ms  (5101 ops/s)
  batch 44/100 [430000..440000]: 1981 ms  (5047 ops/s)
  batch 45/100 [440000..450000]: 2088 ms  (4788 ops/s)
  batch 46/100 [450000..460000]: 1885 ms  (5304 ops/s)
  batch 47/100 [460000..470000]: 2003 ms  (4992 ops/s)
  batch 48/100 [470000..480000]: 1991 ms  (5022 ops/s)
  batch 49/100 [480000..490000]: 1989 ms  (5025 ops/s)
  batch 50/100 [490000..500000]: 1959 ms  (5104 ops/s)
  batch 51/100 [500000..510000]: 2008 ms  (4979 ops/s)
  batch 52/100 [510000..520000]: 1906 ms  (5245 ops/s)
  batch 53/100 [520000..530000]: 1944 ms  (5141 ops/s)
  batch 54/100 [530000..540000]: 1991 ms  (5022 ops/s)
  batch 55/100 [540000..550000]: 1944 ms  (5143 ops/s)
  batch 56/100 [550000..560000]: 2034 ms  (4915 ops/s)
  batch 57/100 [560000..570000]: 2030 ms  (4924 ops/s)
  batch 58/100 [570000..580000]: 2041 ms  (4898 ops/s)
  batch 59/100 [580000..590000]: 2013 ms  (4967 ops/s)
  batch 60/100 [590000..600000]: 1959 ms  (5102 ops/s)
  batch 61/100 [600000..610000]: 2006 ms  (4984 ops/s)
  batch 62/100 [610000..620000]: 2042 ms  (4894 ops/s)
  batch 63/100 [620000..630000]: 2055 ms  (4865 ops/s)
  batch 64/100 [630000..640000]: 2087 ms  (4789 ops/s)
  batch 65/100 [640000..650000]: 1992 ms  (5018 ops/s)
  batch 66/100 [650000..660000]: 2005 ms  (4985 ops/s)
  batch 67/100 [660000..670000]: 2008 ms  (4979 ops/s)
  batch 68/100 [670000..680000]: 1998 ms  (5003 ops/s)
  batch 69/100 [680000..690000]: 2096 ms  (4769 ops/s)
  batch 70/100 [690000..700000]: 2083 ms  (4799 ops/s)
  batch 71/100 [700000..710000]: 2051 ms  (4873 ops/s)
  batch 72/100 [710000..720000]: 2065 ms  (4841 ops/s)
  batch 73/100 [720000..730000]: 2003 ms  (4990 ops/s)
  batch 74/100 [730000..740000]: 2123 ms  (4708 ops/s)
  batch 75/100 [740000..750000]: 2071 ms  (4826 ops/s)
  batch 76/100 [750000..760000]: 2085 ms  (4794 ops/s)
  batch 77/100 [760000..770000]: 2149 ms  (4652 ops/s)
  batch 78/100 [770000..780000]: 2030 ms  (4924 ops/s)
  batch 79/100 [780000..790000]: 2061 ms  (4849 ops/s)
  batch 80/100 [790000..800000]: 2042 ms  (4896 ops/s)
  batch 81/100 [800000..810000]: 2077 ms  (4814 ops/s)
  batch 82/100 [810000..820000]: 2083 ms  (4798 ops/s)
  batch 83/100 [820000..830000]: 2123 ms  (4710 ops/s)
  batch 84/100 [830000..840000]: 2146 ms  (4658 ops/s)
  batch 85/100 [840000..850000]: 2063 ms  (4847 ops/s)
  batch 86/100 [850000..860000]: 2110 ms  (4738 ops/s)
  batch 87/100 [860000..870000]: 2034 ms  (4914 ops/s)
  batch 88/100 [870000..880000]: 2091 ms  (4782 ops/s)
  batch 89/100 [880000..890000]: 2057 ms  (4861 ops/s)
  batch 90/100 [890000..900000]: 2194 ms  (4556 ops/s)
  batch 91/100 [900000..910000]: 2154 ms  (4641 ops/s)
  batch 92/100 [910000..920000]: 2127 ms  (4701 ops/s)
  batch 93/100 [920000..930000]: 2060 ms  (4852 ops/s)
  batch 94/100 [930000..940000]: 2040 ms  (4900 ops/s)
  batch 95/100 [940000..950000]: 2118 ms  (4720 ops/s)
  batch 96/100 [950000..960000]: 2170 ms  (4606 ops/s)
  batch 97/100 [960000..970000]: 2175 ms  (4596 ops/s)
  batch 98/100 [970000..980000]: 2083 ms  (4799 ops/s)
  batch 99/100 [980000..990000]: 2044 ms  (4891 ops/s)
  batch 100/100 [990000..1000000]: 2217 ms  (4510 ops/s)
  total: 198677 ms  (5033 ops/s)

=== Iteration 3 ===
  batch 1/100 [0..10000]: 1892 ms  (5283 ops/s)
  batch 2/100 [10000..20000]: 1708 ms  (5851 ops/s)
  batch 3/100 [20000..30000]: 1800 ms  (5554 ops/s)
  batch 4/100 [30000..40000]: 1767 ms  (5657 ops/s)
  batch 5/100 [40000..50000]: 1846 ms  (5415 ops/s)
  batch 6/100 [50000..60000]: 1769 ms  (5652 ops/s)
  batch 7/100 [60000..70000]: 1840 ms  (5431 ops/s)
  batch 8/100 [70000..80000]: 1859 ms  (5378 ops/s)
  batch 9/100 [80000..90000]: 1907 ms  (5242 ops/s)
  batch 10/100 [90000..100000]: 1923 ms  (5199 ops/s)
  batch 11/100 [100000..110000]: 1927 ms  (5187 ops/s)
  batch 12/100 [110000..120000]: 1863 ms  (5367 ops/s)
  batch 13/100 [120000..130000]: 1879 ms  (5319 ops/s)
  batch 14/100 [130000..140000]: 1851 ms  (5401 ops/s)
  batch 15/100 [140000..150000]: 1880 ms  (5316 ops/s)
  batch 16/100 [150000..160000]: 1923 ms  (5198 ops/s)
  batch 17/100 [160000..170000]: 1945 ms  (5140 ops/s)
  batch 18/100 [170000..180000]: 2000 ms  (4999 ops/s)
  batch 19/100 [180000..190000]: 1868 ms  (5352 ops/s)
  batch 20/100 [190000..200000]: 1890 ms  (5290 ops/s)
  batch 21/100 [200000..210000]: 1877 ms  (5327 ops/s)
  batch 22/100 [210000..220000]: 1912 ms  (5229 ops/s)
  batch 23/100 [220000..230000]: 1904 ms  (5251 ops/s)
  batch 24/100 [230000..240000]: 1970 ms  (5073 ops/s)
  batch 25/100 [240000..250000]: 1913 ms  (5225 ops/s)
  batch 26/100 [250000..260000]: 1894 ms  (5278 ops/s)
  batch 27/100 [260000..270000]: 1950 ms  (5127 ops/s)
  batch 28/100 [270000..280000]: 1926 ms  (5189 ops/s)
  batch 29/100 [280000..290000]: 1953 ms  (5118 ops/s)
  batch 30/100 [290000..300000]: 1912 ms  (5229 ops/s)
  batch 31/100 [300000..310000]: 1915 ms  (5220 ops/s)
  batch 32/100 [310000..320000]: 1966 ms  (5085 ops/s)
  batch 33/100 [320000..330000]: 2002 ms  (4993 ops/s)
  batch 34/100 [330000..340000]: 1875 ms  (5330 ops/s)
  batch 35/100 [340000..350000]: 2022 ms  (4944 ops/s)
  batch 36/100 [350000..360000]: 1966 ms  (5084 ops/s)
  batch 37/100 [360000..370000]: 1943 ms  (5144 ops/s)
  batch 38/100 [370000..380000]: 1978 ms  (5055 ops/s)
  batch 39/100 [380000..390000]: 1909 ms  (5235 ops/s)
  batch 40/100 [390000..400000]: 1945 ms  (5141 ops/s)
  batch 41/100 [400000..410000]: 1920 ms  (5206 ops/s)
  batch 42/100 [410000..420000]: 2006 ms  (4983 ops/s)
  batch 43/100 [420000..430000]: 2047 ms  (4884 ops/s)
  batch 44/100 [430000..440000]: 1961 ms  (5098 ops/s)
  batch 45/100 [440000..450000]: 2038 ms  (4906 ops/s)
  batch 46/100 [450000..460000]: 1933 ms  (5172 ops/s)
  batch 47/100 [460000..470000]: 1997 ms  (5005 ops/s)
  batch 48/100 [470000..480000]: 2008 ms  (4978 ops/s)
  batch 49/100 [480000..490000]: 2032 ms  (4920 ops/s)
  batch 50/100 [490000..500000]: 2000 ms  (4999 ops/s)
  batch 51/100 [500000..510000]: 2013 ms  (4966 ops/s)
  batch 52/100 [510000..520000]: 1939 ms  (5155 ops/s)
  batch 53/100 [520000..530000]: 2025 ms  (4938 ops/s)
  batch 54/100 [530000..540000]: 2045 ms  (4889 ops/s)
  batch 55/100 [540000..550000]: 2027 ms  (4931 ops/s)
  batch 56/100 [550000..560000]: 2059 ms  (4854 ops/s)
  batch 57/100 [560000..570000]: 2094 ms  (4774 ops/s)
  batch 58/100 [570000..580000]: 2118 ms  (4719 ops/s)
  batch 59/100 [580000..590000]: 1974 ms  (5063 ops/s)
  batch 60/100 [590000..600000]: 1978 ms  (5053 ops/s)
  batch 61/100 [600000..610000]: 1984 ms  (5038 ops/s)
  batch 62/100 [610000..620000]: 2006 ms  (4982 ops/s)
  batch 63/100 [620000..630000]: 2045 ms  (4888 ops/s)
  batch 64/100 [630000..640000]: 2056 ms  (4862 ops/s)
  batch 65/100 [640000..650000]: 2111 ms  (4735 ops/s)
  batch 66/100 [650000..660000]: 2106 ms  (4747 ops/s)
  batch 67/100 [660000..670000]: 2022 ms  (4943 ops/s)
  batch 68/100 [670000..680000]: 1982 ms  (5045 ops/s)
  batch 69/100 [680000..690000]: 2050 ms  (4876 ops/s)
  batch 70/100 [690000..700000]: 2028 ms  (4929 ops/s)
  batch 71/100 [700000..710000]: 2118 ms  (4719 ops/s)
  batch 72/100 [710000..720000]: 1987 ms  (5031 ops/s)
  batch 73/100 [720000..730000]: 2012 ms  (4969 ops/s)
  batch 74/100 [730000..740000]: 2022 ms  (4944 ops/s)
  batch 75/100 [740000..750000]: 2118 ms  (4719 ops/s)
  batch 76/100 [750000..760000]: 2037 ms  (4907 ops/s)
  batch 77/100 [760000..770000]: 2173 ms  (4600 ops/s)
  batch 78/100 [770000..780000]: 2000 ms  (4999 ops/s)
  batch 79/100 [780000..790000]: 2063 ms  (4845 ops/s)
  batch 80/100 [790000..800000]: 1985 ms  (5035 ops/s)
  batch 81/100 [800000..810000]: 2113 ms  (4731 ops/s)
  batch 82/100 [810000..820000]: 2036 ms  (4910 ops/s)
  batch 83/100 [820000..830000]: 2148 ms  (4655 ops/s)
  batch 84/100 [830000..840000]: 2057 ms  (4860 ops/s)
  batch 85/100 [840000..850000]: 2020 ms  (4949 ops/s)
  batch 86/100 [850000..860000]: 2104 ms  (4751 ops/s)
  batch 87/100 [860000..870000]: 2057 ms  (4860 ops/s)
  batch 88/100 [870000..880000]: 2111 ms  (4736 ops/s)
  batch 89/100 [880000..890000]: 2148 ms  (4654 ops/s)
  batch 90/100 [890000..900000]: 2247 ms  (4449 ops/s)
  batch 91/100 [900000..910000]: 2138 ms  (4675 ops/s)
  batch 92/100 [910000..920000]: 2110 ms  (4738 ops/s)
  batch 93/100 [920000..930000]: 2123 ms  (4708 ops/s)
  batch 94/100 [930000..940000]: 2080 ms  (4806 ops/s)
  batch 95/100 [940000..950000]: 2179 ms  (4588 ops/s)
  batch 96/100 [950000..960000]: 2094 ms  (4773 ops/s)
  batch 97/100 [960000..970000]: 2128 ms  (4697 ops/s)
  batch 98/100 [970000..980000]: 2103 ms  (4754 ops/s)
  batch 99/100 [980000..990000]: 2125 ms  (4705 ops/s)
  batch 100/100 [990000..1000000]: 2092 ms  (4779 ops/s)
  total: 199452 ms  (5013 ops/s)
  [T5] mixed_od_multi_v0.0_d0.1_random_t32_s1000000
dvi_txn_benchmark_naive
  experiment:      T5
  workload:        mixed
  mechanism:       od_multi
  violation:       0
  duplicate_rate:  0.1
  num_unique_lhs:  900000
  access:          random
  size:            1000000
  batch_size:      10000
  threads:         32
  pre_pop:         1000000

=== Iteration 1 ===
[PERF] operator[] used at src/lib/storage/value_segment.cpp:48
	Performance can be affected. This warning is only shown once.
[PERF] Unresolved iterator created for AbstractPosList at src/lib/storage/pos_lists/abstract_pos_list.cpp:8
	Performance can be affected. This warning is only shown once.
  batch 1/100 [0..10000]: 1593 ms  (6277 ops/s)
  batch 2/100 [10000..20000]: 1461 ms  (6843 ops/s)
  batch 3/100 [20000..30000]: 1453 ms  (6880 ops/s)
  batch 4/100 [30000..40000]: 1509 ms  (6625 ops/s)
[PERF] operator[] used at src/lib/storage/frame_of_reference_segment.cpp:49
	Performance can be affected. This warning is only shown once.
  batch 5/100 [40000..50000]: 1534 ms  (6514 ops/s)
  batch 6/100 [50000..60000]: 1533 ms  (6520 ops/s)
  batch 7/100 [60000..70000]: 1539 ms  (6495 ops/s)
  batch 8/100 [70000..80000]: 1569 ms  (6370 ops/s)
  batch 9/100 [80000..90000]: 1570 ms  (6368 ops/s)
  batch 10/100 [90000..100000]: 1605 ms  (6228 ops/s)
  batch 11/100 [100000..110000]: 1639 ms  (6098 ops/s)
  batch 12/100 [110000..120000]: 1626 ms  (6149 ops/s)
  batch 13/100 [120000..130000]: 1533 ms  (6522 ops/s)
  batch 14/100 [130000..140000]: 1589 ms  (6291 ops/s)
  batch 15/100 [140000..150000]: 1582 ms  (6318 ops/s)
  batch 16/100 [150000..160000]: 1612 ms  (6202 ops/s)
  batch 17/100 [160000..170000]: 1613 ms  (6199 ops/s)
  batch 18/100 [170000..180000]: 1674 ms  (5972 ops/s)
  batch 19/100 [180000..190000]: 1571 ms  (6364 ops/s)
  batch 20/100 [190000..200000]: 1575 ms  (6345 ops/s)
  batch 21/100 [200000..210000]: 1581 ms  (6321 ops/s)
  batch 22/100 [210000..220000]: 1605 ms  (6227 ops/s)
  batch 23/100 [220000..230000]: 1640 ms  (6093 ops/s)
  batch 24/100 [230000..240000]: 1637 ms  (6108 ops/s)
  batch 25/100 [240000..250000]: 1684 ms  (5935 ops/s)
  batch 26/100 [250000..260000]: 1579 ms  (6332 ops/s)
  batch 27/100 [260000..270000]: 1605 ms  (6226 ops/s)
  batch 28/100 [270000..280000]: 1664 ms  (6007 ops/s)
  batch 29/100 [280000..290000]: 1644 ms  (6080 ops/s)
  batch 30/100 [290000..300000]: 1712 ms  (5838 ops/s)
  batch 31/100 [300000..310000]: 1642 ms  (6089 ops/s)
  batch 32/100 [310000..320000]: 1639 ms  (6100 ops/s)
  batch 33/100 [320000..330000]: 1594 ms  (6273 ops/s)
  batch 34/100 [330000..340000]: 1619 ms  (6172 ops/s)
  batch 35/100 [340000..350000]: 1623 ms  (6158 ops/s)
  batch 36/100 [350000..360000]: 1680 ms  (5951 ops/s)
  batch 37/100 [360000..370000]: 1643 ms  (6084 ops/s)
  batch 38/100 [370000..380000]: 1670 ms  (5986 ops/s)
  batch 39/100 [380000..390000]: 1596 ms  (6262 ops/s)
  batch 40/100 [390000..400000]: 1672 ms  (5978 ops/s)
  batch 41/100 [400000..410000]: 1625 ms  (6153 ops/s)
  batch 42/100 [410000..420000]: 1669 ms  (5991 ops/s)
  batch 43/100 [420000..430000]: 1669 ms  (5990 ops/s)
  batch 44/100 [430000..440000]: 1669 ms  (5990 ops/s)
  batch 45/100 [440000..450000]: 1661 ms  (6018 ops/s)
  batch 46/100 [450000..460000]: 1635 ms  (6112 ops/s)
  batch 47/100 [460000..470000]: 1599 ms  (6250 ops/s)
  batch 48/100 [470000..480000]: 1649 ms  (6060 ops/s)
  batch 49/100 [480000..490000]: 1678 ms  (5956 ops/s)
  batch 50/100 [490000..500000]: 1699 ms  (5882 ops/s)
  batch 51/100 [500000..510000]: 1724 ms  (5799 ops/s)
  batch 52/100 [510000..520000]: 1652 ms  (6050 ops/s)
  batch 53/100 [520000..530000]: 1638 ms  (6104 ops/s)
  batch 54/100 [530000..540000]: 1662 ms  (6014 ops/s)
  batch 55/100 [540000..550000]: 1715 ms  (5828 ops/s)
  batch 56/100 [550000..560000]: 1652 ms  (6051 ops/s)
  batch 57/100 [560000..570000]: 1719 ms  (5814 ops/s)
  batch 58/100 [570000..580000]: 1710 ms  (5846 ops/s)
  batch 59/100 [580000..590000]: 1642 ms  (6088 ops/s)
  batch 60/100 [590000..600000]: 1671 ms  (5983 ops/s)
  batch 61/100 [600000..610000]: 1663 ms  (6011 ops/s)
  batch 62/100 [610000..620000]: 1702 ms  (5875 ops/s)
  batch 63/100 [620000..630000]: 1700 ms  (5879 ops/s)
  batch 64/100 [630000..640000]: 1737 ms  (5753 ops/s)
  batch 65/100 [640000..650000]: 1630 ms  (6133 ops/s)
  batch 66/100 [650000..660000]: 1668 ms  (5994 ops/s)
  batch 67/100 [660000..670000]: 1703 ms  (5869 ops/s)
  batch 68/100 [670000..680000]: 1699 ms  (5882 ops/s)
  batch 69/100 [680000..690000]: 1733 ms  (5767 ops/s)
  batch 70/100 [690000..700000]: 1729 ms  (5783 ops/s)
  batch 71/100 [700000..710000]: 1721 ms  (5810 ops/s)
  batch 72/100 [710000..720000]: 1649 ms  (6062 ops/s)
  batch 73/100 [720000..730000]: 1713 ms  (5835 ops/s)
  batch 74/100 [730000..740000]: 1696 ms  (5895 ops/s)
  batch 75/100 [740000..750000]: 1762 ms  (5675 ops/s)
  batch 76/100 [750000..760000]: 1729 ms  (5782 ops/s)
  batch 77/100 [760000..770000]: 1811 ms  (5519 ops/s)
  batch 78/100 [770000..780000]: 1706 ms  (5860 ops/s)
  batch 79/100 [780000..790000]: 1661 ms  (6020 ops/s)
  batch 80/100 [790000..800000]: 1686 ms  (5928 ops/s)
  batch 81/100 [800000..810000]: 1689 ms  (5918 ops/s)
  batch 82/100 [810000..820000]: 1722 ms  (5807 ops/s)
  batch 83/100 [820000..830000]: 1727 ms  (5787 ops/s)
  batch 84/100 [830000..840000]: 1762 ms  (5674 ops/s)
  batch 85/100 [840000..850000]: 1695 ms  (5898 ops/s)
  batch 86/100 [850000..860000]: 1702 ms  (5873 ops/s)
  batch 87/100 [860000..870000]: 1731 ms  (5776 ops/s)
  batch 88/100 [870000..880000]: 1752 ms  (5707 ops/s)
  batch 89/100 [880000..890000]: 1741 ms  (5740 ops/s)
  batch 90/100 [890000..900000]: 1741 ms  (5741 ops/s)
  batch 91/100 [900000..910000]: 1734 ms  (5763 ops/s)
  batch 92/100 [910000..920000]: 1686 ms  (5929 ops/s)
  batch 93/100 [920000..930000]: 1693 ms  (5906 ops/s)
  batch 94/100 [930000..940000]: 1748 ms  (5718 ops/s)
  batch 95/100 [940000..950000]: 1760 ms  (5678 ops/s)
  batch 96/100 [950000..960000]: 1806 ms  (5535 ops/s)
  batch 97/100 [960000..970000]: 1805 ms  (5539 ops/s)
  batch 98/100 [970000..980000]: 1701 ms  (5878 ops/s)
  batch 99/100 [980000..990000]: 1760 ms  (5681 ops/s)
  batch 100/100 [990000..1000000]: 1759 ms  (5683 ops/s)
  total: 166308 ms  (6012 ops/s)

=== Iteration 2 ===
  batch 1/100 [0..10000]: 1559 ms  (6412 ops/s)
  batch 2/100 [10000..20000]: 1461 ms  (6841 ops/s)
  batch 3/100 [20000..30000]: 1474 ms  (6781 ops/s)
  batch 4/100 [30000..40000]: 1507 ms  (6635 ops/s)
  batch 5/100 [40000..50000]: 1537 ms  (6505 ops/s)
  batch 6/100 [50000..60000]: 1542 ms  (6483 ops/s)
  batch 7/100 [60000..70000]: 1554 ms  (6431 ops/s)
  batch 8/100 [70000..80000]: 1570 ms  (6367 ops/s)
  batch 9/100 [80000..90000]: 1569 ms  (6369 ops/s)
  batch 10/100 [90000..100000]: 1606 ms  (6226 ops/s)
  batch 11/100 [100000..110000]: 1624 ms  (6156 ops/s)
  batch 12/100 [110000..120000]: 1614 ms  (6194 ops/s)
  batch 13/100 [120000..130000]: 1560 ms  (6408 ops/s)
  batch 14/100 [130000..140000]: 1592 ms  (6281 ops/s)
  batch 15/100 [140000..150000]: 1571 ms  (6365 ops/s)
  batch 16/100 [150000..160000]: 1616 ms  (6187 ops/s)
  batch 17/100 [160000..170000]: 1634 ms  (6116 ops/s)
  batch 18/100 [170000..180000]: 1658 ms  (6028 ops/s)
  batch 19/100 [180000..190000]: 1580 ms  (6326 ops/s)
  batch 20/100 [190000..200000]: 1584 ms  (6310 ops/s)
  batch 21/100 [200000..210000]: 1608 ms  (6218 ops/s)
  batch 22/100 [210000..220000]: 1599 ms  (6250 ops/s)
  batch 23/100 [220000..230000]: 1640 ms  (6096 ops/s)
  batch 24/100 [230000..240000]: 1634 ms  (6117 ops/s)
  batch 25/100 [240000..250000]: 1683 ms  (5938 ops/s)
  batch 26/100 [250000..260000]: 1627 ms  (6142 ops/s)
  batch 27/100 [260000..270000]: 1595 ms  (6268 ops/s)
  batch 28/100 [270000..280000]: 1634 ms  (6116 ops/s)
  batch 29/100 [280000..290000]: 1620 ms  (6169 ops/s)
  batch 30/100 [290000..300000]: 1629 ms  (6135 ops/s)
  batch 31/100 [300000..310000]: 1653 ms  (6047 ops/s)
  batch 32/100 [310000..320000]: 1596 ms  (6265 ops/s)
  batch 33/100 [320000..330000]: 1621 ms  (6166 ops/s)
  batch 34/100 [330000..340000]: 1608 ms  (6218 ops/s)
  batch 35/100 [340000..350000]: 1630 ms  (6134 ops/s)
  batch 36/100 [350000..360000]: 1652 ms  (6051 ops/s)
  batch 37/100 [360000..370000]: 1674 ms  (5972 ops/s)
  batch 38/100 [370000..380000]: 1700 ms  (5880 ops/s)
  batch 39/100 [380000..390000]: 1599 ms  (6253 ops/s)
  batch 40/100 [390000..400000]: 1612 ms  (6200 ops/s)
  batch 41/100 [400000..410000]: 1646 ms  (6073 ops/s)
  batch 42/100 [410000..420000]: 1692 ms  (5909 ops/s)
  batch 43/100 [420000..430000]: 1680 ms  (5951 ops/s)
  batch 44/100 [430000..440000]: 1665 ms  (6003 ops/s)
  batch 45/100 [440000..450000]: 1630 ms  (6134 ops/s)
  batch 46/100 [450000..460000]: 1631 ms  (6130 ops/s)
  batch 47/100 [460000..470000]: 1644 ms  (6079 ops/s)
  batch 48/100 [470000..480000]: 1629 ms  (6136 ops/s)
  batch 49/100 [480000..490000]: 1673 ms  (5976 ops/s)
  batch 50/100 [490000..500000]: 1729 ms  (5780 ops/s)
  batch 51/100 [500000..510000]: 1704 ms  (5865 ops/s)
  batch 52/100 [510000..520000]: 1663 ms  (6010 ops/s)
  batch 53/100 [520000..530000]: 1652 ms  (6050 ops/s)
  batch 54/100 [530000..540000]: 1634 ms  (6119 ops/s)
  batch 55/100 [540000..550000]: 1690 ms  (5914 ops/s)
  batch 56/100 [550000..560000]: 1723 ms  (5801 ops/s)
  batch 57/100 [560000..570000]: 1676 ms  (5964 ops/s)
  batch 58/100 [570000..580000]: 1720 ms  (5813 ops/s)
  batch 59/100 [580000..590000]: 1654 ms  (6042 ops/s)
  batch 60/100 [590000..600000]: 1657 ms  (6034 ops/s)
  batch 61/100 [600000..610000]: 1684 ms  (5936 ops/s)
  batch 62/100 [610000..620000]: 1674 ms  (5972 ops/s)
  batch 63/100 [620000..630000]: 1687 ms  (5927 ops/s)
  batch 64/100 [630000..640000]: 1745 ms  (5728 ops/s)
  batch 65/100 [640000..650000]: 1678 ms  (5956 ops/s)
  batch 66/100 [650000..660000]: 1647 ms  (6069 ops/s)
  batch 67/100 [660000..670000]: 1673 ms  (5974 ops/s)
  batch 68/100 [670000..680000]: 1688 ms  (5921 ops/s)
  batch 69/100 [680000..690000]: 1720 ms  (5811 ops/s)
  batch 70/100 [690000..700000]: 1696 ms  (5893 ops/s)
  batch 71/100 [700000..710000]: 1719 ms  (5816 ops/s)
  batch 72/100 [710000..720000]: 1694 ms  (5901 ops/s)
  batch 73/100 [720000..730000]: 1669 ms  (5989 ops/s)
  batch 74/100 [730000..740000]: 1692 ms  (5907 ops/s)
  batch 75/100 [740000..750000]: 1693 ms  (5906 ops/s)
  batch 76/100 [750000..760000]: 1770 ms  (5647 ops/s)
  batch 77/100 [760000..770000]: 1732 ms  (5771 ops/s)
  batch 78/100 [770000..780000]: 1667 ms  (5996 ops/s)
  batch 79/100 [780000..790000]: 1711 ms  (5842 ops/s)
  batch 80/100 [790000..800000]: 1729 ms  (5783 ops/s)
  batch 81/100 [800000..810000]: 1740 ms  (5747 ops/s)
  batch 82/100 [810000..820000]: 1758 ms  (5687 ops/s)
  batch 83/100 [820000..830000]: 1766 ms  (5660 ops/s)
  batch 84/100 [830000..840000]: 1751 ms  (5709 ops/s)
  batch 85/100 [840000..850000]: 1675 ms  (5968 ops/s)
  batch 86/100 [850000..860000]: 1715 ms  (5829 ops/s)
  batch 87/100 [860000..870000]: 1718 ms  (5818 ops/s)
  batch 88/100 [870000..880000]: 1706 ms  (5859 ops/s)
  batch 89/100 [880000..890000]: 1787 ms  (5594 ops/s)
  batch 90/100 [890000..900000]: 1737 ms  (5755 ops/s)
  batch 91/100 [900000..910000]: 1735 ms  (5760 ops/s)
  batch 92/100 [910000..920000]: 1671 ms  (5982 ops/s)
  batch 93/100 [920000..930000]: 1729 ms  (5783 ops/s)
  batch 94/100 [930000..940000]: 1757 ms  (5691 ops/s)
  batch 95/100 [940000..950000]: 1746 ms  (5726 ops/s)
  batch 96/100 [950000..960000]: 1744 ms  (5733 ops/s)
  batch 97/100 [960000..970000]: 1790 ms  (5583 ops/s)
  batch 98/100 [970000..980000]: 1690 ms  (5917 ops/s)
  batch 99/100 [980000..990000]: 1768 ms  (5654 ops/s)
  batch 100/100 [990000..1000000]: 1723 ms  (5800 ops/s)
  total: 166141 ms  (6018 ops/s)

=== Iteration 3 ===
  batch 1/100 [0..10000]: 1591 ms  (6283 ops/s)
  batch 2/100 [10000..20000]: 1484 ms  (6735 ops/s)
  batch 3/100 [20000..30000]: 1461 ms  (6841 ops/s)
  batch 4/100 [30000..40000]: 1502 ms  (6657 ops/s)
  batch 5/100 [40000..50000]: 1575 ms  (6346 ops/s)
  batch 6/100 [50000..60000]: 1522 ms  (6567 ops/s)
  batch 7/100 [60000..70000]: 1548 ms  (6457 ops/s)
  batch 8/100 [70000..80000]: 1554 ms  (6433 ops/s)
  batch 9/100 [80000..90000]: 1573 ms  (6357 ops/s)
  batch 10/100 [90000..100000]: 1607 ms  (6220 ops/s)
  batch 11/100 [100000..110000]: 1612 ms  (6200 ops/s)
  batch 12/100 [110000..120000]: 1628 ms  (6141 ops/s)
  batch 13/100 [120000..130000]: 1556 ms  (6422 ops/s)
  batch 14/100 [130000..140000]: 1584 ms  (6311 ops/s)
  batch 15/100 [140000..150000]: 1605 ms  (6229 ops/s)
  batch 16/100 [150000..160000]: 1597 ms  (6258 ops/s)
  batch 17/100 [160000..170000]: 1669 ms  (5988 ops/s)
  batch 18/100 [170000..180000]: 1683 ms  (5939 ops/s)
  batch 19/100 [180000..190000]: 1552 ms  (6439 ops/s)
  batch 20/100 [190000..200000]: 1560 ms  (6408 ops/s)
  batch 21/100 [200000..210000]: 1590 ms  (6286 ops/s)
  batch 22/100 [210000..220000]: 1636 ms  (6112 ops/s)
  batch 23/100 [220000..230000]: 1629 ms  (6137 ops/s)
  batch 24/100 [230000..240000]: 1633 ms  (6120 ops/s)
  batch 25/100 [240000..250000]: 1652 ms  (6052 ops/s)
  batch 26/100 [250000..260000]: 1592 ms  (6279 ops/s)
  batch 27/100 [260000..270000]: 1608 ms  (6216 ops/s)
  batch 28/100 [270000..280000]: 1606 ms  (6225 ops/s)
  batch 29/100 [280000..290000]: 1638 ms  (6102 ops/s)
  batch 30/100 [290000..300000]: 1664 ms  (6006 ops/s)
  batch 31/100 [300000..310000]: 1681 ms  (5945 ops/s)
  batch 32/100 [310000..320000]: 1642 ms  (6088 ops/s)
  batch 33/100 [320000..330000]: 1597 ms  (6259 ops/s)
  batch 34/100 [330000..340000]: 1606 ms  (6225 ops/s)
  batch 35/100 [340000..350000]: 1633 ms  (6120 ops/s)
  batch 36/100 [350000..360000]: 1675 ms  (5969 ops/s)
  batch 37/100 [360000..370000]: 1683 ms  (5941 ops/s)
  batch 38/100 [370000..380000]: 1696 ms  (5896 ops/s)
  batch 39/100 [380000..390000]: 1636 ms  (6111 ops/s)
  batch 40/100 [390000..400000]: 1638 ms  (6101 ops/s)
  batch 41/100 [400000..410000]: 1646 ms  (6074 ops/s)
  batch 42/100 [410000..420000]: 1694 ms  (5901 ops/s)
  batch 43/100 [420000..430000]: 1673 ms  (5976 ops/s)
  batch 44/100 [430000..440000]: 1684 ms  (5934 ops/s)
  batch 45/100 [440000..450000]: 1640 ms  (6097 ops/s)
  batch 46/100 [450000..460000]: 1597 ms  (6261 ops/s)
  batch 47/100 [460000..470000]: 1649 ms  (6063 ops/s)
  batch 48/100 [470000..480000]: 1673 ms  (5974 ops/s)
  batch 49/100 [480000..490000]: 1670 ms  (5986 ops/s)
  batch 50/100 [490000..500000]: 1680 ms  (5951 ops/s)
  batch 51/100 [500000..510000]: 1702 ms  (5873 ops/s)
  batch 52/100 [510000..520000]: 1639 ms  (6100 ops/s)
  batch 53/100 [520000..530000]: 1611 ms  (6205 ops/s)
  batch 54/100 [530000..540000]: 1650 ms  (6058 ops/s)
  batch 55/100 [540000..550000]: 1636 ms  (6112 ops/s)
  batch 56/100 [550000..560000]: 1698 ms  (5888 ops/s)
  batch 57/100 [560000..570000]: 1719 ms  (5815 ops/s)
  batch 58/100 [570000..580000]: 1715 ms  (5829 ops/s)
  batch 59/100 [580000..590000]: 1657 ms  (6033 ops/s)
  batch 60/100 [590000..600000]: 1648 ms  (6064 ops/s)
  batch 61/100 [600000..610000]: 1661 ms  (6019 ops/s)
  batch 62/100 [610000..620000]: 1683 ms  (5938 ops/s)
  batch 63/100 [620000..630000]: 1690 ms  (5915 ops/s)
  batch 64/100 [630000..640000]: 1768 ms  (5654 ops/s)
  batch 65/100 [640000..650000]: 1642 ms  (6089 ops/s)
  batch 66/100 [650000..660000]: 1664 ms  (6008 ops/s)
  batch 67/100 [660000..670000]: 1667 ms  (5995 ops/s)
  batch 68/100 [670000..680000]: 1722 ms  (5805 ops/s)
  batch 69/100 [680000..690000]: 1716 ms  (5826 ops/s)
  batch 70/100 [690000..700000]: 1696 ms  (5893 ops/s)
  batch 71/100 [700000..710000]: 1745 ms  (5729 ops/s)
  batch 72/100 [710000..720000]: 1661 ms  (6017 ops/s)
  batch 73/100 [720000..730000]: 1668 ms  (5993 ops/s)
  batch 74/100 [730000..740000]: 1696 ms  (5895 ops/s)
  batch 75/100 [740000..750000]: 1703 ms  (5869 ops/s)
  batch 76/100 [750000..760000]: 1729 ms  (5782 ops/s)
  batch 77/100 [760000..770000]: 1769 ms  (5650 ops/s)
  batch 78/100 [770000..780000]: 1669 ms  (5991 ops/s)
  batch 79/100 [780000..790000]: 1696 ms  (5894 ops/s)
  batch 80/100 [790000..800000]: 1689 ms  (5920 ops/s)
  batch 81/100 [800000..810000]: 1709 ms  (5850 ops/s)
  batch 82/100 [810000..820000]: 1735 ms  (5761 ops/s)
  batch 83/100 [820000..830000]: 1761 ms  (5676 ops/s)
  batch 84/100 [830000..840000]: 1757 ms  (5690 ops/s)
  batch 85/100 [840000..850000]: 1692 ms  (5909 ops/s)
  batch 86/100 [850000..860000]: 1704 ms  (5868 ops/s)
  batch 87/100 [860000..870000]: 1706 ms  (5858 ops/s)
  batch 88/100 [870000..880000]: 1753 ms  (5702 ops/s)
  batch 89/100 [880000..890000]: 1750 ms  (5713 ops/s)
  batch 90/100 [890000..900000]: 1762 ms  (5672 ops/s)
  batch 91/100 [900000..910000]: 1795 ms  (5568 ops/s)
  batch 92/100 [910000..920000]: 1738 ms  (5752 ops/s)
  batch 93/100 [920000..930000]: 1702 ms  (5872 ops/s)
  batch 94/100 [930000..940000]: 1725 ms  (5794 ops/s)
  batch 95/100 [940000..950000]: 1717 ms  (5822 ops/s)
  batch 96/100 [950000..960000]: 1771 ms  (5643 ops/s)
  batch 97/100 [960000..970000]: 1821 ms  (5491 ops/s)
  batch 98/100 [970000..980000]: 1701 ms  (5875 ops/s)
  batch 99/100 [980000..990000]: 1741 ms  (5743 ops/s)
  batch 100/100 [990000..1000000]: 1750 ms  (5711 ops/s)
  total: 166250 ms  (6015 ops/s)
  [T5] mixed_od_multi_v0.0_d0.1_random_t64_s1000000
dvi_txn_benchmark_naive
  experiment:      T5
  workload:        mixed
  mechanism:       od_multi
  violation:       0
  duplicate_rate:  0.1
  num_unique_lhs:  900000
  access:          random
  size:            1000000
  batch_size:      10000
  threads:         64
  pre_pop:         1000000

=== Iteration 1 ===
[PERF] operator[] used at src/lib/storage/value_segment.cpp:48
	Performance can be affected. This warning is only shown once.
[PERF] Unresolved iterator created for AbstractPosList at src/lib/storage/pos_lists/abstract_pos_list.cpp:8
	Performance can be affected. This warning is only shown once.
  batch 1/100 [0..10000]: 1604 ms  (6233 ops/s)
  batch 2/100 [10000..20000]: 1468 ms  (6809 ops/s)
  batch 3/100 [20000..30000]: 1491 ms  (6704 ops/s)
  batch 4/100 [30000..40000]: 1519 ms  (6581 ops/s)
[PERF] operator[] used at src/lib/storage/frame_of_reference_segment.cpp:49
	Performance can be affected. This warning is only shown once.
  batch 5/100 [40000..50000]: 1569 ms  (6371 ops/s)
  batch 6/100 [50000..60000]: 1551 ms  (6445 ops/s)
  batch 7/100 [60000..70000]: 1553 ms  (6437 ops/s)
  batch 8/100 [70000..80000]: 1582 ms  (6317 ops/s)
  batch 9/100 [80000..90000]: 1599 ms  (6253 ops/s)
  batch 10/100 [90000..100000]: 1635 ms  (6115 ops/s)
  batch 11/100 [100000..110000]: 1655 ms  (6038 ops/s)
  batch 12/100 [110000..120000]: 1629 ms  (6137 ops/s)
  batch 13/100 [120000..130000]: 1583 ms  (6313 ops/s)
  batch 14/100 [130000..140000]: 1577 ms  (6339 ops/s)
  batch 15/100 [140000..150000]: 1611 ms  (6207 ops/s)
  batch 16/100 [150000..160000]: 1621 ms  (6165 ops/s)
  batch 17/100 [160000..170000]: 1657 ms  (6032 ops/s)
  batch 18/100 [170000..180000]: 1705 ms  (5865 ops/s)
  batch 19/100 [180000..190000]: 1561 ms  (6403 ops/s)
  batch 20/100 [190000..200000]: 1591 ms  (6283 ops/s)
  batch 21/100 [200000..210000]: 1624 ms  (6154 ops/s)
  batch 22/100 [210000..220000]: 1636 ms  (6110 ops/s)
  batch 23/100 [220000..230000]: 1627 ms  (6144 ops/s)
  batch 24/100 [230000..240000]: 1656 ms  (6037 ops/s)
  batch 25/100 [240000..250000]: 1653 ms  (6049 ops/s)
  batch 26/100 [250000..260000]: 1581 ms  (6322 ops/s)
  batch 27/100 [260000..270000]: 1586 ms  (6302 ops/s)
  batch 28/100 [270000..280000]: 1604 ms  (6231 ops/s)
  batch 29/100 [280000..290000]: 1625 ms  (6152 ops/s)
  batch 30/100 [290000..300000]: 1654 ms  (6044 ops/s)
  batch 31/100 [300000..310000]: 1675 ms  (5968 ops/s)
  batch 32/100 [310000..320000]: 1647 ms  (6070 ops/s)
  batch 33/100 [320000..330000]: 1608 ms  (6217 ops/s)
  batch 34/100 [330000..340000]: 1607 ms  (6221 ops/s)
  batch 35/100 [340000..350000]: 1640 ms  (6095 ops/s)
  batch 36/100 [350000..360000]: 1643 ms  (6084 ops/s)
  batch 37/100 [360000..370000]: 1673 ms  (5974 ops/s)
  batch 38/100 [370000..380000]: 1681 ms  (5948 ops/s)
  batch 39/100 [380000..390000]: 1605 ms  (6229 ops/s)
  batch 40/100 [390000..400000]: 1601 ms  (6242 ops/s)
  batch 41/100 [400000..410000]: 1646 ms  (6074 ops/s)
  batch 42/100 [410000..420000]: 1636 ms  (6110 ops/s)
  batch 43/100 [420000..430000]: 1676 ms  (5963 ops/s)
  batch 44/100 [430000..440000]: 1681 ms  (5946 ops/s)
  batch 45/100 [440000..450000]: 1655 ms  (6040 ops/s)
  batch 46/100 [450000..460000]: 1607 ms  (6221 ops/s)
  batch 47/100 [460000..470000]: 1651 ms  (6055 ops/s)
  batch 48/100 [470000..480000]: 1642 ms  (6087 ops/s)
  batch 49/100 [480000..490000]: 1654 ms  (6042 ops/s)
  batch 50/100 [490000..500000]: 1679 ms  (5954 ops/s)
  batch 51/100 [500000..510000]: 1703 ms  (5870 ops/s)
  batch 52/100 [510000..520000]: 1618 ms  (6178 ops/s)
  batch 53/100 [520000..530000]: 1637 ms  (6108 ops/s)
  batch 54/100 [530000..540000]: 1628 ms  (6141 ops/s)
  batch 55/100 [540000..550000]: 1663 ms  (6010 ops/s)
  batch 56/100 [550000..560000]: 1667 ms  (5998 ops/s)
  batch 57/100 [560000..570000]: 1687 ms  (5925 ops/s)
  batch 58/100 [570000..580000]: 1682 ms  (5942 ops/s)
  batch 59/100 [580000..590000]: 1621 ms  (6167 ops/s)
  batch 60/100 [590000..600000]: 1654 ms  (6043 ops/s)
  batch 61/100 [600000..610000]: 1637 ms  (6105 ops/s)
  batch 62/100 [610000..620000]: 1677 ms  (5959 ops/s)
  batch 63/100 [620000..630000]: 1687 ms  (5925 ops/s)
  batch 64/100 [630000..640000]: 1733 ms  (5769 ops/s)
  batch 65/100 [640000..650000]: 1619 ms  (6175 ops/s)
  batch 66/100 [650000..660000]: 1648 ms  (6064 ops/s)
  batch 67/100 [660000..670000]: 1663 ms  (6011 ops/s)
  batch 68/100 [670000..680000]: 1676 ms  (5964 ops/s)
  batch 69/100 [680000..690000]: 1707 ms  (5856 ops/s)
  batch 70/100 [690000..700000]: 1687 ms  (5925 ops/s)
  batch 71/100 [700000..710000]: 1708 ms  (5853 ops/s)
  batch 72/100 [710000..720000]: 1647 ms  (6069 ops/s)
  batch 73/100 [720000..730000]: 1650 ms  (6060 ops/s)
  batch 74/100 [730000..740000]: 1665 ms  (6002 ops/s)
  batch 75/100 [740000..750000]: 1687 ms  (5924 ops/s)
  batch 76/100 [750000..760000]: 1727 ms  (5789 ops/s)
  batch 77/100 [760000..770000]: 1754 ms  (5700 ops/s)
  batch 78/100 [770000..780000]: 1641 ms  (6093 ops/s)
  batch 79/100 [780000..790000]: 1680 ms  (5950 ops/s)
  batch 80/100 [790000..800000]: 1653 ms  (6046 ops/s)
  batch 81/100 [800000..810000]: 1704 ms  (5865 ops/s)
  batch 82/100 [810000..820000]: 1697 ms  (5892 ops/s)
  batch 83/100 [820000..830000]: 1711 ms  (5843 ops/s)
  batch 84/100 [830000..840000]: 1726 ms  (5791 ops/s)
  batch 85/100 [840000..850000]: 1656 ms  (6038 ops/s)
  batch 86/100 [850000..860000]: 1662 ms  (6014 ops/s)
  batch 87/100 [860000..870000]: 1667 ms  (5998 ops/s)
  batch 88/100 [870000..880000]: 1700 ms  (5881 ops/s)
  batch 89/100 [880000..890000]: 1719 ms  (5814 ops/s)
  batch 90/100 [890000..900000]: 1742 ms  (5738 ops/s)
  batch 91/100 [900000..910000]: 1681 ms  (5945 ops/s)
  batch 92/100 [910000..920000]: 1669 ms  (5990 ops/s)
  batch 93/100 [920000..930000]: 1670 ms  (5987 ops/s)
  batch 94/100 [930000..940000]: 1693 ms  (5903 ops/s)
  batch 95/100 [940000..950000]: 1719 ms  (5814 ops/s)
  batch 96/100 [950000..960000]: 1728 ms  (5786 ops/s)
  batch 97/100 [960000..970000]: 1735 ms  (5762 ops/s)
  batch 98/100 [970000..980000]: 1678 ms  (5958 ops/s)
  batch 99/100 [980000..990000]: 1683 ms  (5939 ops/s)
  batch 100/100 [990000..1000000]: 1691 ms  (5912 ops/s)
  total: 165001 ms  (6060 ops/s)

=== Iteration 2 ===
  batch 1/100 [0..10000]: 1737 ms  (5754 ops/s)
  batch 2/100 [10000..20000]: 1464 ms  (6829 ops/s)
  batch 3/100 [20000..30000]: 1495 ms  (6685 ops/s)
  batch 4/100 [30000..40000]: 1506 ms  (6640 ops/s)
  batch 5/100 [40000..50000]: 1574 ms  (6349 ops/s)
  batch 6/100 [50000..60000]: 1545 ms  (6469 ops/s)
  batch 7/100 [60000..70000]: 1547 ms  (6461 ops/s)
  batch 8/100 [70000..80000]: 1592 ms  (6279 ops/s)
  batch 9/100 [80000..90000]: 1595 ms  (6267 ops/s)
  batch 10/100 [90000..100000]: 1626 ms  (6149 ops/s)
  batch 11/100 [100000..110000]: 1646 ms  (6073 ops/s)
  batch 12/100 [110000..120000]: 1637 ms  (6107 ops/s)
  batch 13/100 [120000..130000]: 1577 ms  (6338 ops/s)
  batch 14/100 [130000..140000]: 1594 ms  (6273 ops/s)
  batch 15/100 [140000..150000]: 1593 ms  (6273 ops/s)
  batch 16/100 [150000..160000]: 1631 ms  (6130 ops/s)
  batch 17/100 [160000..170000]: 1634 ms  (6118 ops/s)
  batch 18/100 [170000..180000]: 1691 ms  (5910 ops/s)
  batch 19/100 [180000..190000]: 1560 ms  (6406 ops/s)
  batch 20/100 [190000..200000]: 1578 ms  (6333 ops/s)
  batch 21/100 [200000..210000]: 1601 ms  (6243 ops/s)
  batch 22/100 [210000..220000]: 1622 ms  (6163 ops/s)
  batch 23/100 [220000..230000]: 1630 ms  (6134 ops/s)
  batch 24/100 [230000..240000]: 1642 ms  (6088 ops/s)
  batch 25/100 [240000..250000]: 1660 ms  (6021 ops/s)
  batch 26/100 [250000..260000]: 1585 ms  (6308 ops/s)
  batch 27/100 [260000..270000]: 1587 ms  (6299 ops/s)
  batch 28/100 [270000..280000]: 1605 ms  (6230 ops/s)
  batch 29/100 [280000..290000]: 1628 ms  (6139 ops/s)
  batch 30/100 [290000..300000]: 1647 ms  (6071 ops/s)
  batch 31/100 [300000..310000]: 1658 ms  (6030 ops/s)
  batch 32/100 [310000..320000]: 1630 ms  (6133 ops/s)
  batch 33/100 [320000..330000]: 1594 ms  (6272 ops/s)
  batch 34/100 [330000..340000]: 1624 ms  (6155 ops/s)
  batch 35/100 [340000..350000]: 1616 ms  (6184 ops/s)
  batch 36/100 [350000..360000]: 1643 ms  (6084 ops/s)
  batch 37/100 [360000..370000]: 1658 ms  (6028 ops/s)
  batch 38/100 [370000..380000]: 1702 ms  (5872 ops/s)
  batch 39/100 [380000..390000]: 1602 ms  (6238 ops/s)
  batch 40/100 [390000..400000]: 1607 ms  (6221 ops/s)
  batch 41/100 [400000..410000]: 1629 ms  (6135 ops/s)
  batch 42/100 [410000..420000]: 1645 ms  (6078 ops/s)
  batch 43/100 [420000..430000]: 1664 ms  (6007 ops/s)
  batch 44/100 [430000..440000]: 1672 ms  (5977 ops/s)
  batch 45/100 [440000..450000]: 1650 ms  (6057 ops/s)
  batch 46/100 [450000..460000]: 1606 ms  (6225 ops/s)
  batch 47/100 [460000..470000]: 1631 ms  (6128 ops/s)
  batch 48/100 [470000..480000]: 1650 ms  (6058 ops/s)
  batch 49/100 [480000..490000]: 1672 ms  (5977 ops/s)
  batch 50/100 [490000..500000]: 1668 ms  (5992 ops/s)
  batch 51/100 [500000..510000]: 1705 ms  (5863 ops/s)
  batch 52/100 [510000..520000]: 1643 ms  (6083 ops/s)
  batch 53/100 [520000..530000]: 1621 ms  (6166 ops/s)
  batch 54/100 [530000..540000]: 1636 ms  (6111 ops/s)
  batch 55/100 [540000..550000]: 1646 ms  (6073 ops/s)
  batch 56/100 [550000..560000]: 1684 ms  (5937 ops/s)
  batch 57/100 [560000..570000]: 1698 ms  (5888 ops/s)
  batch 58/100 [570000..580000]: 1716 ms  (5824 ops/s)
  batch 59/100 [580000..590000]: 1622 ms  (6164 ops/s)
  batch 60/100 [590000..600000]: 1636 ms  (6111 ops/s)
  batch 61/100 [600000..610000]: 1645 ms  (6078 ops/s)
  batch 62/100 [610000..620000]: 1669 ms  (5990 ops/s)
  batch 63/100 [620000..630000]: 1695 ms  (5897 ops/s)
  batch 64/100 [630000..640000]: 1725 ms  (5795 ops/s)
  batch 65/100 [640000..650000]: 1618 ms  (6178 ops/s)
  batch 66/100 [650000..660000]: 1627 ms  (6144 ops/s)
  batch 67/100 [660000..670000]: 1647 ms  (6071 ops/s)
  batch 68/100 [670000..680000]: 1686 ms  (5928 ops/s)
  batch 69/100 [680000..690000]: 1692 ms  (5907 ops/s)
  batch 70/100 [690000..700000]: 1699 ms  (5882 ops/s)
  batch 71/100 [700000..710000]: 1709 ms  (5848 ops/s)
  batch 72/100 [710000..720000]: 1640 ms  (6095 ops/s)
  batch 73/100 [720000..730000]: 1641 ms  (6092 ops/s)
  batch 74/100 [730000..740000]: 1664 ms  (6006 ops/s)
  batch 75/100 [740000..750000]: 1671 ms  (5981 ops/s)
  batch 76/100 [750000..760000]: 1706 ms  (5860 ops/s)
  batch 77/100 [760000..770000]: 1737 ms  (5756 ops/s)
  batch 78/100 [770000..780000]: 1649 ms  (6062 ops/s)
  batch 79/100 [780000..790000]: 1650 ms  (6059 ops/s)
  batch 80/100 [790000..800000]: 1669 ms  (5989 ops/s)
  batch 81/100 [800000..810000]: 1699 ms  (5884 ops/s)
  batch 82/100 [810000..820000]: 1702 ms  (5872 ops/s)
  batch 83/100 [820000..830000]: 1727 ms  (5788 ops/s)
  batch 84/100 [830000..840000]: 1721 ms  (5809 ops/s)
  batch 85/100 [840000..850000]: 1642 ms  (6088 ops/s)
  batch 86/100 [850000..860000]: 1663 ms  (6012 ops/s)
  batch 87/100 [860000..870000]: 1704 ms  (5866 ops/s)
  batch 88/100 [870000..880000]: 1711 ms  (5843 ops/s)
  batch 89/100 [880000..890000]: 1705 ms  (5864 ops/s)
  batch 90/100 [890000..900000]: 1744 ms  (5731 ops/s)
  batch 91/100 [900000..910000]: 1732 ms  (5771 ops/s)
  batch 92/100 [910000..920000]: 1676 ms  (5963 ops/s)
  batch 93/100 [920000..930000]: 1696 ms  (5893 ops/s)
  batch 94/100 [930000..940000]: 1719 ms  (5814 ops/s)
  batch 95/100 [940000..950000]: 1713 ms  (5837 ops/s)
  batch 96/100 [950000..960000]: 1731 ms  (5774 ops/s)
  batch 97/100 [960000..970000]: 1745 ms  (5728 ops/s)
  batch 98/100 [970000..980000]: 1682 ms  (5944 ops/s)
  batch 99/100 [980000..990000]: 1696 ms  (5895 ops/s)
  batch 100/100 [990000..1000000]: 1700 ms  (5879 ops/s)
  total: 165058 ms  (6058 ops/s)

=== Iteration 3 ===
  batch 1/100 [0..10000]: 1738 ms  (5753 ops/s)
  batch 2/100 [10000..20000]: 1483 ms  (6739 ops/s)
  batch 3/100 [20000..30000]: 1522 ms  (6569 ops/s)
  batch 4/100 [30000..40000]: 1505 ms  (6641 ops/s)
  batch 5/100 [40000..50000]: 1574 ms  (6353 ops/s)
  batch 6/100 [50000..60000]: 1539 ms  (6494 ops/s)
  batch 7/100 [60000..70000]: 1556 ms  (6425 ops/s)
  batch 8/100 [70000..80000]: 1588 ms  (6293 ops/s)
  batch 9/100 [80000..90000]: 1601 ms  (6242 ops/s)
  batch 10/100 [90000..100000]: 1630 ms  (6132 ops/s)
  batch 11/100 [100000..110000]: 1636 ms  (6110 ops/s)
  batch 12/100 [110000..120000]: 1647 ms  (6069 ops/s)
  batch 13/100 [120000..130000]: 1577 ms  (6340 ops/s)
  batch 14/100 [130000..140000]: 1588 ms  (6295 ops/s)
  batch 15/100 [140000..150000]: 1609 ms  (6212 ops/s)
  batch 16/100 [150000..160000]: 1612 ms  (6200 ops/s)
  batch 17/100 [160000..170000]: 1660 ms  (6023 ops/s)
  batch 18/100 [170000..180000]: 1685 ms  (5934 ops/s)
  batch 19/100 [180000..190000]: 1574 ms  (6351 ops/s)
  batch 20/100 [190000..200000]: 1580 ms  (6325 ops/s)
  batch 21/100 [200000..210000]: 1602 ms  (6240 ops/s)
  batch 22/100 [210000..220000]: 1623 ms  (6157 ops/s)
  batch 23/100 [220000..230000]: 1650 ms  (6059 ops/s)
  batch 24/100 [230000..240000]: 1649 ms  (6063 ops/s)
  batch 25/100 [240000..250000]: 1658 ms  (6028 ops/s)
  batch 26/100 [250000..260000]: 1578 ms  (6337 ops/s)
  batch 27/100 [260000..270000]: 1621 ms  (6168 ops/s)
  batch 28/100 [270000..280000]: 1605 ms  (6228 ops/s)
  batch 29/100 [280000..290000]: 1623 ms  (6160 ops/s)
  batch 30/100 [290000..300000]: 1653 ms  (6047 ops/s)
  batch 31/100 [300000..310000]: 1650 ms  (6057 ops/s)
  batch 32/100 [310000..320000]: 1639 ms  (6099 ops/s)
  batch 33/100 [320000..330000]: 1578 ms  (6334 ops/s)
  batch 34/100 [330000..340000]: 1611 ms  (6204 ops/s)
  batch 35/100 [340000..350000]: 1623 ms  (6161 ops/s)
  batch 36/100 [350000..360000]: 1658 ms  (6028 ops/s)
  batch 37/100 [360000..370000]: 1660 ms  (6022 ops/s)
  batch 38/100 [370000..380000]: 1677 ms  (5959 ops/s)
  batch 39/100 [380000..390000]: 1601 ms  (6244 ops/s)
  batch 40/100 [390000..400000]: 1623 ms  (6159 ops/s)
  batch 41/100 [400000..410000]: 1622 ms  (6163 ops/s)
  batch 42/100 [410000..420000]: 1640 ms  (6095 ops/s)
  batch 43/100 [420000..430000]: 1672 ms  (5980 ops/s)
  batch 44/100 [430000..440000]: 1681 ms  (5948 ops/s)
  batch 45/100 [440000..450000]: 1647 ms  (6070 ops/s)
  batch 46/100 [450000..460000]: 1611 ms  (6205 ops/s)
  batch 47/100 [460000..470000]: 1631 ms  (6129 ops/s)
  batch 48/100 [470000..480000]: 1637 ms  (6105 ops/s)
  batch 49/100 [480000..490000]: 1647 ms  (6071 ops/s)
  batch 50/100 [490000..500000]: 1683 ms  (5939 ops/s)
  batch 51/100 [500000..510000]: 1691 ms  (5910 ops/s)
  batch 52/100 [510000..520000]: 1608 ms  (6218 ops/s)
  batch 53/100 [520000..530000]: 1622 ms  (6163 ops/s)
  batch 54/100 [530000..540000]: 1642 ms  (6088 ops/s)
  batch 55/100 [540000..550000]: 1642 ms  (6087 ops/s)
  batch 56/100 [550000..560000]: 1675 ms  (5967 ops/s)
  batch 57/100 [560000..570000]: 1692 ms  (5907 ops/s)
  batch 58/100 [570000..580000]: 1674 ms  (5970 ops/s)
  batch 59/100 [580000..590000]: 1631 ms  (6128 ops/s)
  batch 60/100 [590000..600000]: 1652 ms  (6052 ops/s)
  batch 61/100 [600000..610000]: 1666 ms  (5999 ops/s)
  batch 62/100 [610000..620000]: 1673 ms  (5975 ops/s)
  batch 63/100 [620000..630000]: 1690 ms  (5914 ops/s)
  batch 64/100 [630000..640000]: 1728 ms  (5784 ops/s)
  batch 65/100 [640000..650000]: 1620 ms  (6169 ops/s)
  batch 66/100 [650000..660000]: 1659 ms  (6024 ops/s)
  batch 67/100 [660000..670000]: 1661 ms  (6017 ops/s)
  batch 68/100 [670000..680000]: 1674 ms  (5973 ops/s)
  batch 69/100 [680000..690000]: 1698 ms  (5886 ops/s)
  batch 70/100 [690000..700000]: 1707 ms  (5856 ops/s)
  batch 71/100 [700000..710000]: 1694 ms  (5900 ops/s)
  batch 72/100 [710000..720000]: 1636 ms  (6111 ops/s)
  batch 73/100 [720000..730000]: 1651 ms  (6054 ops/s)
  batch 74/100 [730000..740000]: 1659 ms  (6025 ops/s)
  batch 75/100 [740000..750000]: 1674 ms  (5972 ops/s)
  batch 76/100 [750000..760000]: 1706 ms  (5859 ops/s)
  batch 77/100 [760000..770000]: 1758 ms  (5686 ops/s)
  batch 78/100 [770000..780000]: 1652 ms  (6051 ops/s)
  batch 79/100 [780000..790000]: 1640 ms  (6095 ops/s)
  batch 80/100 [790000..800000]: 1667 ms  (5997 ops/s)
  batch 81/100 [800000..810000]: 1702 ms  (5872 ops/s)
  batch 82/100 [810000..820000]: 1703 ms  (5869 ops/s)
  batch 83/100 [820000..830000]: 1716 ms  (5826 ops/s)
  batch 84/100 [830000..840000]: 1757 ms  (5689 ops/s)
  batch 85/100 [840000..850000]: 1647 ms  (6071 ops/s)
  batch 86/100 [850000..860000]: 1670 ms  (5986 ops/s)
  batch 87/100 [860000..870000]: 1697 ms  (5892 ops/s)
  batch 88/100 [870000..880000]: 1693 ms  (5906 ops/s)
  batch 89/100 [880000..890000]: 1710 ms  (5847 ops/s)
  batch 90/100 [890000..900000]: 1748 ms  (5718 ops/s)
  batch 91/100 [900000..910000]: 1684 ms  (5935 ops/s)
  batch 92/100 [910000..920000]: 1661 ms  (6019 ops/s)
  batch 93/100 [920000..930000]: 1695 ms  (5898 ops/s)
  batch 94/100 [930000..940000]: 1688 ms  (5922 ops/s)
  batch 95/100 [940000..950000]: 1712 ms  (5840 ops/s)
  batch 96/100 [950000..960000]: 1743 ms  (5735 ops/s)
  batch 97/100 [960000..970000]: 1744 ms  (5732 ops/s)
  batch 98/100 [970000..980000]: 1667 ms  (5995 ops/s)
  batch 99/100 [980000..990000]: 1685 ms  (5934 ops/s)
  batch 100/100 [990000..1000000]: 1686 ms  (5929 ops/s)
  total: 165057 ms  (6058 ops/s)
  [T6] mixed_od_multi_v0.0_d0.1_random_t2_s1000000
dvi_txn_benchmark_naive
  experiment:      T6
  workload:        mixed
  mechanism:       od_multi
  violation:       0
  duplicate_rate:  0.1
  num_unique_lhs:  900000
  access:          random
  size:            1000000
  batch_size:      10000
  threads:         2
  pre_pop:         1000000

=== Iteration 1 ===
[PERF] operator[] used at src/lib/storage/value_segment.cpp:48
	Performance can be affected. This warning is only shown once.
[PERF] Unresolved iterator created for AbstractPosList at src/lib/storage/pos_lists/abstract_pos_list.cpp:8
	Performance can be affected. This warning is only shown once.
  batch 1/100 [0..10000]: 6621 ms  (1510 ops/s)
  batch 2/100 [10000..20000]: 6712 ms  (1489 ops/s)
  batch 3/100 [20000..30000]: 6816 ms  (1467 ops/s)
  batch 4/100 [30000..40000]: 6914 ms  (1446 ops/s)
[PERF] operator[] used at src/lib/storage/frame_of_reference_segment.cpp:49
	Performance can be affected. This warning is only shown once.
  batch 5/100 [40000..50000]: 6910 ms  (1447 ops/s)
  batch 6/100 [50000..60000]: 7029 ms  (1422 ops/s)
  batch 7/100 [60000..70000]: 7249 ms  (1379 ops/s)
  batch 8/100 [70000..80000]: 7271 ms  (1375 ops/s)
  batch 9/100 [80000..90000]: 7448 ms  (1342 ops/s)
  batch 10/100 [90000..100000]: 7501 ms  (1333 ops/s)
  batch 11/100 [100000..110000]: 7655 ms  (1306 ops/s)
  batch 12/100 [110000..120000]: 7314 ms  (1367 ops/s)
  batch 13/100 [120000..130000]: 7191 ms  (1390 ops/s)
  batch 14/100 [130000..140000]: 7312 ms  (1367 ops/s)
  batch 15/100 [140000..150000]: 7524 ms  (1328 ops/s)
  batch 16/100 [150000..160000]: 7583 ms  (1318 ops/s)
  batch 17/100 [160000..170000]: 7747 ms  (1290 ops/s)
  batch 18/100 [170000..180000]: 7841 ms  (1275 ops/s)
  batch 19/100 [180000..190000]: 7197 ms  (1389 ops/s)
  batch 20/100 [190000..200000]: 7437 ms  (1344 ops/s)
  batch 21/100 [200000..210000]: 7660 ms  (1305 ops/s)
  batch 22/100 [210000..220000]: 7549 ms  (1324 ops/s)
  batch 23/100 [220000..230000]: 7719 ms  (1295 ops/s)
  batch 24/100 [230000..240000]: 7681 ms  (1301 ops/s)
  batch 25/100 [240000..250000]: 7665 ms  (1304 ops/s)
  batch 26/100 [250000..260000]: 7515 ms  (1330 ops/s)
  batch 27/100 [260000..270000]: 7632 ms  (1310 ops/s)
  batch 28/100 [270000..280000]: 7803 ms  (1281 ops/s)
  batch 29/100 [280000..290000]: 7736 ms  (1292 ops/s)
  batch 30/100 [290000..300000]: 7914 ms  (1263 ops/s)
  batch 31/100 [300000..310000]: 8042 ms  (1243 ops/s)
  batch 32/100 [310000..320000]: 7587 ms  (1317 ops/s)
  batch 33/100 [320000..330000]: 7688 ms  (1300 ops/s)
  batch 34/100 [330000..340000]: 7622 ms  (1311 ops/s)
  batch 35/100 [340000..350000]: 7891 ms  (1267 ops/s)
  batch 36/100 [350000..360000]: 8028 ms  (1245 ops/s)
  batch 37/100 [360000..370000]: 7867 ms  (1271 ops/s)
  batch 38/100 [370000..380000]: 7991 ms  (1251 ops/s)
  batch 39/100 [380000..390000]: 7829 ms  (1277 ops/s)
  batch 40/100 [390000..400000]: 7873 ms  (1270 ops/s)
  batch 41/100 [400000..410000]: 7951 ms  (1257 ops/s)
  batch 42/100 [410000..420000]: 8093 ms  (1235 ops/s)
  batch 43/100 [420000..430000]: 8102 ms  (1234 ops/s)
  batch 44/100 [430000..440000]: 8273 ms  (1208 ops/s)
  batch 45/100 [440000..450000]: 7939 ms  (1259 ops/s)
  batch 46/100 [450000..460000]: 8026 ms  (1245 ops/s)
  batch 47/100 [460000..470000]: 7964 ms  (1255 ops/s)
  batch 48/100 [470000..480000]: 8153 ms  (1226 ops/s)
  batch 49/100 [480000..490000]: 8271 ms  (1208 ops/s)
  batch 50/100 [490000..500000]: 8422 ms  (1187 ops/s)
  batch 51/100 [500000..510000]: 8293 ms  (1205 ops/s)
  batch 52/100 [510000..520000]: 8013 ms  (1247 ops/s)
  batch 53/100 [520000..530000]: 8127 ms  (1230 ops/s)
  batch 54/100 [530000..540000]: 8249 ms  (1212 ops/s)
  batch 55/100 [540000..550000]: 8408 ms  (1189 ops/s)
  batch 56/100 [550000..560000]: 8430 ms  (1186 ops/s)
  batch 57/100 [560000..570000]: 8530 ms  (1172 ops/s)
  batch 58/100 [570000..580000]: 8107 ms  (1233 ops/s)
  batch 59/100 [580000..590000]: 8204 ms  (1218 ops/s)
  batch 60/100 [590000..600000]: 8368 ms  (1194 ops/s)
  batch 61/100 [600000..610000]: 8396 ms  (1190 ops/s)
  batch 62/100 [610000..620000]: 8475 ms  (1179 ops/s)
  batch 63/100 [620000..630000]: 8557 ms  (1168 ops/s)
  batch 64/100 [630000..640000]: 8571 ms  (1166 ops/s)
  batch 65/100 [640000..650000]: 8288 ms  (1206 ops/s)
  batch 66/100 [650000..660000]: 8447 ms  (1183 ops/s)
  batch 67/100 [660000..670000]: 8384 ms  (1192 ops/s)
  batch 68/100 [670000..680000]: 8561 ms  (1167 ops/s)
  batch 69/100 [680000..690000]: 8715 ms  (1147 ops/s)
  batch 70/100 [690000..700000]: 8775 ms  (1139 ops/s)
  batch 71/100 [700000..710000]: 8481 ms  (1178 ops/s)
  batch 72/100 [710000..720000]: 8466 ms  (1181 ops/s)
  batch 73/100 [720000..730000]: 8511 ms  (1174 ops/s)
  batch 74/100 [730000..740000]: 8641 ms  (1157 ops/s)
  batch 75/100 [740000..750000]: 8749 ms  (1142 ops/s)
  batch 76/100 [750000..760000]: 8847 ms  (1130 ops/s)
  batch 77/100 [760000..770000]: 9002 ms  (1110 ops/s)
  batch 78/100 [770000..780000]: 8525 ms  (1172 ops/s)
  batch 79/100 [780000..790000]: 8615 ms  (1160 ops/s)
  batch 80/100 [790000..800000]: 8648 ms  (1156 ops/s)
  batch 81/100 [800000..810000]: 8847 ms  (1130 ops/s)
  batch 82/100 [810000..820000]: 8796 ms  (1136 ops/s)
  batch 83/100 [820000..830000]: 9051 ms  (1104 ops/s)
  batch 84/100 [830000..840000]: 8736 ms  (1144 ops/s)
  batch 85/100 [840000..850000]: 8677 ms  (1152 ops/s)
  batch 86/100 [850000..860000]: 8777 ms  (1139 ops/s)
  batch 87/100 [860000..870000]: 8833 ms  (1132 ops/s)
  batch 88/100 [870000..880000]: 8904 ms  (1123 ops/s)
  batch 89/100 [880000..890000]: 9062 ms  (1103 ops/s)
  batch 90/100 [890000..900000]: 9123 ms  (1096 ops/s)
  batch 91/100 [900000..910000]: 8804 ms  (1135 ops/s)
  batch 92/100 [910000..920000]: 8906 ms  (1122 ops/s)
  batch 93/100 [920000..930000]: 8790 ms  (1137 ops/s)
  batch 94/100 [930000..940000]: 9148 ms  (1093 ops/s)
  batch 95/100 [940000..950000]: 8998 ms  (1111 ops/s)
  batch 96/100 [950000..960000]: 9231 ms  (1083 ops/s)
  batch 97/100 [960000..970000]: 9140 ms  (1094 ops/s)
  batch 98/100 [970000..980000]: 9004 ms  (1110 ops/s)
  batch 99/100 [980000..990000]: 8909 ms  (1122 ops/s)
  batch 100/100 [990000..1000000]: 9131 ms  (1095 ops/s)
  total: 815057 ms  (1226 ops/s)

=== Iteration 2 ===
  batch 1/100 [0..10000]: 6561 ms  (1524 ops/s)
  batch 2/100 [10000..20000]: 6784 ms  (1473 ops/s)
  batch 3/100 [20000..30000]: 6889 ms  (1451 ops/s)
  batch 4/100 [30000..40000]: 6838 ms  (1462 ops/s)
  batch 5/100 [40000..50000]: 6981 ms  (1432 ops/s)
  batch 6/100 [50000..60000]: 7145 ms  (1399 ops/s)
  batch 7/100 [60000..70000]: 7235 ms  (1382 ops/s)
  batch 8/100 [70000..80000]: 7278 ms  (1373 ops/s)
  batch 9/100 [80000..90000]: 7429 ms  (1345 ops/s)
  batch 10/100 [90000..100000]: 7405 ms  (1350 ops/s)
  batch 11/100 [100000..110000]: 7608 ms  (1314 ops/s)
  batch 12/100 [110000..120000]: 7506 ms  (1332 ops/s)
  batch 13/100 [120000..130000]: 7326 ms  (1364 ops/s)
  batch 14/100 [130000..140000]: 7413 ms  (1348 ops/s)
  batch 15/100 [140000..150000]: 7491 ms  (1334 ops/s)
  batch 16/100 [150000..160000]: 7585 ms  (1318 ops/s)
  batch 17/100 [160000..170000]: 7631 ms  (1310 ops/s)
  batch 18/100 [170000..180000]: 7783 ms  (1284 ops/s)
  batch 19/100 [180000..190000]: 7261 ms  (1377 ops/s)
  batch 20/100 [190000..200000]: 7393 ms  (1352 ops/s)
  batch 21/100 [200000..210000]: 7627 ms  (1311 ops/s)
  batch 22/100 [210000..220000]: 7674 ms  (1302 ops/s)
  batch 23/100 [220000..230000]: 7680 ms  (1302 ops/s)
  batch 24/100 [230000..240000]: 7803 ms  (1281 ops/s)
  batch 25/100 [240000..250000]: 7587 ms  (1317 ops/s)
  batch 26/100 [250000..260000]: 7557 ms  (1323 ops/s)
  batch 27/100 [260000..270000]: 7695 ms  (1299 ops/s)
  batch 28/100 [270000..280000]: 7788 ms  (1283 ops/s)
  batch 29/100 [280000..290000]: 7945 ms  (1258 ops/s)
  batch 30/100 [290000..300000]: 7780 ms  (1285 ops/s)
  batch 31/100 [300000..310000]: 7977 ms  (1253 ops/s)
  batch 32/100 [310000..320000]: 7638 ms  (1309 ops/s)
  batch 33/100 [320000..330000]: 7664 ms  (1304 ops/s)
  batch 34/100 [330000..340000]: 7863 ms  (1271 ops/s)
  batch 35/100 [340000..350000]: 7973 ms  (1254 ops/s)
  batch 36/100 [350000..360000]: 7961 ms  (1256 ops/s)
  batch 37/100 [360000..370000]: 7913 ms  (1263 ops/s)
  batch 38/100 [370000..380000]: 7978 ms  (1253 ops/s)
  batch 39/100 [380000..390000]: 7812 ms  (1279 ops/s)
  batch 40/100 [390000..400000]: 7761 ms  (1288 ops/s)
  batch 41/100 [400000..410000]: 7962 ms  (1255 ops/s)
  batch 42/100 [410000..420000]: 8082 ms  (1237 ops/s)
  batch 43/100 [420000..430000]: 8236 ms  (1214 ops/s)
  batch 44/100 [430000..440000]: 8200 ms  (1219 ops/s)
  batch 45/100 [440000..450000]: 7983 ms  (1252 ops/s)
  batch 46/100 [450000..460000]: 7927 ms  (1261 ops/s)
  batch 47/100 [460000..470000]: 8059 ms  (1240 ops/s)
  batch 48/100 [470000..480000]: 8188 ms  (1221 ops/s)
  batch 49/100 [480000..490000]: 8031 ms  (1245 ops/s)
  batch 50/100 [490000..500000]: 8294 ms  (1205 ops/s)
  batch 51/100 [500000..510000]: 8300 ms  (1204 ops/s)
  batch 52/100 [510000..520000]: 7912 ms  (1263 ops/s)
  batch 53/100 [520000..530000]: 8142 ms  (1228 ops/s)
  batch 54/100 [530000..540000]: 8276 ms  (1208 ops/s)
  batch 55/100 [540000..550000]: 8240 ms  (1213 ops/s)
  batch 56/100 [550000..560000]: 8328 ms  (1200 ops/s)
  batch 57/100 [560000..570000]: 8566 ms  (1167 ops/s)
  batch 58/100 [570000..580000]: 8135 ms  (1229 ops/s)
  batch 59/100 [580000..590000]: 8165 ms  (1224 ops/s)
  batch 60/100 [590000..600000]: 8312 ms  (1202 ops/s)
  batch 61/100 [600000..610000]: 8255 ms  (1211 ops/s)
  batch 62/100 [610000..620000]: 8355 ms  (1196 ops/s)
  batch 63/100 [620000..630000]: 8493 ms  (1177 ops/s)
  batch 64/100 [630000..640000]: 8611 ms  (1161 ops/s)
  batch 65/100 [640000..650000]: 8274 ms  (1208 ops/s)
  batch 66/100 [650000..660000]: 8309 ms  (1203 ops/s)
  batch 67/100 [660000..670000]: 8458 ms  (1182 ops/s)
  batch 68/100 [670000..680000]: 8582 ms  (1165 ops/s)
  batch 69/100 [680000..690000]: 8697 ms  (1149 ops/s)
  batch 70/100 [690000..700000]: 8781 ms  (1138 ops/s)
  batch 71/100 [700000..710000]: 8453 ms  (1182 ops/s)
  batch 72/100 [710000..720000]: 8469 ms  (1180 ops/s)
  batch 73/100 [720000..730000]: 8539 ms  (1170 ops/s)
  batch 74/100 [730000..740000]: 8551 ms  (1169 ops/s)
  batch 75/100 [740000..750000]: 8595 ms  (1163 ops/s)
  batch 76/100 [750000..760000]: 8892 ms  (1124 ops/s)
  batch 77/100 [760000..770000]: 8948 ms  (1117 ops/s)
  batch 78/100 [770000..780000]: 8464 ms  (1181 ops/s)
  batch 79/100 [780000..790000]: 8596 ms  (1163 ops/s)
  batch 80/100 [790000..800000]: 8823 ms  (1133 ops/s)
  batch 81/100 [800000..810000]: 8840 ms  (1131 ops/s)
  batch 82/100 [810000..820000]: 8745 ms  (1143 ops/s)
  batch 83/100 [820000..830000]: 8989 ms  (1112 ops/s)
  batch 84/100 [830000..840000]: 8782 ms  (1138 ops/s)
  batch 85/100 [840000..850000]: 8712 ms  (1147 ops/s)
  batch 86/100 [850000..860000]: 8759 ms  (1141 ops/s)
  batch 87/100 [860000..870000]: 8850 ms  (1129 ops/s)
  batch 88/100 [870000..880000]: 9019 ms  (1108 ops/s)
  batch 89/100 [880000..890000]: 9199 ms  (1087 ops/s)
  batch 90/100 [890000..900000]: 9120 ms  (1096 ops/s)
  batch 91/100 [900000..910000]: 8709 ms  (1148 ops/s)
  batch 92/100 [910000..920000]: 8731 ms  (1145 ops/s)
  batch 93/100 [920000..930000]: 8765 ms  (1140 ops/s)
  batch 94/100 [930000..940000]: 8750 ms  (1142 ops/s)
  batch 95/100 [940000..950000]: 9135 ms  (1094 ops/s)
  batch 96/100 [950000..960000]: 9180 ms  (1089 ops/s)
  batch 97/100 [960000..970000]: 9074 ms  (1102 ops/s)
  batch 98/100 [970000..980000]: 8883 ms  (1125 ops/s)
  batch 99/100 [980000..990000]: 8971 ms  (1114 ops/s)
  batch 100/100 [990000..1000000]: 9185 ms  (1088 ops/s)
  total: 814154 ms  (1228 ops/s)

=== Iteration 3 ===
  batch 1/100 [0..10000]: 6555 ms  (1525 ops/s)
  batch 2/100 [10000..20000]: 6703 ms  (1491 ops/s)
  batch 3/100 [20000..30000]: 6825 ms  (1465 ops/s)
  batch 4/100 [30000..40000]: 6829 ms  (1464 ops/s)
  batch 5/100 [40000..50000]: 7001 ms  (1428 ops/s)
  batch 6/100 [50000..60000]: 7152 ms  (1398 ops/s)
  batch 7/100 [60000..70000]: 7208 ms  (1387 ops/s)
  batch 8/100 [70000..80000]: 7238 ms  (1381 ops/s)
  batch 9/100 [80000..90000]: 7421 ms  (1347 ops/s)
  batch 10/100 [90000..100000]: 7340 ms  (1362 ops/s)
  batch 11/100 [100000..110000]: 7522 ms  (1329 ops/s)
  batch 12/100 [110000..120000]: 7336 ms  (1362 ops/s)
  batch 13/100 [120000..130000]: 7292 ms  (1371 ops/s)
  batch 14/100 [130000..140000]: 7416 ms  (1348 ops/s)
  batch 15/100 [140000..150000]: 7448 ms  (1342 ops/s)
  batch 16/100 [150000..160000]: 7600 ms  (1315 ops/s)
  batch 17/100 [160000..170000]: 7657 ms  (1305 ops/s)
  batch 18/100 [170000..180000]: 7635 ms  (1309 ops/s)
  batch 19/100 [180000..190000]: 7319 ms  (1366 ops/s)
  batch 20/100 [190000..200000]: 7386 ms  (1353 ops/s)
  batch 21/100 [200000..210000]: 7466 ms  (1339 ops/s)
  batch 22/100 [210000..220000]: 7546 ms  (1325 ops/s)
  batch 23/100 [220000..230000]: 7777 ms  (1285 ops/s)
  batch 24/100 [230000..240000]: 7865 ms  (1271 ops/s)
  batch 25/100 [240000..250000]: 7638 ms  (1309 ops/s)
  batch 26/100 [250000..260000]: 7405 ms  (1350 ops/s)
  batch 27/100 [260000..270000]: 7627 ms  (1311 ops/s)
  batch 28/100 [270000..280000]: 7681 ms  (1301 ops/s)
  batch 29/100 [280000..290000]: 7895 ms  (1266 ops/s)
  batch 30/100 [290000..300000]: 7902 ms  (1265 ops/s)
  batch 31/100 [300000..310000]: 7950 ms  (1257 ops/s)
  batch 32/100 [310000..320000]: 7578 ms  (1319 ops/s)
  batch 33/100 [320000..330000]: 7459 ms  (1340 ops/s)
  batch 34/100 [330000..340000]: 7637 ms  (1309 ops/s)
  batch 35/100 [340000..350000]: 7869 ms  (1270 ops/s)
  batch 36/100 [350000..360000]: 7976 ms  (1253 ops/s)
  batch 37/100 [360000..370000]: 8045 ms  (1242 ops/s)
  batch 38/100 [370000..380000]: 7983 ms  (1252 ops/s)
  batch 39/100 [380000..390000]: 7834 ms  (1276 ops/s)
  batch 40/100 [390000..400000]: 7828 ms  (1277 ops/s)
  batch 41/100 [400000..410000]: 7885 ms  (1268 ops/s)
  batch 42/100 [410000..420000]: 8139 ms  (1228 ops/s)
  batch 43/100 [420000..430000]: 8283 ms  (1207 ops/s)
  batch 44/100 [430000..440000]: 8363 ms  (1195 ops/s)
  batch 45/100 [440000..450000]: 8094 ms  (1235 ops/s)
  batch 46/100 [450000..460000]: 8156 ms  (1226 ops/s)
  batch 47/100 [460000..470000]: 8450 ms  (1183 ops/s)
  batch 48/100 [470000..480000]: 8168 ms  (1224 ops/s)
  batch 49/100 [480000..490000]: 8182 ms  (1222 ops/s)
  batch 50/100 [490000..500000]: 8317 ms  (1202 ops/s)
  batch 51/100 [500000..510000]: 8383 ms  (1192 ops/s)
  batch 52/100 [510000..520000]: 7971 ms  (1254 ops/s)
  batch 53/100 [520000..530000]: 8120 ms  (1231 ops/s)
  batch 54/100 [530000..540000]: 8142 ms  (1228 ops/s)
  batch 55/100 [540000..550000]: 8250 ms  (1212 ops/s)
  batch 56/100 [550000..560000]: 8407 ms  (1189 ops/s)
  batch 57/100 [560000..570000]: 8505 ms  (1175 ops/s)
  batch 58/100 [570000..580000]: 8039 ms  (1243 ops/s)
  batch 59/100 [580000..590000]: 8167 ms  (1224 ops/s)
  batch 60/100 [590000..600000]: 8282 ms  (1207 ops/s)
  batch 61/100 [600000..610000]: 8294 ms  (1205 ops/s)
  batch 62/100 [610000..620000]: 8349 ms  (1197 ops/s)
  batch 63/100 [620000..630000]: 8621 ms  (1159 ops/s)
  batch 64/100 [630000..640000]: 8542 ms  (1170 ops/s)
  batch 65/100 [640000..650000]: 8220 ms  (1216 ops/s)
  batch 66/100 [650000..660000]: 8371 ms  (1194 ops/s)
  batch 67/100 [660000..670000]: 8390 ms  (1191 ops/s)
  batch 68/100 [670000..680000]: 8511 ms  (1174 ops/s)
  batch 69/100 [680000..690000]: 8646 ms  (1156 ops/s)
  batch 70/100 [690000..700000]: 8689 ms  (1150 ops/s)
  batch 71/100 [700000..710000]: 8441 ms  (1184 ops/s)
  batch 72/100 [710000..720000]: 8366 ms  (1195 ops/s)
  batch 73/100 [720000..730000]: 8544 ms  (1170 ops/s)
  batch 74/100 [730000..740000]: 8557 ms  (1168 ops/s)
  batch 75/100 [740000..750000]: 8696 ms  (1149 ops/s)
  batch 76/100 [750000..760000]: 8695 ms  (1150 ops/s)
  batch 77/100 [760000..770000]: 8887 ms  (1125 ops/s)
  batch 78/100 [770000..780000]: 8505 ms  (1175 ops/s)
  batch 79/100 [780000..790000]: 8478 ms  (1179 ops/s)
  batch 80/100 [790000..800000]: 8723 ms  (1146 ops/s)
  batch 81/100 [800000..810000]: 8811 ms  (1134 ops/s)
  batch 82/100 [810000..820000]: 8744 ms  (1143 ops/s)
  batch 83/100 [820000..830000]: 8982 ms  (1113 ops/s)
  batch 84/100 [830000..840000]: 8771 ms  (1140 ops/s)
  batch 85/100 [840000..850000]: 8700 ms  (1149 ops/s)
  batch 86/100 [850000..860000]: 8756 ms  (1141 ops/s)
  batch 87/100 [860000..870000]: 8807 ms  (1135 ops/s)
  batch 88/100 [870000..880000]: 8989 ms  (1112 ops/s)
  batch 89/100 [880000..890000]: 9141 ms  (1093 ops/s)
  batch 90/100 [890000..900000]: 9199 ms  (1086 ops/s)
  batch 91/100 [900000..910000]: 8837 ms  (1131 ops/s)
  batch 92/100 [910000..920000]: 8826 ms  (1132 ops/s)
  batch 93/100 [920000..930000]: 8888 ms  (1125 ops/s)
  batch 94/100 [930000..940000]: 9047 ms  (1105 ops/s)
  batch 95/100 [940000..950000]: 9033 ms  (1106 ops/s)
  batch 96/100 [950000..960000]: 9272 ms  (1078 ops/s)
  batch 97/100 [960000..970000]: 8972 ms  (1114 ops/s)
  batch 98/100 [970000..980000]: 8892 ms  (1124 ops/s)
  batch 99/100 [980000..990000]: 9050 ms  (1104 ops/s)
  batch 100/100 [990000..1000000]: 9162 ms  (1091 ops/s)
  total: 813596 ms  (1229 ops/s)
  [T6] mixed_od_multi_v0.0_d0.1_sequential_t2_s1000000
dvi_txn_benchmark_naive
  experiment:      T6
  workload:        mixed
  mechanism:       od_multi
  violation:       0
  duplicate_rate:  0.1
  num_unique_lhs:  900000
  access:          sequential
  size:            1000000
  batch_size:      10000
  threads:         2
  pre_pop:         1000000

=== Iteration 1 ===
[PERF] operator[] used at src/lib/storage/value_segment.cpp:48
	Performance can be affected. This warning is only shown once.
[PERF] Unresolved iterator created for AbstractPosList at src/lib/storage/pos_lists/abstract_pos_list.cpp:8
	Performance can be affected. This warning is only shown once.
  batch 1/100 [0..10000]: 2034 ms  (4914 ops/s)
  batch 2/100 [10000..20000]: 2101 ms  (4757 ops/s)
  batch 3/100 [20000..30000]: 2146 ms  (4658 ops/s)
  batch 4/100 [30000..40000]: 2174 ms  (4599 ops/s)
[PERF] operator[] used at src/lib/storage/frame_of_reference_segment.cpp:49
	Performance can be affected. This warning is only shown once.
  batch 5/100 [40000..50000]: 2230 ms  (4483 ops/s)
  batch 6/100 [50000..60000]: 2039 ms  (4903 ops/s)
  batch 7/100 [60000..70000]: 2101 ms  (4758 ops/s)
  batch 8/100 [70000..80000]: 2132 ms  (4689 ops/s)
  batch 9/100 [80000..90000]: 2190 ms  (4566 ops/s)
  batch 10/100 [90000..100000]: 2280 ms  (4385 ops/s)
  batch 11/100 [100000..110000]: 2334 ms  (4283 ops/s)
  batch 12/100 [110000..120000]: 2260 ms  (4424 ops/s)
  batch 13/100 [120000..130000]: 2194 ms  (4557 ops/s)
  batch 14/100 [130000..140000]: 2237 ms  (4469 ops/s)
  batch 15/100 [140000..150000]: 2312 ms  (4324 ops/s)
  batch 16/100 [150000..160000]: 2361 ms  (4234 ops/s)
  batch 17/100 [160000..170000]: 2420 ms  (4131 ops/s)
  batch 18/100 [170000..180000]: 2502 ms  (3995 ops/s)
  batch 19/100 [180000..190000]: 2266 ms  (4412 ops/s)
  batch 20/100 [190000..200000]: 2315 ms  (4319 ops/s)
  batch 21/100 [200000..210000]: 2382 ms  (4197 ops/s)
  batch 22/100 [210000..220000]: 2435 ms  (4105 ops/s)
  batch 23/100 [220000..230000]: 2500 ms  (3999 ops/s)
  batch 24/100 [230000..240000]: 2575 ms  (3883 ops/s)
  batch 25/100 [240000..250000]: 2509 ms  (3984 ops/s)
  batch 26/100 [250000..260000]: 2387 ms  (4188 ops/s)
  batch 27/100 [260000..270000]: 2432 ms  (4110 ops/s)
  batch 28/100 [270000..280000]: 2519 ms  (3968 ops/s)
  batch 29/100 [280000..290000]: 2581 ms  (3873 ops/s)
  batch 30/100 [290000..300000]: 2636 ms  (3792 ops/s)
  batch 31/100 [300000..310000]: 2677 ms  (3734 ops/s)
  batch 32/100 [310000..320000]: 2531 ms  (3949 ops/s)
  batch 33/100 [320000..330000]: 2550 ms  (3921 ops/s)
  batch 34/100 [330000..340000]: 2596 ms  (3851 ops/s)
  batch 35/100 [340000..350000]: 2653 ms  (3768 ops/s)
  batch 36/100 [350000..360000]: 2685 ms  (3723 ops/s)
  batch 37/100 [360000..370000]: 2773 ms  (3605 ops/s)
  batch 38/100 [370000..380000]: 2718 ms  (3678 ops/s)
  batch 39/100 [380000..390000]: 2608 ms  (3833 ops/s)
  batch 40/100 [390000..400000]: 2677 ms  (3735 ops/s)
  batch 41/100 [400000..410000]: 2713 ms  (3685 ops/s)
  batch 42/100 [410000..420000]: 2787 ms  (3586 ops/s)
  batch 43/100 [420000..430000]: 2840 ms  (3521 ops/s)
  batch 44/100 [430000..440000]: 2903 ms  (3443 ops/s)
  batch 45/100 [440000..450000]: 2790 ms  (3583 ops/s)
  batch 46/100 [450000..460000]: 2741 ms  (3647 ops/s)
  batch 47/100 [460000..470000]: 2799 ms  (3571 ops/s)
  batch 48/100 [470000..480000]: 2862 ms  (3493 ops/s)
  batch 49/100 [480000..490000]: 2929 ms  (3414 ops/s)
  batch 50/100 [490000..500000]: 2984 ms  (3351 ops/s)
  batch 51/100 [500000..510000]: 3016 ms  (3314 ops/s)
  batch 52/100 [510000..520000]: 2857 ms  (3499 ops/s)
  batch 53/100 [520000..530000]: 2893 ms  (3455 ops/s)
  batch 54/100 [530000..540000]: 2957 ms  (3381 ops/s)
  batch 55/100 [540000..550000]: 3022 ms  (3308 ops/s)
  batch 56/100 [550000..560000]: 3063 ms  (3264 ops/s)
  batch 57/100 [560000..570000]: 3121 ms  (3203 ops/s)
  batch 58/100 [570000..580000]: 3011 ms  (3320 ops/s)
  batch 59/100 [580000..590000]: 2951 ms  (3387 ops/s)
  batch 60/100 [590000..600000]: 3043 ms  (3285 ops/s)
  batch 61/100 [600000..610000]: 3078 ms  (3248 ops/s)
  batch 62/100 [610000..620000]: 3147 ms  (3177 ops/s)
  batch 63/100 [620000..630000]: 3181 ms  (3143 ops/s)
  batch 64/100 [630000..640000]: 3250 ms  (3076 ops/s)
  batch 65/100 [640000..650000]: 3035 ms  (3294 ops/s)
  batch 66/100 [650000..660000]: 3113 ms  (3211 ops/s)
  batch 67/100 [660000..670000]: 3177 ms  (3146 ops/s)
  batch 68/100 [670000..680000]: 3218 ms  (3107 ops/s)
  batch 69/100 [680000..690000]: 3288 ms  (3041 ops/s)
  batch 70/100 [690000..700000]: 3336 ms  (2996 ops/s)
  batch 71/100 [700000..710000]: 3286 ms  (3042 ops/s)
  batch 72/100 [710000..720000]: 3201 ms  (3123 ops/s)
  batch 73/100 [720000..730000]: 3253 ms  (3073 ops/s)
  batch 74/100 [730000..740000]: 3310 ms  (3020 ops/s)
  batch 75/100 [740000..750000]: 3383 ms  (2955 ops/s)
  batch 76/100 [750000..760000]: 3428 ms  (2916 ops/s)
  batch 77/100 [760000..770000]: 3497 ms  (2859 ops/s)
  batch 78/100 [770000..780000]: 3240 ms  (3086 ops/s)
  batch 79/100 [780000..790000]: 3345 ms  (2989 ops/s)
  batch 80/100 [790000..800000]: 3401 ms  (2939 ops/s)
  batch 81/100 [800000..810000]: 3471 ms  (2880 ops/s)
  batch 82/100 [810000..820000]: 3493 ms  (2862 ops/s)
  batch 83/100 [820000..830000]: 3551 ms  (2815 ops/s)
  batch 84/100 [830000..840000]: 3500 ms  (2856 ops/s)
  batch 85/100 [840000..850000]: 3398 ms  (2942 ops/s)
  batch 86/100 [850000..860000]: 3473 ms  (2879 ops/s)
  batch 87/100 [860000..870000]: 3480 ms  (2872 ops/s)
  batch 88/100 [870000..880000]: 3559 ms  (2809 ops/s)
  batch 89/100 [880000..890000]: 3646 ms  (2742 ops/s)
  batch 90/100 [890000..900000]: 3699 ms  (2703 ops/s)
  batch 91/100 [900000..910000]: 3517 ms  (2843 ops/s)
  batch 92/100 [910000..920000]: 3561 ms  (2807 ops/s)
  batch 93/100 [920000..930000]: 3617 ms  (2764 ops/s)
  batch 94/100 [930000..940000]: 3664 ms  (2728 ops/s)
  batch 95/100 [940000..950000]: 3721 ms  (2687 ops/s)
  batch 96/100 [950000..960000]: 3784 ms  (2642 ops/s)
  batch 97/100 [960000..970000]: 3772 ms  (2650 ops/s)
  batch 98/100 [970000..980000]: 3580 ms  (2792 ops/s)
  batch 99/100 [980000..990000]: 3687 ms  (2712 ops/s)
  batch 100/100 [990000..1000000]: 3751 ms  (2665 ops/s)
  total: 291475 ms  (3430 ops/s)

=== Iteration 2 ===
  batch 1/100 [0..10000]: 2067 ms  (4836 ops/s)
  batch 2/100 [10000..20000]: 2052 ms  (4871 ops/s)
  batch 3/100 [20000..30000]: 2108 ms  (4743 ops/s)
  batch 4/100 [30000..40000]: 2179 ms  (4588 ops/s)
  batch 5/100 [40000..50000]: 2241 ms  (4460 ops/s)
  batch 6/100 [50000..60000]: 2037 ms  (4907 ops/s)
  batch 7/100 [60000..70000]: 2087 ms  (4790 ops/s)
  batch 8/100 [70000..80000]: 2177 ms  (4593 ops/s)
  batch 9/100 [80000..90000]: 2218 ms  (4507 ops/s)
  batch 10/100 [90000..100000]: 2246 ms  (4450 ops/s)
  batch 11/100 [100000..110000]: 2340 ms  (4272 ops/s)
  batch 12/100 [110000..120000]: 2249 ms  (4444 ops/s)
  batch 13/100 [120000..130000]: 2191 ms  (4562 ops/s)
  batch 14/100 [130000..140000]: 2265 ms  (4413 ops/s)
  batch 15/100 [140000..150000]: 2287 ms  (4371 ops/s)
  batch 16/100 [150000..160000]: 2358 ms  (4239 ops/s)
  batch 17/100 [160000..170000]: 2416 ms  (4138 ops/s)
  batch 18/100 [170000..180000]: 2495 ms  (4007 ops/s)
  batch 19/100 [180000..190000]: 2256 ms  (4432 ops/s)
  batch 20/100 [190000..200000]: 2319 ms  (4312 ops/s)
  batch 21/100 [200000..210000]: 2389 ms  (4184 ops/s)
  batch 22/100 [210000..220000]: 2454 ms  (4074 ops/s)
  batch 23/100 [220000..230000]: 2494 ms  (4009 ops/s)
  batch 24/100 [230000..240000]: 2555 ms  (3912 ops/s)
  batch 25/100 [240000..250000]: 2494 ms  (4008 ops/s)
  batch 26/100 [250000..260000]: 2393 ms  (4177 ops/s)
  batch 27/100 [260000..270000]: 2461 ms  (4062 ops/s)
  batch 28/100 [270000..280000]: 2530 ms  (3952 ops/s)
  batch 29/100 [280000..290000]: 2582 ms  (3871 ops/s)
  batch 30/100 [290000..300000]: 2634 ms  (3796 ops/s)
  batch 31/100 [300000..310000]: 2694 ms  (3711 ops/s)
  batch 32/100 [310000..320000]: 2527 ms  (3957 ops/s)
  batch 33/100 [320000..330000]: 2538 ms  (3939 ops/s)
  batch 34/100 [330000..340000]: 2599 ms  (3846 ops/s)
  batch 35/100 [340000..350000]: 2657 ms  (3763 ops/s)
  batch 36/100 [350000..360000]: 2706 ms  (3694 ops/s)
  batch 37/100 [360000..370000]: 2777 ms  (3600 ops/s)
  batch 38/100 [370000..380000]: 2742 ms  (3646 ops/s)
  batch 39/100 [380000..390000]: 2583 ms  (3870 ops/s)
  batch 40/100 [390000..400000]: 2645 ms  (3780 ops/s)
  batch 41/100 [400000..410000]: 2707 ms  (3692 ops/s)
  batch 42/100 [410000..420000]: 2749 ms  (3637 ops/s)
  batch 43/100 [420000..430000]: 2829 ms  (3533 ops/s)
  batch 44/100 [430000..440000]: 2888 ms  (3461 ops/s)
  batch 45/100 [440000..450000]: 2742 ms  (3646 ops/s)
  batch 46/100 [450000..460000]: 2728 ms  (3665 ops/s)
  batch 47/100 [460000..470000]: 2812 ms  (3554 ops/s)
  batch 48/100 [470000..480000]: 2873 ms  (3480 ops/s)
  batch 49/100 [480000..490000]: 2925 ms  (3418 ops/s)
  batch 50/100 [490000..500000]: 2995 ms  (3338 ops/s)
  batch 51/100 [500000..510000]: 2976 ms  (3359 ops/s)
  batch 52/100 [510000..520000]: 2834 ms  (3528 ops/s)
  batch 53/100 [520000..530000]: 2872 ms  (3481 ops/s)
  batch 54/100 [530000..540000]: 2933 ms  (3408 ops/s)
  batch 55/100 [540000..550000]: 3021 ms  (3309 ops/s)
  batch 56/100 [550000..560000]: 3074 ms  (3252 ops/s)
  batch 57/100 [560000..570000]: 3127 ms  (3197 ops/s)
  batch 58/100 [570000..580000]: 2996 ms  (3337 ops/s)
  batch 59/100 [580000..590000]: 2966 ms  (3370 ops/s)
  batch 60/100 [590000..600000]: 3053 ms  (3274 ops/s)
  batch 61/100 [600000..610000]: 3101 ms  (3224 ops/s)
  batch 62/100 [610000..620000]: 3139 ms  (3184 ops/s)
  batch 63/100 [620000..630000]: 3197 ms  (3127 ops/s)
  batch 64/100 [630000..640000]: 3256 ms  (3070 ops/s)
  batch 65/100 [640000..650000]: 3043 ms  (3285 ops/s)
  batch 66/100 [650000..660000]: 3096 ms  (3229 ops/s)
  batch 67/100 [660000..670000]: 3120 ms  (3204 ops/s)
  batch 68/100 [670000..680000]: 3201 ms  (3123 ops/s)
  batch 69/100 [680000..690000]: 3280 ms  (3048 ops/s)
  batch 70/100 [690000..700000]: 3329 ms  (3003 ops/s)
  batch 71/100 [700000..710000]: 3253 ms  (3074 ops/s)
  batch 72/100 [710000..720000]: 3211 ms  (3113 ops/s)
  batch 73/100 [720000..730000]: 3216 ms  (3108 ops/s)
  batch 74/100 [730000..740000]: 3271 ms  (3056 ops/s)
  batch 75/100 [740000..750000]: 3372 ms  (2964 ops/s)
  batch 76/100 [750000..760000]: 3453 ms  (2895 ops/s)
  batch 77/100 [760000..770000]: 3504 ms  (2853 ops/s)
  batch 78/100 [770000..780000]: 3300 ms  (3030 ops/s)
  batch 79/100 [780000..790000]: 3355 ms  (2980 ops/s)
  batch 80/100 [790000..800000]: 3408 ms  (2933 ops/s)
  batch 81/100 [800000..810000]: 3447 ms  (2900 ops/s)
  batch 82/100 [810000..820000]: 3491 ms  (2864 ops/s)
  batch 83/100 [820000..830000]: 3577 ms  (2795 ops/s)
  batch 84/100 [830000..840000]: 3502 ms  (2855 ops/s)
  batch 85/100 [840000..850000]: 3408 ms  (2933 ops/s)
  batch 86/100 [850000..860000]: 3472 ms  (2880 ops/s)
  batch 87/100 [860000..870000]: 3528 ms  (2833 ops/s)
  batch 88/100 [870000..880000]: 3590 ms  (2784 ops/s)
  batch 89/100 [880000..890000]: 3647 ms  (2741 ops/s)
  batch 90/100 [890000..900000]: 3701 ms  (2701 ops/s)
  batch 91/100 [900000..910000]: 3519 ms  (2841 ops/s)
  batch 92/100 [910000..920000]: 3537 ms  (2826 ops/s)
  batch 93/100 [920000..930000]: 3609 ms  (2770 ops/s)
  batch 94/100 [930000..940000]: 3630 ms  (2754 ops/s)
  batch 95/100 [940000..950000]: 3723 ms  (2685 ops/s)
  batch 96/100 [950000..960000]: 3787 ms  (2639 ops/s)
  batch 97/100 [960000..970000]: 3751 ms  (2665 ops/s)
  batch 98/100 [970000..980000]: 3605 ms  (2773 ops/s)
  batch 99/100 [980000..990000]: 3688 ms  (2711 ops/s)
  batch 100/100 [990000..1000000]: 3709 ms  (2696 ops/s)
  total: 291216 ms  (3433 ops/s)

=== Iteration 3 ===
  batch 1/100 [0..10000]: 2070 ms  (4828 ops/s)
  batch 2/100 [10000..20000]: 2084 ms  (4798 ops/s)
  batch 3/100 [20000..30000]: 2131 ms  (4691 ops/s)
  batch 4/100 [30000..40000]: 2193 ms  (4557 ops/s)
  batch 5/100 [40000..50000]: 2242 ms  (4459 ops/s)
  batch 6/100 [50000..60000]: 2039 ms  (4903 ops/s)
  batch 7/100 [60000..70000]: 2086 ms  (4793 ops/s)
  batch 8/100 [70000..80000]: 2149 ms  (4651 ops/s)
  batch 9/100 [80000..90000]: 2206 ms  (4531 ops/s)
  batch 10/100 [90000..100000]: 2264 ms  (4416 ops/s)
  batch 11/100 [100000..110000]: 2309 ms  (4330 ops/s)
  batch 12/100 [110000..120000]: 2250 ms  (4444 ops/s)
  batch 13/100 [120000..130000]: 2180 ms  (4585 ops/s)
  batch 14/100 [130000..140000]: 2225 ms  (4492 ops/s)
  batch 15/100 [140000..150000]: 2266 ms  (4412 ops/s)
  batch 16/100 [150000..160000]: 2333 ms  (4286 ops/s)
  batch 17/100 [160000..170000]: 2390 ms  (4183 ops/s)
  batch 18/100 [170000..180000]: 2479 ms  (4032 ops/s)
  batch 19/100 [180000..190000]: 2260 ms  (4423 ops/s)
  batch 20/100 [190000..200000]: 2317 ms  (4315 ops/s)
  batch 21/100 [200000..210000]: 2369 ms  (4221 ops/s)
  batch 22/100 [210000..220000]: 2433 ms  (4108 ops/s)
  batch 23/100 [220000..230000]: 2508 ms  (3986 ops/s)
  batch 24/100 [230000..240000]: 2562 ms  (3902 ops/s)
  batch 25/100 [240000..250000]: 2502 ms  (3995 ops/s)
  batch 26/100 [250000..260000]: 2397 ms  (4171 ops/s)
  batch 27/100 [260000..270000]: 2472 ms  (4044 ops/s)
  batch 28/100 [270000..280000]: 2517 ms  (3971 ops/s)
  batch 29/100 [280000..290000]: 2561 ms  (3904 ops/s)
  batch 30/100 [290000..300000]: 2629 ms  (3802 ops/s)
  batch 31/100 [300000..310000]: 2690 ms  (3716 ops/s)
  batch 32/100 [310000..320000]: 2530 ms  (3952 ops/s)
  batch 33/100 [320000..330000]: 2538 ms  (3939 ops/s)
  batch 34/100 [330000..340000]: 2594 ms  (3853 ops/s)
  batch 35/100 [340000..350000]: 2659 ms  (3760 ops/s)
  batch 36/100 [350000..360000]: 2720 ms  (3676 ops/s)
  batch 37/100 [360000..370000]: 2789 ms  (3585 ops/s)
  batch 38/100 [370000..380000]: 2753 ms  (3631 ops/s)
  batch 39/100 [380000..390000]: 2613 ms  (3826 ops/s)
  batch 40/100 [390000..400000]: 2674 ms  (3739 ops/s)
  batch 41/100 [400000..410000]: 2734 ms  (3656 ops/s)
  batch 42/100 [410000..420000]: 2797 ms  (3575 ops/s)
  batch 43/100 [420000..430000]: 2845 ms  (3514 ops/s)
  batch 44/100 [430000..440000]: 2911 ms  (3434 ops/s)
  batch 45/100 [440000..450000]: 2767 ms  (3612 ops/s)
  batch 46/100 [450000..460000]: 2771 ms  (3608 ops/s)
  batch 47/100 [460000..470000]: 2833 ms  (3529 ops/s)
  batch 48/100 [470000..480000]: 2887 ms  (3463 ops/s)
  batch 49/100 [480000..490000]: 2923 ms  (3420 ops/s)
  batch 50/100 [490000..500000]: 2985 ms  (3349 ops/s)
  batch 51/100 [500000..510000]: 3011 ms  (3320 ops/s)
  batch 52/100 [510000..520000]: 2854 ms  (3503 ops/s)
  batch 53/100 [520000..530000]: 2892 ms  (3457 ops/s)
  batch 54/100 [530000..540000]: 2967 ms  (3369 ops/s)
  batch 55/100 [540000..550000]: 3017 ms  (3313 ops/s)
  batch 56/100 [550000..560000]: 3077 ms  (3248 ops/s)
  batch 57/100 [560000..570000]: 3133 ms  (3191 ops/s)
  batch 58/100 [570000..580000]: 2984 ms  (3350 ops/s)
  batch 59/100 [580000..590000]: 2965 ms  (3372 ops/s)
  batch 60/100 [590000..600000]: 3056 ms  (3272 ops/s)
  batch 61/100 [600000..610000]: 3089 ms  (3236 ops/s)
  batch 62/100 [610000..620000]: 3148 ms  (3176 ops/s)
  batch 63/100 [620000..630000]: 3215 ms  (3109 ops/s)
  batch 64/100 [630000..640000]: 3259 ms  (3068 ops/s)
  batch 65/100 [640000..650000]: 3060 ms  (3267 ops/s)
  batch 66/100 [650000..660000]: 3110 ms  (3215 ops/s)
  batch 67/100 [660000..670000]: 3173 ms  (3151 ops/s)
  batch 68/100 [670000..680000]: 3244 ms  (3082 ops/s)
  batch 69/100 [680000..690000]: 3266 ms  (3060 ops/s)
  batch 70/100 [690000..700000]: 3350 ms  (2984 ops/s)
  batch 71/100 [700000..710000]: 3279 ms  (3049 ops/s)
  batch 72/100 [710000..720000]: 3202 ms  (3122 ops/s)
  batch 73/100 [720000..730000]: 3229 ms  (3096 ops/s)
  batch 74/100 [730000..740000]: 3326 ms  (3006 ops/s)
  batch 75/100 [740000..750000]: 3358 ms  (2977 ops/s)
  batch 76/100 [750000..760000]: 3436 ms  (2909 ops/s)
  batch 77/100 [760000..770000]: 3510 ms  (2848 ops/s)
  batch 78/100 [770000..780000]: 3269 ms  (3058 ops/s)
  batch 79/100 [780000..790000]: 3336 ms  (2996 ops/s)
  batch 80/100 [790000..800000]: 3407 ms  (2935 ops/s)
  batch 81/100 [800000..810000]: 3444 ms  (2902 ops/s)
  batch 82/100 [810000..820000]: 3510 ms  (2848 ops/s)
  batch 83/100 [820000..830000]: 3570 ms  (2801 ops/s)
  batch 84/100 [830000..840000]: 3516 ms  (2843 ops/s)
  batch 85/100 [840000..850000]: 3431 ms  (2913 ops/s)
  batch 86/100 [850000..860000]: 3464 ms  (2886 ops/s)
  batch 87/100 [860000..870000]: 3543 ms  (2822 ops/s)
  batch 88/100 [870000..880000]: 3581 ms  (2791 ops/s)
  batch 89/100 [880000..890000]: 3626 ms  (2757 ops/s)
  batch 90/100 [890000..900000]: 3701 ms  (2701 ops/s)
  batch 91/100 [900000..910000]: 3520 ms  (2840 ops/s)
  batch 92/100 [910000..920000]: 3550 ms  (2816 ops/s)
  batch 93/100 [920000..930000]: 3593 ms  (2782 ops/s)
  batch 94/100 [930000..940000]: 3667 ms  (2726 ops/s)
  batch 95/100 [940000..950000]: 3723 ms  (2685 ops/s)
  batch 96/100 [950000..960000]: 3781 ms  (2644 ops/s)
  batch 97/100 [960000..970000]: 3745 ms  (2669 ops/s)
  batch 98/100 [970000..980000]: 3635 ms  (2750 ops/s)
  batch 99/100 [980000..990000]: 3689 ms  (2710 ops/s)
  batch 100/100 [990000..1000000]: 3736 ms  (2676 ops/s)
  total: 291734 ms  (3427 ops/s)

======================================================================
  Done.
  Results : /home/Jonas.Baltruschat/hyrise/dvi_benchmarks/results/naive_txn/20260420_192749/results.csv
  Meta    : /home/Jonas.Baltruschat/hyrise/dvi_benchmarks/results/naive_txn/20260420_192749/meta.txt
  Log     : /home/Jonas.Baltruschat/hyrise/dvi_benchmarks/results/naive_txn/20260420_192749/run.log
======================================================================
