experiment,operation,mechanism,violation_rate,duplicate_rate,size,checkpoint_ops,access_pattern,threads,iteration,time_ms,throughput_ops_per_s
M1,insert,off,0.0000,0.1000,100000,10000,random,1,0,4.805,2081259.45
M1,insert,off,0.0000,0.1000,100000,20000,random,1,0,4.939,2024603.39
M1,insert,off,0.0000,0.1000,100000,30000,random,1,0,5.406,1849837.93
M1,insert,off,0.0000,0.1000,100000,40000,random,1,0,5.177,1931519.52
M1,insert,off,0.0000,0.1000,100000,50000,random,1,0,4.633,2158234.41
M1,insert,off,0.0000,0.1000,100000,60000,random,1,0,6.273,1594213.64
M1,insert,off,0.0000,0.1000,100000,70000,random,1,0,6.018,1661808.09
M1,insert,off,0.0000,0.1000,100000,80000,random,1,0,5.320,1879585.13
M1,insert,off,0.0000,0.1000,100000,90000,random,1,0,4.848,2062512.27
M1,insert,off,0.0000,0.1000,100000,100000,random,1,0,4.715,2121024.38
M1,insert,off,0.0000,0.1000,100000,10000,random,1,1,3.921,2550270.29
M1,insert,off,0.0000,0.1000,100000,20000,random,1,1,4.644,2153088.47
M1,insert,off,0.0000,0.1000,100000,30000,random,1,1,5.672,1763135.45
M1,insert,off,0.0000,0.1000,100000,40000,random,1,1,4.841,2065895.88
M1,insert,off,0.0000,0.1000,100000,50000,random,1,1,4.872,2052631.95
M1,insert,off,0.0000,0.1000,100000,60000,random,1,1,5.613,1781724.50
M1,insert,off,0.0000,0.1000,100000,70000,random,1,1,5.359,1866178.23
M1,insert,off,0.0000,0.1000,100000,80000,random,1,1,5.219,1916093.13
M1,insert,off,0.0000,0.1000,100000,90000,random,1,1,4.784,2090396.26
M1,insert,off,0.0000,0.1000,100000,100000,random,1,1,5.753,1738132.60
M1,insert,off,0.0000,0.1000,100000,10000,random,1,2,4.095,2441886.76
M1,insert,off,0.0000,0.1000,100000,20000,random,1,2,4.520,2212276.32
M1,insert,off,0.0000,0.1000,100000,30000,random,1,2,5.302,1886192.79
M1,insert,off,0.0000,0.1000,100000,40000,random,1,2,4.955,2017969.62
M1,insert,off,0.0000,0.1000,100000,50000,random,1,2,4.856,2059400.52
M1,insert,off,0.0000,0.1000,100000,60000,random,1,2,5.603,1784817.41
M1,insert,off,0.0000,0.1000,100000,70000,random,1,2,5.207,1920443.70
M1,insert,off,0.0000,0.1000,100000,80000,random,1,2,5.094,1963249.15
M1,insert,off,0.0000,0.1000,100000,90000,random,1,2,4.605,2171404.60
M1,insert,off,0.0000,0.1000,100000,100000,random,1,2,4.796,2085075.24
M1,insert,off,0.0000,0.1000,100000,10000,random,16,0,3.553,2814375.61
M1,insert,off,0.0000,0.1000,100000,20000,random,16,0,2.502,3997419.27
M1,insert,off,0.0000,0.1000,100000,30000,random,16,0,2.353,4250376.05
M1,insert,off,0.0000,0.1000,100000,40000,random,16,0,1.949,5130983.75
M1,insert,off,0.0000,0.1000,100000,50000,random,16,0,1.897,5272848.84
M1,insert,off,0.0000,0.1000,100000,60000,random,16,0,2.115,4728199.45
M1,insert,off,0.0000,0.1000,100000,70000,random,16,0,1.920,5209345.36
M1,insert,off,0.0000,0.1000,100000,80000,random,16,0,2.074,4820970.84
M1,insert,off,0.0000,0.1000,100000,90000,random,16,0,1.856,5388116.83
M1,insert,off,0.0000,0.1000,100000,100000,random,16,0,1.789,5588318.63
M1,insert,off,0.0000,0.1000,100000,10000,random,16,1,2.016,4960219.04
M1,insert,off,0.0000,0.1000,100000,20000,random,16,1,1.911,5232755.58
M1,insert,off,0.0000,0.1000,100000,30000,random,16,1,1.876,5331541.94
M1,insert,off,0.0000,0.1000,100000,40000,random,16,1,1.701,5880592.22
M1,insert,off,0.0000,0.1000,100000,50000,random,16,1,1.716,5827244.35
M1,insert,off,0.0000,0.1000,100000,60000,random,16,1,1.667,5999534.44
M1,insert,off,0.0000,0.1000,100000,70000,random,16,1,2.020,4949394.91
M1,insert,off,0.0000,0.1000,100000,80000,random,16,1,2.173,4602053.53
M1,insert,off,0.0000,0.1000,100000,90000,random,16,1,2.085,4795445.48
M1,insert,off,0.0000,0.1000,100000,100000,random,16,1,1.799,5557216.55
M1,insert,off,0.0000,0.1000,100000,10000,random,16,2,2.235,4474016.70
M1,insert,off,0.0000,0.1000,100000,20000,random,16,2,1.826,5477126.15
M1,insert,off,0.0000,0.1000,100000,30000,random,16,2,1.797,5566118.81
M1,insert,off,0.0000,0.1000,100000,40000,random,16,2,1.669,5990761.05
M1,insert,off,0.0000,0.1000,100000,50000,random,16,2,1.671,5984641.02
M1,insert,off,0.0000,0.1000,100000,60000,random,16,2,1.741,5744960.52
M1,insert,off,0.0000,0.1000,100000,70000,random,16,2,2.059,4857571.16
M1,insert,off,0.0000,0.1000,100000,80000,random,16,2,2.067,4837920.00
M1,insert,off,0.0000,0.1000,100000,90000,random,16,2,1.835,5448127.56
M1,insert,off,0.0000,0.1000,100000,100000,random,16,2,1.943,5146187.76
M1,lookup,off,0.0000,0.1000,100000,10000,random,1,0,3.538,2826331.00
M1,lookup,off,0.0000,0.1000,100000,20000,random,1,0,3.816,2620205.19
M1,lookup,off,0.0000,0.1000,100000,30000,random,1,0,3.377,2960898.67
M1,lookup,off,0.0000,0.1000,100000,40000,random,1,0,3.267,3060695.74
M1,lookup,off,0.0000,0.1000,100000,50000,random,1,0,3.355,2980680.13
M1,lookup,off,0.0000,0.1000,100000,60000,random,1,0,3.315,3016800.56
M1,lookup,off,0.0000,0.1000,100000,70000,random,1,0,3.079,3247312.04
M1,lookup,off,0.0000,0.1000,100000,80000,random,1,0,3.186,3139130.01
M1,lookup,off,0.0000,0.1000,100000,90000,random,1,0,3.069,3258020.92
M1,lookup,off,0.0000,0.1000,100000,100000,random,1,0,3.476,2876520.74
M1,lookup,off,0.0000,0.1000,100000,10000,random,1,1,3.269,3059230.37
M1,lookup,off,0.0000,0.1000,100000,20000,random,1,1,3.202,3123201.23
M1,lookup,off,0.0000,0.1000,100000,30000,random,1,1,3.190,3134469.04
M1,lookup,off,0.0000,0.1000,100000,40000,random,1,1,3.710,2695263.05
M1,lookup,off,0.0000,0.1000,100000,50000,random,1,1,3.270,3058002.04
M1,lookup,off,0.0000,0.1000,100000,60000,random,1,1,3.301,3029721.87
M1,lookup,off,0.0000,0.1000,100000,70000,random,1,1,3.198,3126607.27
M1,lookup,off,0.0000,0.1000,100000,80000,random,1,1,3.168,3156340.49
M1,lookup,off,0.0000,0.1000,100000,90000,random,1,1,3.290,3039296.59
M1,lookup,off,0.0000,0.1000,100000,100000,random,1,1,3.114,3211497.68
M1,lookup,off,0.0000,0.1000,100000,10000,random,1,2,3.224,3102141.10
M1,lookup,off,0.0000,0.1000,100000,20000,random,1,2,3.371,2966739.29
M1,lookup,off,0.0000,0.1000,100000,30000,random,1,2,3.407,2935182.65
M1,lookup,off,0.0000,0.1000,100000,40000,random,1,2,3.400,2940843.46
M1,lookup,off,0.0000,0.1000,100000,50000,random,1,2,3.300,3029862.32
M1,lookup,off,0.0000,0.1000,100000,60000,random,1,2,3.154,3171015.40
M1,lookup,off,0.0000,0.1000,100000,70000,random,1,2,3.379,2959220.75
M1,lookup,off,0.0000,0.1000,100000,80000,random,1,2,3.169,3155907.18
M1,lookup,off,0.0000,0.1000,100000,90000,random,1,2,3.142,3182425.88
M1,lookup,off,0.0000,0.1000,100000,100000,random,1,2,3.220,3105252.53
M1,lookup,off,0.0000,0.1000,100000,10000,random,16,0,1.635,6117042.26
M1,lookup,off,0.0000,0.1000,100000,20000,random,16,0,1.396,7161656.49
M1,lookup,off,0.0000,0.1000,100000,30000,random,16,0,1.345,7436735.69
M1,lookup,off,0.0000,0.1000,100000,40000,random,16,0,1.380,7245872.75
M1,lookup,off,0.0000,0.1000,100000,50000,random,16,0,1.237,8081800.75
M1,lookup,off,0.0000,0.1000,100000,60000,random,16,0,1.214,8239220.83
M1,lookup,off,0.0000,0.1000,100000,70000,random,16,0,1.223,8174248.83
M1,lookup,off,0.0000,0.1000,100000,80000,random,16,0,1.402,7133593.66
M1,lookup,off,0.0000,0.1000,100000,90000,random,16,0,1.266,7899168.69
M1,lookup,off,0.0000,0.1000,100000,100000,random,16,0,1.314,7612424.09
M1,lookup,off,0.0000,0.1000,100000,10000,random,16,1,1.311,7628300.38
M1,lookup,off,0.0000,0.1000,100000,20000,random,16,1,1.251,7992915.08
M1,lookup,off,0.0000,0.1000,100000,30000,random,16,1,1.245,8033425.48
M1,lookup,off,0.0000,0.1000,100000,40000,random,16,1,1.227,8150165.16
M1,lookup,off,0.0000,0.1000,100000,50000,random,16,1,1.244,8039496.44
M1,lookup,off,0.0000,0.1000,100000,60000,random,16,1,1.331,7511353.41
M1,lookup,off,0.0000,0.1000,100000,70000,random,16,1,1.220,8193981.03
M1,lookup,off,0.0000,0.1000,100000,80000,random,16,1,1.243,8042722.94
M1,lookup,off,0.0000,0.1000,100000,90000,random,16,1,1.306,7654529.64
M1,lookup,off,0.0000,0.1000,100000,100000,random,16,1,1.199,8338607.50
M1,lookup,off,0.0000,0.1000,100000,10000,random,16,2,1.330,7517802.16
M1,lookup,off,0.0000,0.1000,100000,20000,random,16,2,1.228,8146075.42
M1,lookup,off,0.0000,0.1000,100000,30000,random,16,2,1.239,8069357.74
M1,lookup,off,0.0000,0.1000,100000,40000,random,16,2,1.270,7872540.42
M1,lookup,off,0.0000,0.1000,100000,50000,random,16,2,1.186,8429919.13
M1,lookup,off,0.0000,0.1000,100000,60000,random,16,2,1.237,8083688.81
M1,lookup,off,0.0000,0.1000,100000,70000,random,16,2,1.222,8184116.43
M1,lookup,off,0.0000,0.1000,100000,80000,random,16,2,1.283,7795866.79
M1,lookup,off,0.0000,0.1000,100000,90000,random,16,2,1.280,7812652.59
M1,lookup,off,0.0000,0.1000,100000,100000,random,16,2,1.312,7619686.22
M1,delete,off,0.0000,0.1000,100000,10000,random,1,0,3.710,2695521.69
M1,delete,off,0.0000,0.1000,100000,20000,random,1,0,4.621,2163841.77
M1,delete,off,0.0000,0.1000,100000,30000,random,1,0,4.115,2430114.17
M1,delete,off,0.0000,0.1000,100000,40000,random,1,0,3.895,2567688.11
M1,delete,off,0.0000,0.1000,100000,50000,random,1,0,3.738,2675550.21
M1,delete,off,0.0000,0.1000,100000,60000,random,1,0,3.410,2932850.63
M1,delete,off,0.0000,0.1000,100000,70000,random,1,0,3.471,2881310.47
M1,delete,off,0.0000,0.1000,100000,80000,random,1,0,3.613,2767900.98
M1,delete,off,0.0000,0.1000,100000,90000,random,1,0,3.425,2920100.22
M1,delete,off,0.0000,0.1000,100000,100000,random,1,0,3.127,3198054.56
M1,delete,off,0.0000,0.1000,100000,10000,random,1,1,4.389,2278616.98
M1,delete,off,0.0000,0.1000,100000,20000,random,1,1,4.241,2358158.53
M1,delete,off,0.0000,0.1000,100000,30000,random,1,1,3.974,2516558.32
M1,delete,off,0.0000,0.1000,100000,40000,random,1,1,3.727,2683270.75
M1,delete,off,0.0000,0.1000,100000,50000,random,1,1,3.729,2681364.12
M1,delete,off,0.0000,0.1000,100000,60000,random,1,1,3.392,2947995.88
M1,delete,off,0.0000,0.1000,100000,70000,random,1,1,3.541,2823944.56
M1,delete,off,0.0000,0.1000,100000,80000,random,1,1,3.482,2872318.55
M1,delete,off,0.0000,0.1000,100000,90000,random,1,1,3.454,2895264.39
M1,delete,off,0.0000,0.1000,100000,100000,random,1,1,3.165,3159450.85
M1,delete,off,0.0000,0.1000,100000,10000,random,1,2,4.384,2281103.59
M1,delete,off,0.0000,0.1000,100000,20000,random,1,2,4.182,2390920.81
M1,delete,off,0.0000,0.1000,100000,30000,random,1,2,4.126,2423383.52
M1,delete,off,0.0000,0.1000,100000,40000,random,1,2,3.782,2644212.02
M1,delete,off,0.0000,0.1000,100000,50000,random,1,2,3.657,2734754.02
M1,delete,off,0.0000,0.1000,100000,60000,random,1,2,3.730,2681144.85
M1,delete,off,0.0000,0.1000,100000,70000,random,1,2,3.630,2754786.79
M1,delete,off,0.0000,0.1000,100000,80000,random,1,2,3.473,2879015.15
M1,delete,off,0.0000,0.1000,100000,90000,random,1,2,3.453,2895945.21
M1,delete,off,0.0000,0.1000,100000,100000,random,1,2,2.963,3374482.90
M1,delete,off,0.0000,0.1000,100000,10000,random,16,0,1.629,6137345.19
M1,delete,off,0.0000,0.1000,100000,20000,random,16,0,1.558,6420323.15
M1,delete,off,0.0000,0.1000,100000,30000,random,16,0,1.494,6693906.40
M1,delete,off,0.0000,0.1000,100000,40000,random,16,0,1.453,6881715.69
M1,delete,off,0.0000,0.1000,100000,50000,random,16,0,1.388,7204896.45
M1,delete,off,0.0000,0.1000,100000,60000,random,16,0,1.437,6957305.80
M1,delete,off,0.0000,0.1000,100000,70000,random,16,0,1.391,7188948.57
M1,delete,off,0.0000,0.1000,100000,80000,random,16,0,1.329,7522654.47
M1,delete,off,0.0000,0.1000,100000,90000,random,16,0,1.327,7534733.24
M1,delete,off,0.0000,0.1000,100000,100000,random,16,0,1.282,7802058.65
M1,delete,off,0.0000,0.1000,100000,10000,random,16,1,1.584,6313836.84
M1,delete,off,0.0000,0.1000,100000,20000,random,16,1,1.467,6815382.86
M1,delete,off,0.0000,0.1000,100000,30000,random,16,1,1.419,7048895.37
M1,delete,off,0.0000,0.1000,100000,40000,random,16,1,1.386,7214689.69
M1,delete,off,0.0000,0.1000,100000,50000,random,16,1,1.354,7384717.18
M1,delete,off,0.0000,0.1000,100000,60000,random,16,1,1.320,7575384.55
M1,delete,off,0.0000,0.1000,100000,70000,random,16,1,1.302,7678215.21
M1,delete,off,0.0000,0.1000,100000,80000,random,16,1,1.341,7456126.29
M1,delete,off,0.0000,0.1000,100000,90000,random,16,1,1.269,7879785.99
M1,delete,off,0.0000,0.1000,100000,100000,random,16,1,1.259,7942061.08
M1,delete,off,0.0000,0.1000,100000,10000,random,16,2,1.494,6691559.27
M1,delete,off,0.0000,0.1000,100000,20000,random,16,2,1.475,6777437.10
M1,delete,off,0.0000,0.1000,100000,30000,random,16,2,1.376,7267690.10
M1,delete,off,0.0000,0.1000,100000,40000,random,16,2,1.389,7200683.78
M1,delete,off,0.0000,0.1000,100000,50000,random,16,2,1.325,7549460.29
M1,delete,off,0.0000,0.1000,100000,60000,random,16,2,1.324,7552299.68
M1,delete,off,0.0000,0.1000,100000,70000,random,16,2,1.378,7255082.91
M1,delete,off,0.0000,0.1000,100000,80000,random,16,2,1.305,7661749.10
M1,delete,off,0.0000,0.1000,100000,90000,random,16,2,1.228,8146294.41
M1,delete,off,0.0000,0.1000,100000,100000,random,16,2,1.335,7492634.74
M1,insert,fd_single,0.0000,0.1000,100000,10000,random,1,0,8.422,1187299.03
M1,insert,fd_single,0.0000,0.1000,100000,20000,random,1,0,9.007,1110309.10
M1,insert,fd_single,0.0000,0.1000,100000,30000,random,1,0,8.098,1234933.81
M1,insert,fd_single,0.0000,0.1000,100000,40000,random,1,0,8.321,1201807.95
M1,insert,fd_single,0.0000,0.1000,100000,50000,random,1,0,7.968,1254969.84
M1,insert,fd_single,0.0000,0.1000,100000,60000,random,1,0,8.298,1205169.79
M1,insert,fd_single,0.0000,0.1000,100000,70000,random,1,0,7.142,1400257.03
M1,insert,fd_single,0.0000,0.1000,100000,80000,random,1,0,7.040,1420544.54
M1,insert,fd_single,0.0000,0.1000,100000,90000,random,1,0,7.101,1408192.87
M1,insert,fd_single,0.0000,0.1000,100000,100000,random,1,0,7.102,1408108.79
M1,insert,fd_single,0.0000,0.1000,100000,10000,random,1,1,7.164,1395787.18
M1,insert,fd_single,0.0000,0.1000,100000,20000,random,1,1,7.793,1283185.09
M1,insert,fd_single,0.0000,0.1000,100000,30000,random,1,1,8.022,1246579.23
M1,insert,fd_single,0.0000,0.1000,100000,40000,random,1,1,7.664,1304784.65
M1,insert,fd_single,0.0000,0.1000,100000,50000,random,1,1,7.341,1362287.39
M1,insert,fd_single,0.0000,0.1000,100000,60000,random,1,1,7.312,1367644.62
M1,insert,fd_single,0.0000,0.1000,100000,70000,random,1,1,7.121,1404293.60
M1,insert,fd_single,0.0000,0.1000,100000,80000,random,1,1,6.980,1432766.16
M1,insert,fd_single,0.0000,0.1000,100000,90000,random,1,1,7.163,1396046.15
M1,insert,fd_single,0.0000,0.1000,100000,100000,random,1,1,6.062,1649671.75
M1,insert,fd_single,0.0000,0.1000,100000,10000,random,1,2,6.682,1496558.81
M1,insert,fd_single,0.0000,0.1000,100000,20000,random,1,2,8.265,1209866.46
M1,insert,fd_single,0.0000,0.1000,100000,30000,random,1,2,7.959,1256388.74
M1,insert,fd_single,0.0000,0.1000,100000,40000,random,1,2,7.088,1410808.54
M1,insert,fd_single,0.0000,0.1000,100000,50000,random,1,2,7.304,1369144.68
M1,insert,fd_single,0.0000,0.1000,100000,60000,random,1,2,7.342,1362043.76
M1,insert,fd_single,0.0000,0.1000,100000,70000,random,1,2,6.639,1506172.22
M1,insert,fd_single,0.0000,0.1000,100000,80000,random,1,2,7.024,1423736.01
M1,insert,fd_single,0.0000,0.1000,100000,90000,random,1,2,6.289,1590054.15
M1,insert,fd_single,0.0000,0.1000,100000,100000,random,1,2,6.167,1621411.45
M1,insert,fd_single,0.0000,0.1000,100000,10000,random,16,0,3.958,2526679.21
M1,insert,fd_single,0.0000,0.1000,100000,20000,random,16,0,2.995,3338542.57
M1,insert,fd_single,0.0000,0.1000,100000,30000,random,16,0,3.106,3219876.69
M1,insert,fd_single,0.0000,0.1000,100000,40000,random,16,0,3.175,3149777.92
M1,insert,fd_single,0.0000,0.1000,100000,50000,random,16,0,3.181,3144101.40
M1,insert,fd_single,0.0000,0.1000,100000,60000,random,16,0,2.924,3420280.28
M1,insert,fd_single,0.0000,0.1000,100000,70000,random,16,0,2.594,3855583.71
M1,insert,fd_single,0.0000,0.1000,100000,80000,random,16,0,2.589,3862213.23
M1,insert,fd_single,0.0000,0.1000,100000,90000,random,16,0,2.587,3865000.18
M1,insert,fd_single,0.0000,0.1000,100000,100000,random,16,0,2.630,3802806.24
M1,insert,fd_single,0.0000,0.1000,100000,10000,random,16,1,2.865,3490531.76
M1,insert,fd_single,0.0000,0.1000,100000,20000,random,16,1,2.370,4219735.11
M1,insert,fd_single,0.0000,0.1000,100000,30000,random,16,1,2.132,4691401.93
M1,insert,fd_single,0.0000,0.1000,100000,40000,random,16,1,2.165,4618289.16
M1,insert,fd_single,0.0000,0.1000,100000,50000,random,16,1,2.058,4858604.88
M1,insert,fd_single,0.0000,0.1000,100000,60000,random,16,1,2.121,4714663.83
M1,insert,fd_single,0.0000,0.1000,100000,70000,random,16,1,2.097,4769567.87
M1,insert,fd_single,0.0000,0.1000,100000,80000,random,16,1,2.234,4476941.07
M1,insert,fd_single,0.0000,0.1000,100000,90000,random,16,1,2.090,4784803.46
M1,insert,fd_single,0.0000,0.1000,100000,100000,random,16,1,2.334,4283800.04
M1,insert,fd_single,0.0000,0.1000,100000,10000,random,16,2,2.856,3501676.43
M1,insert,fd_single,0.0000,0.1000,100000,20000,random,16,2,2.411,4147704.74
M1,insert,fd_single,0.0000,0.1000,100000,30000,random,16,2,2.130,4695181.76
M1,insert,fd_single,0.0000,0.1000,100000,40000,random,16,2,2.175,4596665.58
M1,insert,fd_single,0.0000,0.1000,100000,50000,random,16,2,2.041,4898515.02
M1,insert,fd_single,0.0000,0.1000,100000,60000,random,16,2,1.997,5007809.68
M1,insert,fd_single,0.0000,0.1000,100000,70000,random,16,2,2.105,4751221.30
M1,insert,fd_single,0.0000,0.1000,100000,80000,random,16,2,2.297,4353946.22
M1,insert,fd_single,0.0000,0.1000,100000,90000,random,16,2,2.333,4285977.57
M1,insert,fd_single,0.0000,0.1000,100000,100000,random,16,2,2.141,4670311.07
M1,lookup,fd_single,0.0000,0.1000,100000,10000,random,1,0,2.990,3344416.73
M1,lookup,fd_single,0.0000,0.1000,100000,20000,random,1,0,3.180,3144346.57
M1,lookup,fd_single,0.0000,0.1000,100000,30000,random,1,0,3.393,2947646.55
M1,lookup,fd_single,0.0000,0.1000,100000,40000,random,1,0,3.448,2899880.47
M1,lookup,fd_single,0.0000,0.1000,100000,50000,random,1,0,3.416,2927582.16
M1,lookup,fd_single,0.0000,0.1000,100000,60000,random,1,0,3.548,2818306.59
M1,lookup,fd_single,0.0000,0.1000,100000,70000,random,1,0,3.437,2909145.07
M1,lookup,fd_single,0.0000,0.1000,100000,80000,random,1,0,3.163,3161249.65
M1,lookup,fd_single,0.0000,0.1000,100000,90000,random,1,0,3.654,2736816.00
M1,lookup,fd_single,0.0000,0.1000,100000,100000,random,1,0,3.728,2682258.82
M1,lookup,fd_single,0.0000,0.1000,100000,10000,random,1,1,3.597,2779873.49
M1,lookup,fd_single,0.0000,0.1000,100000,20000,random,1,1,3.539,2825907.70
M1,lookup,fd_single,0.0000,0.1000,100000,30000,random,1,1,3.841,2603235.87
M1,lookup,fd_single,0.0000,0.1000,100000,40000,random,1,1,3.364,2972826.58
M1,lookup,fd_single,0.0000,0.1000,100000,50000,random,1,1,3.437,2909257.64
M1,lookup,fd_single,0.0000,0.1000,100000,60000,random,1,1,3.537,2827338.67
M1,lookup,fd_single,0.0000,0.1000,100000,70000,random,1,1,3.357,2978417.20
M1,lookup,fd_single,0.0000,0.1000,100000,80000,random,1,1,3.342,2992079.67
M1,lookup,fd_single,0.0000,0.1000,100000,90000,random,1,1,3.323,3009031.91
M1,lookup,fd_single,0.0000,0.1000,100000,100000,random,1,1,3.374,2963825.33
M1,lookup,fd_single,0.0000,0.1000,100000,10000,random,1,2,3.385,2954529.20
M1,lookup,fd_single,0.0000,0.1000,100000,20000,random,1,2,3.515,2845162.29
M1,lookup,fd_single,0.0000,0.1000,100000,30000,random,1,2,3.969,2519702.82
M1,lookup,fd_single,0.0000,0.1000,100000,40000,random,1,2,3.537,2826866.31
M1,lookup,fd_single,0.0000,0.1000,100000,50000,random,1,2,3.337,2996852.71
M1,lookup,fd_single,0.0000,0.1000,100000,60000,random,1,2,3.452,2896833.62
M1,lookup,fd_single,0.0000,0.1000,100000,70000,random,1,2,3.389,2950895.33
M1,lookup,fd_single,0.0000,0.1000,100000,80000,random,1,2,3.574,2798276.71
M1,lookup,fd_single,0.0000,0.1000,100000,90000,random,1,2,3.544,2821538.27
M1,lookup,fd_single,0.0000,0.1000,100000,100000,random,1,2,3.288,3041418.03
M1,lookup,fd_single,0.0000,0.1000,100000,10000,random,16,0,1.665,6004440.88
M1,lookup,fd_single,0.0000,0.1000,100000,20000,random,16,0,1.287,7767237.64
M1,lookup,fd_single,0.0000,0.1000,100000,30000,random,16,0,1.236,8091354.63
M1,lookup,fd_single,0.0000,0.1000,100000,40000,random,16,0,1.312,7624368.70
M1,lookup,fd_single,0.0000,0.1000,100000,50000,random,16,0,1.298,7706321.34
M1,lookup,fd_single,0.0000,0.1000,100000,60000,random,16,0,1.259,7944395.59
M1,lookup,fd_single,0.0000,0.1000,100000,70000,random,16,0,1.200,8334791.92
M1,lookup,fd_single,0.0000,0.1000,100000,80000,random,16,0,1.226,8157538.38
M1,lookup,fd_single,0.0000,0.1000,100000,90000,random,16,0,1.276,7834147.95
M1,lookup,fd_single,0.0000,0.1000,100000,100000,random,16,0,1.260,7937244.97
M1,lookup,fd_single,0.0000,0.1000,100000,10000,random,16,1,1.252,7985542.97
M1,lookup,fd_single,0.0000,0.1000,100000,20000,random,16,1,1.226,8155276.46
M1,lookup,fd_single,0.0000,0.1000,100000,30000,random,16,1,1.272,7860924.52
M1,lookup,fd_single,0.0000,0.1000,100000,40000,random,16,1,1.196,8360889.43
M1,lookup,fd_single,0.0000,0.1000,100000,50000,random,16,1,1.294,7729707.59
M1,lookup,fd_single,0.0000,0.1000,100000,60000,random,16,1,1.205,8295657.22
M1,lookup,fd_single,0.0000,0.1000,100000,70000,random,16,1,1.175,8507430.82
M1,lookup,fd_single,0.0000,0.1000,100000,80000,random,16,1,1.237,8083603.86
M1,lookup,fd_single,0.0000,0.1000,100000,90000,random,16,1,1.249,8005007.93
M1,lookup,fd_single,0.0000,0.1000,100000,100000,random,16,1,1.243,8044308.05
M1,lookup,fd_single,0.0000,0.1000,100000,10000,random,16,2,1.280,7812786.88
M1,lookup,fd_single,0.0000,0.1000,100000,20000,random,16,2,1.279,7819568.16
M1,lookup,fd_single,0.0000,0.1000,100000,30000,random,16,2,1.237,8083826.04
M1,lookup,fd_single,0.0000,0.1000,100000,40000,random,16,2,1.227,8150616.88
M1,lookup,fd_single,0.0000,0.1000,100000,50000,random,16,2,1.210,8263895.95
M1,lookup,fd_single,0.0000,0.1000,100000,60000,random,16,2,1.233,8113458.61
M1,lookup,fd_single,0.0000,0.1000,100000,70000,random,16,2,1.273,7858348.55
M1,lookup,fd_single,0.0000,0.1000,100000,80000,random,16,2,1.236,8087618.02
M1,lookup,fd_single,0.0000,0.1000,100000,90000,random,16,2,1.219,8203028.23
M1,lookup,fd_single,0.0000,0.1000,100000,100000,random,16,2,1.218,8208401.46
M1,delete,fd_single,0.0000,0.1000,100000,10000,random,1,0,6.301,1587141.61
M1,delete,fd_single,0.0000,0.1000,100000,20000,random,1,0,6.757,1480046.38
M1,delete,fd_single,0.0000,0.1000,100000,30000,random,1,0,7.192,1390488.34
M1,delete,fd_single,0.0000,0.1000,100000,40000,random,1,0,7.052,1418040.45
M1,delete,fd_single,0.0000,0.1000,100000,50000,random,1,0,7.098,1408823.15
M1,delete,fd_single,0.0000,0.1000,100000,60000,random,1,0,7.696,1299303.53
M1,delete,fd_single,0.0000,0.1000,100000,70000,random,1,0,6.951,1438585.84
M1,delete,fd_single,0.0000,0.1000,100000,80000,random,1,0,7.597,1316382.37
M1,delete,fd_single,0.0000,0.1000,100000,90000,random,1,0,7.628,1310910.30
M1,delete,fd_single,0.0000,0.1000,100000,100000,random,1,0,7.971,1254538.13
M1,delete,fd_single,0.0000,0.1000,100000,10000,random,1,1,6.218,1608314.86
M1,delete,fd_single,0.0000,0.1000,100000,20000,random,1,1,6.694,1493846.55
M1,delete,fd_single,0.0000,0.1000,100000,30000,random,1,1,6.316,1583221.65
M1,delete,fd_single,0.0000,0.1000,100000,40000,random,1,1,6.545,1527788.64
M1,delete,fd_single,0.0000,0.1000,100000,50000,random,1,1,6.580,1519805.57
M1,delete,fd_single,0.0000,0.1000,100000,60000,random,1,1,6.839,1462265.58
M1,delete,fd_single,0.0000,0.1000,100000,70000,random,1,1,8.091,1235915.66
M1,delete,fd_single,0.0000,0.1000,100000,80000,random,1,1,7.115,1405490.07
M1,delete,fd_single,0.0000,0.1000,100000,90000,random,1,1,7.073,1413746.48
M1,delete,fd_single,0.0000,0.1000,100000,100000,random,1,1,6.852,1459461.98
M1,delete,fd_single,0.0000,0.1000,100000,10000,random,1,2,6.290,1589951.25
M1,delete,fd_single,0.0000,0.1000,100000,20000,random,1,2,6.304,1586312.79
M1,delete,fd_single,0.0000,0.1000,100000,30000,random,1,2,6.655,1502702.08
M1,delete,fd_single,0.0000,0.1000,100000,40000,random,1,2,6.181,1617853.86
M1,delete,fd_single,0.0000,0.1000,100000,50000,random,1,2,6.793,1472074.60
M1,delete,fd_single,0.0000,0.1000,100000,60000,random,1,2,6.517,1534352.78
M1,delete,fd_single,0.0000,0.1000,100000,70000,random,1,2,7.709,1297147.75
M1,delete,fd_single,0.0000,0.1000,100000,80000,random,1,2,6.789,1472982.05
M1,delete,fd_single,0.0000,0.1000,100000,90000,random,1,2,7.089,1410615.50
M1,delete,fd_single,0.0000,0.1000,100000,100000,random,1,2,7.729,1293783.41
M1,delete,fd_single,0.0000,0.1000,100000,10000,random,16,0,2.436,4104448.36
M1,delete,fd_single,0.0000,0.1000,100000,20000,random,16,0,2.160,4629914.71
M1,delete,fd_single,0.0000,0.1000,100000,30000,random,16,0,2.239,4466145.94
M1,delete,fd_single,0.0000,0.1000,100000,40000,random,16,0,2.268,4410137.49
M1,delete,fd_single,0.0000,0.1000,100000,50000,random,16,0,2.270,4406128.75
M1,delete,fd_single,0.0000,0.1000,100000,60000,random,16,0,2.486,4022019.75
M1,delete,fd_single,0.0000,0.1000,100000,70000,random,16,0,2.388,4187303.09
M1,delete,fd_single,0.0000,0.1000,100000,80000,random,16,0,2.441,4095851.11
M1,delete,fd_single,0.0000,0.1000,100000,90000,random,16,0,2.550,3921510.19
M1,delete,fd_single,0.0000,0.1000,100000,100000,random,16,0,2.519,3969824.57
M1,delete,fd_single,0.0000,0.1000,100000,10000,random,16,1,2.191,4563303.28
M1,delete,fd_single,0.0000,0.1000,100000,20000,random,16,1,2.155,4639329.26
M1,delete,fd_single,0.0000,0.1000,100000,30000,random,16,1,2.249,4446023.28
M1,delete,fd_single,0.0000,0.1000,100000,40000,random,16,1,2.174,4600074.15
M1,delete,fd_single,0.0000,0.1000,100000,50000,random,16,1,2.386,4191699.85
M1,delete,fd_single,0.0000,0.1000,100000,60000,random,16,1,2.290,4366371.78
M1,delete,fd_single,0.0000,0.1000,100000,70000,random,16,1,2.452,4078725.94
M1,delete,fd_single,0.0000,0.1000,100000,80000,random,16,1,2.635,3794677.59
M1,delete,fd_single,0.0000,0.1000,100000,90000,random,16,1,2.449,4082555.81
M1,delete,fd_single,0.0000,0.1000,100000,100000,random,16,1,2.670,3745991.79
M1,delete,fd_single,0.0000,0.1000,100000,10000,random,16,2,2.094,4774940.35
M1,delete,fd_single,0.0000,0.1000,100000,20000,random,16,2,2.058,4859948.44
M1,delete,fd_single,0.0000,0.1000,100000,30000,random,16,2,2.111,4736458.70
M1,delete,fd_single,0.0000,0.1000,100000,40000,random,16,2,2.093,4778632.25
M1,delete,fd_single,0.0000,0.1000,100000,50000,random,16,2,2.196,4553889.59
M1,delete,fd_single,0.0000,0.1000,100000,60000,random,16,2,2.230,4483500.72
M1,delete,fd_single,0.0000,0.1000,100000,70000,random,16,2,2.507,3988651.49
M1,delete,fd_single,0.0000,0.1000,100000,80000,random,16,2,2.471,4046839.74
M1,delete,fd_single,0.0000,0.1000,100000,90000,random,16,2,2.574,3885470.32
M1,delete,fd_single,0.0000,0.1000,100000,100000,random,16,2,2.589,3862493.68
M1,insert,fd_multi,0.0000,0.1000,100000,10000,random,1,0,9.076,1101851.52
M1,insert,fd_multi,0.0000,0.1000,100000,20000,random,1,0,10.122,987969.30
M1,insert,fd_multi,0.0000,0.1000,100000,30000,random,1,0,8.809,1135214.49
M1,insert,fd_multi,0.0000,0.1000,100000,40000,random,1,0,7.939,1259568.95
M1,insert,fd_multi,0.0000,0.1000,100000,50000,random,1,0,7.385,1354065.89
M1,insert,fd_multi,0.0000,0.1000,100000,60000,random,1,0,6.820,1466356.93
M1,insert,fd_multi,0.0000,0.1000,100000,70000,random,1,0,7.579,1319446.25
M1,insert,fd_multi,0.0000,0.1000,100000,80000,random,1,0,6.322,1581778.42
M1,insert,fd_multi,0.0000,0.1000,100000,90000,random,1,0,8.072,1238816.28
M1,insert,fd_multi,0.0000,0.1000,100000,100000,random,1,0,7.197,1389550.86
M1,insert,fd_multi,0.0000,0.1000,100000,10000,random,1,1,7.001,1428333.51
M1,insert,fd_multi,0.0000,0.1000,100000,20000,random,1,1,9.078,1101612.88
M1,insert,fd_multi,0.0000,0.1000,100000,30000,random,1,1,7.946,1258484.39
M1,insert,fd_multi,0.0000,0.1000,100000,40000,random,1,1,7.944,1258827.05
M1,insert,fd_multi,0.0000,0.1000,100000,50000,random,1,1,7.484,1336211.89
M1,insert,fd_multi,0.0000,0.1000,100000,60000,random,1,1,7.984,1252533.88
M1,insert,fd_multi,0.0000,0.1000,100000,70000,random,1,1,6.666,1500155.64
M1,insert,fd_multi,0.0000,0.1000,100000,80000,random,1,1,6.360,1572379.70
M1,insert,fd_multi,0.0000,0.1000,100000,90000,random,1,1,6.555,1525586.76
M1,insert,fd_multi,0.0000,0.1000,100000,100000,random,1,1,6.387,1565601.60
M1,insert,fd_multi,0.0000,0.1000,100000,10000,random,1,2,7.633,1310051.28
M1,insert,fd_multi,0.0000,0.1000,100000,20000,random,1,2,8.899,1123778.85
M1,insert,fd_multi,0.0000,0.1000,100000,30000,random,1,2,8.857,1129016.56
M1,insert,fd_multi,0.0000,0.1000,100000,40000,random,1,2,7.700,1298780.41
M1,insert,fd_multi,0.0000,0.1000,100000,50000,random,1,2,7.592,1317124.80
M1,insert,fd_multi,0.0000,0.1000,100000,60000,random,1,2,6.713,1489566.41
M1,insert,fd_multi,0.0000,0.1000,100000,70000,random,1,2,6.805,1469417.89
M1,insert,fd_multi,0.0000,0.1000,100000,80000,random,1,2,6.260,1597343.55
M1,insert,fd_multi,0.0000,0.1000,100000,90000,random,1,2,6.445,1551544.40
M1,insert,fd_multi,0.0000,0.1000,100000,100000,random,1,2,7.115,1405462.41
M1,insert,fd_multi,0.0000,0.1000,100000,10000,random,16,0,4.243,2357052.43
M1,insert,fd_multi,0.0000,0.1000,100000,20000,random,16,0,2.958,3381162.13
M1,insert,fd_multi,0.0000,0.1000,100000,30000,random,16,0,3.002,3331484.36
M1,insert,fd_multi,0.0000,0.1000,100000,40000,random,16,0,2.508,3986776.66
M1,insert,fd_multi,0.0000,0.1000,100000,50000,random,16,0,2.095,4772622.71
M1,insert,fd_multi,0.0000,0.1000,100000,60000,random,16,0,2.438,4101796.75
M1,insert,fd_multi,0.0000,0.1000,100000,70000,random,16,0,2.214,4516295.70
M1,insert,fd_multi,0.0000,0.1000,100000,80000,random,16,0,2.062,4850617.94
M1,insert,fd_multi,0.0000,0.1000,100000,90000,random,16,0,2.346,4263185.18
M1,insert,fd_multi,0.0000,0.1000,100000,100000,random,16,0,2.126,4702735.39
M1,insert,fd_multi,0.0000,0.1000,100000,10000,random,16,1,2.861,3495300.92
M1,insert,fd_multi,0.0000,0.1000,100000,20000,random,16,1,2.529,3953661.51
M1,insert,fd_multi,0.0000,0.1000,100000,30000,random,16,1,2.245,4453662.54
M1,insert,fd_multi,0.0000,0.1000,100000,40000,random,16,1,2.351,4252980.91
M1,insert,fd_multi,0.0000,0.1000,100000,50000,random,16,1,2.356,4245338.09
M1,insert,fd_multi,0.0000,0.1000,100000,60000,random,16,1,2.244,4456693.42
M1,insert,fd_multi,0.0000,0.1000,100000,70000,random,16,1,2.062,4848498.95
M1,insert,fd_multi,0.0000,0.1000,100000,80000,random,16,1,2.060,4854920.41
M1,insert,fd_multi,0.0000,0.1000,100000,90000,random,16,1,1.992,5020591.96
M1,insert,fd_multi,0.0000,0.1000,100000,100000,random,16,1,1.978,5055606.62
M1,insert,fd_multi,0.0000,0.1000,100000,10000,random,16,2,2.857,3500433.53
M1,insert,fd_multi,0.0000,0.1000,100000,20000,random,16,2,2.499,4001322.04
M1,insert,fd_multi,0.0000,0.1000,100000,30000,random,16,2,2.201,4543614.38
M1,insert,fd_multi,0.0000,0.1000,100000,40000,random,16,2,2.100,4761950.11
M1,insert,fd_multi,0.0000,0.1000,100000,50000,random,16,2,2.161,4626626.61
M1,insert,fd_multi,0.0000,0.1000,100000,60000,random,16,2,2.027,4933131.40
M1,insert,fd_multi,0.0000,0.1000,100000,70000,random,16,2,2.048,4882764.82
M1,insert,fd_multi,0.0000,0.1000,100000,80000,random,16,2,2.308,4332226.31
M1,insert,fd_multi,0.0000,0.1000,100000,90000,random,16,2,2.107,4745647.53
M1,insert,fd_multi,0.0000,0.1000,100000,100000,random,16,2,2.216,4513240.27
M1,lookup,fd_multi,0.0000,0.1000,100000,10000,random,1,0,3.104,3221766.77
M1,lookup,fd_multi,0.0000,0.1000,100000,20000,random,1,0,3.701,2702336.06
M1,lookup,fd_multi,0.0000,0.1000,100000,30000,random,1,0,3.709,2695895.20
M1,lookup,fd_multi,0.0000,0.1000,100000,40000,random,1,0,3.719,2688542.80
M1,lookup,fd_multi,0.0000,0.1000,100000,50000,random,1,0,3.682,2715808.31
M1,lookup,fd_multi,0.0000,0.1000,100000,60000,random,1,0,3.695,2706397.30
M1,lookup,fd_multi,0.0000,0.1000,100000,70000,random,1,0,3.733,2678563.78
M1,lookup,fd_multi,0.0000,0.1000,100000,80000,random,1,0,3.551,2816169.20
M1,lookup,fd_multi,0.0000,0.1000,100000,90000,random,1,0,3.916,2553585.72
M1,lookup,fd_multi,0.0000,0.1000,100000,100000,random,1,0,3.887,2572562.34
M1,lookup,fd_multi,0.0000,0.1000,100000,10000,random,1,1,3.627,2757062.28
M1,lookup,fd_multi,0.0000,0.1000,100000,20000,random,1,1,3.875,2580378.13
M1,lookup,fd_multi,0.0000,0.1000,100000,30000,random,1,1,3.656,2734911.09
M1,lookup,fd_multi,0.0000,0.1000,100000,40000,random,1,1,3.650,2739699.76
M1,lookup,fd_multi,0.0000,0.1000,100000,50000,random,1,1,3.639,2747734.36
M1,lookup,fd_multi,0.0000,0.1000,100000,60000,random,1,1,3.593,2782909.15
M1,lookup,fd_multi,0.0000,0.1000,100000,70000,random,1,1,3.560,2808866.47
M1,lookup,fd_multi,0.0000,0.1000,100000,80000,random,1,1,3.567,2803494.39
M1,lookup,fd_multi,0.0000,0.1000,100000,90000,random,1,1,3.548,2818637.05
M1,lookup,fd_multi,0.0000,0.1000,100000,100000,random,1,1,3.318,3013575.86
M1,lookup,fd_multi,0.0000,0.1000,100000,10000,random,1,2,3.541,2823919.84
M1,lookup,fd_multi,0.0000,0.1000,100000,20000,random,1,2,3.750,2666695.11
M1,lookup,fd_multi,0.0000,0.1000,100000,30000,random,1,2,3.509,2849471.27
M1,lookup,fd_multi,0.0000,0.1000,100000,40000,random,1,2,3.493,2862798.93
M1,lookup,fd_multi,0.0000,0.1000,100000,50000,random,1,2,3.688,2711511.45
M1,lookup,fd_multi,0.0000,0.1000,100000,60000,random,1,2,3.504,2853978.20
M1,lookup,fd_multi,0.0000,0.1000,100000,70000,random,1,2,3.799,2632385.98
M1,lookup,fd_multi,0.0000,0.1000,100000,80000,random,1,2,3.573,2799045.86
M1,lookup,fd_multi,0.0000,0.1000,100000,90000,random,1,2,3.701,2702200.97
M1,lookup,fd_multi,0.0000,0.1000,100000,100000,random,1,2,3.831,2610022.22
M1,lookup,fd_multi,0.0000,0.1000,100000,10000,random,16,0,1.641,6094870.31
M1,lookup,fd_multi,0.0000,0.1000,100000,20000,random,16,0,1.367,7313042.08
M1,lookup,fd_multi,0.0000,0.1000,100000,30000,random,16,0,1.269,7878302.29
M1,lookup,fd_multi,0.0000,0.1000,100000,40000,random,16,0,1.326,7542803.52
M1,lookup,fd_multi,0.0000,0.1000,100000,50000,random,16,0,1.276,7836229.08
M1,lookup,fd_multi,0.0000,0.1000,100000,60000,random,16,0,1.283,7795556.84
M1,lookup,fd_multi,0.0000,0.1000,100000,70000,random,16,0,1.345,7435585.52
M1,lookup,fd_multi,0.0000,0.1000,100000,80000,random,16,0,1.382,7234942.46
M1,lookup,fd_multi,0.0000,0.1000,100000,90000,random,16,0,1.420,7040260.43
M1,lookup,fd_multi,0.0000,0.1000,100000,100000,random,16,0,1.279,7820283.63
M1,lookup,fd_multi,0.0000,0.1000,100000,10000,random,16,1,1.710,5849058.04
M1,lookup,fd_multi,0.0000,0.1000,100000,20000,random,16,1,1.402,7134876.27
M1,lookup,fd_multi,0.0000,0.1000,100000,30000,random,16,1,1.297,7712294.40
M1,lookup,fd_multi,0.0000,0.1000,100000,40000,random,16,1,1.370,7299110.24
M1,lookup,fd_multi,0.0000,0.1000,100000,50000,random,16,1,1.248,8012011.61
M1,lookup,fd_multi,0.0000,0.1000,100000,60000,random,16,1,1.267,7891140.14
M1,lookup,fd_multi,0.0000,0.1000,100000,70000,random,16,1,1.254,7973903.01
M1,lookup,fd_multi,0.0000,0.1000,100000,80000,random,16,1,1.257,7957405.60
M1,lookup,fd_multi,0.0000,0.1000,100000,90000,random,16,1,1.202,8319744.42
M1,lookup,fd_multi,0.0000,0.1000,100000,100000,random,16,1,1.146,8728943.61
M1,lookup,fd_multi,0.0000,0.1000,100000,10000,random,16,2,1.401,7137667.04
M1,lookup,fd_multi,0.0000,0.1000,100000,20000,random,16,2,1.298,7702676.68
M1,lookup,fd_multi,0.0000,0.1000,100000,30000,random,16,2,1.262,7925833.22
M1,lookup,fd_multi,0.0000,0.1000,100000,40000,random,16,2,1.234,8102860.96
M1,lookup,fd_multi,0.0000,0.1000,100000,50000,random,16,2,1.284,7790522.21
M1,lookup,fd_multi,0.0000,0.1000,100000,60000,random,16,2,1.283,7792470.91
M1,lookup,fd_multi,0.0000,0.1000,100000,70000,random,16,2,1.258,7950686.66
M1,lookup,fd_multi,0.0000,0.1000,100000,80000,random,16,2,1.181,8469186.14
M1,lookup,fd_multi,0.0000,0.1000,100000,90000,random,16,2,1.283,7796693.42
M1,lookup,fd_multi,0.0000,0.1000,100000,100000,random,16,2,1.171,8540453.57
M1,delete,fd_multi,0.0000,0.1000,100000,10000,random,1,0,6.614,1511880.81
M1,delete,fd_multi,0.0000,0.1000,100000,20000,random,1,0,6.574,1521079.58
M1,delete,fd_multi,0.0000,0.1000,100000,30000,random,1,0,7.062,1416026.65
M1,delete,fd_multi,0.0000,0.1000,100000,40000,random,1,0,6.463,1547383.03
M1,delete,fd_multi,0.0000,0.1000,100000,50000,random,1,0,8.094,1235451.78
M1,delete,fd_multi,0.0000,0.1000,100000,60000,random,1,0,7.361,1358423.78
M1,delete,fd_multi,0.0000,0.1000,100000,70000,random,1,0,7.884,1268403.91
M1,delete,fd_multi,0.0000,0.1000,100000,80000,random,1,0,7.130,1402613.46
M1,delete,fd_multi,0.0000,0.1000,100000,90000,random,1,0,7.409,1349687.59
M1,delete,fd_multi,0.0000,0.1000,100000,100000,random,1,0,7.931,1260840.87
M1,delete,fd_multi,0.0000,0.1000,100000,10000,random,1,1,6.657,1502081.58
M1,delete,fd_multi,0.0000,0.1000,100000,20000,random,1,1,6.756,1480187.91
M1,delete,fd_multi,0.0000,0.1000,100000,30000,random,1,1,6.682,1496547.39
M1,delete,fd_multi,0.0000,0.1000,100000,40000,random,1,1,7.209,1387135.32
M1,delete,fd_multi,0.0000,0.1000,100000,50000,random,1,1,7.750,1290271.47
M1,delete,fd_multi,0.0000,0.1000,100000,60000,random,1,1,6.943,1440337.75
M1,delete,fd_multi,0.0000,0.1000,100000,70000,random,1,1,7.095,1409438.50
M1,delete,fd_multi,0.0000,0.1000,100000,80000,random,1,1,7.046,1419233.68
M1,delete,fd_multi,0.0000,0.1000,100000,90000,random,1,1,7.206,1387786.95
M1,delete,fd_multi,0.0000,0.1000,100000,100000,random,1,1,7.125,1403513.50
M1,delete,fd_multi,0.0000,0.1000,100000,10000,random,1,2,6.560,1524334.94
M1,delete,fd_multi,0.0000,0.1000,100000,20000,random,1,2,6.941,1440734.31
M1,delete,fd_multi,0.0000,0.1000,100000,30000,random,1,2,6.817,1466860.47
M1,delete,fd_multi,0.0000,0.1000,100000,40000,random,1,2,6.698,1492921.69
M1,delete,fd_multi,0.0000,0.1000,100000,50000,random,1,2,6.810,1468531.21
M1,delete,fd_multi,0.0000,0.1000,100000,60000,random,1,2,6.990,1430636.86
M1,delete,fd_multi,0.0000,0.1000,100000,70000,random,1,2,7.151,1398459.21
M1,delete,fd_multi,0.0000,0.1000,100000,80000,random,1,2,6.497,1539125.97
M1,delete,fd_multi,0.0000,0.1000,100000,90000,random,1,2,7.132,1402090.15
M1,delete,fd_multi,0.0000,0.1000,100000,100000,random,1,2,6.370,1569948.92
M1,delete,fd_multi,0.0000,0.1000,100000,10000,random,16,0,2.165,4618186.79
M1,delete,fd_multi,0.0000,0.1000,100000,20000,random,16,0,2.109,4741208.26
M1,delete,fd_multi,0.0000,0.1000,100000,30000,random,16,0,2.190,4566627.09
M1,delete,fd_multi,0.0000,0.1000,100000,40000,random,16,0,2.248,4448812.19
M1,delete,fd_multi,0.0000,0.1000,100000,50000,random,16,0,2.366,4225662.19
M1,delete,fd_multi,0.0000,0.1000,100000,60000,random,16,0,2.210,4524018.92
M1,delete,fd_multi,0.0000,0.1000,100000,70000,random,16,0,2.289,4369349.88
M1,delete,fd_multi,0.0000,0.1000,100000,80000,random,16,0,2.546,3927239.25
M1,delete,fd_multi,0.0000,0.1000,100000,90000,random,16,0,2.493,4011801.11
M1,delete,fd_multi,0.0000,0.1000,100000,100000,random,16,0,2.467,4054161.98
M1,delete,fd_multi,0.0000,0.1000,100000,10000,random,16,1,2.121,4713945.97
M1,delete,fd_multi,0.0000,0.1000,100000,20000,random,16,1,2.102,4757514.26
M1,delete,fd_multi,0.0000,0.1000,100000,30000,random,16,1,2.109,4740716.02
M1,delete,fd_multi,0.0000,0.1000,100000,40000,random,16,1,2.321,4308122.06
M1,delete,fd_multi,0.0000,0.1000,100000,50000,random,16,1,2.179,4588296.72
M1,delete,fd_multi,0.0000,0.1000,100000,60000,random,16,1,2.405,4157482.10
M1,delete,fd_multi,0.0000,0.1000,100000,70000,random,16,1,2.267,4410689.92
M1,delete,fd_multi,0.0000,0.1000,100000,80000,random,16,1,2.345,4263663.23
M1,delete,fd_multi,0.0000,0.1000,100000,90000,random,16,1,2.433,4109618.32
M1,delete,fd_multi,0.0000,0.1000,100000,100000,random,16,1,2.471,4047299.99
M1,delete,fd_multi,0.0000,0.1000,100000,10000,random,16,2,2.234,4475506.45
M1,delete,fd_multi,0.0000,0.1000,100000,20000,random,16,2,2.277,4390841.06
M1,delete,fd_multi,0.0000,0.1000,100000,30000,random,16,2,2.277,4392370.45
M1,delete,fd_multi,0.0000,0.1000,100000,40000,random,16,2,2.328,4295672.88
M1,delete,fd_multi,0.0000,0.1000,100000,50000,random,16,2,2.320,4310772.19
M1,delete,fd_multi,0.0000,0.1000,100000,60000,random,16,2,2.488,4019048.68
M1,delete,fd_multi,0.0000,0.1000,100000,70000,random,16,2,2.407,4155113.72
M1,delete,fd_multi,0.0000,0.1000,100000,80000,random,16,2,2.342,4269548.56
M1,delete,fd_multi,0.0000,0.1000,100000,90000,random,16,2,2.557,3911480.08
M1,delete,fd_multi,0.0000,0.1000,100000,100000,random,16,2,2.417,4136855.45
M1,insert,od_single,0.0000,0.1000,100000,10000,random,1,0,19.167,521739.37
M1,insert,od_single,0.0000,0.1000,100000,20000,random,1,0,20.888,478751.64
M1,insert,od_single,0.0000,0.1000,100000,30000,random,1,0,20.154,496182.57
M1,insert,od_single,0.0000,0.1000,100000,40000,random,1,0,19.932,501694.10
M1,insert,od_single,0.0000,0.1000,100000,50000,random,1,0,20.403,490118.57
M1,insert,od_single,0.0000,0.1000,100000,60000,random,1,0,20.007,499834.93
M1,insert,od_single,0.0000,0.1000,100000,70000,random,1,0,20.952,477274.82
M1,insert,od_single,0.0000,0.1000,100000,80000,random,1,0,21.354,468293.57
M1,insert,od_single,0.0000,0.1000,100000,90000,random,1,0,21.770,459343.00
M1,insert,od_single,0.0000,0.1000,100000,100000,random,1,0,21.340,468612.87
M1,insert,od_single,0.0000,0.1000,100000,10000,random,1,1,15.406,649115.24
M1,insert,od_single,0.0000,0.1000,100000,20000,random,1,1,20.192,495235.78
M1,insert,od_single,0.0000,0.1000,100000,30000,random,1,1,20.478,488322.33
M1,insert,od_single,0.0000,0.1000,100000,40000,random,1,1,20.207,494886.61
M1,insert,od_single,0.0000,0.1000,100000,50000,random,1,1,20.177,495624.28
M1,insert,od_single,0.0000,0.1000,100000,60000,random,1,1,20.578,485957.65
M1,insert,od_single,0.0000,0.1000,100000,70000,random,1,1,19.669,508411.90
M1,insert,od_single,0.0000,0.1000,100000,80000,random,1,1,20.383,490601.69
M1,insert,od_single,0.0000,0.1000,100000,90000,random,1,1,20.496,487890.72
M1,insert,od_single,0.0000,0.1000,100000,100000,random,1,1,20.523,487264.20
M1,insert,od_single,0.0000,0.1000,100000,10000,random,1,2,17.972,556410.02
M1,insert,od_single,0.0000,0.1000,100000,20000,random,1,2,20.782,481189.90
M1,insert,od_single,0.0000,0.1000,100000,30000,random,1,2,20.191,495260.90
M1,insert,od_single,0.0000,0.1000,100000,40000,random,1,2,20.325,492006.06
M1,insert,od_single,0.0000,0.1000,100000,50000,random,1,2,19.899,502543.22
M1,insert,od_single,0.0000,0.1000,100000,60000,random,1,2,20.334,491785.53
M1,insert,od_single,0.0000,0.1000,100000,70000,random,1,2,20.261,493569.41
M1,insert,od_single,0.0000,0.1000,100000,80000,random,1,2,19.893,502688.48
M1,insert,od_single,0.0000,0.1000,100000,90000,random,1,2,20.809,480566.45
M1,insert,od_single,0.0000,0.1000,100000,100000,random,1,2,20.381,490646.58
M1,insert,od_single,0.0000,0.1000,100000,10000,random,16,0,8.471,1180492.60
M1,insert,od_single,0.0000,0.1000,100000,20000,random,16,0,6.606,1513779.71
M1,insert,od_single,0.0000,0.1000,100000,30000,random,16,0,5.977,1673035.35
M1,insert,od_single,0.0000,0.1000,100000,40000,random,16,0,5.767,1733901.29
M1,insert,od_single,0.0000,0.1000,100000,50000,random,16,0,5.653,1768974.73
M1,insert,od_single,0.0000,0.1000,100000,60000,random,16,0,6.018,1661796.77
M1,insert,od_single,0.0000,0.1000,100000,70000,random,16,0,5.616,1780642.63
M1,insert,od_single,0.0000,0.1000,100000,80000,random,16,0,6.022,1660552.24
M1,insert,od_single,0.0000,0.1000,100000,90000,random,16,0,5.712,1750805.41
M1,insert,od_single,0.0000,0.1000,100000,100000,random,16,0,6.183,1617336.29
M1,insert,od_single,0.0000,0.1000,100000,10000,random,16,1,6.875,1454580.79
M1,insert,od_single,0.0000,0.1000,100000,20000,random,16,1,5.802,1723637.18
M1,insert,od_single,0.0000,0.1000,100000,30000,random,16,1,5.774,1731871.93
M1,insert,od_single,0.0000,0.1000,100000,40000,random,16,1,5.817,1718960.30
M1,insert,od_single,0.0000,0.1000,100000,50000,random,16,1,5.727,1746153.01
M1,insert,od_single,0.0000,0.1000,100000,60000,random,16,1,5.487,1822485.53
M1,insert,od_single,0.0000,0.1000,100000,70000,random,16,1,5.639,1773408.10
M1,insert,od_single,0.0000,0.1000,100000,80000,random,16,1,5.606,1783927.81
M1,insert,od_single,0.0000,0.1000,100000,90000,random,16,1,5.714,1749969.90
M1,insert,od_single,0.0000,0.1000,100000,100000,random,16,1,5.460,1831621.93
M1,insert,od_single,0.0000,0.1000,100000,10000,random,16,2,6.581,1519621.27
M1,insert,od_single,0.0000,0.1000,100000,20000,random,16,2,5.874,1702294.85
M1,insert,od_single,0.0000,0.1000,100000,30000,random,16,2,5.789,1727444.20
M1,insert,od_single,0.0000,0.1000,100000,40000,random,16,2,5.656,1767978.62
M1,insert,od_single,0.0000,0.1000,100000,50000,random,16,2,5.742,1741417.29
M1,insert,od_single,0.0000,0.1000,100000,60000,random,16,2,5.364,1864199.76
M1,insert,od_single,0.0000,0.1000,100000,70000,random,16,2,5.511,1814463.49
M1,insert,od_single,0.0000,0.1000,100000,80000,random,16,2,5.570,1795341.48
M1,insert,od_single,0.0000,0.1000,100000,90000,random,16,2,5.610,1782527.38
M1,insert,od_single,0.0000,0.1000,100000,100000,random,16,2,5.654,1768782.93
M1,lookup,od_single,0.0000,0.1000,100000,10000,random,1,0,3.625,2758482.96
M1,lookup,od_single,0.0000,0.1000,100000,20000,random,1,0,4.045,2472205.61
M1,lookup,od_single,0.0000,0.1000,100000,30000,random,1,0,3.962,2523823.00
M1,lookup,od_single,0.0000,0.1000,100000,40000,random,1,0,3.998,2501252.50
M1,lookup,od_single,0.0000,0.1000,100000,50000,random,1,0,3.870,2583792.39
M1,lookup,od_single,0.0000,0.1000,100000,60000,random,1,0,3.725,2684726.64
M1,lookup,od_single,0.0000,0.1000,100000,70000,random,1,0,3.701,2702099.48
M1,lookup,od_single,0.0000,0.1000,100000,80000,random,1,0,3.693,2707643.05
M1,lookup,od_single,0.0000,0.1000,100000,90000,random,1,0,3.655,2735675.73
M1,lookup,od_single,0.0000,0.1000,100000,100000,random,1,0,3.618,2764285.00
M1,lookup,od_single,0.0000,0.1000,100000,10000,random,1,1,3.713,2693332.09
M1,lookup,od_single,0.0000,0.1000,100000,20000,random,1,1,3.752,2665317.66
M1,lookup,od_single,0.0000,0.1000,100000,30000,random,1,1,3.798,2633229.57
M1,lookup,od_single,0.0000,0.1000,100000,40000,random,1,1,4.495,2224536.73
M1,lookup,od_single,0.0000,0.1000,100000,50000,random,1,1,3.636,2750455.82
M1,lookup,od_single,0.0000,0.1000,100000,60000,random,1,1,3.821,2616857.06
M1,lookup,od_single,0.0000,0.1000,100000,70000,random,1,1,3.780,2645338.89
M1,lookup,od_single,0.0000,0.1000,100000,80000,random,1,1,3.660,2732088.90
M1,lookup,od_single,0.0000,0.1000,100000,90000,random,1,1,3.534,2829600.34
M1,lookup,od_single,0.0000,0.1000,100000,100000,random,1,1,3.906,2559959.37
M1,lookup,od_single,0.0000,0.1000,100000,10000,random,1,2,3.831,2610480.77
M1,lookup,od_single,0.0000,0.1000,100000,20000,random,1,2,4.029,2481929.69
M1,lookup,od_single,0.0000,0.1000,100000,30000,random,1,2,3.637,2749390.32
M1,lookup,od_single,0.0000,0.1000,100000,40000,random,1,2,3.640,2747196.90
M1,lookup,od_single,0.0000,0.1000,100000,50000,random,1,2,3.639,2747723.79
M1,lookup,od_single,0.0000,0.1000,100000,60000,random,1,2,3.576,2796079.67
M1,lookup,od_single,0.0000,0.1000,100000,70000,random,1,2,3.951,2530865.81
M1,lookup,od_single,0.0000,0.1000,100000,80000,random,1,2,3.941,2537544.88
M1,lookup,od_single,0.0000,0.1000,100000,90000,random,1,2,3.381,2957868.42
M1,lookup,od_single,0.0000,0.1000,100000,100000,random,1,2,3.808,2626024.90
M1,lookup,od_single,0.0000,0.1000,100000,10000,random,16,0,1.705,5866606.28
M1,lookup,od_single,0.0000,0.1000,100000,20000,random,16,0,1.411,7085640.60
M1,lookup,od_single,0.0000,0.1000,100000,30000,random,16,0,1.387,7211422.32
M1,lookup,od_single,0.0000,0.1000,100000,40000,random,16,0,1.328,7529683.90
M1,lookup,od_single,0.0000,0.1000,100000,50000,random,16,0,1.432,6983362.14
M1,lookup,od_single,0.0000,0.1000,100000,60000,random,16,0,1.351,7401497.17
M1,lookup,od_single,0.0000,0.1000,100000,70000,random,16,0,1.313,7617561.83
M1,lookup,od_single,0.0000,0.1000,100000,80000,random,16,0,1.272,7863588.75
M1,lookup,od_single,0.0000,0.1000,100000,90000,random,16,0,1.250,8003201.28
M1,lookup,od_single,0.0000,0.1000,100000,100000,random,16,0,1.309,7638800.83
M1,lookup,od_single,0.0000,0.1000,100000,10000,random,16,1,1.320,7573129.93
M1,lookup,od_single,0.0000,0.1000,100000,20000,random,16,1,1.376,7267948.93
M1,lookup,od_single,0.0000,0.1000,100000,30000,random,16,1,1.269,7878867.14
M1,lookup,od_single,0.0000,0.1000,100000,40000,random,16,1,1.330,7520776.14
M1,lookup,od_single,0.0000,0.1000,100000,50000,random,16,1,1.255,7966464.37
M1,lookup,od_single,0.0000,0.1000,100000,60000,random,16,1,1.208,8277268.63
M1,lookup,od_single,0.0000,0.1000,100000,70000,random,16,1,1.296,7718032.49
M1,lookup,od_single,0.0000,0.1000,100000,80000,random,16,1,1.290,7754841.54
M1,lookup,od_single,0.0000,0.1000,100000,90000,random,16,1,1.232,8118919.44
M1,lookup,od_single,0.0000,0.1000,100000,100000,random,16,1,1.260,7938877.00
M1,lookup,od_single,0.0000,0.1000,100000,10000,random,16,2,1.280,7811560.17
M1,lookup,od_single,0.0000,0.1000,100000,20000,random,16,2,1.283,7791626.96
M1,lookup,od_single,0.0000,0.1000,100000,30000,random,16,2,1.287,7772810.09
M1,lookup,od_single,0.0000,0.1000,100000,40000,random,16,2,1.229,8139259.47
M1,lookup,od_single,0.0000,0.1000,100000,50000,random,16,2,1.225,8162665.60
M1,lookup,od_single,0.0000,0.1000,100000,60000,random,16,2,1.298,7706303.53
M1,lookup,od_single,0.0000,0.1000,100000,70000,random,16,2,1.247,8017555.24
M1,lookup,od_single,0.0000,0.1000,100000,80000,random,16,2,1.283,7794469.20
M1,lookup,od_single,0.0000,0.1000,100000,90000,random,16,2,1.270,7873842.15
M1,lookup,od_single,0.0000,0.1000,100000,100000,random,16,2,1.308,7644891.72
M1,delete,od_single,0.0000,0.1000,100000,10000,random,1,0,18.343,545159.22
M1,delete,od_single,0.0000,0.1000,100000,20000,random,1,0,19.783,505483.66
M1,delete,od_single,0.0000,0.1000,100000,30000,random,1,0,19.655,508781.65
M1,delete,od_single,0.0000,0.1000,100000,40000,random,1,0,19.517,512368.55
M1,delete,od_single,0.0000,0.1000,100000,50000,random,1,0,19.076,524217.07
M1,delete,od_single,0.0000,0.1000,100000,60000,random,1,0,19.952,501206.60
M1,delete,od_single,0.0000,0.1000,100000,70000,random,1,0,19.165,521792.92
M1,delete,od_single,0.0000,0.1000,100000,80000,random,1,0,19.707,507436.71
M1,delete,od_single,0.0000,0.1000,100000,90000,random,1,0,18.397,543566.41
M1,delete,od_single,0.0000,0.1000,100000,100000,random,1,0,17.662,566186.01
M1,delete,od_single,0.0000,0.1000,100000,10000,random,1,1,19.355,516655.74
M1,delete,od_single,0.0000,0.1000,100000,20000,random,1,1,19.730,506844.86
M1,delete,od_single,0.0000,0.1000,100000,30000,random,1,1,19.416,515038.75
M1,delete,od_single,0.0000,0.1000,100000,40000,random,1,1,19.813,504707.38
M1,delete,od_single,0.0000,0.1000,100000,50000,random,1,1,19.500,512831.93
M1,delete,od_single,0.0000,0.1000,100000,60000,random,1,1,19.102,523514.38
M1,delete,od_single,0.0000,0.1000,100000,70000,random,1,1,19.270,518945.96
M1,delete,od_single,0.0000,0.1000,100000,80000,random,1,1,18.790,532205.60
M1,delete,od_single,0.0000,0.1000,100000,90000,random,1,1,18.604,537532.05
M1,delete,od_single,0.0000,0.1000,100000,100000,random,1,1,17.571,569117.27
M1,delete,od_single,0.0000,0.1000,100000,10000,random,1,2,19.372,516196.17
M1,delete,od_single,0.0000,0.1000,100000,20000,random,1,2,19.913,502177.95
M1,delete,od_single,0.0000,0.1000,100000,30000,random,1,2,19.536,511874.78
M1,delete,od_single,0.0000,0.1000,100000,40000,random,1,2,19.879,503034.02
M1,delete,od_single,0.0000,0.1000,100000,50000,random,1,2,19.447,514209.99
M1,delete,od_single,0.0000,0.1000,100000,60000,random,1,2,19.418,514998.37
M1,delete,od_single,0.0000,0.1000,100000,70000,random,1,2,19.371,516234.30
M1,delete,od_single,0.0000,0.1000,100000,80000,random,1,2,18.808,531688.76
M1,delete,od_single,0.0000,0.1000,100000,90000,random,1,2,18.911,528794.92
M1,delete,od_single,0.0000,0.1000,100000,100000,random,1,2,17.433,573615.46
M1,delete,od_single,0.0000,0.1000,100000,10000,random,16,0,4.745,2107505.10
M1,delete,od_single,0.0000,0.1000,100000,20000,random,16,0,4.690,2132306.64
M1,delete,od_single,0.0000,0.1000,100000,30000,random,16,0,4.478,2233175.20
M1,delete,od_single,0.0000,0.1000,100000,40000,random,16,0,4.436,2254094.11
M1,delete,od_single,0.0000,0.1000,100000,50000,random,16,0,4.241,2358018.96
M1,delete,od_single,0.0000,0.1000,100000,60000,random,16,0,4.182,2391256.42
M1,delete,od_single,0.0000,0.1000,100000,70000,random,16,0,4.149,2410107.22
M1,delete,od_single,0.0000,0.1000,100000,80000,random,16,0,4.132,2420285.48
M1,delete,od_single,0.0000,0.1000,100000,90000,random,16,0,4.006,2496457.53
M1,delete,od_single,0.0000,0.1000,100000,100000,random,16,0,4.072,2455907.86
M1,delete,od_single,0.0000,0.1000,100000,10000,random,16,1,4.834,2068575.34
M1,delete,od_single,0.0000,0.1000,100000,20000,random,16,1,4.568,2188918.08
M1,delete,od_single,0.0000,0.1000,100000,30000,random,16,1,4.429,2258034.14
M1,delete,od_single,0.0000,0.1000,100000,40000,random,16,1,4.557,2194374.15
M1,delete,od_single,0.0000,0.1000,100000,50000,random,16,1,4.215,2372352.60
M1,delete,od_single,0.0000,0.1000,100000,60000,random,16,1,4.277,2338250.91
M1,delete,od_single,0.0000,0.1000,100000,70000,random,16,1,4.156,2406274.99
M1,delete,od_single,0.0000,0.1000,100000,80000,random,16,1,4.082,2449843.74
M1,delete,od_single,0.0000,0.1000,100000,90000,random,16,1,4.149,2410174.02
M1,delete,od_single,0.0000,0.1000,100000,100000,random,16,1,4.139,2416049.53
M1,delete,od_single,0.0000,0.1000,100000,10000,random,16,2,4.740,2109507.49
M1,delete,od_single,0.0000,0.1000,100000,20000,random,16,2,4.647,2152032.95
M1,delete,od_single,0.0000,0.1000,100000,30000,random,16,2,4.444,2250027.56
M1,delete,od_single,0.0000,0.1000,100000,40000,random,16,2,4.473,2235414.15
M1,delete,od_single,0.0000,0.1000,100000,50000,random,16,2,4.185,2389525.66
M1,delete,od_single,0.0000,0.1000,100000,60000,random,16,2,4.214,2372830.52
M1,delete,od_single,0.0000,0.1000,100000,70000,random,16,2,4.093,2443247.04
M1,delete,od_single,0.0000,0.1000,100000,80000,random,16,2,4.169,2398515.80
M1,delete,od_single,0.0000,0.1000,100000,90000,random,16,2,4.069,2457694.48
M1,delete,od_single,0.0000,0.1000,100000,100000,random,16,2,4.070,2457184.18
M1,insert,od_multi,0.0000,0.1000,100000,10000,random,1,0,16.939,590361.25
M1,insert,od_multi,0.0000,0.1000,100000,20000,random,1,0,19.736,506685.13
M1,insert,od_multi,0.0000,0.1000,100000,30000,random,1,0,21.220,471250.78
M1,insert,od_multi,0.0000,0.1000,100000,40000,random,1,0,20.354,491294.02
M1,insert,od_multi,0.0000,0.1000,100000,50000,random,1,0,21.487,465403.16
M1,insert,od_multi,0.0000,0.1000,100000,60000,random,1,0,21.232,470989.07
M1,insert,od_multi,0.0000,0.1000,100000,70000,random,1,0,20.616,485055.68
M1,insert,od_multi,0.0000,0.1000,100000,80000,random,1,0,20.884,478845.88
M1,insert,od_multi,0.0000,0.1000,100000,90000,random,1,0,21.016,475837.52
M1,insert,od_multi,0.0000,0.1000,100000,100000,random,1,0,21.466,465856.32
M1,insert,od_multi,0.0000,0.1000,100000,10000,random,1,1,16.801,595192.32
M1,insert,od_multi,0.0000,0.1000,100000,20000,random,1,1,19.997,500067.16
M1,insert,od_multi,0.0000,0.1000,100000,30000,random,1,1,20.171,495754.46
M1,insert,od_multi,0.0000,0.1000,100000,40000,random,1,1,19.978,500561.08
M1,insert,od_multi,0.0000,0.1000,100000,50000,random,1,1,20.106,497366.00
M1,insert,od_multi,0.0000,0.1000,100000,60000,random,1,1,20.402,490155.57
M1,insert,od_multi,0.0000,0.1000,100000,70000,random,1,1,19.623,509594.93
M1,insert,od_multi,0.0000,0.1000,100000,80000,random,1,1,19.870,503269.62
M1,insert,od_multi,0.0000,0.1000,100000,90000,random,1,1,20.294,492758.37
M1,insert,od_multi,0.0000,0.1000,100000,100000,random,1,1,20.195,495174.84
M1,insert,od_multi,0.0000,0.1000,100000,10000,random,1,2,16.718,598148.66
M1,insert,od_multi,0.0000,0.1000,100000,20000,random,1,2,19.770,505822.47
M1,insert,od_multi,0.0000,0.1000,100000,30000,random,1,2,19.980,500492.28
M1,insert,od_multi,0.0000,0.1000,100000,40000,random,1,2,19.872,503227.27
M1,insert,od_multi,0.0000,0.1000,100000,50000,random,1,2,20.139,496554.80
M1,insert,od_multi,0.0000,0.1000,100000,60000,random,1,2,20.116,497107.04
M1,insert,od_multi,0.0000,0.1000,100000,70000,random,1,2,19.785,505440.46
M1,insert,od_multi,0.0000,0.1000,100000,80000,random,1,2,20.018,499557.84
M1,insert,od_multi,0.0000,0.1000,100000,90000,random,1,2,19.936,501608.84
M1,insert,od_multi,0.0000,0.1000,100000,100000,random,1,2,20.384,490586.21
M1,insert,od_multi,0.0000,0.1000,100000,10000,random,16,0,8.507,1175454.86
M1,insert,od_multi,0.0000,0.1000,100000,20000,random,16,0,6.702,1492140.00
M1,insert,od_multi,0.0000,0.1000,100000,30000,random,16,0,6.142,1628043.51
M1,insert,od_multi,0.0000,0.1000,100000,40000,random,16,0,5.865,1704933.33
M1,insert,od_multi,0.0000,0.1000,100000,50000,random,16,0,5.685,1759037.54
M1,insert,od_multi,0.0000,0.1000,100000,60000,random,16,0,5.914,1690773.72
M1,insert,od_multi,0.0000,0.1000,100000,70000,random,16,0,5.708,1751813.26
M1,insert,od_multi,0.0000,0.1000,100000,80000,random,16,0,5.805,1722730.34
M1,insert,od_multi,0.0000,0.1000,100000,90000,random,16,0,5.377,1859898.32
M1,insert,od_multi,0.0000,0.1000,100000,100000,random,16,0,5.663,1765941.11
M1,insert,od_multi,0.0000,0.1000,100000,10000,random,16,1,6.902,1448909.99
M1,insert,od_multi,0.0000,0.1000,100000,20000,random,16,1,5.932,1685904.81
M1,insert,od_multi,0.0000,0.1000,100000,30000,random,16,1,5.811,1720920.70
M1,insert,od_multi,0.0000,0.1000,100000,40000,random,16,1,5.894,1696556.31
M1,insert,od_multi,0.0000,0.1000,100000,50000,random,16,1,5.571,1794969.28
M1,insert,od_multi,0.0000,0.1000,100000,60000,random,16,1,5.447,1835945.76
M1,insert,od_multi,0.0000,0.1000,100000,70000,random,16,1,5.625,1777701.30
M1,insert,od_multi,0.0000,0.1000,100000,80000,random,16,1,5.856,1707528.39
M1,insert,od_multi,0.0000,0.1000,100000,90000,random,16,1,5.735,1743810.21
M1,insert,od_multi,0.0000,0.1000,100000,100000,random,16,1,5.433,1840450.60
M1,insert,od_multi,0.0000,0.1000,100000,10000,random,16,2,6.546,1527550.13
M1,insert,od_multi,0.0000,0.1000,100000,20000,random,16,2,5.704,1753210.70
M1,insert,od_multi,0.0000,0.1000,100000,30000,random,16,2,5.516,1812960.16
M1,insert,od_multi,0.0000,0.1000,100000,40000,random,16,2,5.567,1796160.89
M1,insert,od_multi,0.0000,0.1000,100000,50000,random,16,2,5.733,1744345.88
M1,insert,od_multi,0.0000,0.1000,100000,60000,random,16,2,5.572,1794722.19
M1,insert,od_multi,0.0000,0.1000,100000,70000,random,16,2,5.211,1919072.34
M1,insert,od_multi,0.0000,0.1000,100000,80000,random,16,2,5.318,1880325.91
M1,insert,od_multi,0.0000,0.1000,100000,90000,random,16,2,5.624,1778200.12
M1,insert,od_multi,0.0000,0.1000,100000,100000,random,16,2,5.918,1689697.81
M1,lookup,od_multi,0.0000,0.1000,100000,10000,random,1,0,3.593,2783551.33
M1,lookup,od_multi,0.0000,0.1000,100000,20000,random,1,0,3.453,2896206.90
M1,lookup,od_multi,0.0000,0.1000,100000,30000,random,1,0,3.871,2583126.96
M1,lookup,od_multi,0.0000,0.1000,100000,40000,random,1,0,3.617,2764651.06
M1,lookup,od_multi,0.0000,0.1000,100000,50000,random,1,0,3.642,2745695.09
M1,lookup,od_multi,0.0000,0.1000,100000,60000,random,1,0,3.638,2748735.86
M1,lookup,od_multi,0.0000,0.1000,100000,70000,random,1,0,3.621,2761766.44
M1,lookup,od_multi,0.0000,0.1000,100000,80000,random,1,0,3.823,2615549.76
M1,lookup,od_multi,0.0000,0.1000,100000,90000,random,1,0,3.736,2676625.14
M1,lookup,od_multi,0.0000,0.1000,100000,100000,random,1,0,3.729,2681632.32
M1,lookup,od_multi,0.0000,0.1000,100000,10000,random,1,1,3.600,2778073.33
M1,lookup,od_multi,0.0000,0.1000,100000,20000,random,1,1,3.873,2582097.80
M1,lookup,od_multi,0.0000,0.1000,100000,30000,random,1,1,3.712,2694055.51
M1,lookup,od_multi,0.0000,0.1000,100000,40000,random,1,1,3.598,2779443.13
M1,lookup,od_multi,0.0000,0.1000,100000,50000,random,1,1,3.528,2834153.82
M1,lookup,od_multi,0.0000,0.1000,100000,60000,random,1,1,3.490,2865014.28
M1,lookup,od_multi,0.0000,0.1000,100000,70000,random,1,1,3.542,2823126.60
M1,lookup,od_multi,0.0000,0.1000,100000,80000,random,1,1,3.597,2780433.86
M1,lookup,od_multi,0.0000,0.1000,100000,90000,random,1,1,3.581,2792288.37
M1,lookup,od_multi,0.0000,0.1000,100000,100000,random,1,1,3.607,2772076.54
M1,lookup,od_multi,0.0000,0.1000,100000,10000,random,1,2,3.635,2751000.61
M1,lookup,od_multi,0.0000,0.1000,100000,20000,random,1,2,3.772,2650791.61
M1,lookup,od_multi,0.0000,0.1000,100000,30000,random,1,2,3.537,2827333.87
M1,lookup,od_multi,0.0000,0.1000,100000,40000,random,1,2,3.689,2710630.20
M1,lookup,od_multi,0.0000,0.1000,100000,50000,random,1,2,3.598,2779447.76
M1,lookup,od_multi,0.0000,0.1000,100000,60000,random,1,2,3.497,2859761.58
M1,lookup,od_multi,0.0000,0.1000,100000,70000,random,1,2,3.654,2736657.97
M1,lookup,od_multi,0.0000,0.1000,100000,80000,random,1,2,4.213,2373419.04
M1,lookup,od_multi,0.0000,0.1000,100000,90000,random,1,2,3.603,2775841.63
M1,lookup,od_multi,0.0000,0.1000,100000,100000,random,1,2,3.166,3158419.03
M1,lookup,od_multi,0.0000,0.1000,100000,10000,random,16,0,1.636,6112092.10
M1,lookup,od_multi,0.0000,0.1000,100000,20000,random,16,0,1.300,7694574.63
M1,lookup,od_multi,0.0000,0.1000,100000,30000,random,16,0,1.361,7347900.30
M1,lookup,od_multi,0.0000,0.1000,100000,40000,random,16,0,1.290,7749859.34
M1,lookup,od_multi,0.0000,0.1000,100000,50000,random,16,0,1.306,7659255.06
M1,lookup,od_multi,0.0000,0.1000,100000,60000,random,16,0,1.296,7715894.59
M1,lookup,od_multi,0.0000,0.1000,100000,70000,random,16,0,1.282,7800865.74
M1,lookup,od_multi,0.0000,0.1000,100000,80000,random,16,0,1.295,7723081.20
M1,lookup,od_multi,0.0000,0.1000,100000,90000,random,16,0,1.308,7646031.56
M1,lookup,od_multi,0.0000,0.1000,100000,100000,random,16,0,1.267,7894684.90
M1,lookup,od_multi,0.0000,0.1000,100000,10000,random,16,1,1.644,6083676.10
M1,lookup,od_multi,0.0000,0.1000,100000,20000,random,16,1,1.422,7031888.91
M1,lookup,od_multi,0.0000,0.1000,100000,30000,random,16,1,1.341,7456354.23
M1,lookup,od_multi,0.0000,0.1000,100000,40000,random,16,1,1.382,7235005.27
M1,lookup,od_multi,0.0000,0.1000,100000,50000,random,16,1,1.333,7499962.50
M1,lookup,od_multi,0.0000,0.1000,100000,60000,random,16,1,1.260,7935418.39
M1,lookup,od_multi,0.0000,0.1000,100000,70000,random,16,1,1.260,7939053.47
M1,lookup,od_multi,0.0000,0.1000,100000,80000,random,16,1,1.332,7506876.30
M1,lookup,od_multi,0.0000,0.1000,100000,90000,random,16,1,1.286,7775850.23
M1,lookup,od_multi,0.0000,0.1000,100000,100000,random,16,1,1.205,8299967.46
M1,lookup,od_multi,0.0000,0.1000,100000,10000,random,16,2,1.301,7688433.90
M1,lookup,od_multi,0.0000,0.1000,100000,20000,random,16,2,1.263,7916101.98
M1,lookup,od_multi,0.0000,0.1000,100000,30000,random,16,2,1.322,7565051.88
M1,lookup,od_multi,0.0000,0.1000,100000,40000,random,16,2,1.265,7905757.05
M1,lookup,od_multi,0.0000,0.1000,100000,50000,random,16,2,1.211,8257331.48
M1,lookup,od_multi,0.0000,0.1000,100000,60000,random,16,2,1.259,7940812.36
M1,lookup,od_multi,0.0000,0.1000,100000,70000,random,16,2,1.407,7107259.92
M1,lookup,od_multi,0.0000,0.1000,100000,80000,random,16,2,1.277,7831246.05
M1,lookup,od_multi,0.0000,0.1000,100000,90000,random,16,2,1.294,7727784.17
M1,lookup,od_multi,0.0000,0.1000,100000,100000,random,16,2,1.329,7526833.16
M1,delete,od_multi,0.0000,0.1000,100000,10000,random,1,0,18.324,545735.65
M1,delete,od_multi,0.0000,0.1000,100000,20000,random,1,0,19.318,517640.46
M1,delete,od_multi,0.0000,0.1000,100000,30000,random,1,0,19.368,516305.23
M1,delete,od_multi,0.0000,0.1000,100000,40000,random,1,0,19.560,511236.96
M1,delete,od_multi,0.0000,0.1000,100000,50000,random,1,0,19.341,517024.29
M1,delete,od_multi,0.0000,0.1000,100000,60000,random,1,0,19.260,519205.92
M1,delete,od_multi,0.0000,0.1000,100000,70000,random,1,0,18.714,534345.68
M1,delete,od_multi,0.0000,0.1000,100000,80000,random,1,0,18.731,533888.04
M1,delete,od_multi,0.0000,0.1000,100000,90000,random,1,0,18.314,546027.05
M1,delete,od_multi,0.0000,0.1000,100000,100000,random,1,0,17.186,581882.64
M1,delete,od_multi,0.0000,0.1000,100000,10000,random,1,1,19.154,522080.18
M1,delete,od_multi,0.0000,0.1000,100000,20000,random,1,1,19.566,511096.23
M1,delete,od_multi,0.0000,0.1000,100000,30000,random,1,1,19.445,514278.06
M1,delete,od_multi,0.0000,0.1000,100000,40000,random,1,1,19.500,512810.91
M1,delete,od_multi,0.0000,0.1000,100000,50000,random,1,1,19.049,524973.87
M1,delete,od_multi,0.0000,0.1000,100000,60000,random,1,1,19.136,522579.73
M1,delete,od_multi,0.0000,0.1000,100000,70000,random,1,1,16.858,593191.13
M1,delete,od_multi,0.0000,0.1000,100000,80000,random,1,1,18.691,535010.47
M1,delete,od_multi,0.0000,0.1000,100000,90000,random,1,1,18.170,550357.76
M1,delete,od_multi,0.0000,0.1000,100000,100000,random,1,1,17.433,573627.50
M1,delete,od_multi,0.0000,0.1000,100000,10000,random,1,2,19.478,513388.56
M1,delete,od_multi,0.0000,0.1000,100000,20000,random,1,2,19.449,514160.73
M1,delete,od_multi,0.0000,0.1000,100000,30000,random,1,2,19.224,520170.04
M1,delete,od_multi,0.0000,0.1000,100000,40000,random,1,2,19.086,523939.94
M1,delete,od_multi,0.0000,0.1000,100000,50000,random,1,2,19.319,517619.29
M1,delete,od_multi,0.0000,0.1000,100000,60000,random,1,2,18.800,531915.43
M1,delete,od_multi,0.0000,0.1000,100000,70000,random,1,2,19.131,522706.31
M1,delete,od_multi,0.0000,0.1000,100000,80000,random,1,2,18.918,528592.49
M1,delete,od_multi,0.0000,0.1000,100000,90000,random,1,2,18.828,531123.80
M1,delete,od_multi,0.0000,0.1000,100000,100000,random,1,2,17.135,583612.74
M1,delete,od_multi,0.0000,0.1000,100000,10000,random,16,0,4.686,2134044.45
M1,delete,od_multi,0.0000,0.1000,100000,20000,random,16,0,4.476,2234212.00
M1,delete,od_multi,0.0000,0.1000,100000,30000,random,16,0,4.269,2342652.25
M1,delete,od_multi,0.0000,0.1000,100000,40000,random,16,0,4.328,2310377.50
M1,delete,od_multi,0.0000,0.1000,100000,50000,random,16,0,4.190,2386514.10
M1,delete,od_multi,0.0000,0.1000,100000,60000,random,16,0,4.039,2475674.03
M1,delete,od_multi,0.0000,0.1000,100000,70000,random,16,0,4.035,2478395.21
M1,delete,od_multi,0.0000,0.1000,100000,80000,random,16,0,4.050,2468993.15
M1,delete,od_multi,0.0000,0.1000,100000,90000,random,16,0,3.897,2565874.99
M1,delete,od_multi,0.0000,0.1000,100000,100000,random,16,0,4.034,2479181.08
M1,delete,od_multi,0.0000,0.1000,100000,10000,random,16,1,4.761,2100608.65
M1,delete,od_multi,0.0000,0.1000,100000,20000,random,16,1,4.538,2203793.12
M1,delete,od_multi,0.0000,0.1000,100000,30000,random,16,1,4.393,2276412.47
M1,delete,od_multi,0.0000,0.1000,100000,40000,random,16,1,4.327,2311150.68
M1,delete,od_multi,0.0000,0.1000,100000,50000,random,16,1,4.085,2447958.84
M1,delete,od_multi,0.0000,0.1000,100000,60000,random,16,1,4.089,2445591.70
M1,delete,od_multi,0.0000,0.1000,100000,70000,random,16,1,4.092,2443955.22
M1,delete,od_multi,0.0000,0.1000,100000,80000,random,16,1,4.000,2499943.75
M1,delete,od_multi,0.0000,0.1000,100000,90000,random,16,1,3.964,2522533.16
M1,delete,od_multi,0.0000,0.1000,100000,100000,random,16,1,4.074,2454347.90
M1,delete,od_multi,0.0000,0.1000,100000,10000,random,16,2,4.882,2048170.93
M1,delete,od_multi,0.0000,0.1000,100000,20000,random,16,2,4.585,2181107.38
M1,delete,od_multi,0.0000,0.1000,100000,30000,random,16,2,4.443,2250946.30
M1,delete,od_multi,0.0000,0.1000,100000,40000,random,16,2,4.469,2237418.27
M1,delete,od_multi,0.0000,0.1000,100000,50000,random,16,2,4.237,2360327.06
M1,delete,od_multi,0.0000,0.1000,100000,60000,random,16,2,4.280,2336534.85
M1,delete,od_multi,0.0000,0.1000,100000,70000,random,16,2,4.159,2404314.30
M1,delete,od_multi,0.0000,0.1000,100000,80000,random,16,2,4.126,2423811.13
M1,delete,od_multi,0.0000,0.1000,100000,90000,random,16,2,4.022,2486548.39
M1,delete,od_multi,0.0000,0.1000,100000,100000,random,16,2,4.060,2463121.53
M1,insert,off,0.0000,0.1000,100000,10000,sequential,1,0,2.804,3566144.31
M1,insert,off,0.0000,0.1000,100000,20000,sequential,1,0,3.556,2812325.64
M1,insert,off,0.0000,0.1000,100000,30000,sequential,1,0,4.163,2402264.47
M1,insert,off,0.0000,0.1000,100000,40000,sequential,1,0,4.521,2211979.28
M1,insert,off,0.0000,0.1000,100000,50000,sequential,1,0,4.323,2312959.63
M1,insert,off,0.0000,0.1000,100000,60000,sequential,1,0,4.844,2064614.59
M1,insert,off,0.0000,0.1000,100000,70000,sequential,1,0,4.131,2420795.21
M1,insert,off,0.0000,0.1000,100000,80000,sequential,1,0,4.641,2154716.39
M1,insert,off,0.0000,0.1000,100000,90000,sequential,1,0,4.632,2159052.66
M1,insert,off,0.0000,0.1000,100000,100000,sequential,1,0,2.638,3790933.07
M1,insert,off,0.0000,0.1000,100000,10000,sequential,1,1,2.966,3371113.40
M1,insert,off,0.0000,0.1000,100000,20000,sequential,1,1,3.721,2687440.22
M1,insert,off,0.0000,0.1000,100000,30000,sequential,1,1,3.871,2583644.19
M1,insert,off,0.0000,0.1000,100000,40000,sequential,1,1,4.031,2480986.34
M1,insert,off,0.0000,0.1000,100000,50000,sequential,1,1,3.909,2558410.43
M1,insert,off,0.0000,0.1000,100000,60000,sequential,1,1,3.940,2537923.56
M1,insert,off,0.0000,0.1000,100000,70000,sequential,1,1,4.222,2368535.61
M1,insert,off,0.0000,0.1000,100000,80000,sequential,1,1,3.945,2534597.89
M1,insert,off,0.0000,0.1000,100000,90000,sequential,1,1,4.372,2287100.66
M1,insert,off,0.0000,0.1000,100000,100000,sequential,1,1,2.589,3861995.45
M1,insert,off,0.0000,0.1000,100000,10000,sequential,1,2,2.961,3377318.40
M1,insert,off,0.0000,0.1000,100000,20000,sequential,1,2,3.743,2671815.79
M1,insert,off,0.0000,0.1000,100000,30000,sequential,1,2,4.176,2394778.23
M1,insert,off,0.0000,0.1000,100000,40000,sequential,1,2,3.986,2508690.73
M1,insert,off,0.0000,0.1000,100000,50000,sequential,1,2,4.019,2488249.24
M1,insert,off,0.0000,0.1000,100000,60000,sequential,1,2,4.058,2464322.16
M1,insert,off,0.0000,0.1000,100000,70000,sequential,1,2,4.239,2359205.56
M1,insert,off,0.0000,0.1000,100000,80000,sequential,1,2,4.450,2247440.00
M1,insert,off,0.0000,0.1000,100000,90000,sequential,1,2,4.090,2445190.44
M1,insert,off,0.0000,0.1000,100000,100000,sequential,1,2,2.600,3845763.35
M1,insert,off,0.0000,0.1000,100000,10000,sequential,16,0,2.844,3516476.10
M1,insert,off,0.0000,0.1000,100000,20000,sequential,16,0,2.188,4571405.58
M1,insert,off,0.0000,0.1000,100000,30000,sequential,16,0,2.027,4932953.76
M1,insert,off,0.0000,0.1000,100000,40000,sequential,16,0,1.976,5059934.93
M1,insert,off,0.0000,0.1000,100000,50000,sequential,16,0,2.004,4989071.44
M1,insert,off,0.0000,0.1000,100000,60000,sequential,16,0,1.955,5113839.17
M1,insert,off,0.0000,0.1000,100000,70000,sequential,16,0,1.833,5455025.50
M1,insert,off,0.0000,0.1000,100000,80000,sequential,16,0,1.976,5060449.60
M1,insert,off,0.0000,0.1000,100000,90000,sequential,16,0,1.911,5232240.86
M1,insert,off,0.0000,0.1000,100000,100000,sequential,16,0,1.273,7858533.82
M1,insert,off,0.0000,0.1000,100000,10000,sequential,16,1,1.569,6373181.65
M1,insert,off,0.0000,0.1000,100000,20000,sequential,16,1,1.756,5695672.26
M1,insert,off,0.0000,0.1000,100000,30000,sequential,16,1,1.727,5791226.29
M1,insert,off,0.0000,0.1000,100000,40000,sequential,16,1,1.874,5337446.73
M1,insert,off,0.0000,0.1000,100000,50000,sequential,16,1,1.803,5545770.35
M1,insert,off,0.0000,0.1000,100000,60000,sequential,16,1,2.020,4951632.45
M1,insert,off,0.0000,0.1000,100000,70000,sequential,16,1,1.776,5630643.31
M1,insert,off,0.0000,0.1000,100000,80000,sequential,16,1,1.868,5354153.14
M1,insert,off,0.0000,0.1000,100000,90000,sequential,16,1,1.774,5638532.83
M1,insert,off,0.0000,0.1000,100000,100000,sequential,16,1,1.383,7230396.59
M1,insert,off,0.0000,0.1000,100000,10000,sequential,16,2,1.897,5271217.31
M1,insert,off,0.0000,0.1000,100000,20000,sequential,16,2,1.651,6055548.76
M1,insert,off,0.0000,0.1000,100000,30000,sequential,16,2,1.746,5726999.65
M1,insert,off,0.0000,0.1000,100000,40000,sequential,16,2,1.771,5646460.43
M1,insert,off,0.0000,0.1000,100000,50000,sequential,16,2,1.836,5445798.51
M1,insert,off,0.0000,0.1000,100000,60000,sequential,16,2,1.824,5483797.02
M1,insert,off,0.0000,0.1000,100000,70000,sequential,16,2,1.986,5036288.98
M1,insert,off,0.0000,0.1000,100000,80000,sequential,16,2,1.929,5183855.81
M1,insert,off,0.0000,0.1000,100000,90000,sequential,16,2,1.868,5354012.67
M1,insert,off,0.0000,0.1000,100000,100000,sequential,16,2,1.387,7208048.80
M1,lookup,off,0.0000,0.1000,100000,10000,sequential,1,0,1.763,5672918.79
M1,lookup,off,0.0000,0.1000,100000,20000,sequential,1,0,1.873,5338768.91
M1,lookup,off,0.0000,0.1000,100000,30000,sequential,1,0,1.705,5865573.95
M1,lookup,off,0.0000,0.1000,100000,40000,sequential,1,0,1.702,5876089.72
M1,lookup,off,0.0000,0.1000,100000,50000,sequential,1,0,1.942,5149020.37
M1,lookup,off,0.0000,0.1000,100000,60000,sequential,1,0,1.721,5811524.14
M1,lookup,off,0.0000,0.1000,100000,70000,sequential,1,0,1.910,5234536.00
M1,lookup,off,0.0000,0.1000,100000,80000,sequential,1,0,2.455,4073009.51
M1,lookup,off,0.0000,0.1000,100000,90000,sequential,1,0,2.398,4169336.78
M1,lookup,off,0.0000,0.1000,100000,100000,sequential,1,0,2.274,4398309.11
M1,lookup,off,0.0000,0.1000,100000,10000,sequential,1,1,2.253,4438433.82
M1,lookup,off,0.0000,0.1000,100000,20000,sequential,1,1,1.865,5361174.27
M1,lookup,off,0.0000,0.1000,100000,30000,sequential,1,1,2.264,4417370.87
M1,lookup,off,0.0000,0.1000,100000,40000,sequential,1,1,1.798,5562091.01
M1,lookup,off,0.0000,0.1000,100000,50000,sequential,1,1,1.874,5336207.77
M1,lookup,off,0.0000,0.1000,100000,60000,sequential,1,1,1.928,5186173.25
M1,lookup,off,0.0000,0.1000,100000,70000,sequential,1,1,1.872,5342077.25
M1,lookup,off,0.0000,0.1000,100000,80000,sequential,1,1,1.855,5389804.11
M1,lookup,off,0.0000,0.1000,100000,90000,sequential,1,1,2.068,4835487.06
M1,lookup,off,0.0000,0.1000,100000,100000,sequential,1,1,2.198,4548562.04
M1,lookup,off,0.0000,0.1000,100000,10000,sequential,1,2,2.048,4883031.85
M1,lookup,off,0.0000,0.1000,100000,20000,sequential,1,2,1.704,5867126.02
M1,lookup,off,0.0000,0.1000,100000,30000,sequential,1,2,1.895,5277147.89
M1,lookup,off,0.0000,0.1000,100000,40000,sequential,1,2,1.877,5326589.16
M1,lookup,off,0.0000,0.1000,100000,50000,sequential,1,2,1.680,5951892.05
M1,lookup,off,0.0000,0.1000,100000,60000,sequential,1,2,1.751,5710976.61
M1,lookup,off,0.0000,0.1000,100000,70000,sequential,1,2,1.875,5333967.72
M1,lookup,off,0.0000,0.1000,100000,80000,sequential,1,2,1.878,5325601.98
M1,lookup,off,0.0000,0.1000,100000,90000,sequential,1,2,2.345,4263646.87
M1,lookup,off,0.0000,0.1000,100000,100000,sequential,1,2,2.202,4542221.31
M1,lookup,off,0.0000,0.1000,100000,10000,sequential,16,0,1.474,6782465.97
M1,lookup,off,0.0000,0.1000,100000,20000,sequential,16,0,1.390,7192268.02
M1,lookup,off,0.0000,0.1000,100000,30000,sequential,16,0,1.331,7512668.24
M1,lookup,off,0.0000,0.1000,100000,40000,sequential,16,0,1.282,7798225.59
M1,lookup,off,0.0000,0.1000,100000,50000,sequential,16,0,1.283,7793837.41
M1,lookup,off,0.0000,0.1000,100000,60000,sequential,16,0,1.289,7759270.19
M1,lookup,off,0.0000,0.1000,100000,70000,sequential,16,0,1.353,7390759.04
M1,lookup,off,0.0000,0.1000,100000,80000,sequential,16,0,1.274,7852227.36
M1,lookup,off,0.0000,0.1000,100000,90000,sequential,16,0,1.390,7195072.81
M1,lookup,off,0.0000,0.1000,100000,100000,sequential,16,0,1.257,7954215.54
M1,lookup,off,0.0000,0.1000,100000,10000,sequential,16,1,1.239,8069865.67
M1,lookup,off,0.0000,0.1000,100000,20000,sequential,16,1,1.167,8570493.16
M1,lookup,off,0.0000,0.1000,100000,30000,sequential,16,1,1.178,8489605.75
M1,lookup,off,0.0000,0.1000,100000,40000,sequential,16,1,1.223,8179443.91
M1,lookup,off,0.0000,0.1000,100000,50000,sequential,16,1,1.253,7977789.83
M1,lookup,off,0.0000,0.1000,100000,60000,sequential,16,1,1.238,8077042.06
M1,lookup,off,0.0000,0.1000,100000,70000,sequential,16,1,1.261,7931384.01
M1,lookup,off,0.0000,0.1000,100000,80000,sequential,16,1,1.270,7873147.84
M1,lookup,off,0.0000,0.1000,100000,90000,sequential,16,1,1.139,8776572.17
M1,lookup,off,0.0000,0.1000,100000,100000,sequential,16,1,1.172,8531338.59
M1,lookup,off,0.0000,0.1000,100000,10000,sequential,16,2,1.295,7723552.43
M1,lookup,off,0.0000,0.1000,100000,20000,sequential,16,2,1.316,7601585.69
M1,lookup,off,0.0000,0.1000,100000,30000,sequential,16,2,1.243,8047395.94
M1,lookup,off,0.0000,0.1000,100000,40000,sequential,16,2,1.303,7675474.79
M1,lookup,off,0.0000,0.1000,100000,50000,sequential,16,2,1.242,8054519.43
M1,lookup,off,0.0000,0.1000,100000,60000,sequential,16,2,1.158,8638726.72
M1,lookup,off,0.0000,0.1000,100000,70000,sequential,16,2,1.249,8006661.54
M1,lookup,off,0.0000,0.1000,100000,80000,sequential,16,2,1.343,7448678.60
M1,lookup,off,0.0000,0.1000,100000,90000,sequential,16,2,1.230,8132031.67
M1,lookup,off,0.0000,0.1000,100000,100000,sequential,16,2,1.249,8003931.53
M1,delete,off,0.0000,0.1000,100000,10000,sequential,1,0,2.537,3942062.72
M1,delete,off,0.0000,0.1000,100000,20000,sequential,1,0,2.276,4394088.19
M1,delete,off,0.0000,0.1000,100000,30000,sequential,1,0,2.306,4335637.29
M1,delete,off,0.0000,0.1000,100000,40000,sequential,1,0,2.050,4878182.04
M1,delete,off,0.0000,0.1000,100000,50000,sequential,1,0,2.271,4404021.40
M1,delete,off,0.0000,0.1000,100000,60000,sequential,1,0,2.287,4372022.38
M1,delete,off,0.0000,0.1000,100000,70000,sequential,1,0,2.117,4723623.17
M1,delete,off,0.0000,0.1000,100000,80000,sequential,1,0,2.272,4402150.54
M1,delete,off,0.0000,0.1000,100000,90000,sequential,1,0,2.718,3679668.65
M1,delete,off,0.0000,0.1000,100000,100000,sequential,1,0,1.744,5733895.64
M1,delete,off,0.0000,0.1000,100000,10000,sequential,1,1,2.563,3901128.25
M1,delete,off,0.0000,0.1000,100000,20000,sequential,1,1,2.233,4479247.20
M1,delete,off,0.0000,0.1000,100000,30000,sequential,1,1,2.370,4218718.62
M1,delete,off,0.0000,0.1000,100000,40000,sequential,1,1,2.177,4592703.02
M1,delete,off,0.0000,0.1000,100000,50000,sequential,1,1,2.327,4296811.72
M1,delete,off,0.0000,0.1000,100000,60000,sequential,1,1,2.353,4249602.98
M1,delete,off,0.0000,0.1000,100000,70000,sequential,1,1,2.246,4452831.60
M1,delete,off,0.0000,0.1000,100000,80000,sequential,1,1,2.108,4743036.51
M1,delete,off,0.0000,0.1000,100000,90000,sequential,1,1,2.778,3599994.53
M1,delete,off,0.0000,0.1000,100000,100000,sequential,1,1,1.714,5833478.68
M1,delete,off,0.0000,0.1000,100000,10000,sequential,1,2,2.758,3625244.02
M1,delete,off,0.0000,0.1000,100000,20000,sequential,1,2,2.287,4372563.39
M1,delete,off,0.0000,0.1000,100000,30000,sequential,1,2,2.213,4518379.19
M1,delete,off,0.0000,0.1000,100000,40000,sequential,1,2,2.511,3982478.69
M1,delete,off,0.0000,0.1000,100000,50000,sequential,1,2,2.250,4444616.30
M1,delete,off,0.0000,0.1000,100000,60000,sequential,1,2,2.300,4347504.75
M1,delete,off,0.0000,0.1000,100000,70000,sequential,1,2,2.287,4373140.87
M1,delete,off,0.0000,0.1000,100000,80000,sequential,1,2,2.169,4610891.48
M1,delete,off,0.0000,0.1000,100000,90000,sequential,1,2,2.731,3661276.29
M1,delete,off,0.0000,0.1000,100000,100000,sequential,1,2,1.721,5809569.29
M1,delete,off,0.0000,0.1000,100000,10000,sequential,16,0,3.555,2813172.96
M1,delete,off,0.0000,0.1000,100000,20000,sequential,16,0,2.887,3463210.66
M1,delete,off,0.0000,0.1000,100000,30000,sequential,16,0,2.859,3498253.85
M1,delete,off,0.0000,0.1000,100000,40000,sequential,16,0,2.830,3532948.45
M1,delete,off,0.0000,0.1000,100000,50000,sequential,16,0,2.880,3471812.36
M1,delete,off,0.0000,0.1000,100000,60000,sequential,16,0,2.742,3647602.23
M1,delete,off,0.0000,0.1000,100000,70000,sequential,16,0,2.722,3673831.37
M1,delete,off,0.0000,0.1000,100000,80000,sequential,16,0,2.763,3619076.30
M1,delete,off,0.0000,0.1000,100000,90000,sequential,16,0,3.171,3153684.73
M1,delete,off,0.0000,0.1000,100000,100000,sequential,16,0,1.280,7814178.83
M1,delete,off,0.0000,0.1000,100000,10000,sequential,16,1,3.128,3197300.97
M1,delete,off,0.0000,0.1000,100000,20000,sequential,16,1,2.796,3577120.02
M1,delete,off,0.0000,0.1000,100000,30000,sequential,16,1,2.800,3571099.52
M1,delete,off,0.0000,0.1000,100000,40000,sequential,16,1,2.750,3636780.21
M1,delete,off,0.0000,0.1000,100000,50000,sequential,16,1,2.704,3698096.29
M1,delete,off,0.0000,0.1000,100000,60000,sequential,16,1,2.741,3648573.75
M1,delete,off,0.0000,0.1000,100000,70000,sequential,16,1,2.718,3679074.34
M1,delete,off,0.0000,0.1000,100000,80000,sequential,16,1,2.742,3646966.36
M1,delete,off,0.0000,0.1000,100000,90000,sequential,16,1,3.233,3093159.79
M1,delete,off,0.0000,0.1000,100000,100000,sequential,16,1,1.197,8351714.06
M1,delete,off,0.0000,0.1000,100000,10000,sequential,16,2,3.204,3120845.37
M1,delete,off,0.0000,0.1000,100000,20000,sequential,16,2,2.777,3601586.72
M1,delete,off,0.0000,0.1000,100000,30000,sequential,16,2,2.825,3540341.84
M1,delete,off,0.0000,0.1000,100000,40000,sequential,16,2,2.737,3653696.77
M1,delete,off,0.0000,0.1000,100000,50000,sequential,16,2,2.751,3635555.88
M1,delete,off,0.0000,0.1000,100000,60000,sequential,16,2,2.768,3612198.68
M1,delete,off,0.0000,0.1000,100000,70000,sequential,16,2,2.733,3658712.38
M1,delete,off,0.0000,0.1000,100000,80000,sequential,16,2,2.742,3646592.66
M1,delete,off,0.0000,0.1000,100000,90000,sequential,16,2,3.211,3114352.81
M1,delete,off,0.0000,0.1000,100000,100000,sequential,16,2,1.242,8050972.32
M1,insert,fd_single,0.0000,0.1000,100000,10000,sequential,1,0,6.705,1491329.56
M1,insert,fd_single,0.0000,0.1000,100000,20000,sequential,1,0,8.605,1162083.85
M1,insert,fd_single,0.0000,0.1000,100000,30000,sequential,1,0,7.521,1329622.80
M1,insert,fd_single,0.0000,0.1000,100000,40000,sequential,1,0,8.664,1154146.01
M1,insert,fd_single,0.0000,0.1000,100000,50000,sequential,1,0,8.734,1144935.56
M1,insert,fd_single,0.0000,0.1000,100000,60000,sequential,1,0,8.825,1133125.09
M1,insert,fd_single,0.0000,0.1000,100000,70000,sequential,1,0,8.909,1122511.97
M1,insert,fd_single,0.0000,0.1000,100000,80000,sequential,1,0,9.837,1016563.79
M1,insert,fd_single,0.0000,0.1000,100000,90000,sequential,1,0,9.489,1053876.60
M1,insert,fd_single,0.0000,0.1000,100000,100000,sequential,1,0,3.996,2502508.77
M1,insert,fd_single,0.0000,0.1000,100000,10000,sequential,1,1,6.854,1459090.60
M1,insert,fd_single,0.0000,0.1000,100000,20000,sequential,1,1,7.667,1304215.08
M1,insert,fd_single,0.0000,0.1000,100000,30000,sequential,1,1,7.843,1275047.35
M1,insert,fd_single,0.0000,0.1000,100000,40000,sequential,1,1,8.898,1123813.32
M1,insert,fd_single,0.0000,0.1000,100000,50000,sequential,1,1,7.678,1302419.45
M1,insert,fd_single,0.0000,0.1000,100000,60000,sequential,1,1,8.337,1199466.19
M1,insert,fd_single,0.0000,0.1000,100000,70000,sequential,1,1,8.010,1248470.00
M1,insert,fd_single,0.0000,0.1000,100000,80000,sequential,1,1,8.093,1235695.74
M1,insert,fd_single,0.0000,0.1000,100000,90000,sequential,1,1,8.292,1205973.38
M1,insert,fd_single,0.0000,0.1000,100000,100000,sequential,1,1,3.685,2713836.77
M1,insert,fd_single,0.0000,0.1000,100000,10000,sequential,1,2,6.367,1570615.91
M1,insert,fd_single,0.0000,0.1000,100000,20000,sequential,1,2,7.846,1274575.24
M1,insert,fd_single,0.0000,0.1000,100000,30000,sequential,1,2,8.108,1233363.01
M1,insert,fd_single,0.0000,0.1000,100000,40000,sequential,1,2,7.278,1374017.63
M1,insert,fd_single,0.0000,0.1000,100000,50000,sequential,1,2,8.007,1248977.71
M1,insert,fd_single,0.0000,0.1000,100000,60000,sequential,1,2,7.099,1408746.14
M1,insert,fd_single,0.0000,0.1000,100000,70000,sequential,1,2,7.882,1268748.45
M1,insert,fd_single,0.0000,0.1000,100000,80000,sequential,1,2,9.030,1107437.62
M1,insert,fd_single,0.0000,0.1000,100000,90000,sequential,1,2,9.075,1101869.73
M1,insert,fd_single,0.0000,0.1000,100000,100000,sequential,1,2,3.944,2535813.29
M1,insert,fd_single,0.0000,0.1000,100000,10000,sequential,16,0,3.801,2631132.35
M1,insert,fd_single,0.0000,0.1000,100000,20000,sequential,16,0,3.501,2856520.95
M1,insert,fd_single,0.0000,0.1000,100000,30000,sequential,16,0,3.438,2908930.97
M1,insert,fd_single,0.0000,0.1000,100000,40000,sequential,16,0,3.355,2980828.50
M1,insert,fd_single,0.0000,0.1000,100000,50000,sequential,16,0,3.310,3021295.91
M1,insert,fd_single,0.0000,0.1000,100000,60000,sequential,16,0,3.332,3001197.78
M1,insert,fd_single,0.0000,0.1000,100000,70000,sequential,16,0,3.136,3188344.43
M1,insert,fd_single,0.0000,0.1000,100000,80000,sequential,16,0,3.636,2750382.44
M1,insert,fd_single,0.0000,0.1000,100000,90000,sequential,16,0,4.126,2423691.88
M1,insert,fd_single,0.0000,0.1000,100000,100000,sequential,16,0,1.429,6999394.55
M1,insert,fd_single,0.0000,0.1000,100000,10000,sequential,16,1,2.879,3473264.20
M1,insert,fd_single,0.0000,0.1000,100000,20000,sequential,16,1,2.998,3335503.63
M1,insert,fd_single,0.0000,0.1000,100000,30000,sequential,16,1,2.773,3605795.67
M1,insert,fd_single,0.0000,0.1000,100000,40000,sequential,16,1,2.862,3494509.43
M1,insert,fd_single,0.0000,0.1000,100000,50000,sequential,16,1,2.671,3744423.62
M1,insert,fd_single,0.0000,0.1000,100000,60000,sequential,16,1,2.955,3383988.25
M1,insert,fd_single,0.0000,0.1000,100000,70000,sequential,16,1,2.899,3449653.34
M1,insert,fd_single,0.0000,0.1000,100000,80000,sequential,16,1,3.194,3130605.74
M1,insert,fd_single,0.0000,0.1000,100000,90000,sequential,16,1,3.918,2552472.45
M1,insert,fd_single,0.0000,0.1000,100000,100000,sequential,16,1,1.383,7229743.16
M1,insert,fd_single,0.0000,0.1000,100000,10000,sequential,16,2,2.914,3431971.63
M1,insert,fd_single,0.0000,0.1000,100000,20000,sequential,16,2,2.753,3632843.08
M1,insert,fd_single,0.0000,0.1000,100000,30000,sequential,16,2,2.848,3510815.59
M1,insert,fd_single,0.0000,0.1000,100000,40000,sequential,16,2,3.027,3303974.22
M1,insert,fd_single,0.0000,0.1000,100000,50000,sequential,16,2,2.875,3478541.57
M1,insert,fd_single,0.0000,0.1000,100000,60000,sequential,16,2,2.993,3341623.90
M1,insert,fd_single,0.0000,0.1000,100000,70000,sequential,16,2,2.973,3364052.74
M1,insert,fd_single,0.0000,0.1000,100000,80000,sequential,16,2,3.125,3199623.21
M1,insert,fd_single,0.0000,0.1000,100000,90000,sequential,16,2,3.257,3070398.72
M1,insert,fd_single,0.0000,0.1000,100000,100000,sequential,16,2,1.452,6885013.39
M1,lookup,fd_single,0.0000,0.1000,100000,10000,sequential,1,0,2.373,4213679.03
M1,lookup,fd_single,0.0000,0.1000,100000,20000,sequential,1,0,2.251,4443081.90
M1,lookup,fd_single,0.0000,0.1000,100000,30000,sequential,1,0,3.004,3329092.07
M1,lookup,fd_single,0.0000,0.1000,100000,40000,sequential,1,0,2.656,3764603.84
M1,lookup,fd_single,0.0000,0.1000,100000,50000,sequential,1,0,2.140,4673246.60
M1,lookup,fd_single,0.0000,0.1000,100000,60000,sequential,1,0,2.439,4099735.08
M1,lookup,fd_single,0.0000,0.1000,100000,70000,sequential,1,0,2.449,4082494.14
M1,lookup,fd_single,0.0000,0.1000,100000,80000,sequential,1,0,2.375,4210740.84
M1,lookup,fd_single,0.0000,0.1000,100000,90000,sequential,1,0,3.427,2918223.78
M1,lookup,fd_single,0.0000,0.1000,100000,100000,sequential,1,0,2.661,3758201.81
M1,lookup,fd_single,0.0000,0.1000,100000,10000,sequential,1,1,2.343,4267832.07
M1,lookup,fd_single,0.0000,0.1000,100000,20000,sequential,1,1,2.322,4306643.34
M1,lookup,fd_single,0.0000,0.1000,100000,30000,sequential,1,1,2.261,4422499.02
M1,lookup,fd_single,0.0000,0.1000,100000,40000,sequential,1,1,2.255,4434141.47
M1,lookup,fd_single,0.0000,0.1000,100000,50000,sequential,1,1,2.313,4323032.56
M1,lookup,fd_single,0.0000,0.1000,100000,60000,sequential,1,1,2.286,4374772.79
M1,lookup,fd_single,0.0000,0.1000,100000,70000,sequential,1,1,2.323,4305032.20
M1,lookup,fd_single,0.0000,0.1000,100000,80000,sequential,1,1,2.386,4191597.94
M1,lookup,fd_single,0.0000,0.1000,100000,90000,sequential,1,1,2.826,3538133.47
M1,lookup,fd_single,0.0000,0.1000,100000,100000,sequential,1,1,2.430,4114831.79
M1,lookup,fd_single,0.0000,0.1000,100000,10000,sequential,1,2,2.473,4043663.48
M1,lookup,fd_single,0.0000,0.1000,100000,20000,sequential,1,2,2.328,4294975.48
M1,lookup,fd_single,0.0000,0.1000,100000,30000,sequential,1,2,2.292,4363127.38
M1,lookup,fd_single,0.0000,0.1000,100000,40000,sequential,1,2,2.259,4426183.00
M1,lookup,fd_single,0.0000,0.1000,100000,50000,sequential,1,2,2.326,4298863.90
M1,lookup,fd_single,0.0000,0.1000,100000,60000,sequential,1,2,2.320,4310159.04
M1,lookup,fd_single,0.0000,0.1000,100000,70000,sequential,1,2,2.370,4218624.30
M1,lookup,fd_single,0.0000,0.1000,100000,80000,sequential,1,2,2.341,4271058.45
M1,lookup,fd_single,0.0000,0.1000,100000,90000,sequential,1,2,2.768,3613148.83
M1,lookup,fd_single,0.0000,0.1000,100000,100000,sequential,1,2,2.537,3941747.28
M1,lookup,fd_single,0.0000,0.1000,100000,10000,sequential,16,0,1.585,6309558.29
M1,lookup,fd_single,0.0000,0.1000,100000,20000,sequential,16,0,1.413,7077536.54
M1,lookup,fd_single,0.0000,0.1000,100000,30000,sequential,16,0,1.338,7473310.94
M1,lookup,fd_single,0.0000,0.1000,100000,40000,sequential,16,0,1.361,7348915.48
M1,lookup,fd_single,0.0000,0.1000,100000,50000,sequential,16,0,1.305,7663933.45
M1,lookup,fd_single,0.0000,0.1000,100000,60000,sequential,16,0,1.352,7397948.99
M1,lookup,fd_single,0.0000,0.1000,100000,70000,sequential,16,0,1.313,7615746.01
M1,lookup,fd_single,0.0000,0.1000,100000,80000,sequential,16,0,1.358,7363857.01
M1,lookup,fd_single,0.0000,0.1000,100000,90000,sequential,16,0,1.381,7243547.63
M1,lookup,fd_single,0.0000,0.1000,100000,100000,sequential,16,0,1.318,7584945.70
M1,lookup,fd_single,0.0000,0.1000,100000,10000,sequential,16,1,1.816,5507047.64
M1,lookup,fd_single,0.0000,0.1000,100000,20000,sequential,16,1,1.461,6845095.49
M1,lookup,fd_single,0.0000,0.1000,100000,30000,sequential,16,1,1.349,7412997.36
M1,lookup,fd_single,0.0000,0.1000,100000,40000,sequential,16,1,1.344,7438218.16
M1,lookup,fd_single,0.0000,0.1000,100000,50000,sequential,16,1,1.319,7580351.73
M1,lookup,fd_single,0.0000,0.1000,100000,60000,sequential,16,1,1.377,7260466.33
M1,lookup,fd_single,0.0000,0.1000,100000,70000,sequential,16,1,1.302,7679724.76
M1,lookup,fd_single,0.0000,0.1000,100000,80000,sequential,16,1,1.291,7746083.39
M1,lookup,fd_single,0.0000,0.1000,100000,90000,sequential,16,1,1.274,7846515.87
M1,lookup,fd_single,0.0000,0.1000,100000,100000,sequential,16,1,1.322,7561476.70
M1,lookup,fd_single,0.0000,0.1000,100000,10000,sequential,16,2,1.308,7645400.22
M1,lookup,fd_single,0.0000,0.1000,100000,20000,sequential,16,2,1.405,7115837.29
M1,lookup,fd_single,0.0000,0.1000,100000,30000,sequential,16,2,1.266,7896050.08
M1,lookup,fd_single,0.0000,0.1000,100000,40000,sequential,16,2,1.322,7561568.18
M1,lookup,fd_single,0.0000,0.1000,100000,50000,sequential,16,2,1.309,7641158.95
M1,lookup,fd_single,0.0000,0.1000,100000,60000,sequential,16,2,1.263,7915650.82
M1,lookup,fd_single,0.0000,0.1000,100000,70000,sequential,16,2,1.253,7983184.22
M1,lookup,fd_single,0.0000,0.1000,100000,80000,sequential,16,2,1.292,7740087.85
M1,lookup,fd_single,0.0000,0.1000,100000,90000,sequential,16,2,1.203,8315531.17
M1,lookup,fd_single,0.0000,0.1000,100000,100000,sequential,16,2,1.289,7757079.30
M1,delete,fd_single,0.0000,0.1000,100000,10000,sequential,1,0,3.064,3264102.80
M1,delete,fd_single,0.0000,0.1000,100000,20000,sequential,1,0,6.291,1589515.56
M1,delete,fd_single,0.0000,0.1000,100000,30000,sequential,1,0,6.681,1496781.02
M1,delete,fd_single,0.0000,0.1000,100000,40000,sequential,1,0,6.414,1559154.15
M1,delete,fd_single,0.0000,0.1000,100000,50000,sequential,1,0,6.347,1575431.59
M1,delete,fd_single,0.0000,0.1000,100000,60000,sequential,1,0,6.246,1601032.60
M1,delete,fd_single,0.0000,0.1000,100000,70000,sequential,1,0,5.967,1675955.93
M1,delete,fd_single,0.0000,0.1000,100000,80000,sequential,1,0,5.897,1695684.64
M1,delete,fd_single,0.0000,0.1000,100000,90000,sequential,1,0,6.607,1513450.72
M1,delete,fd_single,0.0000,0.1000,100000,100000,sequential,1,0,6.007,1664699.82
M1,delete,fd_single,0.0000,0.1000,100000,10000,sequential,1,1,3.746,2669529.83
M1,delete,fd_single,0.0000,0.1000,100000,20000,sequential,1,1,6.123,1633057.79
M1,delete,fd_single,0.0000,0.1000,100000,30000,sequential,1,1,6.145,1627449.74
M1,delete,fd_single,0.0000,0.1000,100000,40000,sequential,1,1,6.184,1616969.12
M1,delete,fd_single,0.0000,0.1000,100000,50000,sequential,1,1,6.888,1451726.25
M1,delete,fd_single,0.0000,0.1000,100000,60000,sequential,1,1,5.786,1728269.09
M1,delete,fd_single,0.0000,0.1000,100000,70000,sequential,1,1,6.195,1614194.06
M1,delete,fd_single,0.0000,0.1000,100000,80000,sequential,1,1,5.843,1711417.09
M1,delete,fd_single,0.0000,0.1000,100000,90000,sequential,1,1,6.647,1504430.40
M1,delete,fd_single,0.0000,0.1000,100000,100000,sequential,1,1,6.869,1455714.26
M1,delete,fd_single,0.0000,0.1000,100000,10000,sequential,1,2,3.782,2643951.95
M1,delete,fd_single,0.0000,0.1000,100000,20000,sequential,1,2,6.563,1523743.35
M1,delete,fd_single,0.0000,0.1000,100000,30000,sequential,1,2,6.302,1586757.05
M1,delete,fd_single,0.0000,0.1000,100000,40000,sequential,1,2,6.202,1612276.26
M1,delete,fd_single,0.0000,0.1000,100000,50000,sequential,1,2,6.274,1593938.95
M1,delete,fd_single,0.0000,0.1000,100000,60000,sequential,1,2,5.788,1727710.42
M1,delete,fd_single,0.0000,0.1000,100000,70000,sequential,1,2,6.230,1605094.70
M1,delete,fd_single,0.0000,0.1000,100000,80000,sequential,1,2,6.235,1603878.05
M1,delete,fd_single,0.0000,0.1000,100000,90000,sequential,1,2,6.654,1502844.13
M1,delete,fd_single,0.0000,0.1000,100000,100000,sequential,1,2,6.012,1663362.67
M1,delete,fd_single,0.0000,0.1000,100000,10000,sequential,16,0,3.167,3157247.33
M1,delete,fd_single,0.0000,0.1000,100000,20000,sequential,16,0,6.250,1599990.78
M1,delete,fd_single,0.0000,0.1000,100000,30000,sequential,16,0,6.144,1627686.29
M1,delete,fd_single,0.0000,0.1000,100000,40000,sequential,16,0,6.266,1595855.88
M1,delete,fd_single,0.0000,0.1000,100000,50000,sequential,16,0,6.215,1609032.46
M1,delete,fd_single,0.0000,0.1000,100000,60000,sequential,16,0,6.265,1596050.99
M1,delete,fd_single,0.0000,0.1000,100000,70000,sequential,16,0,6.222,1607144.98
M1,delete,fd_single,0.0000,0.1000,100000,80000,sequential,16,0,6.263,1596765.85
M1,delete,fd_single,0.0000,0.1000,100000,90000,sequential,16,0,6.527,1532017.17
M1,delete,fd_single,0.0000,0.1000,100000,100000,sequential,16,0,6.335,1578655.07
M1,delete,fd_single,0.0000,0.1000,100000,10000,sequential,16,1,3.081,3245998.66
M1,delete,fd_single,0.0000,0.1000,100000,20000,sequential,16,1,6.210,1610218.58
M1,delete,fd_single,0.0000,0.1000,100000,30000,sequential,16,1,6.221,1607445.43
M1,delete,fd_single,0.0000,0.1000,100000,40000,sequential,16,1,6.099,1639725.70
M1,delete,fd_single,0.0000,0.1000,100000,50000,sequential,16,1,6.212,1609679.45
M1,delete,fd_single,0.0000,0.1000,100000,60000,sequential,16,1,6.194,1614533.64
M1,delete,fd_single,0.0000,0.1000,100000,70000,sequential,16,1,6.236,1603689.51
M1,delete,fd_single,0.0000,0.1000,100000,80000,sequential,16,1,6.315,1583446.27
M1,delete,fd_single,0.0000,0.1000,100000,90000,sequential,16,1,6.423,1556830.22
M1,delete,fd_single,0.0000,0.1000,100000,100000,sequential,16,1,6.316,1583385.10
M1,delete,fd_single,0.0000,0.1000,100000,10000,sequential,16,2,3.047,3281719.54
M1,delete,fd_single,0.0000,0.1000,100000,20000,sequential,16,2,7.088,1410842.78
M1,delete,fd_single,0.0000,0.1000,100000,30000,sequential,16,2,6.171,1620490.52
M1,delete,fd_single,0.0000,0.1000,100000,40000,sequential,16,2,6.130,1631329.35
M1,delete,fd_single,0.0000,0.1000,100000,50000,sequential,16,2,6.210,1610337.08
M1,delete,fd_single,0.0000,0.1000,100000,60000,sequential,16,2,6.273,1594102.33
M1,delete,fd_single,0.0000,0.1000,100000,70000,sequential,16,2,6.247,1600828.08
M1,delete,fd_single,0.0000,0.1000,100000,80000,sequential,16,2,6.212,1609666.50
M1,delete,fd_single,0.0000,0.1000,100000,90000,sequential,16,2,6.522,1533188.78
M1,delete,fd_single,0.0000,0.1000,100000,100000,sequential,16,2,6.342,1576888.12
M1,insert,fd_multi,0.0000,0.1000,100000,10000,sequential,1,0,7.186,1391579.28
M1,insert,fd_multi,0.0000,0.1000,100000,20000,sequential,1,0,7.965,1255481.75
M1,insert,fd_multi,0.0000,0.1000,100000,30000,sequential,1,0,8.555,1168889.72
M1,insert,fd_multi,0.0000,0.1000,100000,40000,sequential,1,0,8.171,1223835.62
M1,insert,fd_multi,0.0000,0.1000,100000,50000,sequential,1,0,8.033,1244802.48
M1,insert,fd_multi,0.0000,0.1000,100000,60000,sequential,1,0,8.263,1210168.37
M1,insert,fd_multi,0.0000,0.1000,100000,70000,sequential,1,0,8.380,1193295.35
M1,insert,fd_multi,0.0000,0.1000,100000,80000,sequential,1,0,8.331,1200369.38
M1,insert,fd_multi,0.0000,0.1000,100000,90000,sequential,1,0,8.998,1111361.17
M1,insert,fd_multi,0.0000,0.1000,100000,100000,sequential,1,0,3.294,3035537.95
M1,insert,fd_multi,0.0000,0.1000,100000,10000,sequential,1,1,6.722,1487666.65
M1,insert,fd_multi,0.0000,0.1000,100000,20000,sequential,1,1,7.011,1426312.35
M1,insert,fd_multi,0.0000,0.1000,100000,30000,sequential,1,1,7.067,1415095.07
M1,insert,fd_multi,0.0000,0.1000,100000,40000,sequential,1,1,6.743,1483042.30
M1,insert,fd_multi,0.0000,0.1000,100000,50000,sequential,1,1,7.446,1342980.41
M1,insert,fd_multi,0.0000,0.1000,100000,60000,sequential,1,1,7.632,1310251.08
M1,insert,fd_multi,0.0000,0.1000,100000,70000,sequential,1,1,7.664,1304820.91
M1,insert,fd_multi,0.0000,0.1000,100000,80000,sequential,1,1,7.040,1420432.75
M1,insert,fd_multi,0.0000,0.1000,100000,90000,sequential,1,1,7.803,1281523.56
M1,insert,fd_multi,0.0000,0.1000,100000,100000,sequential,1,1,3.366,2970869.44
M1,insert,fd_multi,0.0000,0.1000,100000,10000,sequential,1,2,6.097,1640177.80
M1,insert,fd_multi,0.0000,0.1000,100000,20000,sequential,1,2,7.035,1421488.56
M1,insert,fd_multi,0.0000,0.1000,100000,30000,sequential,1,2,6.927,1443673.91
M1,insert,fd_multi,0.0000,0.1000,100000,40000,sequential,1,2,6.281,1592139.92
M1,insert,fd_multi,0.0000,0.1000,100000,50000,sequential,1,2,6.666,1500116.48
M1,insert,fd_multi,0.0000,0.1000,100000,60000,sequential,1,2,7.306,1368769.87
M1,insert,fd_multi,0.0000,0.1000,100000,70000,sequential,1,2,6.802,1470178.75
M1,insert,fd_multi,0.0000,0.1000,100000,80000,sequential,1,2,7.425,1346719.18
M1,insert,fd_multi,0.0000,0.1000,100000,90000,sequential,1,2,8.006,1249048.69
M1,insert,fd_multi,0.0000,0.1000,100000,100000,sequential,1,2,3.061,3266995.89
M1,insert,fd_multi,0.0000,0.1000,100000,10000,sequential,16,0,4.253,2351441.23
M1,insert,fd_multi,0.0000,0.1000,100000,20000,sequential,16,0,3.445,2902930.36
M1,insert,fd_multi,0.0000,0.1000,100000,30000,sequential,16,0,3.297,3032609.65
M1,insert,fd_multi,0.0000,0.1000,100000,40000,sequential,16,0,3.172,3152160.79
M1,insert,fd_multi,0.0000,0.1000,100000,50000,sequential,16,0,3.146,3178894.18
M1,insert,fd_multi,0.0000,0.1000,100000,60000,sequential,16,0,3.300,3030587.72
M1,insert,fd_multi,0.0000,0.1000,100000,70000,sequential,16,0,3.062,3265927.85
M1,insert,fd_multi,0.0000,0.1000,100000,80000,sequential,16,0,3.033,3296938.43
M1,insert,fd_multi,0.0000,0.1000,100000,90000,sequential,16,0,3.448,2900338.01
M1,insert,fd_multi,0.0000,0.1000,100000,100000,sequential,16,0,1.440,6946538.05
M1,insert,fd_multi,0.0000,0.1000,100000,10000,sequential,16,1,2.832,3530490.02
M1,insert,fd_multi,0.0000,0.1000,100000,20000,sequential,16,1,2.898,3450146.08
M1,insert,fd_multi,0.0000,0.1000,100000,30000,sequential,16,1,2.860,3496635.54
M1,insert,fd_multi,0.0000,0.1000,100000,40000,sequential,16,1,2.858,3498876.86
M1,insert,fd_multi,0.0000,0.1000,100000,50000,sequential,16,1,2.747,3639865.85
M1,insert,fd_multi,0.0000,0.1000,100000,60000,sequential,16,1,2.786,3589834.16
M1,insert,fd_multi,0.0000,0.1000,100000,70000,sequential,16,1,3.195,3129698.46
M1,insert,fd_multi,0.0000,0.1000,100000,80000,sequential,16,1,3.074,3252613.23
M1,insert,fd_multi,0.0000,0.1000,100000,90000,sequential,16,1,3.267,3060558.04
M1,insert,fd_multi,0.0000,0.1000,100000,100000,sequential,16,1,1.466,6821119.55
M1,insert,fd_multi,0.0000,0.1000,100000,10000,sequential,16,2,2.560,3906602.51
M1,insert,fd_multi,0.0000,0.1000,100000,20000,sequential,16,2,2.700,3703924.57
M1,insert,fd_multi,0.0000,0.1000,100000,30000,sequential,16,2,2.873,3480146.81
M1,insert,fd_multi,0.0000,0.1000,100000,40000,sequential,16,2,2.784,3591868.87
M1,insert,fd_multi,0.0000,0.1000,100000,50000,sequential,16,2,2.861,3495275.26
M1,insert,fd_multi,0.0000,0.1000,100000,60000,sequential,16,2,2.869,3485644.37
M1,insert,fd_multi,0.0000,0.1000,100000,70000,sequential,16,2,2.666,3750782.98
M1,insert,fd_multi,0.0000,0.1000,100000,80000,sequential,16,2,2.797,3575631.22
M1,insert,fd_multi,0.0000,0.1000,100000,90000,sequential,16,2,3.537,2827270.72
M1,insert,fd_multi,0.0000,0.1000,100000,100000,sequential,16,2,1.335,7489509.07
M1,lookup,fd_multi,0.0000,0.1000,100000,10000,sequential,1,0,1.898,5267985.03
M1,lookup,fd_multi,0.0000,0.1000,100000,20000,sequential,1,0,1.827,5473567.59
M1,lookup,fd_multi,0.0000,0.1000,100000,30000,sequential,1,0,2.057,4862614.13
M1,lookup,fd_multi,0.0000,0.1000,100000,40000,sequential,1,0,1.906,5245664.98
M1,lookup,fd_multi,0.0000,0.1000,100000,50000,sequential,1,0,1.846,5415847.75
M1,lookup,fd_multi,0.0000,0.1000,100000,60000,sequential,1,0,1.857,5385351.52
M1,lookup,fd_multi,0.0000,0.1000,100000,70000,sequential,1,0,2.029,4929415.70
M1,lookup,fd_multi,0.0000,0.1000,100000,80000,sequential,1,0,2.065,4842174.17
M1,lookup,fd_multi,0.0000,0.1000,100000,90000,sequential,1,0,2.073,4823777.75
M1,lookup,fd_multi,0.0000,0.1000,100000,100000,sequential,1,0,2.082,4803313.90
M1,lookup,fd_multi,0.0000,0.1000,100000,10000,sequential,1,1,2.007,4981923.09
M1,lookup,fd_multi,0.0000,0.1000,100000,20000,sequential,1,1,2.105,4751103.92
M1,lookup,fd_multi,0.0000,0.1000,100000,30000,sequential,1,1,2.008,4979013.46
M1,lookup,fd_multi,0.0000,0.1000,100000,40000,sequential,1,1,2.075,4818357.56
M1,lookup,fd_multi,0.0000,0.1000,100000,50000,sequential,1,1,2.069,4832285.85
M1,lookup,fd_multi,0.0000,0.1000,100000,60000,sequential,1,1,2.133,4688874.43
M1,lookup,fd_multi,0.0000,0.1000,100000,70000,sequential,1,1,2.222,4501414.34
M1,lookup,fd_multi,0.0000,0.1000,100000,80000,sequential,1,1,2.153,4643637.94
M1,lookup,fd_multi,0.0000,0.1000,100000,90000,sequential,1,1,2.407,4153745.06
M1,lookup,fd_multi,0.0000,0.1000,100000,100000,sequential,1,1,2.051,4874769.61
M1,lookup,fd_multi,0.0000,0.1000,100000,10000,sequential,1,2,1.987,5031547.80
M1,lookup,fd_multi,0.0000,0.1000,100000,20000,sequential,1,2,1.984,5041448.27
M1,lookup,fd_multi,0.0000,0.1000,100000,30000,sequential,1,2,2.038,4906778.57
M1,lookup,fd_multi,0.0000,0.1000,100000,40000,sequential,1,2,1.898,5267801.88
M1,lookup,fd_multi,0.0000,0.1000,100000,50000,sequential,1,2,2.078,4811502.18
M1,lookup,fd_multi,0.0000,0.1000,100000,60000,sequential,1,2,2.117,4723031.96
M1,lookup,fd_multi,0.0000,0.1000,100000,70000,sequential,1,2,2.017,4956700.74
M1,lookup,fd_multi,0.0000,0.1000,100000,80000,sequential,1,2,2.166,4616393.83
M1,lookup,fd_multi,0.0000,0.1000,100000,90000,sequential,1,2,2.147,4657254.05
M1,lookup,fd_multi,0.0000,0.1000,100000,100000,sequential,1,2,2.342,4269322.53
M1,lookup,fd_multi,0.0000,0.1000,100000,10000,sequential,16,0,1.657,6033306.26
M1,lookup,fd_multi,0.0000,0.1000,100000,20000,sequential,16,0,1.368,7310529.36
M1,lookup,fd_multi,0.0000,0.1000,100000,30000,sequential,16,0,1.396,7162877.39
M1,lookup,fd_multi,0.0000,0.1000,100000,40000,sequential,16,0,1.355,7377607.34
M1,lookup,fd_multi,0.0000,0.1000,100000,50000,sequential,16,0,1.362,7339600.37
M1,lookup,fd_multi,0.0000,0.1000,100000,60000,sequential,16,0,1.244,8041254.85
M1,lookup,fd_multi,0.0000,0.1000,100000,70000,sequential,16,0,1.316,7597802.72
M1,lookup,fd_multi,0.0000,0.1000,100000,80000,sequential,16,0,1.278,7822057.58
M1,lookup,fd_multi,0.0000,0.1000,100000,90000,sequential,16,0,1.361,7349131.52
M1,lookup,fd_multi,0.0000,0.1000,100000,100000,sequential,16,0,1.320,7572940.67
M1,lookup,fd_multi,0.0000,0.1000,100000,10000,sequential,16,1,1.686,5930325.79
M1,lookup,fd_multi,0.0000,0.1000,100000,20000,sequential,16,1,1.444,6923313.91
M1,lookup,fd_multi,0.0000,0.1000,100000,30000,sequential,16,1,1.424,7021303.34
M1,lookup,fd_multi,0.0000,0.1000,100000,40000,sequential,16,1,1.332,7505546.60
M1,lookup,fd_multi,0.0000,0.1000,100000,50000,sequential,16,1,1.294,7728375.43
M1,lookup,fd_multi,0.0000,0.1000,100000,60000,sequential,16,1,1.324,7555569.32
M1,lookup,fd_multi,0.0000,0.1000,100000,70000,sequential,16,1,1.281,7805194.83
M1,lookup,fd_multi,0.0000,0.1000,100000,80000,sequential,16,1,1.328,7531907.04
M1,lookup,fd_multi,0.0000,0.1000,100000,90000,sequential,16,1,1.252,7988847.57
M1,lookup,fd_multi,0.0000,0.1000,100000,100000,sequential,16,1,1.217,8218831.32
M1,lookup,fd_multi,0.0000,0.1000,100000,10000,sequential,16,2,1.360,7350768.38
M1,lookup,fd_multi,0.0000,0.1000,100000,20000,sequential,16,2,1.297,7707479.57
M1,lookup,fd_multi,0.0000,0.1000,100000,30000,sequential,16,2,1.258,7946560.97
M1,lookup,fd_multi,0.0000,0.1000,100000,40000,sequential,16,2,1.290,7754300.34
M1,lookup,fd_multi,0.0000,0.1000,100000,50000,sequential,16,2,1.247,8018641.74
M1,lookup,fd_multi,0.0000,0.1000,100000,60000,sequential,16,2,1.298,7701952.91
M1,lookup,fd_multi,0.0000,0.1000,100000,70000,sequential,16,2,1.266,7900554.14
M1,lookup,fd_multi,0.0000,0.1000,100000,80000,sequential,16,2,1.221,8192504.19
M1,lookup,fd_multi,0.0000,0.1000,100000,90000,sequential,16,2,1.271,7867189.26
M1,lookup,fd_multi,0.0000,0.1000,100000,100000,sequential,16,2,1.297,7710355.86
M1,delete,fd_multi,0.0000,0.1000,100000,10000,sequential,1,0,2.741,3648555.12
M1,delete,fd_multi,0.0000,0.1000,100000,20000,sequential,1,0,5.622,1778598.94
M1,delete,fd_multi,0.0000,0.1000,100000,30000,sequential,1,0,5.088,1965432.75
M1,delete,fd_multi,0.0000,0.1000,100000,40000,sequential,1,0,5.446,1836102.18
M1,delete,fd_multi,0.0000,0.1000,100000,50000,sequential,1,0,5.465,1829933.99
M1,delete,fd_multi,0.0000,0.1000,100000,60000,sequential,1,0,6.129,1631506.88
M1,delete,fd_multi,0.0000,0.1000,100000,70000,sequential,1,0,5.583,1791018.26
M1,delete,fd_multi,0.0000,0.1000,100000,80000,sequential,1,0,5.650,1769790.28
M1,delete,fd_multi,0.0000,0.1000,100000,90000,sequential,1,0,5.520,1811538.08
M1,delete,fd_multi,0.0000,0.1000,100000,100000,sequential,1,0,5.192,1926205.90
M1,delete,fd_multi,0.0000,0.1000,100000,10000,sequential,1,1,3.319,3012924.85
M1,delete,fd_multi,0.0000,0.1000,100000,20000,sequential,1,1,5.548,1802435.41
M1,delete,fd_multi,0.0000,0.1000,100000,30000,sequential,1,1,5.569,1795688.05
M1,delete,fd_multi,0.0000,0.1000,100000,40000,sequential,1,1,5.850,1709308.79
M1,delete,fd_multi,0.0000,0.1000,100000,50000,sequential,1,1,5.295,1888615.14
M1,delete,fd_multi,0.0000,0.1000,100000,60000,sequential,1,1,5.388,1855933.19
M1,delete,fd_multi,0.0000,0.1000,100000,70000,sequential,1,1,5.628,1776719.01
M1,delete,fd_multi,0.0000,0.1000,100000,80000,sequential,1,1,6.199,1613194.12
M1,delete,fd_multi,0.0000,0.1000,100000,90000,sequential,1,1,5.631,1776012.82
M1,delete,fd_multi,0.0000,0.1000,100000,100000,sequential,1,1,5.905,1693564.71
M1,delete,fd_multi,0.0000,0.1000,100000,10000,sequential,1,2,3.348,2986576.83
M1,delete,fd_multi,0.0000,0.1000,100000,20000,sequential,1,2,5.287,1891419.65
M1,delete,fd_multi,0.0000,0.1000,100000,30000,sequential,1,2,5.437,1839218.13
M1,delete,fd_multi,0.0000,0.1000,100000,40000,sequential,1,2,4.873,2051991.72
M1,delete,fd_multi,0.0000,0.1000,100000,50000,sequential,1,2,5.355,1867532.55
M1,delete,fd_multi,0.0000,0.1000,100000,60000,sequential,1,2,6.122,1633378.95
M1,delete,fd_multi,0.0000,0.1000,100000,70000,sequential,1,2,5.481,1824592.44
M1,delete,fd_multi,0.0000,0.1000,100000,80000,sequential,1,2,5.669,1764106.81
M1,delete,fd_multi,0.0000,0.1000,100000,90000,sequential,1,2,5.290,1890361.67
M1,delete,fd_multi,0.0000,0.1000,100000,100000,sequential,1,2,5.787,1728121.85
M1,delete,fd_multi,0.0000,0.1000,100000,10000,sequential,16,0,3.276,3052843.19
M1,delete,fd_multi,0.0000,0.1000,100000,20000,sequential,16,0,6.241,1602365.86
M1,delete,fd_multi,0.0000,0.1000,100000,30000,sequential,16,0,5.915,1690510.19
M1,delete,fd_multi,0.0000,0.1000,100000,40000,sequential,16,0,5.814,1720096.59
M1,delete,fd_multi,0.0000,0.1000,100000,50000,sequential,16,0,5.852,1708681.43
M1,delete,fd_multi,0.0000,0.1000,100000,60000,sequential,16,0,5.853,1708448.77
M1,delete,fd_multi,0.0000,0.1000,100000,70000,sequential,16,0,5.919,1689534.52
M1,delete,fd_multi,0.0000,0.1000,100000,80000,sequential,16,0,6.019,1661389.26
M1,delete,fd_multi,0.0000,0.1000,100000,90000,sequential,16,0,6.057,1651077.20
M1,delete,fd_multi,0.0000,0.1000,100000,100000,sequential,16,0,5.862,1705846.55
M1,delete,fd_multi,0.0000,0.1000,100000,10000,sequential,16,1,3.094,3231792.57
M1,delete,fd_multi,0.0000,0.1000,100000,20000,sequential,16,1,5.742,1741687.23
M1,delete,fd_multi,0.0000,0.1000,100000,30000,sequential,16,1,5.777,1730942.33
M1,delete,fd_multi,0.0000,0.1000,100000,40000,sequential,16,1,5.772,1732546.16
M1,delete,fd_multi,0.0000,0.1000,100000,50000,sequential,16,1,5.781,1729857.20
M1,delete,fd_multi,0.0000,0.1000,100000,60000,sequential,16,1,5.977,1673184.56
M1,delete,fd_multi,0.0000,0.1000,100000,70000,sequential,16,1,5.956,1678970.72
M1,delete,fd_multi,0.0000,0.1000,100000,80000,sequential,16,1,5.988,1669999.71
M1,delete,fd_multi,0.0000,0.1000,100000,90000,sequential,16,1,6.171,1620412.27
M1,delete,fd_multi,0.0000,0.1000,100000,100000,sequential,16,1,5.923,1688201.65
M1,delete,fd_multi,0.0000,0.1000,100000,10000,sequential,16,2,3.060,3268363.71
M1,delete,fd_multi,0.0000,0.1000,100000,20000,sequential,16,2,5.756,1737193.84
M1,delete,fd_multi,0.0000,0.1000,100000,30000,sequential,16,2,5.944,1682426.23
M1,delete,fd_multi,0.0000,0.1000,100000,40000,sequential,16,2,5.871,1703284.44
M1,delete,fd_multi,0.0000,0.1000,100000,50000,sequential,16,2,5.769,1733524.97
M1,delete,fd_multi,0.0000,0.1000,100000,60000,sequential,16,2,5.891,1697532.33
M1,delete,fd_multi,0.0000,0.1000,100000,70000,sequential,16,2,5.872,1703132.15
M1,delete,fd_multi,0.0000,0.1000,100000,80000,sequential,16,2,6.001,1666276.20
M1,delete,fd_multi,0.0000,0.1000,100000,90000,sequential,16,2,6.101,1639109.41
M1,delete,fd_multi,0.0000,0.1000,100000,100000,sequential,16,2,5.862,1705771.77
M1,insert,od_single,0.0000,0.1000,100000,10000,sequential,1,0,20.909,478271.11
M1,insert,od_single,0.0000,0.1000,100000,20000,sequential,1,0,23.545,424720.41
M1,insert,od_single,0.0000,0.1000,100000,30000,sequential,1,0,23.964,417289.58
M1,insert,od_single,0.0000,0.1000,100000,40000,sequential,1,0,24.834,402667.98
M1,insert,od_single,0.0000,0.1000,100000,50000,sequential,1,0,25.036,399428.82
M1,insert,od_single,0.0000,0.1000,100000,60000,sequential,1,0,24.243,412497.47
M1,insert,od_single,0.0000,0.1000,100000,70000,sequential,1,0,25.104,398346.54
M1,insert,od_single,0.0000,0.1000,100000,80000,sequential,1,0,24.844,402515.22
M1,insert,od_single,0.0000,0.1000,100000,90000,sequential,1,0,25.534,391630.16
M1,insert,od_single,0.0000,0.1000,100000,100000,sequential,1,0,24.494,408271.43
M1,insert,od_single,0.0000,0.1000,100000,10000,sequential,1,1,19.443,514318.68
M1,insert,od_single,0.0000,0.1000,100000,20000,sequential,1,1,20.589,485698.89
M1,insert,od_single,0.0000,0.1000,100000,30000,sequential,1,1,21.853,457606.74
M1,insert,od_single,0.0000,0.1000,100000,40000,sequential,1,1,22.186,450728.36
M1,insert,od_single,0.0000,0.1000,100000,50000,sequential,1,1,21.604,462884.42
M1,insert,od_single,0.0000,0.1000,100000,60000,sequential,1,1,22.608,442323.55
M1,insert,od_single,0.0000,0.1000,100000,70000,sequential,1,1,22.419,446059.52
M1,insert,od_single,0.0000,0.1000,100000,80000,sequential,1,1,22.281,448807.55
M1,insert,od_single,0.0000,0.1000,100000,90000,sequential,1,1,22.999,434802.06
M1,insert,od_single,0.0000,0.1000,100000,100000,sequential,1,1,23.134,432271.36
M1,insert,od_single,0.0000,0.1000,100000,10000,sequential,1,2,18.263,547540.21
M1,insert,od_single,0.0000,0.1000,100000,20000,sequential,1,2,20.475,488394.17
M1,insert,od_single,0.0000,0.1000,100000,30000,sequential,1,2,20.937,477633.52
M1,insert,od_single,0.0000,0.1000,100000,40000,sequential,1,2,21.252,470534.27
M1,insert,od_single,0.0000,0.1000,100000,50000,sequential,1,2,21.673,461412.23
M1,insert,od_single,0.0000,0.1000,100000,60000,sequential,1,2,21.793,458855.82
M1,insert,od_single,0.0000,0.1000,100000,70000,sequential,1,2,21.503,465052.02
M1,insert,od_single,0.0000,0.1000,100000,80000,sequential,1,2,21.977,455023.25
M1,insert,od_single,0.0000,0.1000,100000,90000,sequential,1,2,22.879,437076.71
M1,insert,od_single,0.0000,0.1000,100000,100000,sequential,1,2,23.079,433299.20
M1,insert,od_single,0.0000,0.1000,100000,10000,sequential,16,0,8.458,1182256.55
M1,insert,od_single,0.0000,0.1000,100000,20000,sequential,16,0,9.160,1091648.47
M1,insert,od_single,0.0000,0.1000,100000,30000,sequential,16,0,9.009,1109982.51
M1,insert,od_single,0.0000,0.1000,100000,40000,sequential,16,0,9.072,1102322.05
M1,insert,od_single,0.0000,0.1000,100000,50000,sequential,16,0,8.621,1159958.11
M1,insert,od_single,0.0000,0.1000,100000,60000,sequential,16,0,9.168,1090743.77
M1,insert,od_single,0.0000,0.1000,100000,70000,sequential,16,0,8.867,1127795.85
M1,insert,od_single,0.0000,0.1000,100000,80000,sequential,16,0,9.128,1095497.35
M1,insert,od_single,0.0000,0.1000,100000,90000,sequential,16,0,8.611,1161331.88
M1,insert,od_single,0.0000,0.1000,100000,100000,sequential,16,0,9.085,1100698.62
M1,insert,od_single,0.0000,0.1000,100000,10000,sequential,16,1,7.808,1280758.86
M1,insert,od_single,0.0000,0.1000,100000,20000,sequential,16,1,7.915,1263487.57
M1,insert,od_single,0.0000,0.1000,100000,30000,sequential,16,1,8.071,1238927.70
M1,insert,od_single,0.0000,0.1000,100000,40000,sequential,16,1,7.953,1257386.36
M1,insert,od_single,0.0000,0.1000,100000,50000,sequential,16,1,7.999,1250226.13
M1,insert,od_single,0.0000,0.1000,100000,60000,sequential,16,1,7.943,1259028.02
M1,insert,od_single,0.0000,0.1000,100000,70000,sequential,16,1,7.824,1278082.83
M1,insert,od_single,0.0000,0.1000,100000,80000,sequential,16,1,7.867,1271143.40
M1,insert,od_single,0.0000,0.1000,100000,90000,sequential,16,1,7.871,1270532.76
M1,insert,od_single,0.0000,0.1000,100000,100000,sequential,16,1,8.193,1220533.72
M1,insert,od_single,0.0000,0.1000,100000,10000,sequential,16,2,7.706,1297738.61
M1,insert,od_single,0.0000,0.1000,100000,20000,sequential,16,2,7.788,1283998.52
M1,insert,od_single,0.0000,0.1000,100000,30000,sequential,16,2,7.386,1353938.29
M1,insert,od_single,0.0000,0.1000,100000,40000,sequential,16,2,7.764,1287937.32
M1,insert,od_single,0.0000,0.1000,100000,50000,sequential,16,2,7.757,1289192.75
M1,insert,od_single,0.0000,0.1000,100000,60000,sequential,16,2,7.454,1341545.92
M1,insert,od_single,0.0000,0.1000,100000,70000,sequential,16,2,7.804,1281447.69
M1,insert,od_single,0.0000,0.1000,100000,80000,sequential,16,2,7.750,1290385.19
M1,insert,od_single,0.0000,0.1000,100000,90000,sequential,16,2,7.753,1289752.59
M1,insert,od_single,0.0000,0.1000,100000,100000,sequential,16,2,8.291,1206195.50
M1,lookup,od_single,0.0000,0.1000,100000,10000,sequential,1,0,2.559,3907988.75
M1,lookup,od_single,0.0000,0.1000,100000,20000,sequential,1,0,2.340,4272646.09
M1,lookup,od_single,0.0000,0.1000,100000,30000,sequential,1,0,2.569,3892436.41
M1,lookup,od_single,0.0000,0.1000,100000,40000,sequential,1,0,2.254,4436657.62
M1,lookup,od_single,0.0000,0.1000,100000,50000,sequential,1,0,2.495,4008253.80
M1,lookup,od_single,0.0000,0.1000,100000,60000,sequential,1,0,2.386,4191958.15
M1,lookup,od_single,0.0000,0.1000,100000,70000,sequential,1,0,2.537,3941806.32
M1,lookup,od_single,0.0000,0.1000,100000,80000,sequential,1,0,2.438,4101599.91
M1,lookup,od_single,0.0000,0.1000,100000,90000,sequential,1,0,2.319,4311902.32
M1,lookup,od_single,0.0000,0.1000,100000,100000,sequential,1,0,2.984,3350693.28
M1,lookup,od_single,0.0000,0.1000,100000,10000,sequential,1,1,2.386,4190839.08
M1,lookup,od_single,0.0000,0.1000,100000,20000,sequential,1,1,2.253,4439074.15
M1,lookup,od_single,0.0000,0.1000,100000,30000,sequential,1,1,2.275,4396116.47
M1,lookup,od_single,0.0000,0.1000,100000,40000,sequential,1,1,2.281,4383288.80
M1,lookup,od_single,0.0000,0.1000,100000,50000,sequential,1,1,2.311,4326809.08
M1,lookup,od_single,0.0000,0.1000,100000,60000,sequential,1,1,3.061,3267141.06
M1,lookup,od_single,0.0000,0.1000,100000,70000,sequential,1,1,3.054,3273985.79
M1,lookup,od_single,0.0000,0.1000,100000,80000,sequential,1,1,2.374,4212259.11
M1,lookup,od_single,0.0000,0.1000,100000,90000,sequential,1,1,2.324,4302046.70
M1,lookup,od_single,0.0000,0.1000,100000,100000,sequential,1,1,2.729,3664121.69
M1,lookup,od_single,0.0000,0.1000,100000,10000,sequential,1,2,2.455,4073102.41
M1,lookup,od_single,0.0000,0.1000,100000,20000,sequential,1,2,2.294,4358494.92
M1,lookup,od_single,0.0000,0.1000,100000,30000,sequential,1,2,2.268,4409670.76
M1,lookup,od_single,0.0000,0.1000,100000,40000,sequential,1,2,2.318,4313628.39
M1,lookup,od_single,0.0000,0.1000,100000,50000,sequential,1,2,2.368,4222274.02
M1,lookup,od_single,0.0000,0.1000,100000,60000,sequential,1,2,2.411,4148282.86
M1,lookup,od_single,0.0000,0.1000,100000,70000,sequential,1,2,2.260,4425593.38
M1,lookup,od_single,0.0000,0.1000,100000,80000,sequential,1,2,2.526,3958726.32
M1,lookup,od_single,0.0000,0.1000,100000,90000,sequential,1,2,2.266,4413652.84
M1,lookup,od_single,0.0000,0.1000,100000,100000,sequential,1,2,2.694,3711751.33
M1,lookup,od_single,0.0000,0.1000,100000,10000,sequential,16,0,1.607,6224669.49
M1,lookup,od_single,0.0000,0.1000,100000,20000,sequential,16,0,1.468,6811724.61
M1,lookup,od_single,0.0000,0.1000,100000,30000,sequential,16,0,1.359,7357063.30
M1,lookup,od_single,0.0000,0.1000,100000,40000,sequential,16,0,1.374,7280054.98
M1,lookup,od_single,0.0000,0.1000,100000,50000,sequential,16,0,1.361,7345212.50
M1,lookup,od_single,0.0000,0.1000,100000,60000,sequential,16,0,1.290,7750922.55
M1,lookup,od_single,0.0000,0.1000,100000,70000,sequential,16,0,1.387,7208313.78
M1,lookup,od_single,0.0000,0.1000,100000,80000,sequential,16,0,1.396,7162728.60
M1,lookup,od_single,0.0000,0.1000,100000,90000,sequential,16,0,1.343,7445789.07
M1,lookup,od_single,0.0000,0.1000,100000,100000,sequential,16,0,1.346,7430817.23
M1,lookup,od_single,0.0000,0.1000,100000,10000,sequential,16,1,1.842,5430051.97
M1,lookup,od_single,0.0000,0.1000,100000,20000,sequential,16,1,1.501,6662473.75
M1,lookup,od_single,0.0000,0.1000,100000,30000,sequential,16,1,1.393,7181111.95
M1,lookup,od_single,0.0000,0.1000,100000,40000,sequential,16,1,1.412,7081225.19
M1,lookup,od_single,0.0000,0.1000,100000,50000,sequential,16,1,1.337,7477161.01
M1,lookup,od_single,0.0000,0.1000,100000,60000,sequential,16,1,1.329,7526884.15
M1,lookup,od_single,0.0000,0.1000,100000,70000,sequential,16,1,1.311,7625124.48
M1,lookup,od_single,0.0000,0.1000,100000,80000,sequential,16,1,1.318,7589188.14
M1,lookup,od_single,0.0000,0.1000,100000,90000,sequential,16,1,1.290,7751703.63
M1,lookup,od_single,0.0000,0.1000,100000,100000,sequential,16,1,1.368,7308547.13
M1,lookup,od_single,0.0000,0.1000,100000,10000,sequential,16,2,1.480,6756441.76
M1,lookup,od_single,0.0000,0.1000,100000,20000,sequential,16,2,1.361,7350114.63
M1,lookup,od_single,0.0000,0.1000,100000,30000,sequential,16,2,1.332,7510196.97
M1,lookup,od_single,0.0000,0.1000,100000,40000,sequential,16,2,1.212,8251621.65
M1,lookup,od_single,0.0000,0.1000,100000,50000,sequential,16,2,1.390,7195518.06
M1,lookup,od_single,0.0000,0.1000,100000,60000,sequential,16,2,1.249,8006975.68
M1,lookup,od_single,0.0000,0.1000,100000,70000,sequential,16,2,1.264,7908351.69
M1,lookup,od_single,0.0000,0.1000,100000,80000,sequential,16,2,1.402,7134871.18
M1,lookup,od_single,0.0000,0.1000,100000,90000,sequential,16,2,1.395,7170669.10
M1,lookup,od_single,0.0000,0.1000,100000,100000,sequential,16,2,1.366,7319979.74
M1,delete,od_single,0.0000,0.1000,100000,10000,sequential,1,0,12.439,803923.53
M1,delete,od_single,0.0000,0.1000,100000,20000,sequential,1,0,11.905,839958.72
M1,delete,od_single,0.0000,0.1000,100000,30000,sequential,1,0,12.219,818374.47
M1,delete,od_single,0.0000,0.1000,100000,40000,sequential,1,0,10.793,926536.50
M1,delete,od_single,0.0000,0.1000,100000,50000,sequential,1,0,11.795,847820.32
M1,delete,od_single,0.0000,0.1000,100000,60000,sequential,1,0,11.593,862623.20
M1,delete,od_single,0.0000,0.1000,100000,70000,sequential,1,0,12.013,832453.08
M1,delete,od_single,0.0000,0.1000,100000,80000,sequential,1,0,11.456,872912.27
M1,delete,od_single,0.0000,0.1000,100000,90000,sequential,1,0,12.307,812551.38
M1,delete,od_single,0.0000,0.1000,100000,100000,sequential,1,0,12.401,806367.59
M1,delete,od_single,0.0000,0.1000,100000,10000,sequential,1,1,12.459,802644.42
M1,delete,od_single,0.0000,0.1000,100000,20000,sequential,1,1,11.687,855651.43
M1,delete,od_single,0.0000,0.1000,100000,30000,sequential,1,1,10.844,922133.06
M1,delete,od_single,0.0000,0.1000,100000,40000,sequential,1,1,10.798,926086.62
M1,delete,od_single,0.0000,0.1000,100000,50000,sequential,1,1,11.697,854907.93
M1,delete,od_single,0.0000,0.1000,100000,60000,sequential,1,1,11.696,854976.05
M1,delete,od_single,0.0000,0.1000,100000,70000,sequential,1,1,11.629,859888.33
M1,delete,od_single,0.0000,0.1000,100000,80000,sequential,1,1,10.823,923993.41
M1,delete,od_single,0.0000,0.1000,100000,90000,sequential,1,1,11.823,845810.02
M1,delete,od_single,0.0000,0.1000,100000,100000,sequential,1,1,12.439,803892.64
M1,delete,od_single,0.0000,0.1000,100000,10000,sequential,1,2,12.366,808682.27
M1,delete,od_single,0.0000,0.1000,100000,20000,sequential,1,2,11.885,841395.59
M1,delete,od_single,0.0000,0.1000,100000,30000,sequential,1,2,10.841,922402.86
M1,delete,od_single,0.0000,0.1000,100000,40000,sequential,1,2,12.072,828391.84
M1,delete,od_single,0.0000,0.1000,100000,50000,sequential,1,2,11.545,866176.81
M1,delete,od_single,0.0000,0.1000,100000,60000,sequential,1,2,10.892,918069.12
M1,delete,od_single,0.0000,0.1000,100000,70000,sequential,1,2,11.721,853189.76
M1,delete,od_single,0.0000,0.1000,100000,80000,sequential,1,2,11.668,857041.97
M1,delete,od_single,0.0000,0.1000,100000,90000,sequential,1,2,12.256,815941.34
M1,delete,od_single,0.0000,0.1000,100000,100000,sequential,1,2,13.213,756828.16
M1,delete,od_single,0.0000,0.1000,100000,10000,sequential,16,0,12.681,788569.40
M1,delete,od_single,0.0000,0.1000,100000,20000,sequential,16,0,12.437,804060.89
M1,delete,od_single,0.0000,0.1000,100000,30000,sequential,16,0,12.356,809325.96
M1,delete,od_single,0.0000,0.1000,100000,40000,sequential,16,0,12.365,808706.14
M1,delete,od_single,0.0000,0.1000,100000,50000,sequential,16,0,12.476,801544.16
M1,delete,od_single,0.0000,0.1000,100000,60000,sequential,16,0,12.539,797487.34
M1,delete,od_single,0.0000,0.1000,100000,70000,sequential,16,0,12.607,793232.71
M1,delete,od_single,0.0000,0.1000,100000,80000,sequential,16,0,12.417,805372.61
M1,delete,od_single,0.0000,0.1000,100000,90000,sequential,16,0,12.586,794545.16
M1,delete,od_single,0.0000,0.1000,100000,100000,sequential,16,0,13.182,758595.44
M1,delete,od_single,0.0000,0.1000,100000,10000,sequential,16,1,12.605,793350.39
M1,delete,od_single,0.0000,0.1000,100000,20000,sequential,16,1,12.251,816292.61
M1,delete,od_single,0.0000,0.1000,100000,30000,sequential,16,1,12.365,808756.18
M1,delete,od_single,0.0000,0.1000,100000,40000,sequential,16,1,12.343,810171.02
M1,delete,od_single,0.0000,0.1000,100000,50000,sequential,16,1,12.670,789267.73
M1,delete,od_single,0.0000,0.1000,100000,60000,sequential,16,1,12.318,811826.03
M1,delete,od_single,0.0000,0.1000,100000,70000,sequential,16,1,12.527,798280.76
M1,delete,od_single,0.0000,0.1000,100000,80000,sequential,16,1,12.442,803743.64
M1,delete,od_single,0.0000,0.1000,100000,90000,sequential,16,1,12.536,797726.35
M1,delete,od_single,0.0000,0.1000,100000,100000,sequential,16,1,12.819,780076.84
M1,delete,od_single,0.0000,0.1000,100000,10000,sequential,16,2,12.665,789583.56
M1,delete,od_single,0.0000,0.1000,100000,20000,sequential,16,2,12.330,811008.43
M1,delete,od_single,0.0000,0.1000,100000,30000,sequential,16,2,12.421,805118.36
M1,delete,od_single,0.0000,0.1000,100000,40000,sequential,16,2,12.386,807394.44
M1,delete,od_single,0.0000,0.1000,100000,50000,sequential,16,2,12.413,805614.23
M1,delete,od_single,0.0000,0.1000,100000,60000,sequential,16,2,12.513,799149.07
M1,delete,od_single,0.0000,0.1000,100000,70000,sequential,16,2,12.468,802030.10
M1,delete,od_single,0.0000,0.1000,100000,80000,sequential,16,2,12.542,797293.41
M1,delete,od_single,0.0000,0.1000,100000,90000,sequential,16,2,12.563,796002.29
M1,delete,od_single,0.0000,0.1000,100000,100000,sequential,16,2,12.944,772577.69
M1,insert,od_multi,0.0000,0.1000,100000,10000,sequential,1,0,18.415,543032.62
M1,insert,od_multi,0.0000,0.1000,100000,20000,sequential,1,0,21.160,472579.16
M1,insert,od_multi,0.0000,0.1000,100000,30000,sequential,1,0,21.826,458170.18
M1,insert,od_multi,0.0000,0.1000,100000,40000,sequential,1,0,21.571,463575.57
M1,insert,od_multi,0.0000,0.1000,100000,50000,sequential,1,0,21.951,455558.68
M1,insert,od_multi,0.0000,0.1000,100000,60000,sequential,1,0,22.290,448638.09
M1,insert,od_multi,0.0000,0.1000,100000,70000,sequential,1,0,19.945,501387.51
M1,insert,od_multi,0.0000,0.1000,100000,80000,sequential,1,0,20.023,499424.54
M1,insert,od_multi,0.0000,0.1000,100000,90000,sequential,1,0,24.042,415934.93
M1,insert,od_multi,0.0000,0.1000,100000,100000,sequential,1,0,23.420,426977.88
M1,insert,od_multi,0.0000,0.1000,100000,10000,sequential,1,1,18.961,527386.19
M1,insert,od_multi,0.0000,0.1000,100000,20000,sequential,1,1,21.043,475211.22
M1,insert,od_multi,0.0000,0.1000,100000,30000,sequential,1,1,21.368,467986.52
M1,insert,od_multi,0.0000,0.1000,100000,40000,sequential,1,1,21.484,465455.67
M1,insert,od_multi,0.0000,0.1000,100000,50000,sequential,1,1,21.883,456968.93
M1,insert,od_multi,0.0000,0.1000,100000,60000,sequential,1,1,21.888,456863.16
M1,insert,od_multi,0.0000,0.1000,100000,70000,sequential,1,1,21.465,465870.64
M1,insert,od_multi,0.0000,0.1000,100000,80000,sequential,1,1,21.122,473430.02
M1,insert,od_multi,0.0000,0.1000,100000,90000,sequential,1,1,22.165,451152.99
M1,insert,od_multi,0.0000,0.1000,100000,100000,sequential,1,1,22.371,447010.08
M1,insert,od_multi,0.0000,0.1000,100000,10000,sequential,1,2,18.441,542281.59
M1,insert,od_multi,0.0000,0.1000,100000,20000,sequential,1,2,20.562,486326.37
M1,insert,od_multi,0.0000,0.1000,100000,30000,sequential,1,2,20.480,488281.51
M1,insert,od_multi,0.0000,0.1000,100000,40000,sequential,1,2,20.050,498745.80
M1,insert,od_multi,0.0000,0.1000,100000,50000,sequential,1,2,21.395,467390.69
M1,insert,od_multi,0.0000,0.1000,100000,60000,sequential,1,2,22.435,445725.42
M1,insert,od_multi,0.0000,0.1000,100000,70000,sequential,1,2,20.544,486754.15
M1,insert,od_multi,0.0000,0.1000,100000,80000,sequential,1,2,20.655,484135.72
M1,insert,od_multi,0.0000,0.1000,100000,90000,sequential,1,2,22.194,450563.23
M1,insert,od_multi,0.0000,0.1000,100000,100000,sequential,1,2,22.531,443832.17
M1,insert,od_multi,0.0000,0.1000,100000,10000,sequential,16,0,9.369,1067314.80
M1,insert,od_multi,0.0000,0.1000,100000,20000,sequential,16,0,8.938,1118779.10
M1,insert,od_multi,0.0000,0.1000,100000,30000,sequential,16,0,8.738,1144391.02
M1,insert,od_multi,0.0000,0.1000,100000,40000,sequential,16,0,9.187,1088544.38
M1,insert,od_multi,0.0000,0.1000,100000,50000,sequential,16,0,9.044,1105678.30
M1,insert,od_multi,0.0000,0.1000,100000,60000,sequential,16,0,8.824,1133254.53
M1,insert,od_multi,0.0000,0.1000,100000,70000,sequential,16,0,8.921,1120912.24
M1,insert,od_multi,0.0000,0.1000,100000,80000,sequential,16,0,8.799,1136511.25
M1,insert,od_multi,0.0000,0.1000,100000,90000,sequential,16,0,8.683,1151691.74
M1,insert,od_multi,0.0000,0.1000,100000,100000,sequential,16,0,8.906,1122886.07
M1,insert,od_multi,0.0000,0.1000,100000,10000,sequential,16,1,8.076,1238223.57
M1,insert,od_multi,0.0000,0.1000,100000,20000,sequential,16,1,7.832,1276747.70
M1,insert,od_multi,0.0000,0.1000,100000,30000,sequential,16,1,7.978,1253396.08
M1,insert,od_multi,0.0000,0.1000,100000,40000,sequential,16,1,7.446,1343050.03
M1,insert,od_multi,0.0000,0.1000,100000,50000,sequential,16,1,7.859,1272432.18
M1,insert,od_multi,0.0000,0.1000,100000,60000,sequential,16,1,7.668,1304112.52
M1,insert,od_multi,0.0000,0.1000,100000,70000,sequential,16,1,8.064,1240021.39
M1,insert,od_multi,0.0000,0.1000,100000,80000,sequential,16,1,7.666,1304384.35
M1,insert,od_multi,0.0000,0.1000,100000,90000,sequential,16,1,7.621,1312090.59
M1,insert,od_multi,0.0000,0.1000,100000,100000,sequential,16,1,8.332,1200240.86
M1,insert,od_multi,0.0000,0.1000,100000,10000,sequential,16,2,7.469,1338867.14
M1,insert,od_multi,0.0000,0.1000,100000,20000,sequential,16,2,7.487,1335617.77
M1,insert,od_multi,0.0000,0.1000,100000,30000,sequential,16,2,7.784,1284734.90
M1,insert,od_multi,0.0000,0.1000,100000,40000,sequential,16,2,8.045,1243026.31
M1,insert,od_multi,0.0000,0.1000,100000,50000,sequential,16,2,7.391,1353001.65
M1,insert,od_multi,0.0000,0.1000,100000,60000,sequential,16,2,8.180,1222438.00
M1,insert,od_multi,0.0000,0.1000,100000,70000,sequential,16,2,7.572,1320695.51
M1,insert,od_multi,0.0000,0.1000,100000,80000,sequential,16,2,7.797,1282607.90
M1,insert,od_multi,0.0000,0.1000,100000,90000,sequential,16,2,7.626,1311260.28
M1,insert,od_multi,0.0000,0.1000,100000,100000,sequential,16,2,8.071,1239076.61
M1,lookup,od_multi,0.0000,0.1000,100000,10000,sequential,1,0,2.059,4857238.48
M1,lookup,od_multi,0.0000,0.1000,100000,20000,sequential,1,0,2.407,4154773.63
M1,lookup,od_multi,0.0000,0.1000,100000,30000,sequential,1,0,2.191,4563305.37
M1,lookup,od_multi,0.0000,0.1000,100000,40000,sequential,1,0,2.900,3448148.64
M1,lookup,od_multi,0.0000,0.1000,100000,50000,sequential,1,0,2.176,4595991.65
M1,lookup,od_multi,0.0000,0.1000,100000,60000,sequential,1,0,2.404,4159539.99
M1,lookup,od_multi,0.0000,0.1000,100000,70000,sequential,1,0,2.319,4311589.99
M1,lookup,od_multi,0.0000,0.1000,100000,80000,sequential,1,0,2.284,4377852.44
M1,lookup,od_multi,0.0000,0.1000,100000,90000,sequential,1,0,2.285,4376269.94
M1,lookup,od_multi,0.0000,0.1000,100000,100000,sequential,1,0,3.225,3100475.24
M1,lookup,od_multi,0.0000,0.1000,100000,10000,sequential,1,1,2.374,4212887.31
M1,lookup,od_multi,0.0000,0.1000,100000,20000,sequential,1,1,2.184,4579656.25
M1,lookup,od_multi,0.0000,0.1000,100000,30000,sequential,1,1,2.291,4364148.00
M1,lookup,od_multi,0.0000,0.1000,100000,40000,sequential,1,1,2.231,4482937.94
M1,lookup,od_multi,0.0000,0.1000,100000,50000,sequential,1,1,2.267,4411464.34
M1,lookup,od_multi,0.0000,0.1000,100000,60000,sequential,1,1,2.505,3991703.64
M1,lookup,od_multi,0.0000,0.1000,100000,70000,sequential,1,1,2.221,4503092.72
M1,lookup,od_multi,0.0000,0.1000,100000,80000,sequential,1,1,2.241,4463219.72
M1,lookup,od_multi,0.0000,0.1000,100000,90000,sequential,1,1,2.164,4621808.93
M1,lookup,od_multi,0.0000,0.1000,100000,100000,sequential,1,1,2.576,3881889.63
M1,lookup,od_multi,0.0000,0.1000,100000,10000,sequential,1,2,2.402,4162881.91
M1,lookup,od_multi,0.0000,0.1000,100000,20000,sequential,1,2,2.292,4362092.02
M1,lookup,od_multi,0.0000,0.1000,100000,30000,sequential,1,2,2.316,4318268.48
M1,lookup,od_multi,0.0000,0.1000,100000,40000,sequential,1,2,2.346,4261695.37
M1,lookup,od_multi,0.0000,0.1000,100000,50000,sequential,1,2,2.334,4285336.56
M1,lookup,od_multi,0.0000,0.1000,100000,60000,sequential,1,2,2.337,4279810.59
M1,lookup,od_multi,0.0000,0.1000,100000,70000,sequential,1,2,2.347,4260831.03
M1,lookup,od_multi,0.0000,0.1000,100000,80000,sequential,1,2,2.249,4447292.69
M1,lookup,od_multi,0.0000,0.1000,100000,90000,sequential,1,2,2.176,4595189.11
M1,lookup,od_multi,0.0000,0.1000,100000,100000,sequential,1,2,2.500,4000286.42
M1,lookup,od_multi,0.0000,0.1000,100000,10000,sequential,16,0,1.738,5754259.73
M1,lookup,od_multi,0.0000,0.1000,100000,20000,sequential,16,0,1.334,7495229.29
M1,lookup,od_multi,0.0000,0.1000,100000,30000,sequential,16,0,1.445,6920329.02
M1,lookup,od_multi,0.0000,0.1000,100000,40000,sequential,16,0,1.448,6907904.51
M1,lookup,od_multi,0.0000,0.1000,100000,50000,sequential,16,0,1.406,7111384.19
M1,lookup,od_multi,0.0000,0.1000,100000,60000,sequential,16,0,1.383,7230710.27
M1,lookup,od_multi,0.0000,0.1000,100000,70000,sequential,16,0,1.279,7819867.78
M1,lookup,od_multi,0.0000,0.1000,100000,80000,sequential,16,0,1.333,7501132.67
M1,lookup,od_multi,0.0000,0.1000,100000,90000,sequential,16,0,1.304,7667906.06
M1,lookup,od_multi,0.0000,0.1000,100000,100000,sequential,16,0,1.253,7978591.84
M1,lookup,od_multi,0.0000,0.1000,100000,10000,sequential,16,1,1.426,7011835.98
M1,lookup,od_multi,0.0000,0.1000,100000,20000,sequential,16,1,1.418,7053648.64
M1,lookup,od_multi,0.0000,0.1000,100000,30000,sequential,16,1,1.338,7475193.57
M1,lookup,od_multi,0.0000,0.1000,100000,40000,sequential,16,1,1.324,7551335.87
M1,lookup,od_multi,0.0000,0.1000,100000,50000,sequential,16,1,1.269,7881773.40
M1,lookup,od_multi,0.0000,0.1000,100000,60000,sequential,16,1,1.278,7825687.51
M1,lookup,od_multi,0.0000,0.1000,100000,70000,sequential,16,1,1.310,7634158.89
M1,lookup,od_multi,0.0000,0.1000,100000,80000,sequential,16,1,1.292,7742137.28
M1,lookup,od_multi,0.0000,0.1000,100000,90000,sequential,16,1,1.258,7946024.25
M1,lookup,od_multi,0.0000,0.1000,100000,100000,sequential,16,1,1.350,7405098.11
M1,lookup,od_multi,0.0000,0.1000,100000,10000,sequential,16,2,1.374,7275378.16
M1,lookup,od_multi,0.0000,0.1000,100000,20000,sequential,16,2,1.345,7435248.28
M1,lookup,od_multi,0.0000,0.1000,100000,30000,sequential,16,2,1.317,7591354.36
M1,lookup,od_multi,0.0000,0.1000,100000,40000,sequential,16,2,1.199,8341403.64
M1,lookup,od_multi,0.0000,0.1000,100000,50000,sequential,16,2,1.284,7787458.45
M1,lookup,od_multi,0.0000,0.1000,100000,60000,sequential,16,2,1.292,7738674.26
M1,lookup,od_multi,0.0000,0.1000,100000,70000,sequential,16,2,1.294,7727449.76
M1,lookup,od_multi,0.0000,0.1000,100000,80000,sequential,16,2,1.414,7071955.74
M1,lookup,od_multi,0.0000,0.1000,100000,90000,sequential,16,2,1.295,7722258.17
M1,lookup,od_multi,0.0000,0.1000,100000,100000,sequential,16,2,1.349,7414250.49
M1,delete,od_multi,0.0000,0.1000,100000,10000,sequential,1,0,11.100,900885.32
M1,delete,od_multi,0.0000,0.1000,100000,20000,sequential,1,0,11.599,862154.14
M1,delete,od_multi,0.0000,0.1000,100000,30000,sequential,1,0,11.708,854084.60
M1,delete,od_multi,0.0000,0.1000,100000,40000,sequential,1,0,11.670,856863.89
M1,delete,od_multi,0.0000,0.1000,100000,50000,sequential,1,0,11.739,851840.49
M1,delete,od_multi,0.0000,0.1000,100000,60000,sequential,1,0,11.501,869498.38
M1,delete,od_multi,0.0000,0.1000,100000,70000,sequential,1,0,11.488,870440.43
M1,delete,od_multi,0.0000,0.1000,100000,80000,sequential,1,0,10.391,962396.38
M1,delete,od_multi,0.0000,0.1000,100000,90000,sequential,1,0,11.091,901633.34
M1,delete,od_multi,0.0000,0.1000,100000,100000,sequential,1,0,12.513,799167.08
M1,delete,od_multi,0.0000,0.1000,100000,10000,sequential,1,1,11.316,883702.38
M1,delete,od_multi,0.0000,0.1000,100000,20000,sequential,1,1,11.682,855987.32
M1,delete,od_multi,0.0000,0.1000,100000,30000,sequential,1,1,10.742,930891.54
M1,delete,od_multi,0.0000,0.1000,100000,40000,sequential,1,1,10.657,938325.37
M1,delete,od_multi,0.0000,0.1000,100000,50000,sequential,1,1,12.555,796472.77
M1,delete,od_multi,0.0000,0.1000,100000,60000,sequential,1,1,10.645,939372.87
M1,delete,od_multi,0.0000,0.1000,100000,70000,sequential,1,1,10.560,946961.54
M1,delete,od_multi,0.0000,0.1000,100000,80000,sequential,1,1,10.250,975588.53
M1,delete,od_multi,0.0000,0.1000,100000,90000,sequential,1,1,11.235,890057.83
M1,delete,od_multi,0.0000,0.1000,100000,100000,sequential,1,1,12.666,789503.15
M1,delete,od_multi,0.0000,0.1000,100000,10000,sequential,1,2,11.306,884467.34
M1,delete,od_multi,0.0000,0.1000,100000,20000,sequential,1,2,11.612,861199.38
M1,delete,od_multi,0.0000,0.1000,100000,30000,sequential,1,2,10.761,929267.33
M1,delete,od_multi,0.0000,0.1000,100000,40000,sequential,1,2,10.541,948713.41
M1,delete,od_multi,0.0000,0.1000,100000,50000,sequential,1,2,11.684,855856.11
M1,delete,od_multi,0.0000,0.1000,100000,60000,sequential,1,2,11.499,869609.53
M1,delete,od_multi,0.0000,0.1000,100000,70000,sequential,1,2,10.631,940672.89
M1,delete,od_multi,0.0000,0.1000,100000,80000,sequential,1,2,11.039,905868.32
M1,delete,od_multi,0.0000,0.1000,100000,90000,sequential,1,2,10.192,981173.63
M1,delete,od_multi,0.0000,0.1000,100000,100000,sequential,1,2,11.634,859534.67
M1,delete,od_multi,0.0000,0.1000,100000,10000,sequential,16,0,12.545,797101.93
M1,delete,od_multi,0.0000,0.1000,100000,20000,sequential,16,0,12.307,812528.54
M1,delete,od_multi,0.0000,0.1000,100000,30000,sequential,16,0,12.175,821364.75
M1,delete,od_multi,0.0000,0.1000,100000,40000,sequential,16,0,12.505,799671.81
M1,delete,od_multi,0.0000,0.1000,100000,50000,sequential,16,0,12.880,776405.41
M1,delete,od_multi,0.0000,0.1000,100000,60000,sequential,16,0,12.579,794974.49
M1,delete,od_multi,0.0000,0.1000,100000,70000,sequential,16,0,12.432,804394.63
M1,delete,od_multi,0.0000,0.1000,100000,80000,sequential,16,0,12.295,813340.74
M1,delete,od_multi,0.0000,0.1000,100000,90000,sequential,16,0,12.580,794884.76
M1,delete,od_multi,0.0000,0.1000,100000,100000,sequential,16,0,12.737,785125.64
M1,delete,od_multi,0.0000,0.1000,100000,10000,sequential,16,1,12.517,798945.14
M1,delete,od_multi,0.0000,0.1000,100000,20000,sequential,16,1,12.489,800676.80
M1,delete,od_multi,0.0000,0.1000,100000,30000,sequential,16,1,12.453,803040.44
M1,delete,od_multi,0.0000,0.1000,100000,40000,sequential,16,1,12.571,795506.60
M1,delete,od_multi,0.0000,0.1000,100000,50000,sequential,16,1,12.475,801609.12
M1,delete,od_multi,0.0000,0.1000,100000,60000,sequential,16,1,12.631,791699.00
M1,delete,od_multi,0.0000,0.1000,100000,70000,sequential,16,1,12.400,806464.56
M1,delete,od_multi,0.0000,0.1000,100000,80000,sequential,16,1,12.345,810069.62
M1,delete,od_multi,0.0000,0.1000,100000,90000,sequential,16,1,12.421,805092.24
M1,delete,od_multi,0.0000,0.1000,100000,100000,sequential,16,1,12.827,779578.96
M1,delete,od_multi,0.0000,0.1000,100000,10000,sequential,16,2,12.563,795993.48
M1,delete,od_multi,0.0000,0.1000,100000,20000,sequential,16,2,12.185,820680.16
M1,delete,od_multi,0.0000,0.1000,100000,30000,sequential,16,2,12.486,800876.67
M1,delete,od_multi,0.0000,0.1000,100000,40000,sequential,16,2,12.532,797975.06
M1,delete,od_multi,0.0000,0.1000,100000,50000,sequential,16,2,12.447,803411.61
M1,delete,od_multi,0.0000,0.1000,100000,60000,sequential,16,2,12.516,798967.22
M1,delete,od_multi,0.0000,0.1000,100000,70000,sequential,16,2,12.348,809828.07
M1,delete,od_multi,0.0000,0.1000,100000,80000,sequential,16,2,12.431,804422.85
M1,delete,od_multi,0.0000,0.1000,100000,90000,sequential,16,2,12.336,810618.52
M1,delete,od_multi,0.0000,0.1000,100000,100000,sequential,16,2,12.653,790303.29
